Return_ID,Order_Line_ID,SKU,Quantity_Returned,Return_Date,Return_Reason
RET00001,OL00054,SKU0341,1,2022-01-04,Wrong Size
RET00002,OL00073,SKU0316,4,2022-01-07,Wrong Size
RET00003,OL00106,SKU0027,6,2022-01-15,Wrong Size
RET00004,OL00002,SKU0371,5,2022-01-13,Wrong Colour
RET00005,OL00015,SKU0136,3,2022-01-19,Wrong Colour
RET00006,OL00191,SKU0202,5,2022-01-13,Wrong Colour
RET00007,OL00280,SKU0080,1,2022-01-24,Wrong Colour
RET00008,OL00037,SKU0268,2,2022-01-20,Wrong Size
RET00009,OL00148,SKU0368,4,2022-01-24,Wrong Size
RET00010,OL00032,SKU0315,2,2022-01-23,Wrong Colour
RET00011,OL00023,SKU0219,7,2022-01-17,Wrong Size
RET00012,OL00200,SKU0367,5,2022-01-16,Wrong Size
RET00013,OL00201,SKU0174,3,2022-01-17,Wrong Colour
RET00014,OL00265,SKU0340,1,2022-01-27,Wrong Size
RET00015,OL00179,SKU0336,2,2022-01-27,Wrong Size
RET00016,OL00144,SKU0442,1,2022-01-25,Wrong Colour
RET00017,OL00209,SKU0498,2,2022-01-26,Wrong Colour
RET00018,OL00164,SKU0363,11,2022-01-13,Wrong Size
RET00019,OL00343,SKU0288,1,2022-01-19,Wrong Size
RET00020,OL00371,SKU0431,3,2022-01-26,Wrong Colour
RET00021,OL00229,SKU0250,1,2022-01-08,Wrong Size
RET00022,OL00685,SKU0290,2,2022-01-25,Wrong Size
RET00023,OL00737,SKU0125,3,2022-01-13,Wrong Size
RET00024,OL00403,SKU0200,5,2022-01-10,Wrong Size
RET00025,OL00504,SKU0383,1,2022-01-16,Wrong Size
RET00026,OL00617,SKU0090,1,2022-01-20,Wrong Colour
RET00027,OL00474,SKU0067,2,2022-01-30,Wrong Size
RET00028,OL00476,SKU0145,1,2022-01-13,Wrong Colour
RET00029,OL00606,SKU0134,2,2022-01-16,Wrong Size
RET00030,OL00445,SKU0044,1,2022-01-28,Wrong Size
RET00031,OL00493,SKU0338,1,2022-01-10,Wrong Colour
RET00032,OL00898,SKU0442,2,2022-01-11,Wrong Size
RET00033,OL00654,SKU0078,4,2022-01-26,Wrong Size
RET00034,OL00556,SKU0256,2,2022-01-12,Wrong Size
RET00035,OL00707,SKU0140,11,2022-01-17,Wrong Colour
RET00036,OL00639,SKU0133,3,2022-01-22,Wrong Colour
RET00037,OL00871,SKU0002,6,2022-01-29,Wrong Colour
RET00038,OL00713,SKU0349,4,2022-01-31,Wrong Size
RET00039,OL00895,SKU0261,2,2022-01-28,Wrong Colour
RET00040,OL00949,SKU0381,7,2022-01-12,Wrong Size
RET00041,OL00745,SKU0288,3,2022-02-01,Wrong Colour
RET00042,OL00770,SKU0022,3,2022-01-15,Wrong Colour
RET00043,OL00762,SKU0344,3,2022-01-25,Wrong Colour
RET00044,OL01007,SKU0052,1,2022-01-24,Wrong Size
RET00045,OL00878,SKU0483,3,2022-01-19,Wrong Size
RET00046,OL00913,SKU0282,2,2022-02-01,Wrong Colour
RET00047,OL00780,SKU0349,4,2022-01-14,Wrong Size
RET00048,OL00819,SKU0222,3,2022-01-20,Wrong Size
RET00049,OL00821,SKU0231,2,2022-01-21,Wrong Size
RET00050,OL00936,SKU0012,2,2022-01-30,Wrong Colour
RET00051,OL00959,SKU0224,2,2022-01-30,Wrong Size
RET00052,OL01097,SKU0416,6,2022-01-20,Wrong Size
RET00053,OL00996,SKU0322,2,2022-01-15,Wrong Size
RET00054,OL00991,SKU0497,2,2022-01-16,Wrong Size
RET00055,OL01127,SKU0241,4,2022-01-27,Wrong Size
RET00056,OL01159,SKU0137,4,2022-01-18,Wrong Size
RET00057,OL01196,SKU0409,5,2022-01-25,Wrong Colour
RET00058,OL01121,SKU0122,2,2022-02-04,Wrong Size
RET00059,OL01223,SKU0284,2,2022-01-17,Wrong Size
RET00060,OL01323,SKU0090,2,2022-01-24,Wrong Size
RET00061,OL01463,SKU0358,2,2022-01-23,Wrong Size
RET00062,OL01152,SKU0375,1,2022-01-16,Wrong Colour
RET00063,OL01361,SKU0190,1,2022-01-31,Wrong Size
RET00064,OL01164,SKU0169,4,2022-01-21,Wrong Size
RET00065,OL01213,SKU0206,2,2022-01-18,Wrong Colour
RET00066,OL01203,SKU0236,3,2022-01-17,Wrong Colour
RET00067,OL01404,SKU0239,3,2022-01-22,Wrong Size
RET00068,OL01242,SKU0448,1,2022-01-31,Wrong Size
RET00069,OL01369,SKU0086,5,2022-02-02,Wrong Size
RET00070,OL01303,SKU0060,5,2022-02-02,Wrong Size
RET00071,OL01367,SKU0286,2,2022-01-30,Wrong Size
RET00072,OL01374,SKU0273,2,2022-01-30,Wrong Size
RET00073,OL01339,SKU0197,3,2022-01-31,Wrong Size
RET00074,OL01399,SKU0192,3,2022-01-17,Wrong Colour
RET00075,OL01301,SKU0368,3,2022-02-05,Wrong Size
RET00076,OL01263,SKU0201,4,2022-02-05,Wrong Colour
RET00077,OL01868,SKU0341,1,2022-01-21,Wrong Size
RET00078,OL01421,SKU0190,2,2022-02-05,Wrong Size
RET00079,OL01549,SKU0422,2,2022-02-05,Wrong Colour
RET00080,OL01518,SKU0319,1,2022-02-01,Wrong Size
RET00081,OL01519,SKU0354,1,2022-01-26,Wrong Colour
RET00082,OL01633,SKU0380,2,2022-02-07,Wrong Size
RET00083,OL01466,SKU0266,2,2022-01-26,Wrong Colour
RET00084,OL01610,SKU0176,4,2022-01-31,Wrong Colour
RET00085,OL01506,SKU0451,2,2022-01-20,Wrong Colour
RET00086,OL01447,SKU0341,1,2022-01-27,Wrong Size
RET00087,OL01513,SKU0246,3,2022-01-20,Wrong Size
RET00088,OL01425,SKU0098,1,2022-01-28,Wrong Size
RET00089,OL01945,SKU0292,2,2022-01-23,Wrong Colour
RET00090,OL01647,SKU0428,2,2022-01-19,Wrong Size
RET00091,OL01648,SKU0046,1,2022-02-01,Wrong Size
RET00092,OL01568,SKU0151,5,2022-01-31,Wrong Colour
RET00093,OL01848,SKU0334,4,2022-01-31,Wrong Size
RET00094,OL01627,SKU0334,5,2022-01-25,Wrong Colour
RET00095,OL01820,SKU0359,15,2022-02-06,Wrong Colour
RET00096,OL01669,SKU0074,5,2022-02-06,Wrong Colour
RET00097,OL01789,SKU0102,4,2022-01-22,Wrong Colour
RET00098,OL01865,SKU0399,1,2022-01-20,Wrong Size
RET00099,OL01751,SKU0482,1,2022-02-03,Wrong Size
RET00100,OL01713,SKU0122,1,2022-02-02,Wrong Colour
RET00101,OL01763,SKU0265,1,2022-01-31,Wrong Colour
RET00102,OL01716,SKU0068,2,2022-01-26,Wrong Colour
RET00103,OL02002,SKU0468,1,2022-02-01,Wrong Colour
RET00104,OL01796,SKU0353,5,2022-01-21,Wrong Colour
RET00105,OL02172,SKU0076,3,2022-02-10,Wrong Size
RET00106,OL02162,SKU0313,3,2022-01-24,Wrong Colour
RET00107,OL01795,SKU0161,1,2022-02-08,Wrong Colour
RET00108,OL01890,SKU0039,4,2022-02-10,Wrong Size
RET00109,OL01967,SKU0281,3,2022-02-05,Wrong Size
RET00110,OL02114,SKU0236,3,2022-01-30,Wrong Colour
RET00111,OL02073,SKU0252,3,2022-02-04,Wrong Colour
RET00112,OL02111,SKU0270,7,2022-02-08,Wrong Size
RET00113,OL02405,SKU0142,1,2022-02-09,Wrong Colour
RET00114,OL02192,SKU0182,2,2022-01-28,Wrong Colour
RET00115,OL02292,SKU0152,1,2022-02-03,Wrong Colour
RET00116,OL02286,SKU0417,3,2022-01-28,Wrong Size
RET00117,OL02308,SKU0277,1,2022-02-07,Wrong Colour
RET00118,OL02198,SKU0399,2,2022-01-30,Wrong Size
RET00119,OL02208,SKU0176,1,2022-02-10,Wrong Size
RET00120,OL02321,SKU0420,1,2022-01-25,Wrong Size
RET00121,OL02493,SKU0257,1,2022-01-28,Wrong Size
RET00122,OL02482,SKU0249,5,2022-01-26,Wrong Size
RET00123,OL02280,SKU0356,3,2022-02-06,Wrong Size
RET00124,OL02659,SKU0297,9,2022-02-13,Wrong Size
RET00125,OL02605,SKU0121,3,2022-02-03,Wrong Colour
RET00126,OL02401,SKU0475,4,2022-02-04,Wrong Colour
RET00127,OL02412,SKU0443,1,2022-01-25,Wrong Size
RET00128,OL02501,SKU0388,6,2022-01-26,Wrong Colour
RET00129,OL02732,SKU0151,8,2022-02-01,Wrong Colour
RET00130,OL02556,SKU0236,5,2022-02-13,Wrong Size
RET00131,OL02712,SKU0208,5,2022-02-11,Wrong Colour
RET00132,OL02478,SKU0270,1,2022-02-11,Wrong Size
RET00133,OL02649,SKU0397,8,2022-02-16,Wrong Size
RET00134,OL02587,SKU0181,2,2022-02-11,Wrong Colour
RET00135,OL02524,SKU0168,4,2022-01-27,Wrong Colour
RET00136,OL02817,SKU0140,7,2022-02-03,Wrong Colour
RET00137,OL02893,SKU0225,2,2022-02-05,Wrong Size
RET00138,OL02534,SKU0013,4,2022-02-05,Wrong Colour
RET00139,OL02536,SKU0024,3,2022-02-11,Wrong Colour
RET00140,OL02971,SKU0355,1,2022-02-02,Wrong Colour
RET00141,OL02883,SKU0149,6,2022-02-09,Wrong Colour
RET00142,OL02769,SKU0344,4,2022-02-16,Wrong Colour
RET00143,OL02735,SKU0068,2,2022-02-07,Wrong Colour
RET00144,OL03231,SKU0173,1,2022-02-15,Wrong Size
RET00145,OL03023,SKU0030,2,2022-02-16,Wrong Size
RET00146,OL02845,SKU0137,6,2022-02-09,Wrong Colour
RET00147,OL02918,SKU0038,3,2022-02-12,Wrong Size
RET00148,OL02916,SKU0147,2,2022-02-09,Wrong Colour
RET00149,OL02858,SKU0276,6,2022-02-16,Wrong Size
RET00150,OL02896,SKU0333,12,2022-02-07,Wrong Size
RET00151,OL02855,SKU0448,3,2022-02-18,Wrong Colour
RET00152,OL03226,SKU0207,2,2022-02-06,Wrong Size
RET00153,OL03093,SKU0344,1,2022-02-03,Wrong Colour
RET00154,OL02967,SKU0042,1,2022-02-16,Wrong Size
RET00155,OL02970,SKU0258,3,2022-02-19,Wrong Colour
RET00156,OL02933,SKU0418,12,2022-02-14,Wrong Size
RET00157,OL03077,SKU0027,2,2022-02-06,Wrong Size
RET00158,OL03382,SKU0092,2,2022-02-09,Wrong Colour
RET00159,OL03087,SKU0034,3,2022-02-14,Wrong Size
RET00160,OL03232,SKU0129,1,2022-02-20,Wrong Size
RET00161,OL03323,SKU0413,4,2022-02-07,Wrong Colour
RET00162,OL03167,SKU0026,6,2022-02-04,Wrong Colour
RET00163,OL03075,SKU0294,1,2022-02-20,Wrong Size
RET00164,OL03148,SKU0297,1,2022-02-19,Wrong Size
RET00165,OL03219,SKU0252,3,2022-02-08,Wrong Colour
RET00166,OL03166,SKU0157,3,2022-02-07,Wrong Size
RET00167,OL03197,SKU0331,1,2022-02-16,Wrong Colour
RET00168,OL03199,SKU0009,1,2022-02-05,Wrong Size
RET00169,OL03192,SKU0030,2,2022-02-16,Wrong Colour
RET00170,OL03288,SKU0269,2,2022-02-12,Wrong Size
RET00171,OL03346,SKU0348,4,2022-02-20,Wrong Size
RET00172,OL03456,SKU0253,8,2022-02-16,Wrong Colour
RET00173,OL03535,SKU0475,8,2022-02-05,Wrong Colour
RET00174,OL03414,SKU0054,6,2022-02-12,Wrong Colour
RET00175,OL03570,SKU0145,4,2022-02-16,Wrong Size
RET00176,OL03620,SKU0297,4,2022-02-13,Wrong Colour
RET00177,OL03519,SKU0277,2,2022-02-21,Wrong Colour
RET00178,OL03378,SKU0308,5,2022-02-10,Wrong Size
RET00179,OL03579,SKU0129,3,2022-02-19,Wrong Size
RET00180,OL03630,SKU0246,1,2022-02-20,Wrong Size
RET00181,OL03604,SKU0382,2,2022-02-09,Wrong Size
RET00182,OL03638,SKU0093,4,2022-02-20,Wrong Colour
RET00183,OL03674,SKU0448,1,2022-02-21,Wrong Colour
RET00184,OL03558,SKU0070,7,2022-02-18,Wrong Size
RET00185,OL03576,SKU0249,9,2022-02-14,Wrong Size
RET00186,OL03501,SKU0221,1,2022-02-14,Wrong Size
RET00187,OL03795,SKU0248,3,2022-02-21,Wrong Colour
RET00188,OL03518,SKU0312,3,2022-02-22,Wrong Colour
RET00189,OL03584,SKU0146,1,2022-02-09,Wrong Colour
RET00190,OL03950,SKU0111,2,2022-02-22,Wrong Colour
RET00191,OL04071,SKU0131,4,2022-02-08,Wrong Colour
RET00192,OL04054,SKU0177,2,2022-02-26,Wrong Size
RET00193,OL03808,SKU0223,3,2022-02-26,Wrong Colour
RET00194,OL04045,SKU0309,4,2022-02-21,Wrong Size
RET00195,OL04304,SKU0482,3,2022-02-08,Wrong Size
RET00196,OL04090,SKU0120,3,2022-02-25,Wrong Size
RET00197,OL03918,SKU0500,1,2022-02-26,Wrong Colour
RET00198,OL03926,SKU0012,3,2022-02-15,Wrong Size
RET00199,OL03928,SKU0343,5,2022-02-27,Wrong Size
RET00200,OL04163,SKU0183,1,2022-02-23,Wrong Size
RET00201,OL03992,SKU0125,1,2022-02-22,Wrong Colour
RET00202,OL04100,SKU0344,4,2022-02-23,Wrong Colour
RET00203,OL04293,SKU0091,1,2022-02-25,Wrong Colour
RET00204,OL04067,SKU0500,1,2022-02-09,Wrong Colour
RET00205,OL04274,SKU0417,2,2022-02-09,Wrong Colour
RET00206,OL04193,SKU0419,3,2022-02-22,Wrong Colour
RET00207,OL04267,SKU0358,3,2022-02-09,Wrong Size
RET00208,OL04156,SKU0124,1,2022-02-09,Wrong Size
RET00209,OL04308,SKU0452,1,2022-02-10,Wrong Colour
RET00210,OL04563,SKU0404,6,2022-02-15,Wrong Size
RET00211,OL04309,SKU0398,4,2022-02-20,Wrong Colour
RET00212,OL04445,SKU0256,11,2022-02-10,Wrong Size
RET00213,OL04296,SKU0256,4,2022-02-10,Wrong Size
RET00214,OL04394,SKU0334,9,2022-02-11,Wrong Size
RET00215,OL04600,SKU0175,1,2022-02-16,Wrong Size
RET00216,OL04461,SKU0268,1,2022-02-28,Wrong Size
RET00217,OL04594,SKU0440,4,2022-02-28,Wrong Colour
RET00218,OL04578,SKU0149,9,2022-02-28,Wrong Colour
RET00219,OL04407,SKU0164,1,2022-02-19,Wrong Size
RET00220,OL04454,SKU0218,1,2022-02-15,Wrong Size
RET00221,OL04455,SKU0433,3,2022-02-19,Wrong Colour
RET00222,OL04575,SKU0448,4,2022-02-28,Wrong Size
RET00223,OL04671,SKU0347,1,2022-02-23,Wrong Size
RET00224,OL04744,SKU0472,4,2022-02-17,Wrong Size
RET00225,OL04616,SKU0304,6,2022-02-24,Wrong Colour
RET00226,OL04757,SKU0396,1,2022-03-02,Wrong Size
RET00227,OL04519,SKU0262,3,2022-02-18,Wrong Size
RET00228,OL04812,SKU0118,3,2022-02-12,Wrong Colour
RET00229,OL05045,SKU0053,1,2022-02-21,Wrong Size
RET00230,OL04740,SKU0164,1,2022-02-20,Wrong Size
RET00231,OL04647,SKU0040,1,2022-02-18,Wrong Colour
RET00232,OL04929,SKU0183,5,2022-02-20,Wrong Colour
RET00233,OL04754,SKU0178,1,2022-02-23,Wrong Size
RET00234,OL04802,SKU0009,2,2022-02-18,Wrong Size
RET00235,OL04747,SKU0330,4,2022-03-01,Wrong Size
RET00236,OL04784,SKU0422,2,2022-02-21,Wrong Size
RET00237,OL05005,SKU0183,1,2022-02-18,Wrong Size
RET00238,OL05155,SKU0388,1,2022-03-01,Wrong Colour
RET00239,OL04940,SKU0314,3,2022-02-25,Wrong Colour
RET00240,OL04865,SKU0077,6,2022-03-02,Wrong Colour
RET00241,OL04895,SKU0207,1,2022-02-18,Wrong Size
RET00242,OL05356,SKU0432,3,2022-03-07,Wrong Size
RET00243,OL04959,SKU0089,2,2022-02-27,Wrong Colour
RET00244,OL05173,SKU0336,1,2022-03-08,Wrong Colour
RET00245,OL05069,SKU0467,2,2022-03-01,Wrong Size
RET00246,OL04996,SKU0407,1,2022-02-16,Wrong Size
RET00247,OL05169,SKU0380,1,2022-02-24,Wrong Size
RET00248,OL05078,SKU0389,4,2022-02-22,Wrong Size
RET00249,OL05037,SKU0162,8,2022-03-08,Wrong Colour
RET00250,OL05487,SKU0097,1,2022-03-05,Wrong Colour
RET00251,OL05264,SKU0481,2,2022-02-23,Wrong Colour
RET00252,OL05265,SKU0406,2,2022-02-22,Wrong Size
RET00253,OL05184,SKU0176,6,2022-03-05,Wrong Size
RET00254,OL05186,SKU0298,4,2022-03-02,Wrong Size
RET00255,OL05359,SKU0446,4,2022-02-27,Wrong Size
RET00256,OL05252,SKU0146,3,2022-02-20,Wrong Size
RET00257,OL05310,SKU0205,2,2022-02-18,Wrong Size
RET00258,OL05113,SKU0311,1,2022-03-09,Wrong Size
RET00259,OL05283,SKU0059,3,2022-02-28,Wrong Size
RET00260,OL05272,SKU0424,8,2022-03-05,Wrong Colour
RET00261,OL05314,SKU0435,3,2022-03-04,Wrong Size
RET00262,OL05190,SKU0458,2,2022-02-18,Wrong Colour
RET00263,OL05253,SKU0383,7,2022-03-08,Wrong Colour
RET00264,OL05840,SKU0298,1,2022-03-07,Wrong Size
RET00265,OL05465,SKU0352,1,2022-02-22,Wrong Colour
RET00266,OL05467,SKU0100,2,2022-02-20,Wrong Colour
RET00267,OL05727,SKU0050,5,2022-03-08,Wrong Size
RET00268,OL05602,SKU0225,1,2022-03-01,Wrong Size
RET00269,OL05469,SKU0116,3,2022-02-27,Wrong Colour
RET00270,OL05434,SKU0123,4,2022-02-21,Wrong Size
RET00271,OL05437,SKU0400,4,2022-03-10,Wrong Size
RET00272,OL05508,SKU0411,1,2022-03-07,Wrong Size
RET00273,OL05455,SKU0090,1,2022-02-25,Wrong Size
RET00274,OL05541,SKU0129,4,2022-02-22,Wrong Colour
RET00275,OL05639,SKU0437,1,2022-02-25,Wrong Colour
RET00276,OL05459,SKU0245,4,2022-02-21,Wrong Colour
RET00277,OL05585,SKU0004,7,2022-03-09,Wrong Size
RET00278,OL05545,SKU0230,1,2022-03-02,Wrong Size
RET00279,OL05734,SKU0449,4,2022-03-11,Wrong Colour
RET00280,OL05681,SKU0033,7,2022-02-24,Wrong Colour
RET00281,OL05645,SKU0219,2,2022-03-06,Wrong Size
RET00282,OL05607,SKU0292,1,2022-03-13,Wrong Size
RET00283,OL05760,SKU0137,2,2022-03-01,Wrong Size
RET00284,OL05716,SKU0093,1,2022-02-23,Wrong Size
RET00285,OL05830,SKU0112,2,2022-02-23,Wrong Size
RET00286,OL05624,SKU0189,3,2022-03-06,Wrong Size
RET00287,OL05815,SKU0425,6,2022-02-26,Wrong Colour
RET00288,OL05832,SKU0023,1,2022-02-23,Wrong Colour
RET00289,OL05788,SKU0264,4,2022-02-25,Wrong Size
RET00290,OL06151,SKU0151,3,2022-03-08,Wrong Size
RET00291,OL05925,SKU0429,3,2022-03-12,Wrong Colour
RET00292,OL06429,SKU0163,3,2022-03-11,Wrong Size
RET00293,OL06286,SKU0490,2,2022-02-26,Wrong Size
RET00294,OL05988,SKU0053,3,2022-02-25,Wrong Size
RET00295,OL05992,SKU0256,5,2022-02-26,Wrong Size
RET00296,OL06198,SKU0367,7,2022-03-09,Wrong Size
RET00297,OL06107,SKU0323,5,2022-03-11,Wrong Colour
RET00298,OL06029,SKU0491,2,2022-02-25,Wrong Size
RET00299,OL06056,SKU0495,9,2022-02-25,Wrong Size
RET00300,OL06184,SKU0383,3,2022-02-25,Wrong Size
RET00301,OL06032,SKU0085,2,2022-03-03,Wrong Size
RET00302,OL06135,SKU0045,2,2022-03-10,Wrong Size
RET00303,OL06489,SKU0384,4,2022-03-03,Wrong Colour
RET00304,OL06138,SKU0270,12,2022-03-05,Wrong Colour
RET00305,OL06559,SKU0391,2,2022-03-10,Wrong Colour
RET00306,OL06330,SKU0496,1,2022-03-01,Wrong Colour
RET00307,OL06251,SKU0358,1,2022-03-11,Wrong Colour
RET00308,OL06503,SKU0465,3,2022-03-05,Wrong Size
RET00309,OL06294,SKU0050,4,2022-03-06,Wrong Colour
RET00310,OL06475,SKU0411,1,2022-03-19,Wrong Size
RET00311,OL06528,SKU0444,6,2022-03-05,Wrong Size
RET00312,OL06510,SKU0006,1,2022-02-27,Wrong Colour
RET00313,OL06538,SKU0356,1,2022-03-02,Wrong Colour
RET00314,OL06567,SKU0127,3,2022-03-02,Wrong Size
RET00315,OL06565,SKU0331,1,2022-03-10,Wrong Size
RET00316,OL06566,SKU0436,4,2022-03-17,Wrong Size
RET00317,OL06736,SKU0276,1,2022-03-12,Wrong Size
RET00318,OL06809,SKU0079,1,2022-03-14,Wrong Size
RET00319,OL06569,SKU0176,2,2022-03-10,Wrong Colour
RET00320,OL06697,SKU0276,1,2022-03-16,Wrong Size
RET00321,OL06671,SKU0002,2,2022-03-08,Wrong Size
RET00322,OL07084,SKU0105,11,2022-03-05,Wrong Colour
RET00323,OL07085,SKU0333,5,2022-03-20,Wrong Colour
RET00324,OL06822,SKU0141,2,2022-03-10,Wrong Size
RET00325,OL06892,SKU0344,2,2022-03-06,Wrong Size
RET00326,OL06981,SKU0284,1,2022-03-15,Wrong Size
RET00327,OL06765,SKU0476,1,2022-03-09,Wrong Size
RET00328,OL06778,SKU0474,3,2022-03-18,Wrong Colour
RET00329,OL06985,SKU0182,4,2022-03-16,Wrong Size
RET00330,OL07016,SKU0483,2,2022-03-05,Wrong Size
RET00331,OL06877,SKU0184,5,2022-03-22,Wrong Colour
RET00332,OL06863,SKU0101,1,2022-03-11,Wrong Colour
RET00333,OL06859,SKU0096,1,2022-03-20,Wrong Size
RET00334,OL06908,SKU0140,8,2022-03-03,Wrong Colour
RET00335,OL07164,SKU0229,4,2022-03-23,Wrong Size
RET00336,OL07401,SKU0319,4,2022-03-23,Wrong Size
RET00337,OL07100,SKU0279,4,2022-03-19,Wrong Size
RET00338,OL07194,SKU0145,5,2022-03-13,Wrong Size
RET00339,OL07107,SKU0463,1,2022-03-13,Wrong Colour
RET00340,OL07254,SKU0436,2,2022-03-12,Wrong Size
RET00341,OL07318,SKU0171,1,2022-03-18,Wrong Size
RET00342,OL07251,SKU0284,6,2022-03-14,Wrong Colour
RET00343,OL07637,SKU0047,3,2022-03-08,Wrong Size
RET00344,OL07154,SKU0144,1,2022-03-16,Wrong Size
RET00345,OL07179,SKU0091,1,2022-03-24,Wrong Colour
RET00346,OL07180,SKU0187,2,2022-03-08,Wrong Size
RET00347,OL07431,SKU0328,7,2022-03-23,Wrong Colour
RET00348,OL07394,SKU0167,2,2022-03-05,Wrong Size
RET00349,OL07212,SKU0203,1,2022-03-12,Wrong Size
RET00350,OL07161,SKU0171,3,2022-03-08,Wrong Colour
RET00351,OL07237,SKU0267,3,2022-03-18,Wrong Colour
RET00352,OL07527,SKU0003,3,2022-03-08,Wrong Colour
RET00353,OL07302,SKU0254,4,2022-03-11,Wrong Size
RET00354,OL07281,SKU0290,5,2022-03-25,Wrong Size
RET00355,OL07387,SKU0419,5,2022-03-24,Wrong Colour
RET00356,OL07373,SKU0051,2,2022-03-21,Wrong Size
RET00357,OL07324,SKU0239,1,2022-03-14,Wrong Colour
RET00358,OL07378,SKU0091,2,2022-03-16,Wrong Size
RET00359,OL07807,SKU0367,7,2022-03-21,Wrong Colour
RET00360,OL07508,SKU0491,1,2022-03-22,Wrong Size
RET00361,OL07449,SKU0299,6,2022-03-14,Wrong Size
RET00362,OL07644,SKU0287,4,2022-03-26,Wrong Colour
RET00363,OL07405,SKU0487,5,2022-03-19,Wrong Colour
RET00364,OL07489,SKU0179,1,2022-03-17,Wrong Size
RET00365,OL07520,SKU0314,3,2022-03-23,Wrong Colour
RET00366,OL07532,SKU0223,1,2022-03-16,Wrong Colour
RET00367,OL07414,SKU0224,2,2022-03-27,Wrong Size
RET00368,OL07865,SKU0002,4,2022-03-25,Wrong Colour
RET00369,OL07616,SKU0110,4,2022-03-23,Wrong Size
RET00370,OL07752,SKU0476,4,2022-03-18,Wrong Size
RET00371,OL07759,SKU0040,2,2022-03-19,Wrong Colour
RET00372,OL07585,SKU0435,6,2022-03-27,Wrong Colour
RET00373,OL07849,SKU0332,2,2022-03-15,Wrong Size
RET00374,OL07572,SKU0341,2,2022-03-10,Wrong Size
RET00375,OL07645,SKU0077,2,2022-03-16,Wrong Colour
RET00376,OL08050,SKU0023,6,2022-03-21,Wrong Size
RET00377,OL07943,SKU0222,3,2022-03-17,Wrong Size
RET00378,OL07830,SKU0266,3,2022-03-19,Wrong Colour
RET00379,OL07831,SKU0335,5,2022-03-18,Wrong Size
RET00380,OL07781,SKU0496,6,2022-03-19,Wrong Colour
RET00381,OL07800,SKU0072,7,2022-03-19,Wrong Size
RET00382,OL08106,SKU0430,3,2022-03-11,Wrong Size
RET00383,OL08030,SKU0479,1,2022-03-19,Wrong Size
RET00384,OL07861,SKU0146,7,2022-03-11,Wrong Size
RET00385,OL08300,SKU0135,2,2022-03-11,Wrong Size
RET00386,OL07944,SKU0342,1,2022-03-29,Wrong Colour
RET00387,OL07946,SKU0347,1,2022-03-11,Wrong Size
RET00388,OL08177,SKU0012,3,2022-03-19,Wrong Size
RET00389,OL07938,SKU0183,7,2022-03-27,Wrong Colour
RET00390,OL07971,SKU0417,2,2022-03-23,Wrong Size
RET00391,OL08388,SKU0498,2,2022-03-25,Wrong Colour
RET00392,OL08429,SKU0208,7,2022-03-12,Wrong Size
RET00393,OL08042,SKU0280,2,2022-03-29,Wrong Colour
RET00394,OL08179,SKU0078,3,2022-03-30,Wrong Size
RET00395,OL08028,SKU0030,1,2022-03-30,Wrong Size
RET00396,OL08217,SKU0264,1,2022-03-26,Wrong Colour
RET00397,OL08298,SKU0071,4,2022-03-20,Wrong Colour
RET00398,OL08118,SKU0348,3,2022-03-27,Wrong Size
RET00399,OL08440,SKU0307,4,2022-03-21,Wrong Colour
RET00400,OL08220,SKU0276,2,2022-03-24,Wrong Size
RET00401,OL08176,SKU0052,2,2022-03-31,Wrong Size
RET00402,OL08431,SKU0235,3,2022-03-24,Wrong Size
RET00403,OL08134,SKU0060,2,2022-03-15,Wrong Size
RET00404,OL08316,SKU0120,6,2022-03-28,Wrong Colour
RET00405,OL08428,SKU0299,3,2022-03-25,Wrong Colour
RET00406,OL08242,SKU0113,2,2022-03-14,Wrong Size
RET00407,OL08307,SKU0010,6,2022-03-31,Wrong Colour
RET00408,OL08257,SKU0176,1,2022-03-19,Wrong Size
RET00409,OL08311,SKU0318,4,2022-03-29,Wrong Colour
RET00410,OL08267,SKU0083,2,2022-03-31,Wrong Size
RET00411,OL08445,SKU0161,1,2022-03-29,Wrong Size
RET00412,OL08537,SKU0056,4,2022-03-20,Wrong Size
RET00413,OL08529,SKU0259,1,2022-04-03,Wrong Size
RET00414,OL08853,SKU0100,3,2022-03-19,Wrong Size
RET00415,OL08697,SKU0466,15,2022-03-18,Wrong Size
RET00416,OL08655,SKU0013,8,2022-04-01,Wrong Colour
RET00417,OL08493,SKU0394,9,2022-03-17,Wrong Size
RET00418,OL08667,SKU0470,5,2022-03-30,Wrong Size
RET00419,OL08534,SKU0471,2,2022-03-31,Wrong Size
RET00420,OL09033,SKU0376,2,2022-03-23,Wrong Size
RET00421,OL08652,SKU0021,7,2022-03-31,Wrong Size
RET00422,OL08774,SKU0354,2,2022-03-18,Wrong Size
RET00423,OL08662,SKU0364,3,2022-04-06,Wrong Colour
RET00424,OL08598,SKU0464,3,2022-03-27,Wrong Colour
RET00425,OL08679,SKU0312,11,2022-03-28,Wrong Colour
RET00426,OL08730,SKU0335,3,2022-03-19,Wrong Size
RET00427,OL08952,SKU0371,5,2022-04-03,Wrong Size
RET00428,OL08953,SKU0362,1,2022-03-26,Wrong Size
RET00429,OL09038,SKU0220,2,2022-03-22,Wrong Size
RET00430,OL08827,SKU0346,6,2022-03-30,Wrong Colour
RET00431,OL08844,SKU0288,7,2022-04-03,Wrong Size
RET00432,OL08911,SKU0082,2,2022-03-30,Wrong Colour
RET00433,OL09071,SKU0069,4,2022-04-08,Wrong Colour
RET00434,OL08832,SKU0409,3,2022-03-27,Wrong Size
RET00435,OL08895,SKU0161,1,2022-04-06,Wrong Size
RET00436,OL08848,SKU0263,1,2022-03-26,Wrong Size
RET00437,OL08982,SKU0013,2,2022-04-04,Wrong Size
RET00438,OL08988,SKU0262,1,2022-04-08,Wrong Colour
RET00439,OL09107,SKU0414,7,2022-04-01,Wrong Size
RET00440,OL08984,SKU0174,2,2022-04-08,Wrong Size
RET00441,OL09170,SKU0370,1,2022-03-21,Wrong Colour
RET00442,OL09240,SKU0039,2,2022-03-26,Wrong Size
RET00443,OL09142,SKU0132,2,2022-03-30,Wrong Colour
RET00444,OL09115,SKU0325,1,2022-03-22,Wrong Size
RET00445,OL09080,SKU0105,4,2022-03-22,Wrong Colour
RET00446,OL09289,SKU0074,1,2022-04-03,Wrong Colour
RET00447,OL09179,SKU0342,2,2022-04-03,Wrong Size
RET00448,OL09181,SKU0445,5,2022-04-07,Wrong Size
RET00449,OL09362,SKU0292,6,2022-03-26,Wrong Size
RET00450,OL09212,SKU0191,2,2022-03-25,Wrong Size
RET00451,OL09581,SKU0129,2,2022-04-08,Wrong Size
RET00452,OL09374,SKU0313,4,2022-04-11,Wrong Colour
RET00453,OL09390,SKU0404,4,2022-04-03,Wrong Size
RET00454,OL09521,SKU0336,3,2022-03-30,Wrong Colour
RET00455,OL09566,SKU0222,2,2022-04-01,Wrong Colour
RET00456,OL09564,SKU0352,4,2022-04-02,Wrong Colour
RET00457,OL09583,SKU0249,11,2022-04-13,Wrong Size
RET00458,OL09555,SKU0043,6,2022-04-07,Wrong Size
RET00459,OL09549,SKU0437,4,2022-04-07,Wrong Size
RET00460,OL09432,SKU0340,7,2022-04-04,Wrong Size
RET00461,OL09620,SKU0014,3,2022-04-08,Wrong Size
RET00462,OL09737,SKU0317,4,2022-03-28,Wrong Size
RET00463,OL09536,SKU0303,3,2022-04-11,Wrong Colour
RET00464,OL09692,SKU0296,4,2022-04-10,Wrong Size
RET00465,OL09507,SKU0100,7,2022-03-28,Wrong Size
RET00466,OL09533,SKU0281,5,2022-04-01,Wrong Colour
RET00467,OL09890,SKU0377,1,2022-03-29,Wrong Size
RET00468,OL09680,SKU0173,1,2022-04-15,Wrong Colour
RET00469,OL09683,SKU0409,3,2022-04-04,Wrong Size
RET00470,OL09576,SKU0110,4,2022-04-04,Wrong Size
RET00471,OL09614,SKU0224,5,2022-03-31,Wrong Size
RET00472,OL09706,SKU0327,2,2022-04-09,Wrong Colour
RET00473,OL09650,SKU0035,7,2022-03-26,Wrong Size
RET00474,OL09626,SKU0360,4,2022-03-26,Wrong Size
RET00475,OL09629,SKU0057,2,2022-03-27,Wrong Size
RET00476,OL09669,SKU0415,1,2022-04-13,Wrong Size
RET00477,OL09941,SKU0326,6,2022-04-08,Wrong Colour
RET00478,OL09750,SKU0026,10,2022-04-09,Wrong Colour
RET00479,OL09666,SKU0252,2,2022-04-16,Wrong Size
RET00480,OL09697,SKU0233,1,2022-03-28,Wrong Size
RET00481,OL09700,SKU0206,11,2022-04-01,Wrong Size
RET00482,OL09952,SKU0249,4,2022-04-10,Wrong Size
RET00483,OL10181,SKU0490,3,2022-04-12,Wrong Colour
RET00484,OL09797,SKU0050,6,2022-04-01,Wrong Size
RET00485,OL09798,SKU0405,3,2022-04-09,Wrong Colour
RET00486,OL09820,SKU0333,6,2022-04-14,Wrong Colour
RET00487,OL09914,SKU0381,2,2022-04-18,Wrong Size
RET00488,OL10120,SKU0292,4,2022-03-31,Wrong Colour
RET00489,OL10081,SKU0174,1,2022-03-31,Wrong Size
RET00490,OL10037,SKU0032,4,2022-04-14,Wrong Size
RET00491,OL10020,SKU0093,1,2022-04-19,Wrong Size
RET00492,OL10031,SKU0401,3,2022-04-13,Wrong Colour
RET00493,OL10021,SKU0371,1,2022-04-13,Wrong Size
RET00494,OL10023,SKU0387,2,2022-04-07,Wrong Colour
RET00495,OL10233,SKU0265,2,2022-04-11,Wrong Colour
RET00496,OL10160,SKU0011,3,2022-04-06,Wrong Colour
RET00497,OL10335,SKU0220,6,2022-04-13,Wrong Size
RET00498,OL10274,SKU0108,2,2022-04-06,Wrong Size
RET00499,OL10520,SKU0448,6,2022-04-04,Wrong Size
RET00500,OL10221,SKU0148,12,2022-04-02,Wrong Size
RET00501,OL10635,SKU0428,1,2022-04-03,Wrong Size
RET00502,OL10422,SKU0304,1,2022-04-20,Wrong Colour
RET00503,OL10400,SKU0397,7,2022-04-03,Wrong Size
RET00504,OL10556,SKU0321,1,2022-04-09,Wrong Size
RET00505,OL10650,SKU0027,2,2022-04-12,Wrong Colour
RET00506,OL10454,SKU0493,5,2022-04-20,Wrong Size
RET00507,OL10473,SKU0392,2,2022-04-20,Wrong Size
RET00508,OL10570,SKU0066,3,2022-04-12,Wrong Size
RET00509,OL10437,SKU0228,4,2022-04-23,Wrong Size
RET00510,OL10521,SKU0150,4,2022-04-05,Wrong Size
RET00511,OL10524,SKU0101,2,2022-04-14,Wrong Size
RET00512,OL10552,SKU0315,3,2022-04-05,Wrong Colour
RET00513,OL10757,SKU0305,5,2022-04-18,Wrong Size
RET00514,OL10855,SKU0163,3,2022-04-25,Wrong Colour
RET00515,OL10876,SKU0075,1,2022-04-05,Wrong Size
RET00516,OL10748,SKU0428,3,2022-04-15,Wrong Colour
RET00517,OL10781,SKU0129,1,2022-04-20,Wrong Size
RET00518,OL10706,SKU0105,7,2022-04-17,Wrong Size
RET00519,OL10702,SKU0272,2,2022-04-14,Wrong Size
RET00520,OL10703,SKU0043,1,2022-04-11,Wrong Colour
RET00521,OL10784,SKU0487,5,2022-04-11,Wrong Size
RET00522,OL10845,SKU0177,1,2022-04-06,Wrong Colour
RET00523,OL10915,SKU0423,2,2022-04-22,Wrong Size
RET00524,OL10905,SKU0234,3,2022-04-14,Wrong Colour
RET00525,OL10890,SKU0367,5,2022-04-17,Wrong Size
RET00526,OL10990,SKU0266,1,2022-04-09,Wrong Colour
RET00527,OL10992,SKU0483,2,2022-04-07,Wrong Size
RET00528,OL10993,SKU0343,2,2022-04-16,Wrong Size
RET00529,OL11000,SKU0068,6,2022-04-21,Wrong Colour
RET00530,OL11169,SKU0321,5,2022-04-25,Wrong Size
RET00531,OL11220,SKU0025,4,2022-04-15,Wrong Size
RET00532,OL11011,SKU0235,2,2022-04-26,Wrong Size
RET00533,OL11035,SKU0394,3,2022-04-09,Wrong Colour
RET00534,OL11017,SKU0378,1,2022-04-15,Wrong Colour
RET00535,OL11180,SKU0252,1,2022-04-23,Wrong Size
RET00536,OL11181,SKU0427,5,2022-04-28,Wrong Colour
RET00537,OL11166,SKU0120,4,2022-04-25,Wrong Size
RET00538,OL11279,SKU0180,2,2022-04-22,Wrong Size
RET00539,OL11229,SKU0441,10,2022-04-10,Wrong Size
RET00540,OL11459,SKU0027,10,2022-04-28,Wrong Colour
RET00541,OL11237,SKU0124,2,2022-04-15,Wrong Colour
RET00542,OL11202,SKU0224,5,2022-04-25,Wrong Size
RET00543,OL11657,SKU0453,1,2022-04-27,Wrong Size
RET00544,OL11547,SKU0158,7,2022-04-21,Wrong Size
RET00545,OL11593,SKU0201,2,2022-04-18,Wrong Size
RET00546,OL11533,SKU0412,4,2022-04-12,Wrong Colour
RET00547,OL11534,SKU0288,16,2022-04-25,Wrong Size
RET00548,OL11521,SKU0426,3,2022-04-23,Wrong Size
RET00549,OL11522,SKU0229,2,2022-04-16,Wrong Size
RET00550,OL11343,SKU0485,1,2022-04-25,Wrong Size
RET00551,OL11312,SKU0368,14,2022-04-16,Wrong Colour
RET00552,OL11601,SKU0357,4,2022-04-21,Wrong Size
RET00553,OL11579,SKU0145,11,2022-04-27,Wrong Size
RET00554,OL11468,SKU0367,5,2022-04-13,Wrong Colour
RET00555,OL11753,SKU0098,3,2022-05-02,Wrong Colour
RET00556,OL11606,SKU0394,1,2022-05-02,Wrong Size
RET00557,OL11740,SKU0380,3,2022-04-16,Wrong Colour
RET00558,OL11757,SKU0176,1,2022-04-18,Wrong Size
RET00559,OL11759,SKU0379,9,2022-04-19,Wrong Size
RET00560,OL11748,SKU0401,3,2022-05-03,Wrong Colour
RET00561,OL11819,SKU0033,3,2022-05-01,Wrong Colour
RET00562,OL11812,SKU0362,2,2022-04-18,Wrong Colour
RET00563,OL11813,SKU0439,5,2022-04-25,Wrong Size
RET00564,OL11929,SKU0270,4,2022-04-30,Wrong Size
RET00565,OL12009,SKU0259,2,2022-04-21,Wrong Size
RET00566,OL11846,SKU0164,2,2022-05-01,Wrong Size
RET00567,OL11976,SKU0189,2,2022-04-17,Wrong Size
RET00568,OL11872,SKU0305,6,2022-04-27,Wrong Colour
RET00569,OL12451,SKU0058,1,2022-05-04,Wrong Colour
RET00570,OL12040,SKU0017,2,2022-04-28,Wrong Size
RET00571,OL12045,SKU0400,5,2022-05-06,Wrong Size
RET00572,OL11942,SKU0471,1,2022-04-29,Wrong Size
RET00573,OL11961,SKU0158,8,2022-05-01,Wrong Colour
RET00574,OL11957,SKU0191,2,2022-04-24,Wrong Size
RET00575,OL11937,SKU0101,13,2022-04-18,Wrong Colour
RET00576,OL12199,SKU0157,4,2022-04-24,Wrong Size
RET00577,OL12234,SKU0240,3,2022-05-06,Wrong Size
RET00578,OL12195,SKU0062,6,2022-04-24,Wrong Size
RET00579,OL12136,SKU0407,4,2022-05-04,Wrong Size
RET00580,OL12292,SKU0337,1,2022-04-30,Wrong Colour
RET00581,OL12218,SKU0279,2,2022-04-20,Wrong Colour
RET00582,OL12511,SKU0497,3,2022-04-30,Wrong Colour
RET00583,OL12459,SKU0293,2,2022-05-01,Wrong Size
RET00584,OL12242,SKU0246,1,2022-05-02,Wrong Size
RET00585,OL12289,SKU0459,4,2022-05-03,Wrong Colour
RET00586,OL12436,SKU0403,4,2022-05-09,Wrong Size
RET00587,OL12420,SKU0163,7,2022-04-23,Wrong Size
RET00588,OL12445,SKU0430,2,2022-05-02,Wrong Colour
RET00589,OL12881,SKU0289,2,2022-05-06,Wrong Colour
RET00590,OL12882,SKU0467,1,2022-05-03,Wrong Size
RET00591,OL12910,SKU0030,1,2022-04-20,Wrong Size
RET00592,OL12570,SKU0144,6,2022-05-10,Wrong Colour
RET00593,OL12634,SKU0493,3,2022-04-26,Wrong Colour
RET00594,OL12512,SKU0361,8,2022-05-05,Wrong Size
RET00595,OL12525,SKU0089,1,2022-05-10,Wrong Colour
RET00596,OL12493,SKU0288,6,2022-04-28,Wrong Size
RET00597,OL12736,SKU0093,4,2022-04-25,Wrong Size
RET00598,OL12558,SKU0354,1,2022-05-05,Wrong Colour
RET00599,OL12977,SKU0493,4,2022-05-11,Wrong Size
RET00600,OL12650,SKU0378,2,2022-04-30,Wrong Size
RET00601,OL12687,SKU0213,4,2022-04-25,Wrong Size
RET00602,OL12832,SKU0071,5,2022-04-22,Wrong Colour
RET00603,OL12794,SKU0207,4,2022-04-27,Wrong Colour
RET00604,OL12749,SKU0021,1,2022-04-24,Wrong Size
RET00605,OL12862,SKU0070,2,2022-05-04,Wrong Size
RET00606,OL12960,SKU0086,6,2022-04-30,Wrong Size
RET00607,OL13152,SKU0299,8,2022-05-07,Wrong Colour
RET00608,OL12851,SKU0378,1,2022-05-08,Wrong Size
RET00609,OL13121,SKU0343,2,2022-04-27,Wrong Size
RET00610,OL13002,SKU0382,10,2022-05-09,Wrong Colour
RET00611,OL13134,SKU0157,6,2022-05-03,Wrong Size
RET00612,OL13074,SKU0299,2,2022-04-29,Wrong Size
RET00613,OL13017,SKU0286,10,2022-05-02,Wrong Size
RET00614,OL13219,SKU0152,1,2022-05-08,Wrong Colour
RET00615,OL13149,SKU0122,2,2022-05-09,Wrong Colour
RET00616,OL12987,SKU0373,1,2022-04-27,Wrong Size
RET00617,OL13487,SKU0163,6,2022-04-26,Wrong Size
RET00618,OL13078,SKU0266,1,2022-04-28,Wrong Size
RET00619,OL13373,SKU0396,5,2022-04-30,Wrong Size
RET00620,OL13260,SKU0090,1,2022-05-08,Wrong Colour
RET00621,OL13261,SKU0312,3,2022-04-26,Wrong Size
RET00622,OL13244,SKU0384,1,2022-05-07,Wrong Colour
RET00623,OL13089,SKU0208,8,2022-05-15,Wrong Size
RET00624,OL13444,SKU0381,3,2022-05-06,Wrong Colour
RET00625,OL13673,SKU0215,3,2022-05-08,Wrong Colour
RET00626,OL13440,SKU0490,1,2022-05-02,Wrong Size
RET00627,OL13443,SKU0144,1,2022-05-10,Wrong Colour
RET00628,OL13184,SKU0499,2,2022-04-28,Wrong Colour
RET00629,OL13312,SKU0101,7,2022-04-29,Wrong Colour
RET00630,OL13313,SKU0318,2,2022-05-09,Wrong Size
RET00631,OL13225,SKU0018,1,2022-05-05,Wrong Colour
RET00632,OL13539,SKU0236,1,2022-04-28,Wrong Colour
RET00633,OL13492,SKU0187,3,2022-05-10,Wrong Colour
RET00634,OL13423,SKU0091,11,2022-05-07,Wrong Size
RET00635,OL13495,SKU0208,3,2022-04-30,Wrong Size
RET00636,OL13382,SKU0334,5,2022-05-05,Wrong Size
RET00637,OL13669,SKU0208,15,2022-05-04,Wrong Size
RET00638,OL13509,SKU0117,8,2022-05-03,Wrong Size
RET00639,OL13666,SKU0035,2,2022-05-01,Wrong Size
RET00640,OL13459,SKU0425,1,2022-05-06,Wrong Colour
RET00641,OL13581,SKU0037,1,2022-04-30,Wrong Size
RET00642,OL13531,SKU0415,1,2022-05-06,Wrong Size
RET00643,OL13518,SKU0391,1,2022-05-09,Wrong Colour
RET00644,OL13938,SKU0099,5,2022-05-14,Wrong Size
RET00645,OL13790,SKU0422,9,2022-05-14,Wrong Size
RET00646,OL13622,SKU0057,5,2022-05-12,Wrong Size
RET00647,OL13768,SKU0261,2,2022-05-12,Wrong Colour
RET00648,OL13805,SKU0049,2,2022-05-14,Wrong Size
RET00649,OL13612,SKU0064,1,2022-04-30,Wrong Colour
RET00650,OL13795,SKU0420,1,2022-05-09,Wrong Size
RET00651,OL13903,SKU0369,4,2022-05-10,Wrong Size
RET00652,OL13750,SKU0337,1,2022-05-16,Wrong Colour
RET00653,OL13678,SKU0253,3,2022-05-16,Wrong Size
RET00654,OL13691,SKU0215,1,2022-05-09,Wrong Size
RET00655,OL13742,SKU0319,2,2022-05-08,Wrong Colour
RET00656,OL13675,SKU0010,2,2022-05-16,Wrong Colour
RET00657,OL13890,SKU0369,2,2022-05-19,Wrong Size
RET00658,OL14012,SKU0047,4,2022-05-20,Wrong Colour
RET00659,OL14046,SKU0039,2,2022-05-05,Wrong Colour
RET00660,OL13981,SKU0287,1,2022-05-05,Wrong Colour
RET00661,OL14106,SKU0153,3,2022-05-16,Wrong Size
RET00662,OL14118,SKU0195,2,2022-05-05,Wrong Size
RET00663,OL14056,SKU0318,4,2022-05-21,Wrong Colour
RET00664,OL14385,SKU0377,2,2022-05-07,Wrong Size
RET00665,OL14266,SKU0154,5,2022-05-19,Wrong Size
RET00666,OL14339,SKU0457,2,2022-05-04,Wrong Colour
RET00667,OL14243,SKU0167,2,2022-05-19,Wrong Size
RET00668,OL14304,SKU0368,3,2022-05-07,Wrong Size
RET00669,OL14173,SKU0304,5,2022-05-14,Wrong Size
RET00670,OL14382,SKU0483,2,2022-05-09,Wrong Colour
RET00671,OL14383,SKU0448,1,2022-05-05,Wrong Size
RET00672,OL14198,SKU0271,8,2022-05-23,Wrong Size
RET00673,OL14210,SKU0147,2,2022-05-20,Wrong Colour
RET00674,OL14258,SKU0330,1,2022-05-08,Wrong Size
RET00675,OL14374,SKU0091,4,2022-05-14,Wrong Colour
RET00676,OL14672,SKU0067,1,2022-05-25,Wrong Size
RET00677,OL14675,SKU0457,2,2022-05-07,Wrong Colour
RET00678,OL14357,SKU0164,1,2022-05-18,Wrong Colour
RET00679,OL14478,SKU0234,7,2022-05-11,Wrong Size
RET00680,OL14498,SKU0231,3,2022-05-08,Wrong Colour
RET00681,OL14500,SKU0429,4,2022-05-11,Wrong Colour
RET00682,OL14526,SKU0390,3,2022-05-06,Wrong Size
RET00683,OL14443,SKU0498,5,2022-05-10,Wrong Size
RET00684,OL14539,SKU0231,3,2022-05-06,Wrong Size
RET00685,OL14660,SKU0305,2,2022-05-24,Wrong Colour
RET00686,OL14860,SKU0054,3,2022-05-07,Wrong Colour
RET00687,OL14574,SKU0218,4,2022-05-11,Wrong Size
RET00688,OL14721,SKU0098,1,2022-05-10,Wrong Colour
RET00689,OL14664,SKU0391,1,2022-05-24,Wrong Size
RET00690,OL14625,SKU0470,1,2022-05-12,Wrong Colour
RET00691,OL14686,SKU0430,12,2022-05-26,Wrong Size
RET00692,OL14772,SKU0292,1,2022-05-18,Wrong Colour
RET00693,OL14705,SKU0040,2,2022-05-17,Wrong Colour
RET00694,OL14846,SKU0153,3,2022-05-18,Wrong Size
RET00695,OL14967,SKU0133,1,2022-05-24,Wrong Size
RET00696,OL14802,SKU0132,1,2022-05-15,Wrong Size
RET00697,OL14830,SKU0074,4,2022-05-26,Wrong Size
RET00698,OL15048,SKU0422,7,2022-05-10,Wrong Size
RET00699,OL14950,SKU0241,1,2022-05-12,Wrong Size
RET00700,OL14784,SKU0055,2,2022-05-11,Wrong Size
RET00701,OL15310,SKU0485,3,2022-05-13,Wrong Size
RET00702,OL15183,SKU0314,1,2022-05-12,Wrong Size
RET00703,OL15019,SKU0056,1,2022-05-25,Wrong Size
RET00704,OL15149,SKU0343,1,2022-05-11,Wrong Size
RET00705,OL15060,SKU0116,1,2022-05-19,Wrong Size
RET00706,OL14977,SKU0002,5,2022-05-21,Wrong Size
RET00707,OL14968,SKU0483,2,2022-05-28,Wrong Colour
RET00708,OL15104,SKU0486,2,2022-05-11,Wrong Size
RET00709,OL15075,SKU0043,2,2022-05-30,Wrong Colour
RET00710,OL15273,SKU0034,2,2022-05-22,Wrong Size
RET00711,OL15239,SKU0182,8,2022-05-19,Wrong Colour
RET00712,OL15189,SKU0080,1,2022-05-22,Wrong Size
RET00713,OL15299,SKU0305,7,2022-05-14,Wrong Size
RET00714,OL15288,SKU0430,4,2022-05-12,Wrong Colour
RET00715,OL15284,SKU0407,2,2022-05-17,Wrong Size
RET00716,OL15386,SKU0302,1,2022-05-20,Wrong Size
RET00717,OL15757,SKU0466,5,2022-05-26,Wrong Colour
RET00718,OL15452,SKU0025,1,2022-06-02,Wrong Colour
RET00719,OL15525,SKU0470,2,2022-05-15,Wrong Size
RET00720,OL15597,SKU0299,1,2022-05-26,Wrong Colour
RET00721,OL15531,SKU0181,1,2022-05-19,Wrong Size
RET00722,OL15780,SKU0411,1,2022-05-21,Wrong Colour
RET00723,OL16030,SKU0080,5,2022-05-17,Wrong Colour
RET00724,OL15651,SKU0099,6,2022-06-04,Wrong Size
RET00725,OL15630,SKU0360,2,2022-05-31,Wrong Size
RET00726,OL15705,SKU0197,5,2022-05-19,Wrong Colour
RET00727,OL15670,SKU0105,5,2022-05-18,Wrong Size
RET00728,OL15610,SKU0201,1,2022-05-30,Wrong Size
RET00729,OL15693,SKU0337,1,2022-05-18,Wrong Colour
RET00730,OL15828,SKU0395,1,2022-05-29,Wrong Colour
RET00731,OL15927,SKU0172,3,2022-05-26,Wrong Colour
RET00732,OL15748,SKU0259,4,2022-05-27,Wrong Size
RET00733,OL15842,SKU0321,4,2022-06-01,Wrong Size
RET00734,OL15722,SKU0443,1,2022-05-17,Wrong Colour
RET00735,OL15855,SKU0234,6,2022-06-02,Wrong Colour
RET00736,OL15914,SKU0429,8,2022-05-25,Wrong Colour
RET00737,OL16043,SKU0471,4,2022-05-31,Wrong Size
RET00738,OL16066,SKU0139,3,2022-06-02,Wrong Size
RET00739,OL16100,SKU0496,1,2022-05-24,Wrong Size
RET00740,OL15953,SKU0500,3,2022-05-22,Wrong Size
RET00741,OL15874,SKU0251,1,2022-05-28,Wrong Size
RET00742,OL16094,SKU0209,3,2022-06-05,Wrong Size
RET00743,OL16045,SKU0031,4,2022-06-02,Wrong Size
RET00744,OL15975,SKU0097,2,2022-05-22,Wrong Size
RET00745,OL15941,SKU0339,13,2022-05-28,Wrong Size
RET00746,OL15943,SKU0195,3,2022-06-07,Wrong Colour
RET00747,OL16154,SKU0175,3,2022-05-28,Wrong Size
RET00748,OL16176,SKU0423,7,2022-05-26,Wrong Size
RET00749,OL16110,SKU0336,5,2022-06-09,Wrong Size
RET00750,OL16145,SKU0006,11,2022-05-22,Wrong Size
RET00751,OL16104,SKU0265,1,2022-05-30,Wrong Size
RET00752,OL16290,SKU0297,1,2022-06-07,Wrong Size
RET00753,OL16411,SKU0229,3,2022-05-23,Wrong Size
RET00754,OL16474,SKU0217,5,2022-05-24,Wrong Size
RET00755,OL16201,SKU0186,2,2022-05-30,Wrong Colour
RET00756,OL16372,SKU0164,2,2022-06-08,Wrong Colour
RET00757,OL16279,SKU0074,10,2022-05-23,Wrong Size
RET00758,OL16421,SKU0129,2,2022-06-05,Wrong Size
RET00759,OL16183,SKU0386,4,2022-06-06,Wrong Colour
RET00760,OL16488,SKU0111,1,2022-06-10,Wrong Size
RET00761,OL16574,SKU0261,6,2022-06-08,Wrong Size
RET00762,OL16576,SKU0016,3,2022-05-22,Wrong Colour
RET00763,OL16415,SKU0031,4,2022-05-23,Wrong Size
RET00764,OL16435,SKU0062,3,2022-05-24,Wrong Size
RET00765,OL16784,SKU0402,2,2022-06-05,Wrong Size
RET00766,OL16787,SKU0028,5,2022-06-08,Wrong Size
RET00767,OL16509,SKU0490,1,2022-05-25,Wrong Colour
RET00768,OL16480,SKU0071,1,2022-05-28,Wrong Size
RET00769,OL16549,SKU0069,3,2022-06-10,Wrong Size
RET00770,OL16604,SKU0005,5,2022-06-04,Wrong Size
RET00771,OL16813,SKU0456,2,2022-06-05,Wrong Size
RET00772,OL16795,SKU0178,5,2022-06-01,Wrong Colour
RET00773,OL16746,SKU0268,5,2022-06-01,Wrong Size
RET00774,OL16755,SKU0139,3,2022-06-11,Wrong Size
RET00775,OL16956,SKU0216,2,2022-06-07,Wrong Colour
RET00776,OL16749,SKU0012,4,2022-06-04,Wrong Colour
RET00777,OL16800,SKU0446,2,2022-06-11,Wrong Size
RET00778,OL16734,SKU0026,11,2022-06-04,Wrong Size
RET00779,OL16696,SKU0366,8,2022-06-11,Wrong Colour
RET00780,OL16921,SKU0026,10,2022-06-08,Wrong Colour
RET00781,OL16770,SKU0376,12,2022-06-04,Wrong Colour
RET00782,OL16866,SKU0038,7,2022-05-28,Wrong Size
RET00783,OL16870,SKU0094,1,2022-05-29,Wrong Size
RET00784,OL17014,SKU0101,3,2022-05-27,Wrong Size
RET00785,OL16963,SKU0113,3,2022-05-27,Wrong Colour
RET00786,OL16952,SKU0168,2,2022-05-30,Wrong Size
RET00787,OL17319,SKU0357,5,2022-06-12,Wrong Size
RET00788,OL16937,SKU0064,1,2022-05-31,Wrong Colour
RET00789,OL17127,SKU0325,2,2022-05-30,Wrong Colour
RET00790,OL17089,SKU0454,11,2022-06-09,Wrong Size
RET00791,OL17096,SKU0408,1,2022-05-29,Wrong Size
RET00792,OL16982,SKU0236,7,2022-06-03,Wrong Size
RET00793,OL17110,SKU0168,1,2022-06-10,Wrong Colour
RET00794,OL17111,SKU0395,2,2022-06-10,Wrong Colour
RET00795,OL17377,SKU0485,1,2022-06-01,Wrong Size
RET00796,OL17329,SKU0207,2,2022-06-01,Wrong Size
RET00797,OL17236,SKU0222,11,2022-05-31,Wrong Size
RET00798,OL17679,SKU0389,3,2022-06-09,Wrong Colour
RET00799,OL17703,SKU0427,5,2022-06-16,Wrong Colour
RET00800,OL17316,SKU0079,3,2022-06-04,Wrong Size
RET00801,OL17249,SKU0039,3,2022-06-17,Wrong Size
RET00802,OL17535,SKU0090,2,2022-06-09,Wrong Size
RET00803,OL17561,SKU0450,9,2022-06-18,Wrong Size
RET00804,OL17772,SKU0027,3,2022-06-16,Wrong Colour
RET00805,OL17812,SKU0181,3,2022-06-03,Wrong Size
RET00806,OL17853,SKU0113,8,2022-06-10,Wrong Size
RET00807,OL17477,SKU0376,4,2022-06-04,Wrong Colour
RET00808,OL17523,SKU0367,10,2022-06-17,Wrong Size
RET00809,OL17459,SKU0479,14,2022-05-31,Wrong Colour
RET00810,OL17567,SKU0170,1,2022-06-06,Wrong Size
RET00811,OL17586,SKU0035,3,2022-06-17,Wrong Colour
RET00812,OL17479,SKU0019,1,2022-06-03,Wrong Colour
RET00813,OL17419,SKU0320,1,2022-06-01,Wrong Colour
RET00814,OL17642,SKU0477,3,2022-06-13,Wrong Colour
RET00815,OL17723,SKU0367,5,2022-06-21,Wrong Colour
RET00816,OL17563,SKU0051,2,2022-06-06,Wrong Colour
RET00817,OL17520,SKU0126,2,2022-06-15,Wrong Size
RET00818,OL17748,SKU0150,1,2022-06-18,Wrong Size
RET00819,OL17749,SKU0350,2,2022-06-02,Wrong Size
RET00820,OL17545,SKU0176,2,2022-06-05,Wrong Colour
RET00821,OL17644,SKU0035,1,2022-06-18,Wrong Size
RET00822,OL17657,SKU0085,1,2022-06-08,Wrong Size
RET00823,OL17844,SKU0059,1,2022-06-02,Wrong Colour
RET00824,OL17712,SKU0416,1,2022-06-20,Wrong Colour
RET00825,OL17849,SKU0195,1,2022-06-06,Wrong Size
RET00826,OL17888,SKU0360,1,2022-06-05,Wrong Colour
RET00827,OL17755,SKU0266,4,2022-06-23,Wrong Colour
RET00828,OL17871,SKU0442,3,2022-06-11,Wrong Colour
RET00829,OL17985,SKU0411,2,2022-06-14,Wrong Size
RET00830,OL17939,SKU0176,2,2022-06-07,Wrong Size
RET00831,OL17876,SKU0054,1,2022-06-23,Wrong Colour
RET00832,OL17991,SKU0390,1,2022-06-17,Wrong Size
RET00833,OL17964,SKU0407,4,2022-06-22,Wrong Size
RET00834,OL18045,SKU0105,3,2022-06-18,Wrong Colour
RET00835,OL18097,SKU0266,1,2022-06-05,Wrong Size
RET00836,OL18177,SKU0073,1,2022-06-14,Wrong Size
RET00837,OL18178,SKU0375,2,2022-06-18,Wrong Colour
RET00838,OL18078,SKU0479,1,2022-06-14,Wrong Colour
RET00839,OL18081,SKU0277,2,2022-06-19,Wrong Size
RET00840,OL18031,SKU0396,3,2022-06-21,Wrong Size
RET00841,OL18127,SKU0243,1,2022-06-16,Wrong Size
RET00842,OL18057,SKU0166,6,2022-06-08,Wrong Size
RET00843,OL18197,SKU0422,1,2022-06-25,Wrong Size
RET00844,OL18206,SKU0260,2,2022-06-09,Wrong Colour
RET00845,OL18244,SKU0366,2,2022-06-24,Wrong Colour
RET00846,OL18174,SKU0002,1,2022-06-16,Wrong Size
RET00847,OL18120,SKU0357,4,2022-06-08,Wrong Size
RET00848,OL18231,SKU0374,1,2022-06-19,Wrong Colour
RET00849,OL18500,SKU0248,5,2022-06-22,Wrong Size
RET00850,OL18315,SKU0380,1,2022-06-23,Wrong Size
RET00851,OL18268,SKU0005,5,2022-06-14,Wrong Size
RET00852,OL18288,SKU0368,1,2022-06-27,Wrong Size
RET00853,OL18717,SKU0276,2,2022-06-19,Wrong Size
RET00854,OL18459,SKU0032,3,2022-06-09,Wrong Size
RET00855,OL18410,SKU0102,2,2022-06-22,Wrong Colour
RET00856,OL18485,SKU0382,1,2022-06-12,Wrong Size
RET00857,OL18370,SKU0063,11,2022-06-18,Wrong Colour
RET00858,OL18539,SKU0061,5,2022-06-14,Wrong Size
RET00859,OL18541,SKU0199,3,2022-06-22,Wrong Colour
RET00860,OL18414,SKU0263,2,2022-06-13,Wrong Size
RET00861,OL18531,SKU0210,1,2022-06-23,Wrong Colour
RET00862,OL18685,SKU0034,5,2022-06-18,Wrong Size
RET00863,OL18753,SKU0345,4,2022-07-01,Wrong Colour
RET00864,OL18659,SKU0442,5,2022-06-12,Wrong Colour
RET00865,OL18678,SKU0086,1,2022-06-14,Wrong Colour
RET00866,OL18913,SKU0273,1,2022-06-23,Wrong Size
RET00867,OL18760,SKU0043,1,2022-06-27,Wrong Size
RET00868,OL18811,SKU0345,5,2022-06-25,Wrong Colour
RET00869,OL18774,SKU0347,2,2022-06-21,Wrong Size
RET00870,OL18846,SKU0230,4,2022-06-16,Wrong Colour
RET00871,OL18869,SKU0065,2,2022-06-23,Wrong Colour
RET00872,OL18830,SKU0422,2,2022-06-18,Wrong Size
RET00873,OL18886,SKU0350,2,2022-06-23,Wrong Size
RET00874,OL18781,SKU0330,3,2022-06-23,Wrong Size
RET00875,OL18899,SKU0281,1,2022-06-17,Wrong Size
RET00876,OL18948,SKU0190,1,2022-06-24,Wrong Size
RET00877,OL19021,SKU0298,5,2022-06-19,Wrong Colour
RET00878,OL19070,SKU0329,2,2022-06-18,Wrong Colour
RET00879,OL18906,SKU0009,1,2022-06-16,Wrong Size
RET00880,OL18967,SKU0043,3,2022-06-24,Wrong Size
RET00881,OL18953,SKU0126,3,2022-06-30,Wrong Colour
RET00882,OL18979,SKU0499,3,2022-06-14,Wrong Colour
RET00883,OL19362,SKU0074,1,2022-06-17,Wrong Size
RET00884,OL19213,SKU0257,3,2022-06-21,Wrong Colour
RET00885,OL19041,SKU0382,2,2022-06-23,Wrong Colour
RET00886,OL19194,SKU0051,2,2022-07-03,Wrong Colour
RET00887,OL19338,SKU0026,2,2022-07-03,Wrong Colour
RET00888,OL19298,SKU0305,4,2022-07-01,Wrong Colour
RET00889,OL19114,SKU0427,4,2022-06-26,Wrong Size
RET00890,OL19134,SKU0241,1,2022-07-01,Wrong Size
RET00891,OL19260,SKU0204,6,2022-07-02,Wrong Size
RET00892,OL19165,SKU0291,1,2022-06-15,Wrong Size
RET00893,OL19232,SKU0215,3,2022-07-01,Wrong Colour
RET00894,OL19394,SKU0496,2,2022-06-26,Wrong Size
RET00895,OL19611,SKU0106,2,2022-06-28,Wrong Size
RET00896,OL19301,SKU0357,4,2022-06-19,Wrong Size
RET00897,OL19359,SKU0246,4,2022-07-05,Wrong Size
RET00898,OL19443,SKU0141,1,2022-06-20,Wrong Colour
RET00899,OL19444,SKU0374,1,2022-06-21,Wrong Size
RET00900,OL19495,SKU0215,2,2022-06-27,Wrong Colour
RET00901,OL19621,SKU0476,1,2022-06-29,Wrong Size
RET00902,OL19677,SKU0246,2,2022-06-22,Wrong Size
RET00903,OL19573,SKU0252,2,2022-07-02,Wrong Colour
RET00904,OL19741,SKU0276,2,2022-07-03,Wrong Colour
RET00905,OL19699,SKU0101,4,2022-07-01,Wrong Size
RET00906,OL19563,SKU0432,4,2022-06-29,Wrong Size
RET00907,OL19732,SKU0030,3,2022-06-22,Wrong Size
RET00908,OL19674,SKU0175,6,2022-07-03,Wrong Colour
RET00909,OL19746,SKU0395,2,2022-07-08,Wrong Size
RET00910,OL19862,SKU0455,2,2022-06-24,Wrong Colour
RET00911,OL19931,SKU0010,1,2022-07-09,Wrong Size
RET00912,OL19927,SKU0368,3,2022-07-09,Wrong Size
RET00913,OL19792,SKU0128,1,2022-06-30,Wrong Size
RET00914,OL19872,SKU0261,4,2022-07-03,Wrong Size
RET00915,OL19910,SKU0064,2,2022-07-07,Wrong Colour
RET00916,OL19983,SKU0109,3,2022-06-23,Wrong Size
RET00917,OL19985,SKU0333,2,2022-07-10,Wrong Colour
RET00918,OL19986,SKU0254,1,2022-06-28,Wrong Colour
RET00919,OL19904,SKU0255,1,2022-07-06,Wrong Colour
RET00920,OL20159,SKU0294,3,2022-06-29,Wrong Colour
RET00921,OL20009,SKU0474,1,2022-06-23,Wrong Size
RET00922,OL20238,SKU0145,8,2022-06-23,Wrong Size
RET00923,OL20131,SKU0016,2,2022-06-23,Wrong Colour
RET00924,OL20056,SKU0479,4,2022-07-03,Wrong Colour
RET00925,OL20550,SKU0116,3,2022-07-09,Wrong Colour
RET00926,OL20198,SKU0372,1,2022-06-27,Wrong Size
RET00927,OL20160,SKU0223,1,2022-06-28,Wrong Size
RET00928,OL20259,SKU0114,2,2022-06-24,Wrong Colour
RET00929,OL20274,SKU0475,2,2022-07-04,Wrong Colour
RET00930,OL20183,SKU0336,2,2022-07-01,Wrong Colour
RET00931,OL20686,SKU0227,2,2022-07-05,Wrong Size
RET00932,OL20342,SKU0253,5,2022-07-12,Wrong Colour
RET00933,OL20425,SKU0398,1,2022-07-07,Wrong Size
RET00934,OL20588,SKU0254,6,2022-07-05,Wrong Size
RET00935,OL20302,SKU0291,1,2022-07-11,Wrong Colour
RET00936,OL20445,SKU0033,2,2022-06-27,Wrong Colour
RET00937,OL20395,SKU0224,3,2022-07-13,Wrong Colour
RET00938,OL20520,SKU0033,1,2022-06-26,Wrong Colour
RET00939,OL20460,SKU0033,5,2022-06-30,Wrong Size
RET00940,OL20449,SKU0341,5,2022-07-04,Wrong Colour
RET00941,OL20497,SKU0192,7,2022-07-15,Wrong Size
RET00942,OL21018,SKU0103,2,2022-06-27,Wrong Colour
RET00943,OL20949,SKU0337,2,2022-07-10,Wrong Colour
RET00944,OL20534,SKU0382,3,2022-07-15,Wrong Size
RET00945,OL20587,SKU0412,5,2022-07-15,Wrong Size
RET00946,OL20555,SKU0249,3,2022-06-28,Wrong Colour
RET00947,OL20559,SKU0444,2,2022-07-06,Wrong Size
RET00948,OL20537,SKU0162,4,2022-07-07,Wrong Size
RET00949,OL20543,SKU0457,2,2022-07-05,Wrong Size
RET00950,OL20666,SKU0197,1,2022-06-30,Wrong Colour
RET00951,OL20744,SKU0285,6,2022-07-15,Wrong Colour
RET00952,OL20599,SKU0320,1,2022-06-27,Wrong Colour
RET00953,OL20810,SKU0007,2,2022-07-08,Wrong Size
RET00954,OL20792,SKU0054,1,2022-07-13,Wrong Size
RET00955,OL20768,SKU0227,3,2022-07-11,Wrong Size
RET00956,OL20692,SKU0129,2,2022-07-06,Wrong Size
RET00957,OL20943,SKU0343,1,2022-06-28,Wrong Size
RET00958,OL20824,SKU0330,2,2022-07-08,Wrong Colour
RET00959,OL20803,SKU0305,4,2022-07-12,Wrong Colour
RET00960,OL20804,SKU0380,1,2022-07-13,Wrong Colour
RET00961,OL20948,SKU0270,3,2022-07-19,Wrong Colour
RET00962,OL20875,SKU0222,8,2022-07-03,Wrong Colour
RET00963,OL20914,SKU0378,2,2022-07-07,Wrong Size
RET00964,OL20829,SKU0161,3,2022-06-29,Wrong Colour
RET00965,OL20847,SKU0239,3,2022-07-18,Wrong Size
RET00966,OL20905,SKU0492,9,2022-07-08,Wrong Size
RET00967,OL20842,SKU0049,3,2022-07-19,Wrong Size
RET00968,OL20976,SKU0390,1,2022-07-17,Wrong Size
RET00969,OL20922,SKU0157,2,2022-07-15,Wrong Size
RET00970,OL21092,SKU0285,11,2022-07-20,Wrong Colour
RET00971,OL21023,SKU0428,5,2022-07-10,Wrong Size
RET00972,OL21205,SKU0026,1,2022-07-03,Wrong Colour
RET00973,OL20980,SKU0058,1,2022-07-18,Wrong Colour
RET00974,OL21077,SKU0113,6,2022-07-03,Wrong Size
RET00975,OL21231,SKU0162,2,2022-06-30,Wrong Size
RET00976,OL21070,SKU0173,5,2022-07-16,Wrong Colour
RET00977,OL21099,SKU0383,5,2022-07-18,Wrong Size
RET00978,OL21156,SKU0201,1,2022-07-14,Wrong Colour
RET00979,OL21249,SKU0136,1,2022-07-18,Wrong Size
RET00980,OL21211,SKU0061,1,2022-07-08,Wrong Colour
RET00981,OL21279,SKU0399,2,2022-07-05,Wrong Colour
RET00982,OL21179,SKU0243,9,2022-07-22,Wrong Size
RET00983,OL21180,SKU0275,1,2022-07-09,Wrong Colour
RET00984,OL21282,SKU0043,3,2022-07-19,Wrong Colour
RET00985,OL21311,SKU0346,1,2022-07-18,Wrong Colour
RET00986,OL21265,SKU0149,8,2022-07-15,Wrong Colour
RET00987,OL21369,SKU0001,5,2022-07-06,Wrong Colour
RET00988,OL21293,SKU0357,1,2022-07-05,Wrong Colour
RET00989,OL21437,SKU0301,3,2022-07-20,Wrong Size
RET00990,OL21384,SKU0327,5,2022-07-19,Wrong Size
RET00991,OL21170,SKU0279,1,2022-07-07,Wrong Size
RET00992,OL21443,SKU0294,4,2022-07-08,Wrong Size
RET00993,OL21388,SKU0252,5,2022-07-06,Wrong Size
RET00994,OL21472,SKU0184,3,2022-07-12,Wrong Size
RET00995,OL21726,SKU0095,2,2022-07-22,Wrong Size
RET00996,OL21468,SKU0054,2,2022-07-13,Wrong Colour
RET00997,OL21441,SKU0323,4,2022-07-07,Wrong Size
RET00998,OL21538,SKU0100,4,2022-07-13,Wrong Size
RET00999,OL21884,SKU0259,5,2022-07-05,Wrong Colour
RET01000,OL21531,SKU0470,3,2022-07-10,Wrong Size
RET01001,OL21555,SKU0447,2,2022-07-07,Wrong Colour
RET01002,OL21536,SKU0008,2,2022-07-17,Wrong Colour
RET01003,OL21579,SKU0297,3,2022-07-15,Wrong Size
RET01004,OL21501,SKU0263,1,2022-07-14,Wrong Size
RET01005,OL21609,SKU0350,2,2022-07-17,Wrong Size
RET01006,OL21513,SKU0152,1,2022-07-10,Wrong Colour
RET01007,OL21665,SKU0120,6,2022-07-17,Wrong Colour
RET01008,OL21829,SKU0401,4,2022-07-08,Wrong Colour
RET01009,OL21675,SKU0471,1,2022-07-24,Wrong Colour
RET01010,OL21672,SKU0343,1,2022-07-18,Wrong Colour
RET01011,OL21663,SKU0365,7,2022-07-15,Wrong Size
RET01012,OL21622,SKU0230,2,2022-07-22,Wrong Size
RET01013,OL21802,SKU0052,3,2022-07-11,Wrong Size
RET01014,OL21804,SKU0109,11,2022-07-17,Wrong Size
RET01015,OL21757,SKU0319,7,2022-07-09,Wrong Size
RET01016,OL22012,SKU0158,3,2022-07-11,Wrong Colour
RET01017,OL21979,SKU0211,16,2022-07-14,Wrong Size
RET01018,OL21889,SKU0037,3,2022-07-07,Wrong Size
RET01019,OL21760,SKU0246,2,2022-07-22,Wrong Colour
RET01020,OL21965,SKU0147,2,2022-07-15,Wrong Size
RET01021,OL21745,SKU0433,18,2022-07-26,Wrong Colour
RET01022,OL21791,SKU0449,5,2022-07-14,Wrong Size
RET01023,OL21900,SKU0156,5,2022-07-17,Wrong Size
RET01024,OL22107,SKU0485,5,2022-07-08,Wrong Colour
RET01025,OL21933,SKU0400,2,2022-07-19,Wrong Colour
RET01026,OL21855,SKU0333,6,2022-07-26,Wrong Size
RET01027,OL21850,SKU0156,2,2022-07-27,Wrong Size
RET01028,OL22041,SKU0080,3,2022-07-27,Wrong Colour
RET01029,OL22048,SKU0339,1,2022-07-13,Wrong Size
RET01030,OL22082,SKU0226,1,2022-07-29,Wrong Size
RET01031,OL22050,SKU0365,1,2022-07-19,Wrong Size
RET01032,OL22052,SKU0216,1,2022-07-28,Wrong Size
RET01033,OL22053,SKU0201,9,2022-07-12,Wrong Size
RET01034,OL22073,SKU0013,1,2022-07-17,Wrong Size
RET01035,OL21999,SKU0273,3,2022-07-15,Wrong Colour
RET01036,OL22170,SKU0397,1,2022-07-28,Wrong Colour
RET01037,OL22100,SKU0379,1,2022-07-28,Wrong Colour
RET01038,OL22127,SKU0146,3,2022-07-11,Wrong Size
RET01039,OL22138,SKU0377,3,2022-07-11,Wrong Size
RET01040,OL22143,SKU0460,2,2022-07-13,Wrong Size
RET01041,OL22244,SKU0225,3,2022-07-15,Wrong Size
RET01042,OL22410,SKU0002,1,2022-07-20,Wrong Size
RET01043,OL22429,SKU0136,1,2022-07-21,Wrong Size
RET01044,OL22154,SKU0432,3,2022-07-27,Wrong Size
RET01045,OL22123,SKU0205,4,2022-07-28,Wrong Size
RET01046,OL22480,SKU0036,1,2022-07-16,Wrong Size
RET01047,OL22331,SKU0009,7,2022-07-17,Wrong Colour
RET01048,OL22363,SKU0249,2,2022-07-31,Wrong Size
RET01049,OL22245,SKU0107,2,2022-07-14,Wrong Size
RET01050,OL22340,SKU0389,1,2022-07-13,Wrong Size
RET01051,OL22256,SKU0473,2,2022-07-25,Wrong Colour
RET01052,OL22457,SKU0083,1,2022-07-20,Wrong Colour
RET01053,OL22478,SKU0437,4,2022-07-28,Wrong Colour
RET01054,OL22431,SKU0247,5,2022-07-17,Wrong Colour
RET01055,OL22528,SKU0306,3,2022-07-26,Wrong Size
RET01056,OL22506,SKU0484,16,2022-07-18,Wrong Size
RET01057,OL22866,SKU0216,2,2022-07-31,Wrong Size
RET01058,OL22762,SKU0069,7,2022-07-26,Wrong Size
RET01059,OL22501,SKU0435,5,2022-07-19,Wrong Colour
RET01060,OL22547,SKU0242,12,2022-07-29,Wrong Size
RET01061,OL22514,SKU0244,6,2022-07-31,Wrong Colour
RET01062,OL22901,SKU0120,4,2022-07-28,Wrong Colour
RET01063,OL22791,SKU0108,1,2022-07-18,Wrong Colour
RET01064,OL22658,SKU0070,2,2022-07-17,Wrong Size
RET01065,OL22715,SKU0281,1,2022-07-17,Wrong Colour
RET01066,OL22729,SKU0349,5,2022-07-14,Wrong Size
RET01067,OL22726,SKU0389,1,2022-07-24,Wrong Size
RET01068,OL22747,SKU0216,1,2022-07-16,Wrong Colour
RET01069,OL22802,SKU0449,1,2022-07-31,Wrong Size
RET01070,OL22813,SKU0286,5,2022-07-20,Wrong Colour
RET01071,OL23077,SKU0067,4,2022-07-26,Wrong Size
RET01072,OL22904,SKU0385,5,2022-07-25,Wrong Size
RET01073,OL23159,SKU0359,27,2022-08-03,Wrong Size
RET01074,OL22959,SKU0322,14,2022-07-23,Wrong Size
RET01075,OL23113,SKU0251,5,2022-07-30,Wrong Size
RET01076,OL23092,SKU0304,6,2022-07-24,Wrong Size
RET01077,OL22932,SKU0098,1,2022-07-29,Wrong Size
RET01078,OL22894,SKU0245,1,2022-07-19,Wrong Size
RET01079,OL22942,SKU0419,3,2022-07-19,Wrong Size
RET01080,OL22979,SKU0380,2,2022-08-05,Wrong Size
RET01081,OL23036,SKU0208,3,2022-07-29,Wrong Size
RET01082,OL23234,SKU0137,6,2022-08-03,Wrong Colour
RET01083,OL23073,SKU0464,2,2022-07-24,Wrong Colour
RET01084,OL23478,SKU0117,1,2022-07-20,Wrong Size
RET01085,OL23141,SKU0336,4,2022-07-28,Wrong Size
RET01086,OL23144,SKU0177,3,2022-07-27,Wrong Size
RET01087,OL23165,SKU0395,4,2022-08-05,Wrong Size
RET01088,OL23148,SKU0010,2,2022-07-24,Wrong Colour
RET01089,OL23206,SKU0044,7,2022-07-26,Wrong Colour
RET01090,OL23383,SKU0161,5,2022-08-03,Wrong Size
RET01091,OL23241,SKU0490,2,2022-07-29,Wrong Size
RET01092,OL23348,SKU0128,1,2022-07-26,Wrong Size
RET01093,OL23283,SKU0239,1,2022-07-24,Wrong Colour
RET01094,OL23504,SKU0026,6,2022-07-28,Wrong Size
RET01095,OL23346,SKU0303,20,2022-08-03,Wrong Size
RET01096,OL23257,SKU0252,1,2022-08-02,Wrong Size
RET01097,OL23170,SKU0316,2,2022-08-02,Wrong Size
RET01098,OL23263,SKU0257,2,2022-08-07,Wrong Colour
RET01099,OL23713,SKU0138,2,2022-08-01,Wrong Size
RET01100,OL23340,SKU0032,2,2022-08-04,Wrong Size
RET01101,OL23341,SKU0134,1,2022-08-07,Wrong Size
RET01102,OL23324,SKU0209,3,2022-08-07,Wrong Size
RET01103,OL23385,SKU0158,3,2022-08-09,Wrong Size
RET01104,OL23381,SKU0036,2,2022-08-01,Wrong Size
RET01105,OL23589,SKU0378,2,2022-08-01,Wrong Size
RET01106,OL23458,SKU0231,1,2022-07-21,Wrong Colour
RET01107,OL23425,SKU0448,2,2022-07-27,Wrong Colour
RET01108,OL23592,SKU0496,2,2022-07-31,Wrong Size
RET01109,OL23768,SKU0396,2,2022-07-28,Wrong Colour
RET01110,OL23481,SKU0458,12,2022-07-21,Wrong Size
RET01111,OL23485,SKU0070,1,2022-08-05,Wrong Size
RET01112,OL23910,SKU0195,6,2022-07-30,Wrong Colour
RET01113,OL23954,SKU0396,2,2022-08-05,Wrong Colour
RET01114,OL23541,SKU0265,2,2022-08-04,Wrong Size
RET01115,OL23599,SKU0308,3,2022-08-06,Wrong Size
RET01116,OL23724,SKU0393,2,2022-07-30,Wrong Colour
RET01117,OL23604,SKU0459,2,2022-08-02,Wrong Colour
RET01118,OL24065,SKU0139,4,2022-07-24,Wrong Size
RET01119,OL23855,SKU0322,4,2022-08-11,Wrong Size
RET01120,OL23881,SKU0366,7,2022-07-23,Wrong Size
RET01121,OL23678,SKU0353,1,2022-07-31,Wrong Size
RET01122,OL23750,SKU0382,1,2022-07-28,Wrong Size
RET01123,OL23660,SKU0096,4,2022-07-27,Wrong Size
RET01124,OL23655,SKU0020,2,2022-07-24,Wrong Size
RET01125,OL23822,SKU0406,2,2022-07-29,Wrong Colour
RET01126,OL23956,SKU0189,2,2022-07-28,Wrong Size
RET01127,OL23808,SKU0150,1,2022-08-01,Wrong Colour
RET01128,OL23851,SKU0476,6,2022-08-04,Wrong Size
RET01129,OL24014,SKU0292,1,2022-08-08,Wrong Size
RET01130,OL23813,SKU0274,2,2022-07-26,Wrong Size
RET01131,OL23903,SKU0240,5,2022-08-12,Wrong Size
RET01132,OL23976,SKU0333,19,2022-08-14,Wrong Colour
RET01133,OL23926,SKU0438,1,2022-08-09,Wrong Size
RET01134,OL23945,SKU0065,4,2022-07-27,Wrong Size
RET01135,OL23946,SKU0029,1,2022-08-08,Wrong Size
RET01136,OL23890,SKU0271,6,2022-07-31,Wrong Colour
RET01137,OL24083,SKU0007,4,2022-08-08,Wrong Colour
RET01138,OL24085,SKU0446,1,2022-08-11,Wrong Size
RET01139,OL24127,SKU0353,4,2022-08-11,Wrong Size
RET01140,OL24061,SKU0131,10,2022-08-14,Wrong Size
RET01141,OL24063,SKU0189,2,2022-08-08,Wrong Size
RET01142,OL24224,SKU0129,6,2022-08-08,Wrong Colour
RET01143,OL24104,SKU0070,2,2022-07-30,Wrong Size
RET01144,OL24162,SKU0475,5,2022-07-27,Wrong Size
RET01145,OL24114,SKU0359,7,2022-08-02,Wrong Size
RET01146,OL24250,SKU0398,3,2022-07-28,Wrong Colour
RET01147,OL24196,SKU0133,1,2022-08-08,Wrong Colour
RET01148,OL24210,SKU0317,2,2022-08-12,Wrong Colour
RET01149,OL24163,SKU0031,2,2022-08-11,Wrong Size
RET01150,OL24133,SKU0483,3,2022-08-01,Wrong Colour
RET01151,OL24186,SKU0271,4,2022-08-04,Wrong Size
RET01152,OL24277,SKU0106,3,2022-08-10,Wrong Colour
RET01153,OL24384,SKU0144,2,2022-08-03,Wrong Size
RET01154,OL24264,SKU0470,3,2022-07-31,Wrong Colour
RET01155,OL24319,SKU0326,5,2022-07-30,Wrong Size
RET01156,OL24267,SKU0095,2,2022-08-16,Wrong Size
RET01157,OL24238,SKU0408,2,2022-07-31,Wrong Colour
RET01158,OL24833,SKU0472,4,2022-08-01,Wrong Size
RET01159,OL24496,SKU0071,12,2022-08-01,Wrong Size
RET01160,OL24440,SKU0148,4,2022-07-29,Wrong Size
RET01161,OL24420,SKU0083,2,2022-08-11,Wrong Size
RET01162,OL24538,SKU0342,3,2022-08-05,Wrong Size
RET01163,OL24527,SKU0401,10,2022-08-05,Wrong Size
RET01164,OL24687,SKU0261,1,2022-08-02,Wrong Size
RET01165,OL24506,SKU0461,2,2022-08-09,Wrong Colour
RET01166,OL24725,SKU0007,7,2022-08-17,Wrong Size
RET01167,OL24635,SKU0173,1,2022-08-12,Wrong Colour
RET01168,OL24845,SKU0485,1,2022-08-19,Wrong Colour
RET01169,OL24652,SKU0411,4,2022-08-09,Wrong Size
RET01170,OL24692,SKU0151,6,2022-08-04,Wrong Size
RET01171,OL25214,SKU0144,9,2022-08-15,Wrong Colour
RET01172,OL24819,SKU0435,6,2022-08-11,Wrong Colour
RET01173,OL24731,SKU0373,3,2022-08-07,Wrong Colour
RET01174,OL24773,SKU0435,6,2022-08-17,Wrong Colour
RET01175,OL24854,SKU0127,1,2022-08-20,Wrong Size
RET01176,OL25092,SKU0040,4,2022-08-03,Wrong Size
RET01177,OL25000,SKU0228,1,2022-08-09,Wrong Colour
RET01178,OL24987,SKU0059,3,2022-08-20,Wrong Size
RET01179,OL25201,SKU0455,7,2022-08-20,Wrong Colour
RET01180,OL25204,SKU0064,1,2022-08-05,Wrong Size
RET01181,OL24948,SKU0443,3,2022-08-18,Wrong Colour
RET01182,OL24939,SKU0248,8,2022-08-13,Wrong Colour
RET01183,OL25050,SKU0162,2,2022-08-02,Wrong Size
RET01184,OL25389,SKU0362,5,2022-08-11,Wrong Size
RET01185,OL25407,SKU0107,2,2022-08-18,Wrong Size
RET01186,OL25303,SKU0208,5,2022-08-16,Wrong Size
RET01187,OL25349,SKU0367,16,2022-08-21,Wrong Colour
RET01188,OL25079,SKU0244,13,2022-08-05,Wrong Colour
RET01189,OL25081,SKU0092,1,2022-08-05,Wrong Colour
RET01190,OL25028,SKU0417,7,2022-08-14,Wrong Colour
RET01191,OL25071,SKU0471,1,2022-08-19,Wrong Colour
RET01192,OL25075,SKU0306,5,2022-08-22,Wrong Size
RET01193,OL25115,SKU0036,3,2022-08-20,Wrong Size
RET01194,OL25046,SKU0239,31,2022-08-12,Wrong Size
RET01195,OL25126,SKU0490,3,2022-08-14,Wrong Size
RET01196,OL25238,SKU0091,1,2022-08-24,Wrong Colour
RET01197,OL25184,SKU0298,3,2022-08-16,Wrong Size
RET01198,OL25192,SKU0322,29,2022-08-05,Wrong Size
RET01199,OL25308,SKU0458,6,2022-08-04,Wrong Size
RET01200,OL25378,SKU0171,1,2022-08-06,Wrong Size
RET01201,OL25250,SKU0107,2,2022-08-15,Wrong Size
RET01202,OL25310,SKU0456,5,2022-08-21,Wrong Size
RET01203,OL25312,SKU0102,2,2022-08-06,Wrong Colour
RET01204,OL25293,SKU0208,1,2022-08-15,Wrong Colour
RET01205,OL25434,SKU0288,2,2022-08-13,Wrong Colour
RET01206,OL25720,SKU0439,1,2022-08-20,Wrong Colour
RET01207,OL25578,SKU0277,3,2022-08-19,Wrong Size
RET01208,OL25465,SKU0363,1,2022-08-16,Wrong Colour
RET01209,OL25515,SKU0269,7,2022-08-06,Wrong Size
RET01210,OL25354,SKU0021,7,2022-08-14,Wrong Size
RET01211,OL25357,SKU0105,4,2022-08-17,Wrong Colour
RET01212,OL25406,SKU0098,1,2022-08-26,Wrong Colour
RET01213,OL25511,SKU0002,3,2022-08-24,Wrong Size
RET01214,OL25684,SKU0387,2,2022-08-23,Wrong Size
RET01215,OL25490,SKU0152,2,2022-08-15,Wrong Size
RET01216,OL25636,SKU0207,4,2022-08-25,Wrong Size
RET01217,OL25536,SKU0436,1,2022-08-18,Wrong Size
RET01218,OL25798,SKU0250,2,2022-08-10,Wrong Size
RET01219,OL25470,SKU0039,1,2022-08-25,Wrong Size
RET01220,OL25664,SKU0376,1,2022-08-16,Wrong Size
RET01221,OL25652,SKU0049,2,2022-08-26,Wrong Colour
RET01222,OL25694,SKU0243,3,2022-08-16,Wrong Size
RET01223,OL25700,SKU0316,3,2022-08-09,Wrong Colour
RET01224,OL25731,SKU0091,5,2022-08-24,Wrong Colour
RET01225,OL25773,SKU0306,1,2022-08-20,Wrong Colour
RET01226,OL25776,SKU0376,2,2022-08-18,Wrong Colour
RET01227,OL25736,SKU0214,1,2022-08-09,Wrong Colour
RET01228,OL25737,SKU0464,1,2022-08-22,Wrong Size
RET01229,OL25959,SKU0233,1,2022-08-30,Wrong Colour
RET01230,OL25818,SKU0274,1,2022-08-19,Wrong Colour
RET01231,OL25911,SKU0094,5,2022-08-24,Wrong Size
RET01232,OL25827,SKU0084,2,2022-08-30,Wrong Colour
RET01233,OL25929,SKU0200,2,2022-08-26,Wrong Size
RET01234,OL25893,SKU0095,2,2022-08-27,Wrong Size
RET01235,OL26332,SKU0458,10,2022-08-22,Wrong Size
RET01236,OL26155,SKU0035,1,2022-08-13,Wrong Colour
RET01237,OL26101,SKU0122,4,2022-08-11,Wrong Size
RET01238,OL25933,SKU0387,1,2022-08-15,Wrong Colour
RET01239,OL26125,SKU0031,2,2022-08-11,Wrong Size
RET01240,OL26077,SKU0240,2,2022-08-13,Wrong Size
RET01241,OL26169,SKU0352,8,2022-08-17,Wrong Size
RET01242,OL26376,SKU0359,6,2022-08-27,Wrong Size
RET01243,OL26324,SKU0249,2,2022-08-22,Wrong Size
RET01244,OL26114,SKU0469,1,2022-08-19,Wrong Size
RET01245,OL26057,SKU0135,5,2022-08-26,Wrong Size
RET01246,OL26106,SKU0246,4,2022-08-26,Wrong Colour
RET01247,OL26005,SKU0491,2,2022-08-20,Wrong Colour
RET01248,OL26359,SKU0205,6,2022-08-16,Wrong Colour
RET01249,OL26185,SKU0135,3,2022-08-21,Wrong Colour
RET01250,OL26003,SKU0458,5,2022-08-30,Wrong Colour
RET01251,OL26110,SKU0107,3,2022-08-21,Wrong Size
RET01252,OL26112,SKU0063,8,2022-08-30,Wrong Colour
RET01253,OL26028,SKU0388,3,2022-08-12,Wrong Colour
RET01254,OL26052,SKU0247,16,2022-08-16,Wrong Colour
RET01255,OL26012,SKU0335,8,2022-08-31,Wrong Size
RET01256,OL26291,SKU0497,6,2022-08-18,Wrong Colour
RET01257,OL26162,SKU0392,3,2022-08-20,Wrong Colour
RET01258,OL26268,SKU0173,3,2022-08-30,Wrong Size
RET01259,OL26254,SKU0066,1,2022-08-31,Wrong Size
RET01260,OL26479,SKU0237,4,2022-08-21,Wrong Colour
RET01261,OL26464,SKU0128,3,2022-08-21,Wrong Colour
RET01262,OL26278,SKU0410,1,2022-08-25,Wrong Size
RET01263,OL26438,SKU0211,3,2022-08-19,Wrong Colour
RET01264,OL26473,SKU0358,5,2022-09-01,Wrong Colour
RET01265,OL26474,SKU0200,4,2022-08-15,Wrong Colour
RET01266,OL26534,SKU0242,11,2022-08-21,Wrong Colour
RET01267,OL26557,SKU0161,1,2022-08-24,Wrong Colour
RET01268,OL26432,SKU0363,3,2022-08-17,Wrong Colour
RET01269,OL26406,SKU0481,2,2022-08-26,Wrong Size
RET01270,OL26559,SKU0399,6,2022-08-16,Wrong Size
RET01271,OL26527,SKU0169,2,2022-08-26,Wrong Colour
RET01272,OL26505,SKU0053,1,2022-09-03,Wrong Colour
RET01273,OL26621,SKU0285,8,2022-08-21,Wrong Size
RET01274,OL26651,SKU0352,17,2022-09-01,Wrong Colour
RET01275,OL26798,SKU0161,5,2022-09-06,Wrong Size
RET01276,OL26754,SKU0110,10,2022-08-29,Wrong Colour
RET01277,OL26899,SKU0422,2,2022-08-28,Wrong Colour
RET01278,OL26757,SKU0235,7,2022-08-19,Wrong Size
RET01279,OL27000,SKU0315,2,2022-08-20,Wrong Size
RET01280,OL26740,SKU0360,1,2022-09-01,Wrong Colour
RET01281,OL26742,SKU0386,1,2022-08-27,Wrong Size
RET01282,OL26943,SKU0028,3,2022-08-24,Wrong Size
RET01283,OL26876,SKU0254,6,2022-09-01,Wrong Size
RET01284,OL26843,SKU0329,22,2022-09-08,Wrong Size
RET01285,OL26826,SKU0183,6,2022-08-26,Wrong Colour
RET01286,OL26905,SKU0016,24,2022-09-02,Wrong Colour
RET01287,OL27008,SKU0389,1,2022-09-04,Wrong Size
RET01288,OL26868,SKU0405,1,2022-09-03,Wrong Size
RET01289,OL26979,SKU0360,1,2022-08-21,Wrong Size
RET01290,OL26937,SKU0480,22,2022-09-02,Wrong Colour
RET01291,OL26954,SKU0237,8,2022-09-05,Wrong Colour
RET01292,OL27026,SKU0463,1,2022-09-04,Wrong Size
RET01293,OL27107,SKU0465,4,2022-08-28,Wrong Size
RET01294,OL27187,SKU0092,2,2022-08-23,Wrong Colour
RET01295,OL27116,SKU0069,6,2022-09-03,Wrong Colour
RET01296,OL27243,SKU0311,1,2022-08-21,Wrong Size
RET01297,OL27334,SKU0342,1,2022-08-25,Wrong Size
RET01298,OL27326,SKU0476,3,2022-08-29,Wrong Size
RET01299,OL27294,SKU0076,3,2022-08-31,Wrong Size
RET01300,OL27663,SKU0126,3,2022-08-24,Wrong Size
RET01301,OL27389,SKU0360,4,2022-08-28,Wrong Colour
RET01302,OL27358,SKU0044,10,2022-08-23,Wrong Colour
RET01303,OL27471,SKU0183,5,2022-08-23,Wrong Size
RET01304,OL27308,SKU0294,4,2022-09-11,Wrong Size
RET01305,OL27429,SKU0498,5,2022-09-07,Wrong Size
RET01306,OL27665,SKU0465,3,2022-09-03,Wrong Size
RET01307,OL27417,SKU0144,1,2022-09-08,Wrong Size
RET01308,OL27406,SKU0405,10,2022-08-28,Wrong Colour
RET01309,OL27398,SKU0362,18,2022-09-12,Wrong Size
RET01310,OL27443,SKU0187,6,2022-09-13,Wrong Size
RET01311,OL27413,SKU0307,3,2022-08-25,Wrong Size
RET01312,OL27537,SKU0294,9,2022-08-26,Wrong Colour
RET01313,OL27719,SKU0385,7,2022-09-11,Wrong Size
RET01314,OL27637,SKU0002,9,2022-08-29,Wrong Colour
RET01315,OL27606,SKU0366,2,2022-08-31,Wrong Colour
RET01316,OL27654,SKU0121,6,2022-09-02,Wrong Size
RET01317,OL27915,SKU0192,3,2022-09-14,Wrong Colour
RET01318,OL27609,SKU0154,1,2022-09-02,Wrong Size
RET01319,OL27806,SKU0144,2,2022-09-12,Wrong Size
RET01320,OL27658,SKU0304,4,2022-09-10,Wrong Colour
RET01321,OL27647,SKU0100,1,2022-09-04,Wrong Size
RET01322,OL28085,SKU0085,1,2022-09-03,Wrong Colour
RET01323,OL27816,SKU0161,2,2022-09-09,Wrong Size
RET01324,OL27877,SKU0351,4,2022-08-31,Wrong Colour
RET01325,OL27776,SKU0261,1,2022-09-02,Wrong Colour
RET01326,OL27732,SKU0039,2,2022-09-01,Wrong Size
RET01327,OL27801,SKU0128,2,2022-09-02,Wrong Size
RET01328,OL28198,SKU0112,2,2022-08-30,Wrong Colour
RET01329,OL27863,SKU0305,4,2022-09-05,Wrong Colour
RET01330,OL27866,SKU0209,5,2022-09-02,Wrong Size
RET01331,OL28021,SKU0406,4,2022-09-13,Wrong Colour
RET01332,OL27952,SKU0370,5,2022-09-05,Wrong Colour
RET01333,OL28179,SKU0262,4,2022-09-06,Wrong Size
RET01334,OL27976,SKU0407,2,2022-09-14,Wrong Size
RET01335,OL27993,SKU0015,2,2022-09-17,Wrong Colour
RET01336,OL28036,SKU0315,2,2022-09-03,Wrong Size
RET01337,OL28037,SKU0432,1,2022-09-14,Wrong Size
RET01338,OL27986,SKU0344,4,2022-08-29,Wrong Colour
RET01339,OL28010,SKU0193,1,2022-09-05,Wrong Size
RET01340,OL28188,SKU0472,2,2022-09-05,Wrong Colour
RET01341,OL28189,SKU0303,9,2022-09-14,Wrong Colour
RET01342,OL28071,SKU0061,3,2022-09-06,Wrong Size
RET01343,OL28153,SKU0206,12,2022-09-10,Wrong Colour
RET01344,OL28111,SKU0083,1,2022-09-07,Wrong Colour
RET01345,OL28557,SKU0473,4,2022-09-05,Wrong Size
RET01346,OL28282,SKU0223,2,2022-09-12,Wrong Colour
RET01347,OL28295,SKU0227,16,2022-09-02,Wrong Size
RET01348,OL28186,SKU0135,2,2022-09-05,Wrong Colour
RET01349,OL28354,SKU0223,4,2022-09-13,Wrong Size
RET01350,OL28240,SKU0345,3,2022-09-09,Wrong Colour
RET01351,OL28266,SKU0348,7,2022-09-02,Wrong Colour
RET01352,OL28216,SKU0200,6,2022-09-15,Wrong Colour
RET01353,OL28273,SKU0026,22,2022-09-09,Wrong Colour
RET01354,OL28358,SKU0311,2,2022-09-08,Wrong Size
RET01355,OL28365,SKU0462,3,2022-09-11,Wrong Colour
RET01356,OL28323,SKU0220,2,2022-09-12,Wrong Size
RET01357,OL28411,SKU0214,2,2022-09-15,Wrong Colour
RET01358,OL28326,SKU0081,10,2022-09-02,Wrong Size
RET01359,OL28491,SKU0102,6,2022-09-21,Wrong Colour
RET01360,OL28315,SKU0299,6,2022-09-05,Wrong Colour
RET01361,OL28301,SKU0334,1,2022-09-09,Wrong Colour
RET01362,OL28521,SKU0014,3,2022-09-05,Wrong Size
RET01363,OL28461,SKU0266,1,2022-09-11,Wrong Colour
RET01364,OL28459,SKU0438,2,2022-09-03,Wrong Size
RET01365,OL28540,SKU0180,3,2022-09-10,Wrong Colour
RET01366,OL28541,SKU0123,2,2022-09-07,Wrong Size
RET01367,OL28991,SKU0022,1,2022-09-14,Wrong Colour
RET01368,OL28591,SKU0220,2,2022-09-06,Wrong Colour
RET01369,OL28652,SKU0212,1,2022-09-13,Wrong Size
RET01370,OL28563,SKU0161,1,2022-09-11,Wrong Colour
RET01371,OL28613,SKU0169,2,2022-09-23,Wrong Colour
RET01372,OL28647,SKU0019,2,2022-09-13,Wrong Colour
RET01373,OL28507,SKU0008,2,2022-09-19,Wrong Size
RET01374,OL28606,SKU0353,1,2022-09-22,Wrong Size
RET01375,OL28902,SKU0406,2,2022-09-09,Wrong Size
RET01376,OL28650,SKU0401,11,2022-09-18,Wrong Colour
RET01377,OL28641,SKU0462,2,2022-09-23,Wrong Size
RET01378,OL28876,SKU0242,15,2022-09-23,Wrong Colour
RET01379,OL28804,SKU0103,1,2022-09-05,Wrong Colour
RET01380,OL28885,SKU0132,2,2022-09-14,Wrong Colour
RET01381,OL28777,SKU0117,2,2022-09-11,Wrong Colour
RET01382,OL28880,SKU0453,1,2022-09-06,Wrong Size
RET01383,OL29016,SKU0237,7,2022-09-25,Wrong Colour
RET01384,OL29017,SKU0268,2,2022-09-11,Wrong Size
RET01385,OL28907,SKU0124,1,2022-09-24,Wrong Size
RET01386,OL29059,SKU0110,2,2022-09-24,Wrong Size
RET01387,OL28960,SKU0017,2,2022-09-07,Wrong Size
RET01388,OL29001,SKU0072,1,2022-09-16,Wrong Size
RET01389,OL28940,SKU0265,1,2022-09-09,Wrong Colour
RET01390,OL29160,SKU0443,2,2022-09-14,Wrong Size
RET01391,OL29074,SKU0168,2,2022-09-23,Wrong Size
RET01392,OL29028,SKU0248,3,2022-09-13,Wrong Size
RET01393,OL29029,SKU0374,1,2022-09-25,Wrong Colour
RET01394,OL29130,SKU0120,9,2022-09-17,Wrong Size
RET01395,OL29210,SKU0437,3,2022-09-23,Wrong Size
RET01396,OL29319,SKU0413,1,2022-09-26,Wrong Colour
RET01397,OL29334,SKU0286,1,2022-09-08,Wrong Colour
RET01398,OL29230,SKU0488,1,2022-09-25,Wrong Colour
RET01399,OL29145,SKU0267,2,2022-09-22,Wrong Colour
RET01400,OL29100,SKU0142,1,2022-09-21,Wrong Colour
RET01401,OL29179,SKU0170,5,2022-09-09,Wrong Colour
RET01402,OL29264,SKU0226,1,2022-09-24,Wrong Colour
RET01403,OL29533,SKU0361,1,2022-09-12,Wrong Colour
RET01404,OL29405,SKU0179,1,2022-09-13,Wrong Size
RET01405,OL29407,SKU0379,3,2022-09-14,Wrong Size
RET01406,OL29213,SKU0298,1,2022-09-09,Wrong Size
RET01407,OL29418,SKU0225,3,2022-09-10,Wrong Size
RET01408,OL29395,SKU0312,1,2022-09-21,Wrong Size
RET01409,OL29387,SKU0085,3,2022-09-30,Wrong Colour
RET01410,OL29516,SKU0251,11,2022-09-12,Wrong Colour
RET01411,OL29375,SKU0230,3,2022-09-20,Wrong Size
RET01412,OL29293,SKU0438,1,2022-09-14,Wrong Colour
RET01413,OL29638,SKU0453,2,2022-09-27,Wrong Colour
RET01414,OL29490,SKU0189,2,2022-09-28,Wrong Size
RET01415,OL29571,SKU0497,1,2022-09-11,Wrong Size
RET01416,OL29646,SKU0030,2,2022-09-30,Wrong Size
RET01417,OL29679,SKU0254,2,2022-09-19,Wrong Size
RET01418,OL29713,SKU0043,2,2022-09-30,Wrong Colour
RET01419,OL29579,SKU0495,2,2022-09-19,Wrong Colour
RET01420,OL29915,SKU0201,3,2022-09-29,Wrong Size
RET01421,OL29754,SKU0417,1,2022-09-19,Wrong Size
RET01422,OL29855,SKU0437,1,2022-09-14,Wrong Colour
RET01423,OL29815,SKU0308,1,2022-10-02,Wrong Size
RET01424,OL29882,SKU0095,4,2022-09-19,Wrong Colour
RET01425,OL30013,SKU0127,2,2022-10-01,Wrong Size
RET01426,OL30049,SKU0098,2,2022-09-21,Wrong Colour
RET01427,OL29943,SKU0029,1,2022-09-19,Wrong Size
RET01428,OL29934,SKU0089,20,2022-10-04,Wrong Colour
RET01429,OL29885,SKU0033,11,2022-09-23,Wrong Colour
RET01430,OL29960,SKU0338,5,2022-09-27,Wrong Size
RET01431,OL30228,SKU0498,1,2022-09-26,Wrong Size
RET01432,OL30080,SKU0140,15,2022-09-23,Wrong Size
RET01433,OL30100,SKU0219,8,2022-09-20,Wrong Size
RET01434,OL30101,SKU0253,3,2022-09-15,Wrong Colour
RET01435,OL30265,SKU0456,2,2022-10-05,Wrong Size
RET01436,OL30246,SKU0476,3,2022-09-15,Wrong Colour
RET01437,OL30494,SKU0445,1,2022-09-26,Wrong Colour
RET01438,OL30308,SKU0303,11,2022-09-24,Wrong Colour
RET01439,OL30213,SKU0229,12,2022-09-17,Wrong Size
RET01440,OL30319,SKU0106,1,2022-09-29,Wrong Size
RET01441,OL30147,SKU0204,2,2022-09-27,Wrong Size
RET01442,OL30635,SKU0095,1,2022-09-24,Wrong Size
RET01443,OL30336,SKU0284,2,2022-10-01,Wrong Size
RET01444,OL30403,SKU0033,11,2022-10-04,Wrong Size
RET01445,OL30232,SKU0249,1,2022-09-25,Wrong Colour
RET01446,OL30268,SKU0034,2,2022-10-02,Wrong Colour
RET01447,OL30212,SKU0182,1,2022-10-04,Wrong Colour
RET01448,OL30259,SKU0398,5,2022-10-04,Wrong Colour
RET01449,OL30615,SKU0159,2,2022-10-07,Wrong Size
RET01450,OL30338,SKU0085,2,2022-09-22,Wrong Size
RET01451,OL30460,SKU0456,4,2022-09-30,Wrong Size
RET01452,OL30429,SKU0357,3,2022-09-22,Wrong Colour
RET01453,OL30523,SKU0128,2,2022-09-29,Wrong Size
RET01454,OL30333,SKU0299,17,2022-09-26,Wrong Colour
RET01455,OL30540,SKU0041,3,2022-10-02,Wrong Colour
RET01456,OL30537,SKU0445,1,2022-09-26,Wrong Size
RET01457,OL30446,SKU0038,4,2022-09-23,Wrong Size
RET01458,OL30507,SKU0323,5,2022-09-30,Wrong Colour
RET01459,OL30490,SKU0080,1,2022-10-04,Wrong Colour
RET01460,OL30601,SKU0044,13,2022-09-22,Wrong Colour
RET01461,OL30516,SKU0132,10,2022-09-24,Wrong Colour
RET01462,OL30936,SKU0318,1,2022-10-07,Wrong Colour
RET01463,OL30757,SKU0007,2,2022-10-04,Wrong Colour
RET01464,OL30588,SKU0493,1,2022-10-04,Wrong Colour
RET01465,OL30580,SKU0063,3,2022-10-04,Wrong Size
RET01466,OL30550,SKU0348,12,2022-09-28,Wrong Size
RET01467,OL30664,SKU0309,12,2022-09-29,Wrong Size
RET01468,OL30682,SKU0092,2,2022-09-29,Wrong Size
RET01469,OL30735,SKU0434,3,2022-10-05,Wrong Size
RET01470,OL30939,SKU0033,3,2022-10-03,Wrong Size
RET01471,OL30737,SKU0050,5,2022-10-10,Wrong Size
RET01472,OL30653,SKU0304,14,2022-10-09,Wrong Colour
RET01473,OL30825,SKU0334,3,2022-09-23,Wrong Colour
RET01474,OL30938,SKU0117,4,2022-09-30,Wrong Size
RET01475,OL30858,SKU0269,8,2022-09-30,Wrong Colour
RET01476,OL30793,SKU0128,4,2022-10-03,Wrong Size
RET01477,OL30869,SKU0044,18,2022-10-02,Wrong Size
RET01478,OL30823,SKU0327,10,2022-10-04,Wrong Colour
RET01479,OL30843,SKU0222,1,2022-09-26,Wrong Colour
RET01480,OL30813,SKU0005,3,2022-10-09,Wrong Colour
RET01481,OL30797,SKU0399,2,2022-09-24,Wrong Colour
RET01482,OL30799,SKU0175,11,2022-09-23,Wrong Colour
RET01483,OL30838,SKU0400,2,2022-09-30,Wrong Colour
RET01484,OL30785,SKU0151,7,2022-10-04,Wrong Size
RET01485,OL30860,SKU0499,2,2022-09-29,Wrong Colour
RET01486,OL30960,SKU0489,27,2022-10-09,Wrong Size
RET01487,OL31077,SKU0128,1,2022-10-10,Wrong Size
RET01488,OL30898,SKU0366,5,2022-10-07,Wrong Colour
RET01489,OL31045,SKU0331,1,2022-10-06,Wrong Colour
RET01490,OL31164,SKU0187,1,2022-10-13,Wrong Colour
RET01491,OL31129,SKU0461,1,2022-10-14,Wrong Size
RET01492,OL31359,SKU0382,2,2022-09-26,Wrong Colour
RET01493,OL31168,SKU0212,4,2022-10-03,Wrong Size
RET01494,OL31205,SKU0243,1,2022-10-11,Wrong Size
RET01495,OL31210,SKU0226,2,2022-09-25,Wrong Size
RET01496,OL31153,SKU0498,1,2022-10-04,Wrong Colour
RET01497,OL31293,SKU0482,1,2022-10-09,Wrong Size
RET01498,OL31212,SKU0170,2,2022-10-04,Wrong Size
RET01499,OL31213,SKU0314,3,2022-10-03,Wrong Colour
RET01500,OL31119,SKU0280,2,2022-09-29,Wrong Size
RET01501,OL31237,SKU0181,2,2022-10-04,Wrong Colour
RET01502,OL31396,SKU0069,12,2022-10-02,Wrong Colour
RET01503,OL31800,SKU0077,1,2022-10-12,Wrong Size
RET01504,OL31347,SKU0094,2,2022-10-11,Wrong Colour
RET01505,OL31345,SKU0053,1,2022-09-27,Wrong Size
RET01506,OL31380,SKU0381,2,2022-10-13,Wrong Colour
RET01507,OL31463,SKU0088,3,2022-10-05,Wrong Colour
RET01508,OL31420,SKU0295,4,2022-10-07,Wrong Size
RET01509,OL31603,SKU0234,2,2022-10-06,Wrong Size
RET01510,OL31606,SKU0405,16,2022-10-01,Wrong Size
RET01511,OL31537,SKU0239,5,2022-10-04,Wrong Size
RET01512,OL31425,SKU0492,15,2022-09-28,Wrong Size
RET01513,OL31618,SKU0421,1,2022-10-07,Wrong Size
RET01514,OL31620,SKU0231,1,2022-09-30,Wrong Size
RET01515,OL31919,SKU0451,2,2022-10-12,Wrong Size
RET01516,OL31913,SKU0077,4,2022-10-08,Wrong Size
RET01517,OL31624,SKU0358,1,2022-10-02,Wrong Size
RET01518,OL31662,SKU0400,2,2022-10-12,Wrong Size
RET01519,OL31822,SKU0146,3,2022-10-11,Wrong Colour
RET01520,OL31719,SKU0400,3,2022-10-11,Wrong Size
RET01521,OL32053,SKU0307,2,2022-10-06,Wrong Colour
RET01522,OL31782,SKU0474,1,2022-10-02,Wrong Size
RET01523,OL31939,SKU0496,2,2022-10-07,Wrong Colour
RET01524,OL31855,SKU0303,4,2022-09-30,Wrong Size
RET01525,OL31770,SKU0215,1,2022-10-19,Wrong Colour
RET01526,OL31684,SKU0433,14,2022-10-06,Wrong Colour
RET01527,OL31755,SKU0483,3,2022-10-20,Wrong Size
RET01528,OL31957,SKU0172,4,2022-10-11,Wrong Size
RET01529,OL31862,SKU0028,1,2022-10-02,Wrong Size
RET01530,OL31898,SKU0137,1,2022-10-20,Wrong Size
RET01531,OL31833,SKU0491,1,2022-10-15,Wrong Colour
RET01532,OL32290,SKU0104,1,2022-10-04,Wrong Colour
RET01533,OL31974,SKU0315,3,2022-10-07,Wrong Size
RET01534,OL32325,SKU0300,1,2022-10-08,Wrong Size
RET01535,OL32108,SKU0082,3,2022-10-06,Wrong Colour
RET01536,OL32175,SKU0107,1,2022-10-03,Wrong Size
RET01537,OL32047,SKU0025,2,2022-10-09,Wrong Colour
RET01538,OL32168,SKU0124,2,2022-10-17,Wrong Colour
RET01539,OL32211,SKU0440,5,2022-10-14,Wrong Colour
RET01540,OL32223,SKU0136,5,2022-10-11,Wrong Colour
RET01541,OL32310,SKU0040,2,2022-10-06,Wrong Size
RET01542,OL32201,SKU0158,2,2022-10-08,Wrong Colour
RET01543,OL32286,SKU0253,6,2022-10-25,Wrong Colour
RET01544,OL32288,SKU0268,2,2022-10-06,Wrong Size
RET01545,OL32557,SKU0312,2,2022-10-23,Wrong Colour
RET01546,OL32236,SKU0404,4,2022-10-25,Wrong Colour
RET01547,OL32462,SKU0249,3,2022-10-25,Wrong Size
RET01548,OL32451,SKU0281,36,2022-10-21,Wrong Colour
RET01549,OL32369,SKU0460,19,2022-10-18,Wrong Size
RET01550,OL32402,SKU0073,26,2022-10-26,Wrong Colour
RET01551,OL32642,SKU0041,4,2022-10-12,Wrong Size
RET01552,OL32550,SKU0482,2,2022-10-23,Wrong Size
RET01553,OL32735,SKU0462,12,2022-10-23,Wrong Size
RET01554,OL32468,SKU0096,3,2022-10-09,Wrong Size
RET01555,OL32604,SKU0269,21,2022-10-11,Wrong Size
RET01556,OL32984,SKU0149,4,2022-10-13,Wrong Size
RET01557,OL32835,SKU0192,3,2022-10-17,Wrong Colour
RET01558,OL32661,SKU0004,9,2022-10-28,Wrong Colour
RET01559,OL32649,SKU0406,2,2022-10-21,Wrong Colour
RET01560,OL32622,SKU0244,7,2022-10-26,Wrong Colour
RET01561,OL32900,SKU0141,2,2022-10-17,Wrong Colour
RET01562,OL32826,SKU0417,6,2022-10-13,Wrong Colour
RET01563,OL32926,SKU0433,13,2022-10-26,Wrong Colour
RET01564,OL32946,SKU0059,5,2022-10-14,Wrong Colour
RET01565,OL33049,SKU0227,6,2022-10-09,Wrong Size
RET01566,OL32713,SKU0278,2,2022-10-18,Wrong Size
RET01567,OL32807,SKU0336,15,2022-10-26,Wrong Colour
RET01568,OL32881,SKU0030,5,2022-10-24,Wrong Colour
RET01569,OL32866,SKU0430,2,2022-10-16,Wrong Size
RET01570,OL32819,SKU0100,13,2022-10-19,Wrong Colour
RET01571,OL33143,SKU0419,18,2022-10-19,Wrong Size
RET01572,OL32985,SKU0277,8,2022-10-12,Wrong Colour
RET01573,OL32896,SKU0288,7,2022-10-30,Wrong Colour
RET01574,OL32938,SKU0384,10,2022-10-29,Wrong Colour
RET01575,OL32955,SKU0310,2,2022-10-21,Wrong Colour
RET01576,OL33403,SKU0496,3,2022-10-22,Wrong Size
RET01577,OL32971,SKU0318,15,2022-10-25,Wrong Size
RET01578,OL33033,SKU0065,14,2022-10-21,Wrong Size
RET01579,OL33275,SKU0319,1,2022-10-13,Wrong Size
RET01580,OL33099,SKU0083,1,2022-10-14,Wrong Colour
RET01581,OL33265,SKU0166,22,2022-10-27,Wrong Size
RET01582,OL33139,SKU0137,7,2022-10-13,Wrong Size
RET01583,OL33148,SKU0131,5,2022-10-27,Wrong Size
RET01584,OL33150,SKU0049,1,2022-10-22,Wrong Colour
RET01585,OL33152,SKU0242,8,2022-10-31,Wrong Colour
RET01586,OL33231,SKU0409,5,2022-10-24,Wrong Size
RET01587,OL33237,SKU0180,3,2022-10-16,Wrong Size
RET01588,OL33358,SKU0334,6,2022-10-20,Wrong Size
RET01589,OL33329,SKU0286,19,2022-10-29,Wrong Colour
RET01590,OL33215,SKU0162,15,2022-10-29,Wrong Size
RET01591,OL33360,SKU0199,5,2022-10-20,Wrong Colour
RET01592,OL33397,SKU0268,6,2022-10-28,Wrong Colour
RET01593,OL33469,SKU0320,26,2022-10-20,Wrong Colour
RET01594,OL33455,SKU0437,1,2022-10-31,Wrong Size
RET01595,OL33391,SKU0380,2,2022-10-30,Wrong Size
RET01596,OL33393,SKU0105,9,2022-10-31,Wrong Size
RET01597,OL33433,SKU0457,1,2022-11-02,Wrong Size
RET01598,OL33413,SKU0277,7,2022-10-21,Wrong Colour
RET01599,OL33445,SKU0349,7,2022-10-15,Wrong Size
RET01600,OL33532,SKU0428,1,2022-10-23,Wrong Colour
RET01601,OL33622,SKU0352,1,2022-10-26,Wrong Colour
RET01602,OL33484,SKU0343,3,2022-10-16,Wrong Size
RET01603,OL33525,SKU0478,1,2022-10-31,Wrong Size
RET01604,OL33767,SKU0259,2,2022-10-29,Wrong Colour
RET01605,OL33658,SKU0367,8,2022-10-20,Wrong Colour
RET01606,OL33588,SKU0055,15,2022-11-01,Wrong Colour
RET01607,OL33554,SKU0433,5,2022-11-02,Wrong Colour
RET01608,OL33602,SKU0243,3,2022-10-17,Wrong Colour
RET01609,OL33562,SKU0111,12,2022-10-30,Wrong Colour
RET01610,OL33692,SKU0157,3,2022-11-04,Wrong Colour
RET01611,OL33824,SKU0194,2,2022-11-06,Wrong Size
RET01612,OL33788,SKU0265,4,2022-10-24,Wrong Size
RET01613,OL33759,SKU0110,5,2022-10-24,Wrong Colour
RET01614,OL33695,SKU0277,3,2022-10-30,Wrong Size
RET01615,OL33681,SKU0492,1,2022-11-06,Wrong Size
RET01616,OL33742,SKU0156,1,2022-10-17,Wrong Colour
RET01617,OL33902,SKU0212,2,2022-11-07,Wrong Size
RET01618,OL34062,SKU0424,19,2022-11-06,Wrong Size
RET01619,OL33925,SKU0139,1,2022-10-22,Wrong Size
RET01620,OL33968,SKU0235,5,2022-10-24,Wrong Size
RET01621,OL34023,SKU0068,7,2022-10-28,Wrong Colour
RET01622,OL34206,SKU0058,1,2022-10-22,Wrong Size
RET01623,OL34182,SKU0378,1,2022-10-20,Wrong Size
RET01624,OL34094,SKU0093,7,2022-11-05,Wrong Colour
RET01625,OL34154,SKU0176,4,2022-11-06,Wrong Size
RET01626,OL34150,SKU0221,11,2022-11-05,Wrong Size
RET01627,OL34134,SKU0440,5,2022-10-25,Wrong Size
RET01628,OL34316,SKU0277,14,2022-10-22,Wrong Size
RET01629,OL34161,SKU0492,2,2022-10-25,Wrong Size
RET01630,OL34104,SKU0230,7,2022-10-28,Wrong Colour
RET01631,OL34339,SKU0098,1,2022-10-30,Wrong Colour
RET01632,OL34208,SKU0489,2,2022-10-26,Wrong Colour
RET01633,OL34340,SKU0255,3,2022-10-31,Wrong Colour
RET01634,OL34286,SKU0485,1,2022-11-05,Wrong Size
RET01635,OL34129,SKU0189,4,2022-10-29,Wrong Size
RET01636,OL34179,SKU0430,9,2022-11-07,Wrong Size
RET01637,OL34455,SKU0184,11,2022-11-11,Wrong Size
RET01638,OL34228,SKU0326,7,2022-10-28,Wrong Size
RET01639,OL34201,SKU0419,8,2022-10-28,Wrong Colour
RET01640,OL34409,SKU0222,11,2022-10-26,Wrong Colour
RET01641,OL34508,SKU0363,8,2022-10-23,Wrong Colour
RET01642,OL34456,SKU0259,3,2022-10-23,Wrong Colour
RET01643,OL34396,SKU0233,3,2022-11-06,Wrong Size
RET01644,OL34359,SKU0471,3,2022-10-27,Wrong Size
RET01645,OL34471,SKU0096,1,2022-11-11,Wrong Size
RET01646,OL34473,SKU0200,1,2022-10-31,Wrong Colour
RET01647,OL34837,SKU0358,4,2022-11-02,Wrong Size
RET01648,OL34875,SKU0099,16,2022-10-24,Wrong Size
RET01649,OL34435,SKU0137,3,2022-10-26,Wrong Colour
RET01650,OL34446,SKU0041,18,2022-11-12,Wrong Size
RET01651,OL34467,SKU0198,5,2022-10-26,Wrong Size
RET01652,OL34450,SKU0105,14,2022-11-09,Wrong Size
RET01653,OL34486,SKU0065,1,2022-10-30,Wrong Size
RET01654,OL34523,SKU0089,3,2022-10-27,Wrong Colour
RET01655,OL34667,SKU0495,10,2022-10-26,Wrong Colour
RET01656,OL34796,SKU0060,21,2022-10-31,Wrong Size
RET01657,OL34906,SKU0326,24,2022-11-13,Wrong Colour
RET01658,OL34724,SKU0354,12,2022-10-27,Wrong Size
RET01659,OL34736,SKU0166,7,2022-11-12,Wrong Colour
RET01660,OL34882,SKU0054,2,2022-10-28,Wrong Colour
RET01661,OL34838,SKU0014,2,2022-10-26,Wrong Size
RET01662,OL35242,SKU0473,4,2022-11-06,Wrong Colour
RET01663,OL34911,SKU0081,14,2022-11-10,Wrong Size
RET01664,OL34876,SKU0245,8,2022-11-04,Wrong Size
RET01665,OL34879,SKU0308,5,2022-10-31,Wrong Size
RET01666,OL35112,SKU0034,18,2022-10-28,Wrong Colour
RET01667,OL35094,SKU0364,13,2022-10-30,Wrong Colour
RET01668,OL35063,SKU0230,10,2022-11-14,Wrong Size
RET01669,OL34960,SKU0497,9,2022-11-15,Wrong Colour
RET01670,OL34962,SKU0221,12,2022-11-12,Wrong Colour
RET01671,OL34865,SKU0403,4,2022-11-13,Wrong Colour
RET01672,OL34980,SKU0340,3,2022-11-16,Wrong Colour
RET01673,OL35031,SKU0082,6,2022-11-11,Wrong Size
RET01674,OL34998,SKU0359,2,2022-10-30,Wrong Colour
RET01675,OL34955,SKU0306,4,2022-11-01,Wrong Size
RET01676,OL35017,SKU0229,7,2022-11-02,Wrong Colour
RET01677,OL35188,SKU0492,3,2022-11-08,Wrong Size
RET01678,OL35446,SKU0490,1,2022-11-14,Wrong Colour
RET01679,OL35491,SKU0489,1,2022-11-15,Wrong Colour
RET01680,OL35089,SKU0275,2,2022-11-02,Wrong Size
RET01681,OL35142,SKU0429,15,2022-11-06,Wrong Colour
RET01682,OL35121,SKU0176,4,2022-11-18,Wrong Size
RET01683,OL35197,SKU0079,15,2022-11-05,Wrong Size
RET01684,OL35265,SKU0343,4,2022-11-09,Wrong Colour
RET01685,OL35682,SKU0112,11,2022-11-13,Wrong Size
RET01686,OL35315,SKU0345,9,2022-11-07,Wrong Size
RET01687,OL35348,SKU0216,3,2022-11-04,Wrong Colour
RET01688,OL35518,SKU0079,7,2022-11-09,Wrong Size
RET01689,OL35541,SKU0367,7,2022-11-14,Wrong Colour
RET01690,OL35615,SKU0263,3,2022-11-17,Wrong Size
RET01691,OL35514,SKU0254,3,2022-11-21,Wrong Size
RET01692,OL35380,SKU0243,6,2022-11-03,Wrong Size
RET01693,OL35606,SKU0224,1,2022-11-06,Wrong Size
RET01694,OL35531,SKU0182,6,2022-11-20,Wrong Size
RET01695,OL35389,SKU0182,23,2022-11-04,Wrong Size
RET01696,OL35490,SKU0110,2,2022-11-11,Wrong Size
RET01697,OL35458,SKU0343,1,2022-11-12,Wrong Colour
RET01698,OL35421,SKU0289,20,2022-11-06,Wrong Size
RET01699,OL35549,SKU0379,2,2022-11-06,Wrong Size
RET01700,OL35753,SKU0451,1,2022-11-22,Wrong Size
RET01701,OL35693,SKU0163,11,2022-11-18,Wrong Size
RET01702,OL35773,SKU0303,18,2022-11-05,Wrong Size
RET01703,OL36025,SKU0481,1,2022-11-23,Wrong Colour
RET01704,OL35716,SKU0250,5,2022-11-14,Wrong Size
RET01705,OL35800,SKU0429,2,2022-11-07,Wrong Colour
RET01706,OL35958,SKU0490,2,2022-11-05,Wrong Size
RET01707,OL35776,SKU0404,1,2022-11-22,Wrong Size
RET01708,OL35742,SKU0287,4,2022-11-06,Wrong Size
RET01709,OL35871,SKU0470,2,2022-11-20,Wrong Colour
RET01710,OL35659,SKU0356,21,2022-11-13,Wrong Size
RET01711,OL35911,SKU0033,7,2022-11-19,Wrong Colour
RET01712,OL35865,SKU0207,5,2022-11-12,Wrong Size
RET01713,OL35824,SKU0248,9,2022-11-22,Wrong Size
RET01714,OL36083,SKU0153,4,2022-11-07,Wrong Size
RET01715,OL35951,SKU0062,19,2022-11-07,Wrong Size
RET01716,OL35892,SKU0263,2,2022-11-07,Wrong Size
RET01717,OL35898,SKU0488,12,2022-11-25,Wrong Size
RET01718,OL36326,SKU0166,3,2022-11-23,Wrong Colour
RET01719,OL36328,SKU0120,13,2022-11-18,Wrong Colour
RET01720,OL36008,SKU0495,11,2022-11-16,Wrong Size
RET01721,OL36066,SKU0371,3,2022-11-19,Wrong Colour
RET01722,OL35998,SKU0485,3,2022-11-24,Wrong Size
RET01723,OL36130,SKU0091,6,2022-11-17,Wrong Colour
RET01724,OL36016,SKU0086,7,2022-11-17,Wrong Colour
RET01725,OL36349,SKU0029,6,2022-11-20,Wrong Colour
RET01726,OL36136,SKU0389,1,2022-11-15,Wrong Size
RET01727,OL36552,SKU0367,4,2022-11-25,Wrong Colour
RET01728,OL36229,SKU0142,4,2022-11-27,Wrong Size
RET01729,OL36237,SKU0104,8,2022-11-20,Wrong Colour
RET01730,OL36238,SKU0360,13,2022-11-20,Wrong Colour
RET01731,OL36240,SKU0064,1,2022-11-08,Wrong Size
RET01732,OL36313,SKU0397,17,2022-11-11,Wrong Size
RET01733,OL36254,SKU0172,2,2022-11-15,Wrong Colour
RET01734,OL36452,SKU0237,5,2022-11-12,Wrong Size
RET01735,OL36439,SKU0094,3,2022-11-27,Wrong Size
RET01736,OL36440,SKU0200,1,2022-11-21,Wrong Size
RET01737,OL36357,SKU0153,15,2022-11-12,Wrong Size
RET01738,OL36375,SKU0475,4,2022-11-15,Wrong Size
RET01739,OL36484,SKU0487,9,2022-11-15,Wrong Size
RET01740,OL36429,SKU0045,6,2022-11-10,Wrong Colour
RET01741,OL36393,SKU0271,1,2022-11-14,Wrong Size
RET01742,OL36413,SKU0069,12,2022-11-28,Wrong Size
RET01743,OL36514,SKU0422,9,2022-11-18,Wrong Size
RET01744,OL36498,SKU0496,2,2022-11-16,Wrong Size
RET01745,OL36500,SKU0317,1,2022-11-19,Wrong Size
RET01746,OL36550,SKU0288,12,2022-11-19,Wrong Colour
RET01747,OL36537,SKU0491,3,2022-11-13,Wrong Size
RET01748,OL36467,SKU0063,4,2022-11-29,Wrong Size
RET01749,OL36779,SKU0038,6,2022-11-19,Wrong Colour
RET01750,OL36662,SKU0336,1,2022-11-12,Wrong Size
RET01751,OL36710,SKU0015,8,2022-11-15,Wrong Size
RET01752,OL36619,SKU0479,2,2022-11-28,Wrong Colour
RET01753,OL36624,SKU0053,3,2022-12-01,Wrong Colour
RET01754,OL36746,SKU0010,1,2022-11-21,Wrong Size
RET01755,OL36636,SKU0157,7,2022-11-25,Wrong Colour
RET01756,OL36794,SKU0373,2,2022-11-16,Wrong Colour
RET01757,OL36804,SKU0100,4,2022-11-30,Wrong Size
RET01758,OL36732,SKU0331,1,2022-11-18,Wrong Colour
RET01759,OL36969,SKU0468,2,2022-11-25,Wrong Colour
RET01760,OL36978,SKU0071,8,2022-11-18,Wrong Colour
RET01761,OL36850,SKU0133,11,2022-11-25,Wrong Colour
RET01762,OL37102,SKU0251,3,2022-11-24,Wrong Colour
RET01763,OL37440,SKU0179,11,2022-11-14,Wrong Size
RET01764,OL37087,SKU0447,2,2022-11-18,Wrong Size
RET01765,OL37036,SKU0003,14,2022-11-16,Wrong Colour
RET01766,OL37012,SKU0465,1,2022-12-03,Wrong Size
RET01767,OL37053,SKU0259,1,2022-11-15,Wrong Colour
RET01768,OL37544,SKU0438,1,2022-11-21,Wrong Size
RET01769,OL37130,SKU0004,3,2022-11-28,Wrong Size
RET01770,OL37136,SKU0392,4,2022-12-01,Wrong Size
RET01771,OL37138,SKU0001,4,2022-12-02,Wrong Size
RET01772,OL37350,SKU0087,6,2022-11-25,Wrong Size
RET01773,OL37216,SKU0258,6,2022-11-19,Wrong Size
RET01774,OL37134,SKU0451,1,2022-11-24,Wrong Colour
RET01775,OL37670,SKU0127,1,2022-11-22,Wrong Size
RET01776,OL37444,SKU0479,13,2022-11-17,Wrong Size
RET01777,OL37376,SKU0376,26,2022-11-25,Wrong Size
RET01778,OL37449,SKU0197,2,2022-11-25,Wrong Colour
RET01779,OL37517,SKU0120,5,2022-12-01,Wrong Colour
RET01780,OL37458,SKU0326,6,2022-11-29,Wrong Colour
RET01781,OL37317,SKU0383,3,2022-11-21,Wrong Size
RET01782,OL37278,SKU0375,2,2022-12-04,Wrong Size
RET01783,OL37280,SKU0197,6,2022-12-01,Wrong Size
RET01784,OL37474,SKU0360,5,2022-11-30,Wrong Colour
RET01785,OL37329,SKU0043,7,2022-11-21,Wrong Size
RET01786,OL37333,SKU0162,4,2022-12-01,Wrong Size
RET01787,OL37243,SKU0370,2,2022-12-03,Wrong Colour
RET01788,OL37612,SKU0417,6,2022-11-21,Wrong Size
RET01789,OL37600,SKU0499,1,2022-11-27,Wrong Size
RET01790,OL37533,SKU0151,2,2022-12-02,Wrong Size
RET01791,OL37547,SKU0310,2,2022-11-25,Wrong Colour
RET01792,OL37510,SKU0111,5,2022-11-26,Wrong Size
RET01793,OL37781,SKU0256,7,2022-12-09,Wrong Colour
RET01794,OL37663,SKU0335,10,2022-11-23,Wrong Size
RET01795,OL37677,SKU0095,1,2022-12-02,Wrong Size
RET01796,OL37839,SKU0107,1,2022-11-29,Wrong Colour
RET01797,OL37627,SKU0122,9,2022-11-26,Wrong Colour
RET01798,OL37643,SKU0009,2,2022-11-25,Wrong Size
RET01799,OL37802,SKU0236,6,2022-11-29,Wrong Colour
RET01800,OL37805,SKU0111,17,2022-12-07,Wrong Colour
RET01801,OL37921,SKU0325,3,2022-12-01,Wrong Size
RET01802,OL38003,SKU0285,3,2022-11-24,Wrong Colour
RET01803,OL38309,SKU0092,4,2022-12-12,Wrong Size
RET01804,OL37980,SKU0317,4,2022-12-08,Wrong Size
RET01805,OL38034,SKU0080,3,2022-11-26,Wrong Size
RET01806,OL37992,SKU0102,1,2022-11-25,Wrong Colour
RET01807,OL38124,SKU0048,4,2022-12-06,Wrong Size
RET01808,OL38156,SKU0244,4,2022-12-07,Wrong Colour
RET01809,OL38086,SKU0214,2,2022-12-03,Wrong Colour
RET01810,OL38114,SKU0226,5,2022-12-10,Wrong Size
RET01811,OL38107,SKU0010,1,2022-11-25,Wrong Size
RET01812,OL38558,SKU0142,1,2022-11-24,Wrong Size
RET01813,OL38415,SKU0196,2,2022-11-24,Wrong Size
RET01814,OL38475,SKU0303,13,2022-12-09,Wrong Colour
RET01815,OL38229,SKU0092,2,2022-12-14,Wrong Colour
RET01816,OL38255,SKU0404,18,2022-11-28,Wrong Size
RET01817,OL38260,SKU0295,4,2022-12-03,Wrong Size
RET01818,OL38305,SKU0058,3,2022-11-29,Wrong Colour
RET01819,OL38203,SKU0492,10,2022-11-29,Wrong Colour
RET01820,OL38187,SKU0169,16,2022-12-07,Wrong Size
RET01821,OL38424,SKU0276,2,2022-12-15,Wrong Size
RET01822,OL38333,SKU0340,2,2022-12-11,Wrong Size
RET01823,OL38461,SKU0032,5,2022-12-02,Wrong Size
RET01824,OL38599,SKU0169,1,2022-11-30,Wrong Size
RET01825,OL38378,SKU0409,7,2022-12-11,Wrong Size
RET01826,OL38490,SKU0444,4,2022-12-08,Wrong Colour
RET01827,OL38655,SKU0475,8,2022-12-14,Wrong Size
RET01828,OL38440,SKU0151,4,2022-11-29,Wrong Size
RET01829,OL38624,SKU0075,7,2022-12-12,Wrong Size
RET01830,OL38646,SKU0238,8,2022-12-08,Wrong Size
RET01831,OL38582,SKU0127,3,2022-12-15,Wrong Size
RET01832,OL38718,SKU0388,4,2022-12-08,Wrong Colour
RET01833,OL38636,SKU0166,4,2022-12-06,Wrong Colour
RET01834,OL38752,SKU0313,9,2022-12-15,Wrong Size
RET01835,OL38795,SKU0223,2,2022-11-29,Wrong Colour
RET01836,OL38786,SKU0390,8,2022-12-04,Wrong Colour
RET01837,OL38724,SKU0408,1,2022-12-14,Wrong Size
RET01838,OL38900,SKU0091,2,2022-12-16,Wrong Colour
RET01839,OL38852,SKU0177,5,2022-12-12,Wrong Size
RET01840,OL39007,SKU0218,1,2022-12-16,Wrong Size
RET01841,OL39159,SKU0347,6,2022-12-06,Wrong Size
RET01842,OL39160,SKU0324,14,2022-12-19,Wrong Size
RET01843,OL38976,SKU0005,8,2022-12-08,Wrong Colour
RET01844,OL38980,SKU0480,2,2022-12-17,Wrong Colour
RET01845,OL39003,SKU0173,1,2022-12-18,Wrong Colour
RET01846,OL39133,SKU0370,3,2022-12-14,Wrong Size
RET01847,OL39120,SKU0467,2,2022-12-10,Wrong Colour
RET01848,OL39135,SKU0020,4,2022-12-11,Wrong Colour
RET01849,OL39366,SKU0299,6,2022-12-09,Wrong Size
RET01850,OL39269,SKU0451,1,2022-12-12,Wrong Colour
RET01851,OL39082,SKU0186,1,2022-12-20,Wrong Size
RET01852,OL39252,SKU0360,3,2022-12-20,Wrong Colour
RET01853,OL39377,SKU0445,14,2022-12-14,Wrong Colour
RET01854,OL39354,SKU0428,3,2022-12-11,Wrong Size
RET01855,OL39351,SKU0101,16,2022-12-04,Wrong Colour
RET01856,OL39670,SKU0020,2,2022-12-18,Wrong Colour
RET01857,OL39580,SKU0054,1,2022-12-18,Wrong Colour
RET01858,OL39435,SKU0099,3,2022-12-15,Wrong Colour
RET01859,OL39497,SKU0433,2,2022-12-05,Wrong Size
RET01860,OL39560,SKU0161,1,2022-12-22,Wrong Size
RET01861,OL39565,SKU0279,3,2022-12-10,Wrong Colour
RET01862,OL39598,SKU0278,2,2022-12-18,Wrong Size
RET01863,OL39613,SKU0383,8,2022-12-22,Wrong Colour
RET01864,OL39570,SKU0196,4,2022-12-21,Wrong Size
RET01865,OL39683,SKU0377,2,2022-12-15,Wrong Size
RET01866,OL39688,SKU0253,3,2022-12-16,Wrong Colour
RET01867,OL39746,SKU0073,4,2022-12-08,Wrong Colour
RET01868,OL39998,SKU0299,3,2022-12-16,Wrong Colour
RET01869,OL40008,SKU0294,5,2022-12-24,Wrong Size
RET01870,OL39769,SKU0168,3,2022-12-17,Wrong Size
RET01871,OL39853,SKU0397,3,2022-12-19,Wrong Size
RET01872,OL39871,SKU0330,2,2022-12-16,Wrong Size
RET01873,OL40129,SKU0493,11,2022-12-11,Wrong Size
RET01874,OL40136,SKU0429,7,2022-12-15,Wrong Size
RET01875,OL40122,SKU0232,2,2022-12-08,Wrong Size
RET01876,OL39886,SKU0457,2,2022-12-20,Wrong Size
RET01877,OL40028,SKU0215,1,2022-12-08,Wrong Size
RET01878,OL40080,SKU0023,5,2022-12-10,Wrong Colour
RET01879,OL40083,SKU0044,14,2022-12-23,Wrong Colour
RET01880,OL40014,SKU0206,12,2022-12-09,Wrong Colour
RET01881,OL40043,SKU0473,2,2022-12-21,Wrong Colour
RET01882,OL40044,SKU0478,3,2022-12-16,Wrong Colour
RET01883,OL40087,SKU0058,4,2022-12-13,Wrong Size
RET01884,OL40254,SKU0318,4,2022-12-17,Wrong Size
RET01885,OL40405,SKU0065,15,2022-12-11,Wrong Size
RET01886,OL40394,SKU0259,1,2022-12-15,Wrong Colour
RET01887,OL40289,SKU0207,16,2022-12-28,Wrong Colour
RET01888,OL40292,SKU0132,8,2022-12-19,Wrong Size
RET01889,OL40152,SKU0150,3,2022-12-14,Wrong Size
RET01890,OL40156,SKU0301,14,2022-12-27,Wrong Size
RET01891,OL40230,SKU0125,8,2022-12-19,Wrong Colour
RET01892,OL40213,SKU0391,1,2022-12-25,Wrong Size
RET01893,OL40267,SKU0447,15,2022-12-25,Wrong Size
RET01894,OL40242,SKU0147,1,2022-12-20,Wrong Size
RET01895,OL40204,SKU0094,8,2022-12-29,Wrong Colour
RET01896,OL40385,SKU0492,2,2022-12-15,Wrong Colour
RET01897,OL40762,SKU0415,1,2022-12-29,Wrong Size
RET01898,OL40584,SKU0179,13,2022-12-19,Wrong Size
RET01899,OL40361,SKU0176,2,2022-12-27,Wrong Colour
RET01900,OL40377,SKU0226,6,2022-12-23,Wrong Colour
RET01901,OL40438,SKU0002,2,2022-12-24,Wrong Size
RET01902,OL40317,SKU0205,7,2022-12-21,Wrong Colour
RET01903,OL40399,SKU0463,1,2022-12-14,Wrong Colour
RET01904,OL40316,SKU0473,1,2022-12-29,Wrong Colour
RET01905,OL40527,SKU0269,4,2022-12-22,Wrong Colour
RET01906,OL40561,SKU0156,5,2022-12-28,Wrong Colour
RET01907,OL40557,SKU0155,3,2022-12-14,Wrong Size
RET01908,OL40467,SKU0229,8,2022-12-18,Wrong Size
RET01909,OL40476,SKU0124,2,2023-01-01,Wrong Size
RET01910,OL40521,SKU0335,10,2022-12-22,Wrong Size
RET01911,OL40980,SKU0245,4,2022-12-17,Wrong Size
RET01912,OL40660,SKU0167,5,2022-12-22,Wrong Size
RET01913,OL40737,SKU0046,17,2022-12-27,Wrong Size
RET01914,OL40626,SKU0322,4,2022-12-15,Wrong Colour
RET01915,OL40572,SKU0489,3,2022-12-27,Wrong Colour
RET01916,OL40642,SKU0128,11,2022-12-13,Wrong Size
RET01917,OL40867,SKU0360,6,2022-12-25,Wrong Size
RET01918,OL40961,SKU0251,1,2022-12-31,Wrong Size
RET01919,OL40736,SKU0016,12,2022-12-28,Wrong Colour
RET01920,OL40767,SKU0401,5,2022-12-19,Wrong Size
RET01921,OL40769,SKU0017,7,2022-12-27,Wrong Size
RET01922,OL40773,SKU0200,1,2022-12-15,Wrong Colour
RET01923,OL40944,SKU0006,12,2022-12-21,Wrong Colour
RET01924,OL40889,SKU0342,2,2022-12-20,Wrong Size
RET01925,OL40865,SKU0188,6,2022-12-23,Wrong Colour
RET01926,OL40941,SKU0200,1,2022-12-22,Wrong Size
RET01927,OL41044,SKU0251,3,2022-12-17,Wrong Colour
RET01928,OL41363,SKU0218,1,2023-01-01,Wrong Colour
RET01929,OL41067,SKU0490,1,2022-12-20,Wrong Colour
RET01930,OL41069,SKU0181,2,2022-12-30,Wrong Size
RET01931,OL40920,SKU0355,3,2022-12-16,Wrong Size
RET01932,OL41029,SKU0423,3,2022-12-16,Wrong Colour
RET01933,OL41032,SKU0335,4,2022-12-20,Wrong Colour
RET01934,OL40986,SKU0238,6,2022-12-24,Wrong Colour
RET01935,OL41071,SKU0432,3,2023-01-05,Wrong Size
RET01936,OL41242,SKU0304,1,2023-01-02,Wrong Colour
RET01937,OL41035,SKU0266,2,2023-01-03,Wrong Colour
RET01938,OL41146,SKU0460,9,2023-01-02,Wrong Size
RET01939,OL41415,SKU0037,11,2023-01-01,Wrong Size
RET01940,OL41416,SKU0327,9,2022-12-26,Wrong Size
RET01941,OL41316,SKU0102,4,2023-01-01,Wrong Colour
RET01942,OL41351,SKU0277,2,2022-12-27,Wrong Colour
RET01943,OL41353,SKU0023,2,2022-12-24,Wrong Size
RET01944,OL41525,SKU0021,2,2022-12-23,Wrong Colour
RET01945,OL41436,SKU0164,2,2022-12-19,Wrong Colour
RET01946,OL41291,SKU0466,4,2023-01-03,Wrong Colour
RET01947,OL41460,SKU0256,9,2022-12-29,Wrong Colour
RET01948,OL41463,SKU0037,4,2023-01-02,Wrong Size
RET01949,OL41510,SKU0086,9,2023-01-06,Wrong Size
RET01950,OL41577,SKU0197,6,2023-01-06,Wrong Size
RET01951,OL41560,SKU0280,2,2023-01-07,Wrong Size
RET01952,OL41506,SKU0196,1,2023-01-08,Wrong Size
RET01953,OL41601,SKU0364,7,2023-01-04,Wrong Size
RET01954,OL41684,SKU0052,2,2023-01-04,Wrong Size
RET01955,OL41686,SKU0142,8,2022-12-26,Wrong Colour
RET01956,OL41659,SKU0433,9,2022-12-28,Wrong Colour
RET01957,OL41617,SKU0473,4,2023-01-07,Wrong Colour
RET01958,OL41616,SKU0402,1,2022-12-24,Wrong Size
RET01959,OL41768,SKU0124,1,2023-01-09,Wrong Colour
RET01960,OL41719,SKU0197,3,2022-12-30,Wrong Size
RET01961,OL41668,SKU0382,7,2022-12-28,Wrong Size
RET01962,OL41564,SKU0457,1,2022-12-29,Wrong Size
RET01963,OL41606,SKU0356,2,2023-01-03,Wrong Size
RET01964,OL41843,SKU0153,2,2023-01-04,Wrong Size
RET01965,OL41899,SKU0467,7,2022-12-29,Wrong Colour
RET01966,OL41750,SKU0285,5,2022-12-23,Wrong Colour
RET01967,OL41733,SKU0184,7,2023-01-04,Wrong Size
RET01968,OL42207,SKU0150,3,2022-12-26,Wrong Size
RET01969,OL41821,SKU0190,11,2023-01-02,Wrong Size
RET01970,OL41954,SKU0260,1,2023-01-02,Wrong Size
RET01971,OL41935,SKU0402,1,2023-01-08,Wrong Size
RET01972,OL41936,SKU0102,2,2023-01-11,Wrong Size
RET01973,OL41880,SKU0216,2,2023-01-04,Wrong Colour
RET01974,OL42068,SKU0155,2,2022-12-31,Wrong Colour
RET01975,OL41890,SKU0385,4,2023-01-05,Wrong Size
RET01976,OL41917,SKU0403,12,2023-01-02,Wrong Colour
RET01977,OL41914,SKU0104,10,2022-12-26,Wrong Colour
RET01978,OL42130,SKU0332,6,2023-01-06,Wrong Size
RET01979,OL42152,SKU0379,6,2023-01-01,Wrong Size
RET01980,OL42088,SKU0409,2,2023-01-03,Wrong Colour
RET01981,OL42106,SKU0428,1,2023-01-10,Wrong Colour
RET01982,OL42121,SKU0093,1,2023-01-08,Wrong Size
RET01983,OL42167,SKU0263,1,2023-01-12,Wrong Colour
RET01984,OL42473,SKU0242,7,2023-01-11,Wrong Size
RET01985,OL42277,SKU0023,2,2023-01-05,Wrong Colour
RET01986,OL42217,SKU0241,1,2023-01-03,Wrong Size
RET01987,OL42393,SKU0291,2,2023-01-15,Wrong Colour
RET01988,OL42299,SKU0117,9,2023-01-03,Wrong Size
RET01989,OL42470,SKU0071,7,2022-12-31,Wrong Size
RET01990,OL42368,SKU0103,3,2023-01-02,Wrong Colour
RET01991,OL42646,SKU0234,1,2023-01-02,Wrong Colour
RET01992,OL42485,SKU0227,5,2023-01-14,Wrong Size
RET01993,OL42487,SKU0124,1,2023-01-09,Wrong Size
RET01994,OL42420,SKU0376,5,2023-01-15,Wrong Size
RET01995,OL42461,SKU0429,4,2023-01-06,Wrong Size
RET01996,OL42513,SKU0499,7,2023-01-09,Wrong Colour
RET01997,OL42514,SKU0298,8,2023-01-11,Wrong Size
RET01998,OL42534,SKU0236,5,2023-01-01,Wrong Colour
RET01999,OL42735,SKU0197,6,2023-01-02,Wrong Size
RET02000,OL42699,SKU0154,2,2023-01-12,Wrong Colour
RET02001,OL42733,SKU0319,4,2023-01-14,Wrong Size
RET02002,OL42686,SKU0198,4,2023-01-15,Wrong Colour
RET02003,OL42661,SKU0363,1,2023-01-10,Wrong Colour
RET02004,OL42826,SKU0050,4,2023-01-14,Wrong Size
RET02005,OL42691,SKU0126,1,2022-12-30,Wrong Size
RET02006,OL43156,SKU0154,3,2023-01-03,Wrong Colour
RET02007,OL43096,SKU0263,2,2023-01-19,Wrong Size
RET02008,OL42901,SKU0049,1,2023-01-20,Wrong Size
RET02009,OL43059,SKU0402,1,2023-01-19,Wrong Size
RET02010,OL42819,SKU0440,9,2023-01-19,Wrong Colour
RET02011,OL42877,SKU0081,7,2023-01-15,Wrong Colour
RET02012,OL43011,SKU0326,2,2023-01-18,Wrong Colour
RET02013,OL43114,SKU0082,8,2023-01-05,Wrong Colour
RET02014,OL42891,SKU0053,1,2023-01-15,Wrong Size
RET02015,OL43039,SKU0458,9,2023-01-13,Wrong Size
RET02016,OL42914,SKU0417,5,2023-01-11,Wrong Colour
RET02017,OL43068,SKU0444,3,2023-01-12,Wrong Size
RET02018,OL43285,SKU0169,11,2023-01-20,Wrong Colour
RET02019,OL43079,SKU0291,1,2023-01-04,Wrong Size
RET02020,OL43178,SKU0198,2,2023-01-03,Wrong Size
RET02021,OL43076,SKU0019,1,2023-01-03,Wrong Size
RET02022,OL43023,SKU0127,1,2023-01-18,Wrong Size
RET02023,OL43109,SKU0299,9,2023-01-12,Wrong Colour
RET02024,OL43203,SKU0236,8,2023-01-12,Wrong Colour
RET02025,OL43211,SKU0024,2,2023-01-16,Wrong Size
RET02026,OL43330,SKU0302,1,2023-01-08,Wrong Colour
RET02027,OL43363,SKU0398,10,2023-01-19,Wrong Size
RET02028,OL43274,SKU0173,8,2023-01-09,Wrong Size
RET02029,OL43279,SKU0163,2,2023-01-05,Wrong Size
RET02030,OL43302,SKU0072,6,2023-01-24,Wrong Colour
RET02031,OL43437,SKU0375,4,2023-01-23,Wrong Colour
RET02032,OL43419,SKU0197,5,2023-01-14,Wrong Size
RET02033,OL43674,SKU0224,2,2023-01-14,Wrong Colour
RET02034,OL43611,SKU0326,10,2023-01-05,Wrong Size
RET02035,OL43472,SKU0378,2,2023-01-06,Wrong Size
RET02036,OL43461,SKU0187,12,2023-01-20,Wrong Size
RET02037,OL43416,SKU0196,4,2023-01-23,Wrong Size
RET02038,OL43388,SKU0352,12,2023-01-15,Wrong Colour
RET02039,OL43435,SKU0119,2,2023-01-18,Wrong Size
RET02040,OL43978,SKU0150,1,2023-01-19,Wrong Size
RET02041,OL43699,SKU0239,3,2023-01-11,Wrong Colour
RET02042,OL43701,SKU0486,1,2023-01-08,Wrong Size
RET02043,OL43666,SKU0290,2,2023-01-26,Wrong Colour
RET02044,OL43621,SKU0224,4,2023-01-13,Wrong Size
RET02045,OL43753,SKU0205,9,2023-01-15,Wrong Colour
RET02046,OL43754,SKU0498,3,2023-01-10,Wrong Size
RET02047,OL43575,SKU0300,5,2023-01-14,Wrong Size
RET02048,OL43577,SKU0318,1,2023-01-11,Wrong Colour
RET02049,OL43590,SKU0450,1,2023-01-10,Wrong Size
RET02050,OL43756,SKU0499,1,2023-01-09,Wrong Colour
RET02051,OL43739,SKU0138,3,2023-01-08,Wrong Size
RET02052,OL43867,SKU0044,2,2023-01-22,Wrong Colour
RET02053,OL43708,SKU0440,2,2023-01-09,Wrong Colour
RET02054,OL44184,SKU0484,11,2023-01-22,Wrong Colour
RET02055,OL43918,SKU0427,1,2023-01-19,Wrong Colour
RET02056,OL43788,SKU0136,1,2023-01-25,Wrong Colour
RET02057,OL43863,SKU0498,1,2023-01-27,Wrong Size
RET02058,OL43948,SKU0007,5,2023-01-15,Wrong Size
RET02059,OL43949,SKU0177,1,2023-01-11,Wrong Size
RET02060,OL44350,SKU0389,4,2023-01-18,Wrong Size
RET02061,OL44057,SKU0277,3,2023-01-26,Wrong Colour
RET02062,OL43965,SKU0024,2,2023-01-19,Wrong Colour
RET02063,OL44142,SKU0137,4,2023-01-28,Wrong Colour
RET02064,OL44224,SKU0339,2,2023-01-20,Wrong Size
RET02065,OL44089,SKU0068,1,2023-01-21,Wrong Colour
RET02066,OL44363,SKU0499,1,2023-01-12,Wrong Size
RET02067,OL44136,SKU0047,2,2023-01-21,Wrong Size
RET02068,OL44132,SKU0139,1,2023-01-12,Wrong Size
RET02069,OL44062,SKU0034,1,2023-01-30,Wrong Size
RET02070,OL44070,SKU0305,3,2023-01-27,Wrong Size
RET02071,OL44022,SKU0239,1,2023-01-12,Wrong Size
RET02072,OL44126,SKU0364,2,2023-01-27,Wrong Size
RET02073,OL44175,SKU0132,4,2023-01-13,Wrong Size
RET02074,OL44170,SKU0205,3,2023-01-19,Wrong Size
RET02075,OL44229,SKU0084,1,2023-01-12,Wrong Size
RET02076,OL44619,SKU0147,1,2023-01-16,Wrong Size
RET02077,OL44453,SKU0167,2,2023-01-31,Wrong Size
RET02078,OL44461,SKU0268,5,2023-01-30,Wrong Size
RET02079,OL44263,SKU0201,3,2023-01-21,Wrong Size
RET02080,OL44259,SKU0120,12,2023-01-28,Wrong Size
RET02081,OL44296,SKU0042,5,2023-01-28,Wrong Colour
RET02082,OL44308,SKU0122,5,2023-01-14,Wrong Colour
RET02083,OL44593,SKU0485,4,2023-01-17,Wrong Size
RET02084,OL44401,SKU0441,2,2023-02-02,Wrong Colour
RET02085,OL44538,SKU0198,1,2023-01-20,Wrong Size
RET02086,OL44579,SKU0336,3,2023-01-23,Wrong Colour
RET02087,OL44570,SKU0035,3,2023-01-26,Wrong Colour
RET02088,OL44615,SKU0260,1,2023-02-01,Wrong Colour
RET02089,OL44617,SKU0434,2,2023-02-03,Wrong Size
RET02090,OL44648,SKU0010,1,2023-02-02,Wrong Colour
RET02091,OL44730,SKU0103,4,2023-01-28,Wrong Size
RET02092,OL44596,SKU0323,2,2023-01-25,Wrong Colour
RET02093,OL44656,SKU0493,2,2023-02-02,Wrong Size
RET02094,OL45107,SKU0205,4,2023-01-16,Wrong Size
RET02095,OL44877,SKU0235,1,2023-01-17,Wrong Size
RET02096,OL44706,SKU0304,2,2023-01-23,Wrong Size
RET02097,OL44889,SKU0465,2,2023-01-21,Wrong Colour
RET02098,OL44771,SKU0448,2,2023-02-05,Wrong Size
RET02099,OL44924,SKU0276,5,2023-01-19,Wrong Size
RET02100,OL45111,SKU0423,6,2023-02-03,Wrong Size
RET02101,OL44896,SKU0038,3,2023-01-19,Wrong Size
RET02102,OL45423,SKU0140,2,2023-02-05,Wrong Size
RET02103,OL45143,SKU0143,4,2023-01-30,Wrong Colour
RET02104,OL45043,SKU0376,2,2023-02-04,Wrong Size
RET02105,OL44932,SKU0037,3,2023-01-28,Wrong Size
RET02106,OL45055,SKU0090,3,2023-01-30,Wrong Size
RET02107,OL45555,SKU0178,1,2023-01-28,Wrong Colour
RET02108,OL45167,SKU0469,3,2023-01-21,Wrong Colour
RET02109,OL45050,SKU0446,1,2023-01-27,Wrong Size
RET02110,OL45414,SKU0104,1,2023-02-09,Wrong Size
RET02111,OL45366,SKU0180,4,2023-01-28,Wrong Colour
RET02112,OL45162,SKU0242,2,2023-02-08,Wrong Size
RET02113,OL45660,SKU0200,1,2023-02-02,Wrong Colour
RET02114,OL45662,SKU0465,3,2023-01-29,Wrong Size
RET02115,OL45447,SKU0310,1,2023-01-22,Wrong Size
RET02116,OL45368,SKU0100,2,2023-02-02,Wrong Size
RET02117,OL45370,SKU0017,1,2023-02-08,Wrong Size
RET02118,OL45738,SKU0186,2,2023-01-25,Wrong Size
RET02119,OL45739,SKU0177,1,2023-02-07,Wrong Size
RET02120,OL45575,SKU0137,7,2023-02-07,Wrong Colour
RET02121,OL45638,SKU0012,3,2023-02-06,Wrong Size
RET02122,OL45440,SKU0085,2,2023-02-02,Wrong Size
RET02123,OL45523,SKU0455,3,2023-02-07,Wrong Size
RET02124,OL45549,SKU0435,2,2023-02-01,Wrong Size
RET02125,OL45975,SKU0142,2,2023-02-04,Wrong Size
RET02126,OL45642,SKU0198,3,2023-01-31,Wrong Colour
RET02127,OL45604,SKU0444,5,2023-01-28,Wrong Size
RET02128,OL45800,SKU0257,1,2023-02-06,Wrong Size
RET02129,OL45742,SKU0193,1,2023-02-12,Wrong Colour
RET02130,OL45730,SKU0081,3,2023-01-27,Wrong Colour
RET02131,OL45731,SKU0034,1,2023-02-06,Wrong Colour
RET02132,OL45722,SKU0077,2,2023-01-28,Wrong Size
RET02133,OL45680,SKU0215,2,2023-02-09,Wrong Size
RET02134,OL45970,SKU0155,2,2023-02-02,Wrong Size
RET02135,OL45868,SKU0184,1,2023-01-31,Wrong Size
RET02136,OL45904,SKU0094,4,2023-01-31,Wrong Colour
RET02137,OL45984,SKU0158,4,2023-02-03,Wrong Size
RET02138,OL45826,SKU0247,1,2023-02-14,Wrong Colour
RET02139,OL45794,SKU0139,2,2023-02-04,Wrong Size
RET02140,OL46027,SKU0055,7,2023-02-15,Wrong Size
RET02141,OL46030,SKU0492,9,2023-02-06,Wrong Colour
RET02142,OL45926,SKU0352,3,2023-02-05,Wrong Colour
RET02143,OL46001,SKU0209,2,2023-02-08,Wrong Size
RET02144,OL46164,SKU0460,3,2023-02-04,Wrong Size
RET02145,OL46100,SKU0199,3,2023-02-06,Wrong Size
RET02146,OL46142,SKU0012,5,2023-02-11,Wrong Size
RET02147,OL46024,SKU0285,14,2023-01-30,Wrong Size
RET02148,OL46053,SKU0363,1,2023-02-15,Wrong Colour
RET02149,OL46105,SKU0018,4,2023-02-16,Wrong Size
RET02150,OL46211,SKU0452,1,2023-02-08,Wrong Colour
RET02151,OL46084,SKU0197,3,2023-01-31,Wrong Colour
RET02152,OL46199,SKU0120,1,2023-02-12,Wrong Size
RET02153,OL46137,SKU0184,1,2023-02-17,Wrong Colour
RET02154,OL46239,SKU0086,2,2023-02-08,Wrong Size
RET02155,OL46241,SKU0348,6,2023-02-11,Wrong Colour
RET02156,OL46558,SKU0458,5,2023-01-30,Wrong Size
RET02157,OL46260,SKU0235,2,2023-02-06,Wrong Size
RET02158,OL46356,SKU0053,8,2023-01-30,Wrong Size
RET02159,OL46412,SKU0429,9,2023-02-06,Wrong Size
RET02160,OL46396,SKU0010,2,2023-02-02,Wrong Size
RET02161,OL46928,SKU0039,2,2023-02-15,Wrong Size
RET02162,OL46479,SKU0103,4,2023-02-06,Wrong Size
RET02163,OL46745,SKU0199,1,2023-02-12,Wrong Size
RET02164,OL46463,SKU0175,3,2023-01-31,Wrong Colour
RET02165,OL46524,SKU0367,4,2023-02-19,Wrong Colour
RET02166,OL46506,SKU0438,1,2023-02-16,Wrong Size
RET02167,OL46599,SKU0275,2,2023-02-17,Wrong Size
RET02168,OL46820,SKU0067,5,2023-02-19,Wrong Size
RET02169,OL46631,SKU0044,4,2023-02-13,Wrong Colour
RET02170,OL46795,SKU0311,1,2023-02-14,Wrong Size
RET02171,OL46779,SKU0164,3,2023-02-07,Wrong Colour
RET02172,OL46855,SKU0049,2,2023-02-21,Wrong Colour
RET02173,OL46721,SKU0330,1,2023-02-07,Wrong Colour
RET02174,OL46760,SKU0343,3,2023-02-12,Wrong Size
RET02175,OL46814,SKU0060,1,2023-02-17,Wrong Colour
RET02176,OL46929,SKU0364,5,2023-02-11,Wrong Size
RET02177,OL46875,SKU0029,1,2023-02-22,Wrong Colour
RET02178,OL46924,SKU0496,6,2023-02-22,Wrong Colour
RET02179,OL47024,SKU0280,5,2023-02-16,Wrong Size
RET02180,OL47093,SKU0341,6,2023-02-22,Wrong Size
RET02181,OL47121,SKU0004,3,2023-02-04,Wrong Size
RET02182,OL47194,SKU0064,1,2023-02-16,Wrong Size
RET02183,OL46938,SKU0278,1,2023-02-11,Wrong Colour
RET02184,OL47156,SKU0322,4,2023-02-11,Wrong Colour
RET02185,OL47158,SKU0134,2,2023-02-23,Wrong Size
RET02186,OL47181,SKU0278,4,2023-02-17,Wrong Colour
RET02187,OL47253,SKU0317,4,2023-02-05,Wrong Colour
RET02188,OL47146,SKU0407,1,2023-02-07,Wrong Colour
RET02189,OL47314,SKU0088,3,2023-02-11,Wrong Size
RET02190,OL47266,SKU0395,2,2023-02-23,Wrong Colour
RET02191,OL47236,SKU0377,3,2023-02-10,Wrong Colour
RET02192,OL47215,SKU0005,3,2023-02-16,Wrong Colour
RET02193,OL47332,SKU0177,5,2023-02-25,Wrong Colour
RET02194,OL47555,SKU0155,4,2023-02-27,Wrong Colour
RET02195,OL47559,SKU0125,2,2023-02-26,Wrong Size
RET02196,OL47456,SKU0161,2,2023-02-11,Wrong Size
RET02197,OL47449,SKU0423,9,2023-02-17,Wrong Colour
RET02198,OL47451,SKU0255,1,2023-02-27,Wrong Size
RET02199,OL47390,SKU0197,1,2023-02-26,Wrong Colour
RET02200,OL47866,SKU0272,4,2023-02-11,Wrong Colour
RET02201,OL47552,SKU0029,3,2023-02-21,Wrong Size
RET02202,OL47783,SKU0009,6,2023-02-28,Wrong Size
RET02203,OL47664,SKU0181,8,2023-02-25,Wrong Size
RET02204,OL47657,SKU0189,6,2023-02-16,Wrong Colour
RET02205,OL47762,SKU0496,2,2023-02-20,Wrong Colour
RET02206,OL47618,SKU0242,5,2023-02-20,Wrong Colour
RET02207,OL47642,SKU0135,2,2023-02-12,Wrong Size
RET02208,OL47585,SKU0350,3,2023-02-17,Wrong Colour
RET02209,OL47634,SKU0160,1,2023-02-21,Wrong Colour
RET02210,OL47809,SKU0104,1,2023-03-01,Wrong Colour
RET02211,OL47579,SKU0201,1,2023-02-16,Wrong Colour
RET02212,OL48170,SKU0097,4,2023-02-28,Wrong Size
RET02213,OL48171,SKU0337,1,2023-02-15,Wrong Colour
RET02214,OL47906,SKU0218,1,2023-02-11,Wrong Size
RET02215,OL47907,SKU0418,11,2023-02-27,Wrong Colour
RET02216,OL47692,SKU0452,6,2023-02-15,Wrong Colour
RET02217,OL47737,SKU0141,2,2023-02-18,Wrong Colour
RET02218,OL47697,SKU0395,2,2023-02-28,Wrong Colour
RET02219,OL47788,SKU0118,2,2023-02-27,Wrong Colour
RET02220,OL48274,SKU0378,1,2023-02-27,Wrong Colour
RET02221,OL47937,SKU0464,2,2023-02-21,Wrong Size
RET02222,OL47854,SKU0173,2,2023-02-11,Wrong Size
RET02223,OL47942,SKU0093,3,2023-02-16,Wrong Colour
RET02224,OL47974,SKU0319,5,2023-02-27,Wrong Colour
RET02225,OL47982,SKU0112,4,2023-02-25,Wrong Size
RET02226,OL47832,SKU0011,3,2023-02-20,Wrong Size
RET02227,OL48344,SKU0131,3,2023-02-14,Wrong Colour
RET02228,OL47989,SKU0147,1,2023-02-19,Wrong Size
RET02229,OL48001,SKU0341,2,2023-02-28,Wrong Size
RET02230,OL48117,SKU0008,1,2023-03-01,Wrong Size
RET02231,OL48168,SKU0097,5,2023-03-04,Wrong Size
RET02232,OL48069,SKU0169,2,2023-02-13,Wrong Size
RET02233,OL48231,SKU0246,3,2023-02-23,Wrong Size
RET02234,OL48393,SKU0309,4,2023-02-24,Wrong Colour
RET02235,OL48668,SKU0392,5,2023-02-24,Wrong Size
RET02236,OL48669,SKU0292,6,2023-02-16,Wrong Size
RET02237,OL48410,SKU0336,2,2023-02-20,Wrong Colour
RET02238,OL48333,SKU0012,3,2023-02-20,Wrong Size
RET02239,OL48301,SKU0012,1,2023-03-03,Wrong Size
RET02240,OL48324,SKU0289,3,2023-03-05,Wrong Colour
RET02241,OL48354,SKU0154,2,2023-02-15,Wrong Size
RET02242,OL48216,SKU0290,7,2023-02-19,Wrong Colour
RET02243,OL48415,SKU0332,6,2023-02-23,Wrong Size
RET02244,OL48745,SKU0419,5,2023-03-07,Wrong Colour
RET02245,OL48650,SKU0247,6,2023-02-16,Wrong Colour
RET02246,OL48470,SKU0312,3,2023-03-04,Wrong Colour
RET02247,OL48350,SKU0202,6,2023-03-06,Wrong Size
RET02248,OL48664,SKU0339,7,2023-02-27,Wrong Size
RET02249,OL48449,SKU0038,10,2023-03-06,Wrong Colour
RET02250,OL48659,SKU0060,2,2023-03-05,Wrong Colour
RET02251,OL48633,SKU0236,4,2023-02-26,Wrong Colour
RET02252,OL48796,SKU0142,1,2023-02-20,Wrong Colour
RET02253,OL48762,SKU0496,1,2023-02-21,Wrong Size
RET02254,OL48701,SKU0444,7,2023-02-22,Wrong Size
RET02255,OL48611,SKU0392,8,2023-03-03,Wrong Size
RET02256,OL48595,SKU0427,2,2023-03-04,Wrong Size
RET02257,OL48860,SKU0190,2,2023-02-22,Wrong Colour
RET02258,OL48568,SKU0160,1,2023-03-05,Wrong Colour
RET02259,OL48773,SKU0263,1,2023-03-05,Wrong Size
RET02260,OL48690,SKU0326,6,2023-03-03,Wrong Colour
RET02261,OL48729,SKU0363,3,2023-03-05,Wrong Colour
RET02262,OL48786,SKU0073,2,2023-03-08,Wrong Size
RET02263,OL48806,SKU0265,2,2023-02-25,Wrong Colour
RET02264,OL48958,SKU0299,4,2023-03-09,Wrong Size
RET02265,OL48857,SKU0183,8,2023-02-21,Wrong Size
RET02266,OL49356,SKU0382,3,2023-02-27,Wrong Size
RET02267,OL49357,SKU0221,5,2023-03-01,Wrong Size
RET02268,OL49020,SKU0424,3,2023-02-22,Wrong Colour
RET02269,OL49008,SKU0120,2,2023-03-08,Wrong Colour
RET02270,OL49051,SKU0087,6,2023-02-27,Wrong Colour
RET02271,OL48976,SKU0365,2,2023-03-03,Wrong Size
RET02272,OL49471,SKU0004,5,2023-03-03,Wrong Colour
RET02273,OL49475,SKU0143,7,2023-03-03,Wrong Colour
RET02274,OL49294,SKU0172,8,2023-03-09,Wrong Colour
RET02275,OL49372,SKU0026,4,2023-02-27,Wrong Size
RET02276,OL49030,SKU0059,1,2023-02-21,Wrong Size
RET02277,OL49081,SKU0174,3,2023-02-28,Wrong Colour
RET02278,OL49026,SKU0039,3,2023-03-04,Wrong Size
RET02279,OL49182,SKU0336,4,2023-02-25,Wrong Size
RET02280,OL49015,SKU0420,2,2023-03-04,Wrong Colour
RET02281,OL49077,SKU0352,1,2023-03-05,Wrong Colour
RET02282,OL49131,SKU0158,2,2023-03-09,Wrong Colour
RET02283,OL49584,SKU0252,1,2023-03-05,Wrong Size
RET02284,OL49214,SKU0114,1,2023-03-09,Wrong Size
RET02285,OL49399,SKU0341,5,2023-02-27,Wrong Size
RET02286,OL49224,SKU0086,1,2023-03-13,Wrong Size
RET02287,OL49210,SKU0064,3,2023-03-01,Wrong Colour
RET02288,OL49211,SKU0247,4,2023-02-28,Wrong Colour
RET02289,OL49715,SKU0017,1,2023-03-11,Wrong Colour
RET02290,OL49351,SKU0064,3,2023-03-08,Wrong Colour
RET02291,OL49303,SKU0082,4,2023-03-15,Wrong Colour
RET02292,OL49305,SKU0134,8,2023-02-27,Wrong Colour
RET02293,OL49297,SKU0436,1,2023-02-27,Wrong Size
RET02294,OL49298,SKU0266,1,2023-03-14,Wrong Size
RET02295,OL49449,SKU0054,2,2023-03-01,Wrong Size
RET02296,OL49416,SKU0488,14,2023-02-25,Wrong Colour
RET02297,OL49437,SKU0449,1,2023-02-28,Wrong Colour
RET02298,OL49463,SKU0495,12,2023-02-24,Wrong Size
RET02299,OL49968,SKU0407,4,2023-03-02,Wrong Colour
RET02300,OL49740,SKU0162,6,2023-03-07,Wrong Size
RET02301,OL49551,SKU0393,2,2023-03-04,Wrong Size
RET02302,OL49653,SKU0398,4,2023-02-25,Wrong Size
RET02303,OL49530,SKU0357,3,2023-03-16,Wrong Colour
RET02304,OL49943,SKU0133,2,2023-03-15,Wrong Size
RET02305,OL49790,SKU0001,1,2023-03-09,Wrong Colour
RET02306,OL49760,SKU0115,1,2023-02-26,Wrong Size
RET02307,OL49761,SKU0035,12,2023-03-03,Wrong Colour
RET02308,OL49983,SKU0494,10,2023-03-04,Wrong Colour
RET02309,OL50288,SKU0446,2,2023-03-11,Wrong Colour
RET02310,OL49972,SKU0111,2,2023-03-14,Wrong Colour
RET02311,OL49965,SKU0461,2,2023-02-28,Wrong Size
RET02312,OL49992,SKU0021,3,2023-03-16,Wrong Size
RET02313,OL49939,SKU0454,1,2023-03-06,Wrong Colour
RET02314,OL49985,SKU0138,1,2023-03-02,Wrong Size
RET02315,OL50199,SKU0330,1,2023-03-17,Wrong Size
RET02316,OL50202,SKU0118,4,2023-03-13,Wrong Colour
RET02317,OL50193,SKU0435,1,2023-03-21,Wrong Size
RET02318,OL50523,SKU0492,1,2023-03-14,Wrong Size
RET02319,OL50159,SKU0342,1,2023-03-05,Wrong Colour
RET02320,OL50132,SKU0421,2,2023-03-20,Wrong Size
RET02321,OL50152,SKU0078,3,2023-03-02,Wrong Size
RET02322,OL50073,SKU0215,2,2023-03-04,Wrong Colour
RET02323,OL50173,SKU0298,1,2023-03-17,Wrong Size
RET02324,OL50298,SKU0178,2,2023-03-18,Wrong Colour
RET02325,OL50323,SKU0128,1,2023-03-03,Wrong Size
RET02326,OL50255,SKU0193,2,2023-03-22,Wrong Colour
RET02327,OL50339,SKU0208,1,2023-03-19,Wrong Size
RET02328,OL50580,SKU0478,1,2023-03-22,Wrong Size
RET02329,OL50620,SKU0332,5,2023-03-10,Wrong Colour
RET02330,OL50465,SKU0388,3,2023-03-13,Wrong Colour
RET02331,OL50421,SKU0108,3,2023-03-07,Wrong Colour
RET02332,OL50399,SKU0079,13,2023-03-22,Wrong Size
RET02333,OL50389,SKU0412,1,2023-03-04,Wrong Size
RET02334,OL50401,SKU0115,1,2023-03-18,Wrong Colour
RET02335,OL50379,SKU0308,1,2023-03-20,Wrong Size
RET02336,OL50642,SKU0248,6,2023-03-25,Wrong Size
RET02337,OL50504,SKU0198,8,2023-03-25,Wrong Size
RET02338,OL50459,SKU0251,9,2023-03-16,Wrong Size
RET02339,OL50460,SKU0448,1,2023-03-18,Wrong Colour
RET02340,OL50495,SKU0408,1,2023-03-24,Wrong Size
RET02341,OL50591,SKU0078,2,2023-03-14,Wrong Size
RET02342,OL50696,SKU0455,5,2023-03-06,Wrong Size
RET02343,OL50601,SKU0214,6,2023-03-19,Wrong Colour
RET02344,OL50835,SKU0429,2,2023-03-15,Wrong Size
RET02345,OL50663,SKU0418,1,2023-03-21,Wrong Colour
RET02346,OL50755,SKU0205,1,2023-03-21,Wrong Size
RET02347,OL50841,SKU0022,3,2023-03-21,Wrong Colour
RET02348,OL50898,SKU0466,5,2023-03-22,Wrong Colour
RET02349,OL50884,SKU0478,6,2023-03-16,Wrong Colour
RET02350,OL50948,SKU0177,2,2023-03-22,Wrong Colour
RET02351,OL50889,SKU0088,6,2023-03-20,Wrong Size
RET02352,OL51049,SKU0160,2,2023-03-12,Wrong Size
RET02353,OL50922,SKU0241,1,2023-03-23,Wrong Colour
RET02354,OL51310,SKU0035,2,2023-03-26,Wrong Size
RET02355,OL51036,SKU0092,2,2023-03-10,Wrong Size
RET02356,OL51077,SKU0031,1,2023-03-26,Wrong Size
RET02357,OL51277,SKU0115,4,2023-03-28,Wrong Size
RET02358,OL51130,SKU0196,2,2023-03-29,Wrong Colour
RET02359,OL51278,SKU0179,12,2023-03-28,Wrong Colour
RET02360,OL51279,SKU0048,6,2023-03-22,Wrong Size
RET02361,OL51118,SKU0088,2,2023-03-29,Wrong Size
RET02362,OL51119,SKU0275,2,2023-03-09,Wrong Size
RET02363,OL51149,SKU0280,3,2023-03-18,Wrong Size
RET02364,OL51008,SKU0102,4,2023-03-24,Wrong Size
RET02365,OL51404,SKU0333,9,2023-03-13,Wrong Colour
RET02366,OL51093,SKU0128,5,2023-03-11,Wrong Size
RET02367,OL51143,SKU0236,6,2023-03-26,Wrong Colour
RET02368,OL51211,SKU0239,4,2023-03-10,Wrong Colour
RET02369,OL51171,SKU0233,2,2023-03-26,Wrong Colour
RET02370,OL51199,SKU0112,2,2023-03-28,Wrong Colour
RET02371,OL51386,SKU0127,10,2023-03-21,Wrong Colour
RET02372,OL51208,SKU0466,2,2023-03-15,Wrong Colour
RET02373,OL51305,SKU0084,4,2023-03-17,Wrong Colour
RET02374,OL51334,SKU0492,11,2023-03-23,Wrong Colour
RET02375,OL51490,SKU0374,1,2023-03-27,Wrong Colour
RET02376,OL51319,SKU0345,2,2023-03-13,Wrong Size
RET02377,OL51371,SKU0081,1,2023-03-23,Wrong Size
RET02378,OL51652,SKU0449,5,2023-03-15,Wrong Colour
RET02379,OL51632,SKU0022,1,2023-03-13,Wrong Size
RET02380,OL51484,SKU0362,3,2023-04-01,Wrong Colour
RET02381,OL51503,SKU0385,5,2023-03-21,Wrong Size
RET02382,OL51843,SKU0389,2,2023-03-29,Wrong Size
RET02383,OL51594,SKU0431,1,2023-03-19,Wrong Size
RET02384,OL51528,SKU0115,2,2023-03-20,Wrong Colour
RET02385,OL51688,SKU0380,1,2023-04-02,Wrong Size
RET02386,OL51531,SKU0362,8,2023-03-22,Wrong Colour
RET02387,OL51745,SKU0100,4,2023-03-21,Wrong Size
RET02388,OL51651,SKU0156,2,2023-03-28,Wrong Colour
RET02389,OL51971,SKU0437,3,2023-04-04,Wrong Colour
RET02390,OL52022,SKU0258,3,2023-03-15,Wrong Size
RET02391,OL51653,SKU0113,1,2023-03-16,Wrong Colour
RET02392,OL51644,SKU0424,5,2023-03-22,Wrong Size
RET02393,OL51707,SKU0452,8,2023-03-30,Wrong Size
RET02394,OL51878,SKU0013,4,2023-03-20,Wrong Colour
RET02395,OL51868,SKU0239,9,2023-03-25,Wrong Colour
RET02396,OL51871,SKU0454,7,2023-03-30,Wrong Colour
RET02397,OL51776,SKU0426,5,2023-04-03,Wrong Size
RET02398,OL52147,SKU0150,4,2023-03-18,Wrong Size
RET02399,OL52194,SKU0495,1,2023-04-03,Wrong Size
RET02400,OL51889,SKU0352,4,2023-03-25,Wrong Size
RET02401,OL51848,SKU0366,10,2023-03-18,Wrong Colour
RET02402,OL52000,SKU0094,7,2023-03-18,Wrong Colour
RET02403,OL52060,SKU0296,2,2023-03-22,Wrong Colour
RET02404,OL51953,SKU0238,2,2023-03-29,Wrong Size
RET02405,OL52137,SKU0277,2,2023-04-04,Wrong Size
RET02406,OL52092,SKU0240,1,2023-03-25,Wrong Size
RET02407,OL52173,SKU0144,3,2023-04-07,Wrong Size
RET02408,OL52066,SKU0305,2,2023-04-03,Wrong Size
RET02409,OL52049,SKU0405,3,2023-03-30,Wrong Colour
RET02410,OL52364,SKU0461,1,2023-04-02,Wrong Colour
RET02411,OL52095,SKU0272,8,2023-04-06,Wrong Colour
RET02412,OL52101,SKU0459,1,2023-04-01,Wrong Size
RET02413,OL52230,SKU0110,4,2023-04-06,Wrong Size
RET02414,OL52087,SKU0094,6,2023-03-26,Wrong Colour
RET02415,OL52403,SKU0282,4,2023-03-20,Wrong Size
RET02416,OL52358,SKU0284,2,2023-03-30,Wrong Size
RET02417,OL52332,SKU0460,3,2023-04-04,Wrong Colour
RET02418,OL52291,SKU0347,2,2023-03-28,Wrong Size
RET02419,OL52299,SKU0315,1,2023-03-24,Wrong Colour
RET02420,OL52300,SKU0405,4,2023-04-04,Wrong Colour
RET02421,OL52326,SKU0061,2,2023-04-05,Wrong Size
RET02422,OL52511,SKU0258,3,2023-04-09,Wrong Colour
RET02423,OL52448,SKU0426,2,2023-04-09,Wrong Colour
RET02424,OL52493,SKU0405,8,2023-03-31,Wrong Colour
RET02425,OL52436,SKU0133,5,2023-04-09,Wrong Colour
RET02426,OL52596,SKU0009,2,2023-03-24,Wrong Colour
RET02427,OL52429,SKU0195,1,2023-04-02,Wrong Colour
RET02428,OL52615,SKU0034,8,2023-04-03,Wrong Size
RET02429,OL52939,SKU0122,12,2023-03-26,Wrong Colour
RET02430,OL52691,SKU0063,3,2023-04-02,Wrong Colour
RET02431,OL52664,SKU0098,4,2023-04-03,Wrong Size
RET02432,OL52665,SKU0374,1,2023-04-03,Wrong Colour
RET02433,OL52703,SKU0153,12,2023-04-04,Wrong Size
RET02434,OL52772,SKU0383,3,2023-03-26,Wrong Size
RET02435,OL52978,SKU0342,4,2023-04-13,Wrong Size
RET02436,OL52764,SKU0022,1,2023-03-28,Wrong Colour
RET02437,OL52765,SKU0339,1,2023-03-31,Wrong Size
RET02438,OL52833,SKU0167,1,2023-04-08,Wrong Size
RET02439,OL52840,SKU0342,5,2023-04-10,Wrong Size
RET02440,OL52841,SKU0269,5,2023-04-03,Wrong Size
RET02441,OL52805,SKU0309,4,2023-04-06,Wrong Colour
RET02442,OL52844,SKU0468,2,2023-04-10,Wrong Size
RET02443,OL52916,SKU0147,2,2023-04-07,Wrong Colour
RET02444,OL52960,SKU0326,3,2023-03-31,Wrong Size
RET02445,OL52985,SKU0311,2,2023-04-01,Wrong Colour
RET02446,OL52989,SKU0122,4,2023-04-13,Wrong Size
RET02447,OL53016,SKU0432,3,2023-03-27,Wrong Colour
RET02448,OL53295,SKU0347,3,2023-04-11,Wrong Size
RET02449,OL53116,SKU0158,3,2023-04-14,Wrong Size
RET02450,OL53230,SKU0180,1,2023-03-28,Wrong Size
RET02451,OL53216,SKU0496,4,2023-03-31,Wrong Colour
RET02452,OL53002,SKU0368,8,2023-03-31,Wrong Size
RET02453,OL53038,SKU0178,2,2023-04-01,Wrong Colour
RET02454,OL53542,SKU0099,4,2023-04-03,Wrong Size
RET02455,OL53332,SKU0424,2,2023-04-11,Wrong Size
RET02456,OL53168,SKU0394,3,2023-04-11,Wrong Colour
RET02457,OL53247,SKU0471,1,2023-04-18,Wrong Size
RET02458,OL53248,SKU0103,1,2023-04-18,Wrong Size
RET02459,OL53318,SKU0316,3,2023-04-04,Wrong Colour
RET02460,OL53286,SKU0061,3,2023-04-14,Wrong Colour
RET02461,OL53287,SKU0147,1,2023-03-31,Wrong Colour
RET02462,OL53507,SKU0027,2,2023-04-16,Wrong Size
RET02463,OL53426,SKU0021,4,2023-04-14,Wrong Colour
RET02464,OL53437,SKU0487,3,2023-04-17,Wrong Size
RET02465,OL53550,SKU0235,1,2023-03-31,Wrong Colour
RET02466,OL53396,SKU0376,4,2023-04-19,Wrong Size
RET02467,OL53479,SKU0006,4,2023-03-31,Wrong Colour
RET02468,OL53462,SKU0271,1,2023-04-06,Wrong Size
RET02469,OL53564,SKU0034,1,2023-04-02,Wrong Size
RET02470,OL53737,SKU0048,2,2023-04-02,Wrong Size
RET02471,OL53741,SKU0498,3,2023-04-07,Wrong Colour
RET02472,OL53689,SKU0021,4,2023-04-10,Wrong Size
RET02473,OL53690,SKU0207,4,2023-04-02,Wrong Size
RET02474,OL53633,SKU0017,2,2023-04-02,Wrong Colour
RET02475,OL53531,SKU0135,8,2023-04-10,Wrong Colour
RET02476,OL53490,SKU0133,6,2023-04-07,Wrong Size
RET02477,OL53521,SKU0066,1,2023-04-10,Wrong Colour
RET02478,OL53743,SKU0363,2,2023-03-31,Wrong Size
RET02479,OL53512,SKU0225,6,2023-04-16,Wrong Size
RET02480,OL53513,SKU0448,1,2023-04-14,Wrong Colour
RET02481,OL53975,SKU0098,1,2023-04-08,Wrong Size
RET02482,OL53711,SKU0113,1,2023-04-15,Wrong Colour
RET02483,OL53648,SKU0001,2,2023-04-19,Wrong Size
RET02484,OL53657,SKU0037,2,2023-04-17,Wrong Size
RET02485,OL53611,SKU0017,1,2023-04-04,Wrong Size
RET02486,OL53591,SKU0064,3,2023-04-18,Wrong Size
RET02487,OL53678,SKU0235,7,2023-04-12,Wrong Size
RET02488,OL54064,SKU0237,3,2023-04-02,Wrong Colour
RET02489,OL53820,SKU0058,3,2023-04-12,Wrong Colour
RET02490,OL53863,SKU0380,4,2023-04-05,Wrong Colour
RET02491,OL53754,SKU0447,3,2023-04-20,Wrong Size
RET02492,OL53807,SKU0335,5,2023-04-08,Wrong Size
RET02493,OL53764,SKU0162,1,2023-04-14,Wrong Size
RET02494,OL53765,SKU0179,5,2023-04-06,Wrong Size
RET02495,OL53939,SKU0176,2,2023-04-14,Wrong Colour
RET02496,OL54024,SKU0118,2,2023-04-18,Wrong Size
RET02497,OL53846,SKU0150,1,2023-04-12,Wrong Colour
RET02498,OL53945,SKU0354,7,2023-04-15,Wrong Size
RET02499,OL53907,SKU0204,1,2023-04-09,Wrong Colour
RET02500,OL53931,SKU0024,2,2023-04-21,Wrong Size
RET02501,OL54040,SKU0235,1,2023-04-11,Wrong Colour
RET02502,OL53913,SKU0420,3,2023-04-12,Wrong Colour
RET02503,OL53914,SKU0096,5,2023-04-17,Wrong Colour
RET02504,OL54009,SKU0007,1,2023-04-21,Wrong Size
RET02505,OL54110,SKU0227,8,2023-04-21,Wrong Size
RET02506,OL54151,SKU0228,3,2023-04-05,Wrong Size
RET02507,OL53972,SKU0261,3,2023-04-15,Wrong Colour
RET02508,OL54350,SKU0387,4,2023-04-07,Wrong Size
RET02509,OL54221,SKU0153,4,2023-04-14,Wrong Size
RET02510,OL54079,SKU0464,5,2023-04-25,Wrong Size
RET02511,OL54164,SKU0031,1,2023-04-10,Wrong Size
RET02512,OL54172,SKU0495,8,2023-04-07,Wrong Colour
RET02513,OL54203,SKU0187,7,2023-04-22,Wrong Colour
RET02514,OL54127,SKU0126,4,2023-04-22,Wrong Size
RET02515,OL54128,SKU0190,3,2023-04-16,Wrong Size
RET02516,OL54527,SKU0434,1,2023-04-25,Wrong Size
RET02517,OL54571,SKU0117,2,2023-04-08,Wrong Colour
RET02518,OL54282,SKU0281,8,2023-04-12,Wrong Size
RET02519,OL54442,SKU0364,4,2023-04-21,Wrong Colour
RET02520,OL54563,SKU0416,2,2023-04-13,Wrong Colour
RET02521,OL54324,SKU0363,3,2023-04-19,Wrong Size
RET02522,OL54302,SKU0444,12,2023-04-15,Wrong Size
RET02523,OL54695,SKU0243,2,2023-04-10,Wrong Size
RET02524,OL54449,SKU0424,3,2023-04-09,Wrong Size
RET02525,OL54391,SKU0307,3,2023-04-15,Wrong Size
RET02526,OL54456,SKU0333,8,2023-04-19,Wrong Colour
RET02527,OL54477,SKU0206,2,2023-04-11,Wrong Size
RET02528,OL54604,SKU0163,6,2023-04-16,Wrong Colour
RET02529,OL54797,SKU0013,3,2023-04-27,Wrong Size
RET02530,OL54842,SKU0212,5,2023-04-17,Wrong Colour
RET02531,OL54481,SKU0499,4,2023-04-13,Wrong Colour
RET02532,OL54661,SKU0432,1,2023-04-19,Wrong Colour
RET02533,OL54984,SKU0253,12,2023-04-20,Wrong Size
RET02534,OL54985,SKU0190,2,2023-04-22,Wrong Size
RET02535,OL54731,SKU0297,3,2023-04-21,Wrong Size
RET02536,OL54855,SKU0065,7,2023-04-10,Wrong Size
RET02537,OL54665,SKU0500,5,2023-04-14,Wrong Colour
RET02538,OL54705,SKU0262,3,2023-04-20,Wrong Size
RET02539,OL55078,SKU0406,4,2023-04-12,Wrong Colour
RET02540,OL54744,SKU0017,5,2023-04-20,Wrong Colour
RET02541,OL55049,SKU0409,1,2023-04-13,Wrong Size
RET02542,OL54851,SKU0171,4,2023-04-11,Wrong Size
RET02543,OL55032,SKU0378,4,2023-04-22,Wrong Size
RET02544,OL54972,SKU0281,4,2023-04-14,Wrong Size
RET02545,OL54892,SKU0045,5,2023-04-18,Wrong Size
RET02546,OL55076,SKU0271,5,2023-05-02,Wrong Size
RET02547,OL55148,SKU0089,6,2023-04-17,Wrong Size
RET02548,OL55113,SKU0422,1,2023-04-30,Wrong Size
RET02549,OL55020,SKU0203,3,2023-05-01,Wrong Size
RET02550,OL55021,SKU0429,7,2023-05-02,Wrong Colour
RET02551,OL55159,SKU0021,12,2023-05-02,Wrong Size
RET02552,OL55010,SKU0388,7,2023-04-27,Wrong Size
RET02553,OL55429,SKU0150,4,2023-04-25,Wrong Colour
RET02554,OL55175,SKU0050,4,2023-04-25,Wrong Size
RET02555,OL55197,SKU0476,1,2023-05-03,Wrong Size
RET02556,OL55162,SKU0144,8,2023-04-28,Wrong Size
RET02557,OL55154,SKU0483,6,2023-04-16,Wrong Size
RET02558,OL55246,SKU0183,6,2023-04-21,Wrong Colour
RET02559,OL55248,SKU0052,2,2023-04-18,Wrong Size
RET02560,OL55362,SKU0228,3,2023-04-23,Wrong Colour
RET02561,OL55258,SKU0316,7,2023-04-28,Wrong Colour
RET02562,OL55260,SKU0487,3,2023-04-23,Wrong Colour
RET02563,OL55231,SKU0223,5,2023-04-24,Wrong Colour
RET02564,OL55507,SKU0204,5,2023-05-02,Wrong Size
RET02565,OL55509,SKU0207,1,2023-04-17,Wrong Colour
RET02566,OL55221,SKU0116,2,2023-05-01,Wrong Colour
RET02567,OL55315,SKU0163,4,2023-04-28,Wrong Size
RET02568,OL55644,SKU0424,3,2023-04-21,Wrong Colour
RET02569,OL55320,SKU0261,2,2023-05-01,Wrong Colour
RET02570,OL55321,SKU0492,2,2023-04-27,Wrong Colour
RET02571,OL55440,SKU0337,2,2023-04-17,Wrong Size
RET02572,OL55467,SKU0342,5,2023-04-26,Wrong Size
RET02573,OL55474,SKU0110,5,2023-04-21,Wrong Size
RET02574,OL55514,SKU0240,4,2023-04-25,Wrong Colour
RET02575,OL55453,SKU0206,10,2023-05-07,Wrong Size
RET02576,OL55814,SKU0443,1,2023-04-24,Wrong Size
RET02577,OL55695,SKU0043,1,2023-04-24,Wrong Colour
RET02578,OL55636,SKU0071,4,2023-04-22,Wrong Size
RET02579,OL55638,SKU0362,1,2023-04-28,Wrong Size
RET02580,OL55750,SKU0381,3,2023-04-25,Wrong Size
RET02581,OL55748,SKU0425,2,2023-04-27,Wrong Colour
RET02582,OL55608,SKU0406,1,2023-05-05,Wrong Size
RET02583,OL55736,SKU0222,4,2023-05-01,Wrong Colour
RET02584,OL55911,SKU0360,1,2023-05-04,Wrong Size
RET02585,OL55863,SKU0090,3,2023-05-03,Wrong Colour
RET02586,OL55993,SKU0413,9,2023-04-26,Wrong Colour
RET02587,OL55941,SKU0363,1,2023-04-28,Wrong Size
RET02588,OL55811,SKU0225,7,2023-04-22,Wrong Size
RET02589,OL55842,SKU0009,4,2023-05-04,Wrong Size
RET02590,OL55945,SKU0383,12,2023-04-27,Wrong Colour
RET02591,OL55801,SKU0343,1,2023-04-30,Wrong Colour
RET02592,OL55827,SKU0042,1,2023-04-25,Wrong Colour
RET02593,OL55968,SKU0441,7,2023-04-24,Wrong Size
RET02594,OL56139,SKU0086,1,2023-05-10,Wrong Size
RET02595,OL55915,SKU0366,2,2023-05-11,Wrong Size
RET02596,OL55976,SKU0061,6,2023-04-24,Wrong Colour
RET02597,OL56181,SKU0363,3,2023-04-23,Wrong Size
RET02598,OL56381,SKU0053,2,2023-04-23,Wrong Colour
RET02599,OL56087,SKU0359,2,2023-05-03,Wrong Size
RET02600,OL56135,SKU0390,4,2023-05-10,Wrong Size
RET02601,OL56289,SKU0155,1,2023-05-11,Wrong Size
RET02602,OL56294,SKU0329,3,2023-04-25,Wrong Size
RET02603,OL56128,SKU0102,2,2023-04-24,Wrong Colour
RET02604,OL56276,SKU0272,4,2023-04-28,Wrong Colour
RET02605,OL56636,SKU0051,4,2023-05-12,Wrong Size
RET02606,OL56393,SKU0141,1,2023-04-24,Wrong Colour
RET02607,OL56283,SKU0354,4,2023-05-02,Wrong Colour
RET02608,OL56284,SKU0228,1,2023-05-04,Wrong Size
RET02609,OL56462,SKU0198,5,2023-04-27,Wrong Colour
RET02610,OL56326,SKU0005,1,2023-05-07,Wrong Size
RET02611,OL56222,SKU0446,3,2023-05-07,Wrong Size
RET02612,OL56264,SKU0106,4,2023-05-05,Wrong Size
RET02613,OL56472,SKU0432,2,2023-05-09,Wrong Size
RET02614,OL56377,SKU0487,1,2023-05-07,Wrong Size
RET02615,OL56194,SKU0350,3,2023-05-02,Wrong Colour
RET02616,OL56734,SKU0124,3,2023-04-29,Wrong Size
RET02617,OL56353,SKU0265,5,2023-05-08,Wrong Size
RET02618,OL56557,SKU0161,1,2023-04-28,Wrong Size
RET02619,OL56420,SKU0394,8,2023-05-10,Wrong Size
RET02620,OL56496,SKU0151,7,2023-05-13,Wrong Size
RET02621,OL56457,SKU0455,2,2023-05-13,Wrong Colour
RET02622,OL56308,SKU0223,3,2023-05-04,Wrong Size
RET02623,OL56443,SKU0119,2,2023-05-10,Wrong Colour
RET02624,OL56444,SKU0055,1,2023-04-29,Wrong Size
RET02625,OL56996,SKU0414,7,2023-05-12,Wrong Colour
RET02626,OL56568,SKU0391,1,2023-05-17,Wrong Colour
RET02627,OL56704,SKU0085,1,2023-05-16,Wrong Colour
RET02628,OL56881,SKU0194,1,2023-05-06,Wrong Colour
RET02629,OL56648,SKU0289,5,2023-05-05,Wrong Colour
RET02630,OL56767,SKU0351,3,2023-05-14,Wrong Colour
RET02631,OL56835,SKU0377,4,2023-05-03,Wrong Colour
RET02632,OL56908,SKU0080,2,2023-05-08,Wrong Size
RET02633,OL57059,SKU0418,5,2023-05-03,Wrong Colour
RET02634,OL56820,SKU0303,11,2023-05-04,Wrong Colour
RET02635,OL56854,SKU0054,2,2023-05-09,Wrong Size
RET02636,OL56839,SKU0185,6,2023-05-12,Wrong Colour
RET02637,OL56961,SKU0377,13,2023-05-04,Wrong Colour
RET02638,OL56983,SKU0161,2,2023-05-03,Wrong Size
RET02639,OL56984,SKU0151,1,2023-05-14,Wrong Size
RET02640,OL56987,SKU0462,5,2023-05-09,Wrong Colour
RET02641,OL57012,SKU0019,1,2023-05-18,Wrong Colour
RET02642,OL57110,SKU0239,3,2023-05-14,Wrong Size
RET02643,OL57443,SKU0292,3,2023-05-20,Wrong Colour
RET02644,OL57184,SKU0382,6,2023-05-03,Wrong Size
RET02645,OL57089,SKU0014,1,2023-05-21,Wrong Size
RET02646,OL57265,SKU0476,6,2023-05-15,Wrong Size
RET02647,OL57340,SKU0334,2,2023-05-15,Wrong Colour
RET02648,OL57278,SKU0500,11,2023-05-07,Wrong Size
RET02649,OL57392,SKU0381,12,2023-05-04,Wrong Colour
RET02650,OL57491,SKU0219,6,2023-05-19,Wrong Colour
RET02651,OL57366,SKU0430,1,2023-05-15,Wrong Size
RET02652,OL57436,SKU0056,4,2023-05-18,Wrong Colour
RET02653,OL57613,SKU0083,7,2023-05-06,Wrong Size
RET02654,OL57362,SKU0143,13,2023-05-23,Wrong Size
RET02655,OL57428,SKU0112,2,2023-05-10,Wrong Size
RET02656,OL57524,SKU0212,2,2023-05-17,Wrong Size
RET02657,OL57517,SKU0396,2,2023-05-07,Wrong Colour
RET02658,OL57488,SKU0002,3,2023-05-18,Wrong Size
RET02659,OL57489,SKU0112,4,2023-05-19,Wrong Colour
RET02660,OL57464,SKU0087,3,2023-05-11,Wrong Size
RET02661,OL57945,SKU0221,3,2023-05-09,Wrong Size
RET02662,OL57533,SKU0050,9,2023-05-06,Wrong Colour
RET02663,OL57582,SKU0139,3,2023-05-05,Wrong Size
RET02664,OL57574,SKU0110,8,2023-05-17,Wrong Size
RET02665,OL57675,SKU0483,2,2023-05-08,Wrong Size
RET02666,OL57528,SKU0256,4,2023-05-09,Wrong Size
RET02667,OL57529,SKU0215,7,2023-05-19,Wrong Colour
RET02668,OL57633,SKU0201,4,2023-05-20,Wrong Colour
RET02669,OL57603,SKU0199,3,2023-05-09,Wrong Colour
RET02670,OL57658,SKU0417,5,2023-05-19,Wrong Size
RET02671,OL57648,SKU0402,1,2023-05-21,Wrong Size
RET02672,OL57706,SKU0026,1,2023-05-25,Wrong Size
RET02673,OL57821,SKU0394,4,2023-05-07,Wrong Size
RET02674,OL57690,SKU0091,3,2023-05-14,Wrong Colour
RET02675,OL57748,SKU0260,1,2023-05-15,Wrong Colour
RET02676,OL57772,SKU0219,1,2023-05-27,Wrong Colour
RET02677,OL57799,SKU0090,3,2023-05-13,Wrong Size
RET02678,OL57857,SKU0425,3,2023-05-18,Wrong Size
RET02679,OL57890,SKU0323,2,2023-05-17,Wrong Size
RET02680,OL57872,SKU0367,1,2023-05-08,Wrong Colour
RET02681,OL57901,SKU0052,2,2023-05-28,Wrong Colour
RET02682,OL58085,SKU0341,2,2023-05-16,Wrong Colour
RET02683,OL58305,SKU0185,8,2023-05-18,Wrong Colour
RET02684,OL58292,SKU0272,3,2023-05-12,Wrong Size
RET02685,OL58000,SKU0228,4,2023-05-24,Wrong Colour
RET02686,OL58036,SKU0424,3,2023-05-12,Wrong Size
RET02687,OL58126,SKU0484,7,2023-05-15,Wrong Colour
RET02688,OL58134,SKU0350,1,2023-05-20,Wrong Size
RET02689,OL58193,SKU0296,2,2023-05-19,Wrong Size
RET02690,OL58310,SKU0380,1,2023-05-22,Wrong Colour
RET02691,OL58637,SKU0261,1,2023-05-17,Wrong Size
RET02692,OL58232,SKU0140,2,2023-05-17,Wrong Colour
RET02693,OL58278,SKU0183,8,2023-05-18,Wrong Colour
RET02694,OL58401,SKU0152,1,2023-05-22,Wrong Size
RET02695,OL58340,SKU0479,3,2023-05-27,Wrong Colour
RET02696,OL58274,SKU0338,1,2023-05-17,Wrong Size
RET02697,OL58296,SKU0135,3,2023-05-26,Wrong Colour
RET02698,OL58543,SKU0082,5,2023-05-26,Wrong Size
RET02699,OL58353,SKU0058,2,2023-05-13,Wrong Colour
RET02700,OL58429,SKU0406,1,2023-05-30,Wrong Colour
RET02701,OL58546,SKU0478,3,2023-05-16,Wrong Size
RET02702,OL58554,SKU0305,8,2023-05-28,Wrong Colour
RET02703,OL58439,SKU0070,2,2023-05-13,Wrong Size
RET02704,OL58440,SKU0198,8,2023-05-20,Wrong Size
RET02705,OL58498,SKU0138,2,2023-05-27,Wrong Size
RET02706,OL58496,SKU0048,2,2023-05-13,Wrong Size
RET02707,OL58480,SKU0275,1,2023-05-16,Wrong Size
RET02708,OL58483,SKU0438,2,2023-05-19,Wrong Size
RET02709,OL58537,SKU0177,4,2023-05-23,Wrong Size
RET02710,OL58539,SKU0085,4,2023-05-14,Wrong Colour
RET02711,OL58611,SKU0373,3,2023-05-30,Wrong Size
RET02712,OL58821,SKU0253,1,2023-05-16,Wrong Size
RET02713,OL58547,SKU0309,1,2023-05-31,Wrong Size
RET02714,OL58620,SKU0141,3,2023-05-17,Wrong Colour
RET02715,OL58615,SKU0038,3,2023-05-22,Wrong Size
RET02716,OL58733,SKU0051,2,2023-05-29,Wrong Size
RET02717,OL59070,SKU0203,2,2023-05-25,Wrong Size
RET02718,OL59089,SKU0206,5,2023-05-17,Wrong Size
RET02719,OL58787,SKU0426,2,2023-05-29,Wrong Colour
RET02720,OL58904,SKU0292,2,2023-05-16,Wrong Size
RET02721,OL58866,SKU0267,1,2023-05-22,Wrong Colour
RET02722,OL58713,SKU0119,2,2023-05-29,Wrong Colour
RET02723,OL58771,SKU0032,1,2023-05-17,Wrong Colour
RET02724,OL58990,SKU0112,12,2023-05-18,Wrong Colour
RET02725,OL58891,SKU0155,1,2023-05-28,Wrong Colour
RET02726,OL59020,SKU0412,3,2023-05-19,Wrong Colour
RET02727,OL58968,SKU0296,1,2023-05-21,Wrong Size
RET02728,OL58873,SKU0018,11,2023-06-03,Wrong Size
RET02729,OL58853,SKU0022,5,2023-06-05,Wrong Size
RET02730,OL59389,SKU0191,2,2023-05-18,Wrong Size
RET02731,OL59412,SKU0405,3,2023-05-24,Wrong Size
RET02732,OL58973,SKU0055,4,2023-05-29,Wrong Size
RET02733,OL59154,SKU0297,9,2023-05-28,Wrong Size
RET02734,OL59038,SKU0077,1,2023-05-31,Wrong Size
RET02735,OL59219,SKU0320,21,2023-05-28,Wrong Size
RET02736,OL58998,SKU0101,1,2023-05-19,Wrong Colour
RET02737,OL59557,SKU0423,6,2023-05-30,Wrong Size
RET02738,OL59139,SKU0499,8,2023-05-28,Wrong Size
RET02739,OL59279,SKU0367,3,2023-06-05,Wrong Colour
RET02740,OL59193,SKU0193,4,2023-05-24,Wrong Colour
RET02741,OL59396,SKU0257,3,2023-05-29,Wrong Size
RET02742,OL59203,SKU0484,1,2023-05-21,Wrong Colour
RET02743,OL59206,SKU0125,2,2023-05-30,Wrong Size
RET02744,OL59212,SKU0383,4,2023-05-29,Wrong Colour
RET02745,OL59266,SKU0473,1,2023-06-02,Wrong Size
RET02746,OL59410,SKU0363,1,2023-06-06,Wrong Colour
RET02747,OL59347,SKU0237,6,2023-06-09,Wrong Size
RET02748,OL59424,SKU0197,2,2023-05-23,Wrong Size
RET02749,OL59326,SKU0372,3,2023-06-07,Wrong Size
RET02750,OL59531,SKU0262,4,2023-05-28,Wrong Size
RET02751,OL59309,SKU0315,2,2023-06-07,Wrong Size
RET02752,OL59776,SKU0244,4,2023-06-06,Wrong Size
RET02753,OL59574,SKU0062,5,2023-05-27,Wrong Size
RET02754,OL59520,SKU0500,1,2023-05-22,Wrong Colour
RET02755,OL59461,SKU0106,1,2023-05-29,Wrong Size
RET02756,OL59450,SKU0059,1,2023-05-25,Wrong Size
RET02757,OL59760,SKU0121,4,2023-06-05,Wrong Size
RET02758,OL59690,SKU0305,1,2023-06-05,Wrong Size
RET02759,OL59774,SKU0320,3,2023-06-07,Wrong Size
RET02760,OL59692,SKU0465,1,2023-06-10,Wrong Size
RET02761,OL59712,SKU0187,8,2023-05-27,Wrong Colour
RET02762,OL59898,SKU0086,5,2023-06-03,Wrong Size
RET02763,OL59972,SKU0032,3,2023-05-24,Wrong Colour
RET02764,OL59874,SKU0073,2,2023-06-06,Wrong Colour
RET02765,OL59837,SKU0323,3,2023-06-08,Wrong Size
RET02766,OL59871,SKU0253,3,2023-05-29,Wrong Size
RET02767,OL59884,SKU0107,1,2023-05-28,Wrong Colour
RET02768,OL59840,SKU0283,3,2023-06-09,Wrong Size
RET02769,OL59995,SKU0292,1,2023-06-02,Wrong Colour
RET02770,OL60128,SKU0245,2,2023-06-11,Wrong Size
RET02771,OL59974,SKU0441,2,2023-06-03,Wrong Colour
RET02772,OL60007,SKU0312,6,2023-06-08,Wrong Size
RET02773,OL60139,SKU0320,8,2023-05-25,Wrong Size
RET02774,OL59926,SKU0429,4,2023-06-04,Wrong Colour
RET02775,OL59947,SKU0179,9,2023-05-25,Wrong Colour
RET02776,OL60081,SKU0430,16,2023-06-04,Wrong Size
RET02777,OL60013,SKU0459,2,2023-06-15,Wrong Size
RET02778,OL60008,SKU0419,7,2023-06-07,Wrong Size
RET02779,OL60244,SKU0095,7,2023-06-11,Wrong Size
RET02780,OL60024,SKU0338,1,2023-06-09,Wrong Size
RET02781,OL60176,SKU0162,2,2023-06-14,Wrong Colour
RET02782,OL60137,SKU0371,5,2023-06-04,Wrong Size
RET02783,OL60142,SKU0013,5,2023-06-15,Wrong Size
RET02784,OL60028,SKU0332,4,2023-06-14,Wrong Size
RET02785,OL60602,SKU0039,2,2023-06-06,Wrong Colour
RET02786,OL60300,SKU0150,2,2023-06-03,Wrong Size
RET02787,OL60221,SKU0171,1,2023-06-12,Wrong Colour
RET02788,OL60238,SKU0374,2,2023-06-08,Wrong Colour
RET02789,OL60201,SKU0199,2,2023-06-05,Wrong Colour
RET02790,OL60200,SKU0376,2,2023-05-28,Wrong Size
RET02791,OL60261,SKU0064,2,2023-05-31,Wrong Colour
RET02792,OL60422,SKU0069,3,2023-06-15,Wrong Size
RET02793,OL60270,SKU0178,1,2023-06-07,Wrong Size
RET02794,OL60540,SKU0435,10,2023-06-07,Wrong Size
RET02795,OL60420,SKU0018,1,2023-06-02,Wrong Colour
RET02796,OL60700,SKU0405,1,2023-06-12,Wrong Size
RET02797,OL60452,SKU0304,5,2023-06-12,Wrong Colour
RET02798,OL60492,SKU0413,1,2023-06-01,Wrong Colour
RET02799,OL60394,SKU0462,1,2023-05-29,Wrong Size
RET02800,OL60390,SKU0226,3,2023-06-10,Wrong Size
RET02801,OL60473,SKU0183,1,2023-05-29,Wrong Size
RET02802,OL60794,SKU0302,1,2023-06-05,Wrong Colour
RET02803,OL60624,SKU0197,2,2023-06-19,Wrong Colour
RET02804,OL60537,SKU0027,3,2023-06-11,Wrong Size
RET02805,OL60614,SKU0488,4,2023-05-31,Wrong Size
RET02806,OL60558,SKU0322,1,2023-06-06,Wrong Colour
RET02807,OL60898,SKU0107,3,2023-06-05,Wrong Colour
RET02808,OL60962,SKU0034,1,2023-06-09,Wrong Colour
RET02809,OL60742,SKU0151,1,2023-06-17,Wrong Size
RET02810,OL60679,SKU0369,4,2023-06-20,Wrong Colour
RET02811,OL60645,SKU0353,4,2023-05-31,Wrong Size
RET02812,OL60646,SKU0315,3,2023-06-01,Wrong Size
RET02813,OL60737,SKU0030,6,2023-05-31,Wrong Size
RET02814,OL60802,SKU0400,1,2023-06-03,Wrong Size
RET02815,OL60864,SKU0335,2,2023-06-11,Wrong Colour
RET02816,OL60759,SKU0320,6,2023-06-11,Wrong Size
RET02817,OL60741,SKU0270,1,2023-06-15,Wrong Colour
RET02818,OL60986,SKU0294,7,2023-06-11,Wrong Colour
RET02819,OL61025,SKU0467,8,2023-06-10,Wrong Colour
RET02820,OL60908,SKU0279,1,2023-06-04,Wrong Size
RET02821,OL60976,SKU0218,2,2023-06-04,Wrong Size
RET02822,OL60965,SKU0003,2,2023-06-06,Wrong Size
RET02823,OL61236,SKU0129,1,2023-06-15,Wrong Colour
RET02824,OL61308,SKU0200,4,2023-06-08,Wrong Colour
RET02825,OL61134,SKU0426,3,2023-06-23,Wrong Size
RET02826,OL61111,SKU0481,6,2023-06-06,Wrong Colour
RET02827,OL61125,SKU0326,3,2023-06-22,Wrong Colour
RET02828,OL61114,SKU0081,5,2023-06-15,Wrong Colour
RET02829,OL61185,SKU0094,5,2023-06-06,Wrong Size
RET02830,OL61244,SKU0054,1,2023-06-21,Wrong Colour
RET02831,OL61239,SKU0018,2,2023-06-14,Wrong Colour
RET02832,OL61364,SKU0052,4,2023-06-14,Wrong Size
RET02833,OL61371,SKU0451,2,2023-06-08,Wrong Colour
RET02834,OL61330,SKU0065,1,2023-06-22,Wrong Size
RET02835,OL61609,SKU0424,4,2023-06-14,Wrong Colour
RET02836,OL61525,SKU0440,5,2023-06-09,Wrong Size
RET02837,OL61530,SKU0294,3,2023-06-23,Wrong Size
RET02838,OL61427,SKU0045,1,2023-06-17,Wrong Colour
RET02839,OL61543,SKU0042,5,2023-06-10,Wrong Size
RET02840,OL61548,SKU0305,2,2023-06-13,Wrong Colour
RET02841,OL61549,SKU0073,1,2023-06-09,Wrong Colour
RET02842,OL61551,SKU0150,1,2023-06-18,Wrong Colour
RET02843,OL61746,SKU0122,1,2023-06-12,Wrong Colour
RET02844,OL61569,SKU0235,1,2023-06-14,Wrong Size
RET02845,OL61563,SKU0071,1,2023-06-23,Wrong Size
RET02846,OL61859,SKU0235,1,2023-06-11,Wrong Colour
RET02847,OL61976,SKU0010,1,2023-06-11,Wrong Size
RET02848,OL61649,SKU0489,5,2023-06-09,Wrong Size
RET02849,OL61741,SKU0476,2,2023-06-10,Wrong Size
RET02850,OL61790,SKU0298,9,2023-06-09,Wrong Colour
RET02851,OL62110,SKU0054,3,2023-06-30,Wrong Colour
RET02852,OL62019,SKU0488,4,2023-06-13,Wrong Size
RET02853,OL61889,SKU0080,6,2023-06-15,Wrong Size
RET02854,OL61870,SKU0028,2,2023-06-30,Wrong Size
RET02855,OL61992,SKU0454,1,2023-06-29,Wrong Size
RET02856,OL61843,SKU0203,1,2023-06-14,Wrong Size
RET02857,OL61844,SKU0421,1,2023-06-28,Wrong Size
RET02858,OL61821,SKU0090,3,2023-06-30,Wrong Colour
RET02859,OL61999,SKU0103,4,2023-06-23,Wrong Colour
RET02860,OL61930,SKU0219,1,2023-06-30,Wrong Size
RET02861,OL62243,SKU0192,11,2023-06-21,Wrong Size
RET02862,OL61942,SKU0468,3,2023-06-21,Wrong Size
RET02863,OL62094,SKU0187,4,2023-07-02,Wrong Size
RET02864,OL62194,SKU0485,1,2023-06-17,Wrong Size
RET02865,OL62059,SKU0079,3,2023-06-29,Wrong Size
RET02866,OL62213,SKU0481,1,2023-06-30,Wrong Colour
RET02867,OL62130,SKU0341,1,2023-06-19,Wrong Colour
RET02868,OL62334,SKU0315,3,2023-07-01,Wrong Colour
RET02869,OL62374,SKU0442,2,2023-07-03,Wrong Size
RET02870,OL62266,SKU0252,3,2023-06-30,Wrong Size
RET02871,OL62233,SKU0472,2,2023-06-29,Wrong Colour
RET02872,OL62208,SKU0375,3,2023-07-01,Wrong Size
RET02873,OL62292,SKU0265,2,2023-06-26,Wrong Size
RET02874,OL62397,SKU0321,4,2023-06-20,Wrong Size
RET02875,OL62406,SKU0026,5,2023-06-19,Wrong Colour
RET02876,OL62568,SKU0102,8,2023-06-24,Wrong Colour
RET02877,OL62478,SKU0277,3,2023-06-16,Wrong Size
RET02878,OL62984,SKU0437,6,2023-06-17,Wrong Colour
RET02879,OL62707,SKU0283,3,2023-06-30,Wrong Colour
RET02880,OL62708,SKU0096,6,2023-06-28,Wrong Size
RET02881,OL62685,SKU0238,8,2023-06-22,Wrong Size
RET02882,OL62589,SKU0235,4,2023-06-19,Wrong Size
RET02883,OL62691,SKU0177,2,2023-06-17,Wrong Size
RET02884,OL62954,SKU0051,6,2023-06-22,Wrong Colour
RET02885,OL62714,SKU0433,1,2023-06-18,Wrong Colour
RET02886,OL62791,SKU0256,1,2023-06-26,Wrong Size
RET02887,OL63184,SKU0455,10,2023-06-29,Wrong Size
RET02888,OL62821,SKU0189,3,2023-07-07,Wrong Size
RET02889,OL62876,SKU0445,8,2023-07-01,Wrong Size
RET02890,OL62800,SKU0449,3,2023-06-19,Wrong Colour
RET02891,OL62974,SKU0211,3,2023-07-04,Wrong Size
RET02892,OL62754,SKU0322,1,2023-06-27,Wrong Size
RET02893,OL62734,SKU0263,1,2023-07-07,Wrong Colour
RET02894,OL62735,SKU0262,1,2023-07-02,Wrong Size
RET02895,OL63057,SKU0307,2,2023-06-25,Wrong Size
RET02896,OL62998,SKU0365,3,2023-07-09,Wrong Colour
RET02897,OL62951,SKU0230,4,2023-06-19,Wrong Size
RET02898,OL62916,SKU0420,1,2023-07-08,Wrong Colour
RET02899,OL62927,SKU0176,1,2023-07-06,Wrong Size
RET02900,OL62945,SKU0047,3,2023-07-01,Wrong Size
RET02901,OL63115,SKU0188,5,2023-06-26,Wrong Colour
RET02902,OL63116,SKU0053,3,2023-07-09,Wrong Size
RET02903,OL63080,SKU0418,9,2023-06-20,Wrong Colour
RET02904,OL63093,SKU0494,3,2023-06-20,Wrong Size
RET02905,OL63094,SKU0431,3,2023-07-04,Wrong Colour
RET02906,OL63015,SKU0085,1,2023-06-26,Wrong Size
RET02907,OL63600,SKU0058,2,2023-07-03,Wrong Colour
RET02908,OL63208,SKU0203,2,2023-06-25,Wrong Size
RET02909,OL63353,SKU0395,1,2023-07-06,Wrong Size
RET02910,OL63143,SKU0062,1,2023-07-07,Wrong Colour
RET02911,OL63169,SKU0231,4,2023-07-10,Wrong Colour
RET02912,OL63235,SKU0384,5,2023-07-10,Wrong Colour
RET02913,OL63236,SKU0348,4,2023-07-05,Wrong Size
RET02914,OL63225,SKU0246,1,2023-07-09,Wrong Size
RET02915,OL63338,SKU0133,8,2023-06-27,Wrong Size
RET02916,OL63302,SKU0373,1,2023-06-28,Wrong Size
RET02917,OL63320,SKU0262,4,2023-06-29,Wrong Size
RET02918,OL63259,SKU0041,16,2023-07-04,Wrong Colour
RET02919,OL63389,SKU0431,3,2023-06-29,Wrong Size
RET02920,OL63578,SKU0299,1,2023-07-09,Wrong Size
RET02921,OL63472,SKU0138,1,2023-06-27,Wrong Size
RET02922,OL63487,SKU0310,3,2023-07-11,Wrong Size
RET02923,OL63405,SKU0312,1,2023-07-13,Wrong Size
RET02924,OL63408,SKU0304,6,2023-07-03,Wrong Colour
RET02925,OL63552,SKU0346,3,2023-06-30,Wrong Colour
RET02926,OL63496,SKU0458,4,2023-06-27,Wrong Size
RET02927,OL63442,SKU0087,3,2023-07-11,Wrong Colour
RET02928,OL63412,SKU0049,2,2023-06-30,Wrong Size
RET02929,OL63400,SKU0054,4,2023-07-09,Wrong Size
RET02930,OL63450,SKU0140,7,2023-07-12,Wrong Colour
RET02931,OL63452,SKU0134,3,2023-07-09,Wrong Colour
RET02932,OL63415,SKU0152,1,2023-07-12,Wrong Size
RET02933,OL64024,SKU0341,7,2023-07-01,Wrong Size
RET02934,OL63581,SKU0433,1,2023-07-08,Wrong Size
RET02935,OL63714,SKU0044,2,2023-07-11,Wrong Size
RET02936,OL63603,SKU0181,1,2023-07-11,Wrong Size
RET02937,OL63827,SKU0180,1,2023-07-14,Wrong Colour
RET02938,OL63755,SKU0243,5,2023-07-03,Wrong Size
RET02939,OL63672,SKU0488,5,2023-06-30,Wrong Colour
RET02940,OL63685,SKU0413,4,2023-07-15,Wrong Colour
RET02941,OL63845,SKU0070,3,2023-06-27,Wrong Size
RET02942,OL63805,SKU0197,1,2023-06-29,Wrong Size
RET02943,OL63807,SKU0091,5,2023-07-05,Wrong Size
RET02944,OL63688,SKU0382,7,2023-07-02,Wrong Size
RET02945,OL63808,SKU0495,3,2023-07-09,Wrong Size
RET02946,OL63776,SKU0041,4,2023-06-30,Wrong Colour
RET02947,OL63869,SKU0417,6,2023-06-27,Wrong Size
RET02948,OL63870,SKU0462,2,2023-07-11,Wrong Colour
RET02949,OL63778,SKU0228,1,2023-07-01,Wrong Size
RET02950,OL64020,SKU0341,2,2023-07-09,Wrong Colour
RET02951,OL63823,SKU0321,4,2023-07-03,Wrong Colour
RET02952,OL63824,SKU0460,4,2023-06-29,Wrong Colour
RET02953,OL63867,SKU0250,1,2023-07-07,Wrong Colour
RET02954,OL64028,SKU0422,7,2023-07-13,Wrong Colour
RET02955,OL64133,SKU0096,1,2023-07-04,Wrong Colour
RET02956,OL63967,SKU0211,4,2023-06-27,Wrong Size
RET02957,OL63950,SKU0400,1,2023-06-27,Wrong Colour
RET02958,OL64204,SKU0077,2,2023-07-02,Wrong Colour
RET02959,OL64066,SKU0224,2,2023-07-01,Wrong Colour
RET02960,OL64149,SKU0003,10,2023-07-03,Wrong Size
RET02961,OL64305,SKU0122,8,2023-06-29,Wrong Size
RET02962,OL64434,SKU0448,1,2023-07-11,Wrong Colour
RET02963,OL64249,SKU0165,6,2023-06-29,Wrong Colour
RET02964,OL64494,SKU0149,5,2023-07-04,Wrong Colour
RET02965,OL64495,SKU0407,1,2023-07-03,Wrong Colour
RET02966,OL64381,SKU0461,3,2023-07-06,Wrong Size
RET02967,OL64349,SKU0414,2,2023-07-02,Wrong Size
RET02968,OL64390,SKU0121,2,2023-07-11,Wrong Size
RET02969,OL64451,SKU0110,4,2023-07-16,Wrong Colour
RET02970,OL64453,SKU0113,3,2023-07-10,Wrong Size
RET02971,OL64497,SKU0006,6,2023-07-05,Wrong Colour
RET02972,OL64647,SKU0061,3,2023-07-09,Wrong Colour
RET02973,OL64875,SKU0197,6,2023-07-08,Wrong Size
RET02974,OL64699,SKU0336,7,2023-07-19,Wrong Size
RET02975,OL64511,SKU0452,5,2023-07-17,Wrong Size
RET02976,OL64562,SKU0156,1,2023-07-22,Wrong Size
RET02977,OL64538,SKU0350,2,2023-07-07,Wrong Size
RET02978,OL64729,SKU0493,3,2023-07-04,Wrong Size
RET02979,OL64749,SKU0048,3,2023-07-18,Wrong Colour
RET02980,OL64746,SKU0389,3,2023-07-04,Wrong Colour
RET02981,OL64815,SKU0291,6,2023-07-05,Wrong Size
RET02982,OL64662,SKU0296,4,2023-07-15,Wrong Size
RET02983,OL64735,SKU0185,3,2023-07-14,Wrong Size
RET02984,OL64621,SKU0270,2,2023-07-20,Wrong Colour
RET02985,OL64801,SKU0267,2,2023-07-10,Wrong Size
RET02986,OL64630,SKU0131,2,2023-07-09,Wrong Size
RET02987,OL64707,SKU0299,2,2023-07-17,Wrong Colour
RET02988,OL64756,SKU0218,1,2023-07-18,Wrong Size
RET02989,OL64770,SKU0160,2,2023-07-04,Wrong Size
RET02990,OL64723,SKU0363,4,2023-07-05,Wrong Size
RET02991,OL64734,SKU0282,8,2023-07-05,Wrong Colour
RET02992,OL64791,SKU0073,1,2023-07-21,Wrong Colour
RET02993,OL64855,SKU0140,3,2023-07-23,Wrong Size
RET02994,OL64889,SKU0322,4,2023-07-19,Wrong Colour
RET02995,OL64825,SKU0385,1,2023-07-18,Wrong Size
RET02996,OL64992,SKU0405,3,2023-07-06,Wrong Colour
RET02997,OL65096,SKU0200,2,2023-07-23,Wrong Size
RET02998,OL65162,SKU0460,13,2023-07-08,Wrong Colour
RET02999,OL64928,SKU0194,2,2023-07-14,Wrong Size
RET03000,OL64904,SKU0308,3,2023-07-09,Wrong Size
RET03001,OL65001,SKU0475,16,2023-07-11,Wrong Size
RET03002,OL65174,SKU0038,1,2023-07-22,Wrong Size
RET03003,OL65065,SKU0397,6,2023-07-24,Wrong Size
RET03004,OL65041,SKU0133,4,2023-07-08,Wrong Size
RET03005,OL65025,SKU0181,1,2023-07-22,Wrong Size
RET03006,OL65477,SKU0358,4,2023-07-28,Wrong Size
RET03007,OL65099,SKU0184,2,2023-07-15,Wrong Size
RET03008,OL65393,SKU0005,24,2023-07-23,Wrong Colour
RET03009,OL65113,SKU0392,1,2023-07-12,Wrong Colour
RET03010,OL65242,SKU0004,5,2023-07-15,Wrong Size
RET03011,OL65568,SKU0092,4,2023-07-27,Wrong Size
RET03012,OL65219,SKU0240,6,2023-07-21,Wrong Colour
RET03013,OL65347,SKU0108,1,2023-07-19,Wrong Size
RET03014,OL65350,SKU0457,1,2023-07-23,Wrong Colour
RET03015,OL65266,SKU0040,1,2023-07-09,Wrong Size
RET03016,OL65203,SKU0499,3,2023-07-27,Wrong Colour
RET03017,OL65352,SKU0204,2,2023-07-14,Wrong Colour
RET03018,OL65491,SKU0016,8,2023-07-10,Wrong Colour
RET03019,OL65565,SKU0189,7,2023-07-25,Wrong Colour
RET03020,OL65496,SKU0290,5,2023-07-23,Wrong Colour
RET03021,OL65502,SKU0183,9,2023-07-16,Wrong Size
RET03022,OL65509,SKU0029,2,2023-07-13,Wrong Colour
RET03023,OL65511,SKU0444,5,2023-07-12,Wrong Colour
RET03024,OL65452,SKU0367,7,2023-07-11,Wrong Colour
RET03025,OL65728,SKU0387,2,2023-07-13,Wrong Colour
RET03026,OL65648,SKU0052,4,2023-07-24,Wrong Size
RET03027,OL65897,SKU0284,7,2023-07-30,Wrong Size
RET03028,OL65774,SKU0274,6,2023-07-24,Wrong Size
RET03029,OL65675,SKU0342,1,2023-07-13,Wrong Size
RET03030,OL65613,SKU0088,3,2023-07-21,Wrong Colour
RET03031,OL65623,SKU0268,2,2023-07-28,Wrong Size
RET03032,OL65617,SKU0167,4,2023-07-31,Wrong Colour
RET03033,OL65525,SKU0025,1,2023-08-01,Wrong Size
RET03034,OL65633,SKU0420,1,2023-07-24,Wrong Colour
RET03035,OL66143,SKU0163,4,2023-07-21,Wrong Size
RET03036,OL66030,SKU0276,1,2023-07-22,Wrong Size
RET03037,OL65707,SKU0115,5,2023-07-21,Wrong Size
RET03038,OL65679,SKU0016,14,2023-07-28,Wrong Size
RET03039,OL65935,SKU0136,1,2023-07-22,Wrong Colour
RET03040,OL66181,SKU0421,6,2023-07-19,Wrong Size
RET03041,OL65845,SKU0078,7,2023-08-02,Wrong Size
RET03042,OL66025,SKU0242,13,2023-07-19,Wrong Size
RET03043,OL65912,SKU0087,1,2023-07-16,Wrong Size
RET03044,OL65850,SKU0402,5,2023-07-27,Wrong Size
RET03045,OL65813,SKU0335,1,2023-07-22,Wrong Size
RET03046,OL66046,SKU0144,2,2023-07-30,Wrong Size
RET03047,OL66019,SKU0379,1,2023-08-04,Wrong Size
RET03048,OL66021,SKU0104,3,2023-07-27,Wrong Colour
RET03049,OL65919,SKU0239,2,2023-08-01,Wrong Size
RET03050,OL65893,SKU0170,1,2023-08-02,Wrong Size
RET03051,OL65960,SKU0189,1,2023-07-21,Wrong Size
RET03052,OL66074,SKU0154,3,2023-08-02,Wrong Size
RET03053,OL66075,SKU0445,16,2023-08-05,Wrong Colour
RET03054,OL66271,SKU0371,8,2023-07-29,Wrong Size
RET03055,OL66385,SKU0167,13,2023-07-28,Wrong Size
RET03056,OL66049,SKU0446,2,2023-07-26,Wrong Size
RET03057,OL66180,SKU0448,4,2023-07-23,Wrong Size
RET03058,OL66308,SKU0170,2,2023-07-26,Wrong Size
RET03059,OL66493,SKU0488,16,2023-07-18,Wrong Size
RET03060,OL66256,SKU0067,2,2023-07-24,Wrong Size
RET03061,OL66257,SKU0171,2,2023-07-23,Wrong Colour
RET03062,OL66405,SKU0149,3,2023-07-29,Wrong Colour
RET03063,OL66349,SKU0239,1,2023-07-19,Wrong Colour
RET03064,OL66303,SKU0307,1,2023-07-27,Wrong Colour
RET03065,OL66689,SKU0107,2,2023-08-02,Wrong Colour
RET03066,OL66855,SKU0064,3,2023-07-29,Wrong Colour
RET03067,OL66549,SKU0420,2,2023-07-22,Wrong Size
RET03068,OL66617,SKU0392,4,2023-08-04,Wrong Colour
RET03069,OL66931,SKU0070,4,2023-07-20,Wrong Size
RET03070,OL66657,SKU0267,3,2023-07-28,Wrong Colour
RET03071,OL66792,SKU0069,9,2023-08-09,Wrong Size
RET03072,OL66669,SKU0481,2,2023-07-31,Wrong Size
RET03073,OL66834,SKU0271,4,2023-07-30,Wrong Size
RET03074,OL67179,SKU0430,11,2023-08-07,Wrong Colour
RET03075,OL67010,SKU0201,3,2023-07-29,Wrong Size
RET03076,OL66751,SKU0426,7,2023-07-21,Wrong Colour
RET03077,OL66737,SKU0165,2,2023-08-06,Wrong Size
RET03078,OL66805,SKU0428,2,2023-08-09,Wrong Size
RET03079,OL66736,SKU0063,8,2023-08-02,Wrong Size
RET03080,OL66860,SKU0195,2,2023-08-07,Wrong Size
RET03081,OL66943,SKU0278,5,2023-07-27,Wrong Size
RET03082,OL66886,SKU0329,3,2023-07-30,Wrong Colour
RET03083,OL67088,SKU0100,2,2023-07-31,Wrong Size
RET03084,OL66889,SKU0144,3,2023-08-11,Wrong Size
RET03085,OL67057,SKU0348,6,2023-07-30,Wrong Size
RET03086,OL67118,SKU0052,2,2023-07-26,Wrong Size
RET03087,OL67119,SKU0219,1,2023-08-08,Wrong Size
RET03088,OL67412,SKU0360,5,2023-08-13,Wrong Colour
RET03089,OL67266,SKU0427,1,2023-08-02,Wrong Colour
RET03090,OL67174,SKU0337,3,2023-08-01,Wrong Size
RET03091,OL67173,SKU0160,1,2023-08-09,Wrong Colour
RET03092,OL67369,SKU0497,3,2023-07-29,Wrong Colour
RET03093,OL67200,SKU0485,6,2023-08-01,Wrong Size
RET03094,OL67255,SKU0123,1,2023-08-01,Wrong Size
RET03095,OL67185,SKU0120,1,2023-07-28,Wrong Size
RET03096,OL67104,SKU0107,1,2023-08-03,Wrong Size
RET03097,OL67213,SKU0432,2,2023-08-01,Wrong Colour
RET03098,OL67365,SKU0341,2,2023-08-06,Wrong Colour
RET03099,OL67336,SKU0082,3,2023-07-29,Wrong Colour
RET03100,OL67337,SKU0117,1,2023-08-12,Wrong Size
RET03101,OL67218,SKU0009,6,2023-08-06,Wrong Size
RET03102,OL67290,SKU0444,17,2023-08-06,Wrong Colour
RET03103,OL67349,SKU0146,2,2023-08-03,Wrong Size
RET03104,OL67320,SKU0241,3,2023-07-31,Wrong Size
RET03105,OL67618,SKU0318,1,2023-08-09,Wrong Size
RET03106,OL67315,SKU0061,11,2023-08-03,Wrong Colour
RET03107,OL67454,SKU0018,17,2023-08-02,Wrong Size
RET03108,OL67431,SKU0036,8,2023-08-02,Wrong Colour
RET03109,OL67341,SKU0116,2,2023-08-07,Wrong Colour
RET03110,OL67389,SKU0127,1,2023-08-01,Wrong Colour
RET03111,OL67559,SKU0129,2,2023-08-13,Wrong Size
RET03112,OL67449,SKU0482,6,2023-08-01,Wrong Size
RET03113,OL67406,SKU0139,2,2023-08-12,Wrong Colour
RET03114,OL67494,SKU0021,7,2023-08-11,Wrong Colour
RET03115,OL67489,SKU0085,2,2023-07-31,Wrong Colour
RET03116,OL67601,SKU0086,2,2023-08-08,Wrong Colour
RET03117,OL67655,SKU0411,6,2023-08-12,Wrong Colour
RET03118,OL67649,SKU0433,9,2023-07-28,Wrong Colour
RET03119,OL67670,SKU0189,2,2023-08-10,Wrong Size
RET03120,OL67635,SKU0438,1,2023-07-31,Wrong Colour
RET03121,OL68021,SKU0174,2,2023-08-18,Wrong Colour
RET03122,OL68093,SKU0281,1,2023-08-07,Wrong Size
RET03123,OL68336,SKU0226,2,2023-08-14,Wrong Size
RET03124,OL68353,SKU0009,2,2023-08-01,Wrong Size
RET03125,OL67992,SKU0229,9,2023-08-06,Wrong Size
RET03126,OL68116,SKU0158,2,2023-08-18,Wrong Colour
RET03127,OL67972,SKU0311,1,2023-08-06,Wrong Size
RET03128,OL67841,SKU0196,2,2023-08-09,Wrong Size
RET03129,OL68082,SKU0042,1,2023-08-01,Wrong Size
RET03130,OL67895,SKU0126,2,2023-08-20,Wrong Size
RET03131,OL67896,SKU0081,9,2023-08-06,Wrong Colour
RET03132,OL67916,SKU0221,1,2023-08-19,Wrong Size
RET03133,OL68278,SKU0360,5,2023-08-16,Wrong Size
RET03134,OL68043,SKU0279,2,2023-08-12,Wrong Size
RET03135,OL68026,SKU0407,1,2023-08-21,Wrong Size
RET03136,OL68032,SKU0123,2,2023-08-06,Wrong Size
RET03137,OL68003,SKU0430,2,2023-08-15,Wrong Size
RET03138,OL68630,SKU0197,5,2023-08-08,Wrong Size
RET03139,OL68215,SKU0117,6,2023-08-07,Wrong Size
RET03140,OL68333,SKU0311,1,2023-08-11,Wrong Size
RET03141,OL68165,SKU0455,1,2023-08-06,Wrong Size
RET03142,OL68167,SKU0448,1,2023-08-13,Wrong Size
RET03143,OL68717,SKU0063,5,2023-08-14,Wrong Colour
RET03144,OL68544,SKU0244,10,2023-08-15,Wrong Size
RET03145,OL68529,SKU0222,12,2023-08-21,Wrong Size
RET03146,OL68379,SKU0486,5,2023-08-18,Wrong Colour
RET03147,OL68562,SKU0364,4,2023-08-05,Wrong Size
RET03148,OL68564,SKU0375,3,2023-08-05,Wrong Size
RET03149,OL68561,SKU0078,1,2023-08-19,Wrong Size
RET03150,OL68453,SKU0044,13,2023-08-10,Wrong Colour
RET03151,OL68440,SKU0171,2,2023-08-18,Wrong Colour
RET03152,OL68538,SKU0325,3,2023-08-15,Wrong Size
RET03153,OL68675,SKU0041,15,2023-08-13,Wrong Size
RET03154,OL68652,SKU0476,2,2023-08-09,Wrong Colour
RET03155,OL68661,SKU0029,4,2023-08-15,Wrong Colour
RET03156,OL68599,SKU0398,4,2023-08-18,Wrong Colour
RET03157,OL68726,SKU0202,1,2023-08-10,Wrong Size
RET03158,OL68627,SKU0049,2,2023-08-21,Wrong Size
RET03159,OL69078,SKU0079,11,2023-08-09,Wrong Size
RET03160,OL68733,SKU0403,3,2023-08-24,Wrong Size
RET03161,OL68822,SKU0323,8,2023-08-15,Wrong Colour
RET03162,OL68801,SKU0437,1,2023-08-06,Wrong Size
RET03163,OL68737,SKU0224,2,2023-08-12,Wrong Colour
RET03164,OL68820,SKU0150,1,2023-08-13,Wrong Size
RET03165,OL68971,SKU0294,11,2023-08-25,Wrong Size
RET03166,OL69128,SKU0121,8,2023-08-14,Wrong Colour
RET03167,OL68780,SKU0012,6,2023-08-07,Wrong Size
RET03168,OL69081,SKU0338,2,2023-08-27,Wrong Size
RET03169,OL68899,SKU0302,1,2023-08-24,Wrong Size
RET03170,OL69088,SKU0075,3,2023-08-13,Wrong Colour
RET03171,OL69089,SKU0432,2,2023-08-08,Wrong Size
RET03172,OL69125,SKU0343,1,2023-08-12,Wrong Colour
RET03173,OL68933,SKU0019,3,2023-08-10,Wrong Size
RET03174,OL69171,SKU0228,3,2023-08-26,Wrong Size
RET03175,OL69117,SKU0030,1,2023-08-08,Wrong Size
RET03176,OL68924,SKU0309,16,2023-08-23,Wrong Colour
RET03177,OL69121,SKU0433,5,2023-08-24,Wrong Colour
RET03178,OL68901,SKU0080,1,2023-08-28,Wrong Size
RET03179,OL68903,SKU0326,12,2023-08-22,Wrong Colour
RET03180,OL69095,SKU0226,1,2023-08-12,Wrong Size
RET03181,OL69069,SKU0156,9,2023-08-14,Wrong Size
RET03182,OL69332,SKU0402,1,2023-08-18,Wrong Size
RET03183,OL69364,SKU0479,13,2023-08-12,Wrong Size
RET03184,OL69036,SKU0411,2,2023-08-27,Wrong Colour
RET03185,OL69057,SKU0167,12,2023-08-24,Wrong Size
RET03186,OL69183,SKU0059,3,2023-08-13,Wrong Size
RET03187,OL69242,SKU0086,2,2023-08-20,Wrong Colour
RET03188,OL69149,SKU0057,5,2023-08-10,Wrong Colour
RET03189,OL69226,SKU0321,3,2023-08-13,Wrong Colour
RET03190,OL69382,SKU0282,4,2023-08-28,Wrong Colour
RET03191,OL69574,SKU0042,2,2023-08-18,Wrong Size
RET03192,OL69527,SKU0421,1,2023-08-19,Wrong Size
RET03193,OL69508,SKU0271,9,2023-08-15,Wrong Colour
RET03194,OL69308,SKU0270,9,2023-08-23,Wrong Size
RET03195,OL69277,SKU0341,1,2023-08-16,Wrong Size
RET03196,OL69321,SKU0083,3,2023-08-28,Wrong Size
RET03197,OL69482,SKU0472,4,2023-08-22,Wrong Colour
RET03198,OL69608,SKU0166,6,2023-08-22,Wrong Colour
RET03199,OL69624,SKU0449,2,2023-08-14,Wrong Size
RET03200,OL69435,SKU0147,1,2023-08-22,Wrong Size
RET03201,OL69409,SKU0392,2,2023-08-19,Wrong Size
RET03202,OL69443,SKU0163,1,2023-08-27,Wrong Size
RET03203,OL69505,SKU0215,1,2023-08-25,Wrong Size
RET03204,OL70020,SKU0172,8,2023-08-18,Wrong Size
RET03205,OL69597,SKU0190,2,2023-08-21,Wrong Size
RET03206,OL69903,SKU0182,16,2023-08-16,Wrong Colour
RET03207,OL69727,SKU0474,3,2023-08-15,Wrong Size
RET03208,OL69816,SKU0355,1,2023-08-17,Wrong Size
RET03209,OL70328,SKU0136,2,2023-08-18,Wrong Colour
RET03210,OL69841,SKU0299,17,2023-08-29,Wrong Colour
RET03211,OL69851,SKU0077,4,2023-08-19,Wrong Size
RET03212,OL69884,SKU0091,5,2023-08-28,Wrong Colour
RET03213,OL69772,SKU0416,1,2023-08-28,Wrong Colour
RET03214,OL70130,SKU0111,4,2023-09-03,Wrong Colour
RET03215,OL70159,SKU0387,1,2023-09-01,Wrong Colour
RET03216,OL69928,SKU0255,1,2023-09-04,Wrong Size
RET03217,OL70027,SKU0296,2,2023-09-02,Wrong Size
RET03218,OL69926,SKU0474,2,2023-08-29,Wrong Colour
RET03219,OL70187,SKU0326,10,2023-08-29,Wrong Colour
RET03220,OL70196,SKU0059,2,2023-08-25,Wrong Colour
RET03221,OL70056,SKU0497,4,2023-08-17,Wrong Colour
RET03222,OL70313,SKU0054,2,2023-09-02,Wrong Size
RET03223,OL70248,SKU0392,2,2023-08-27,Wrong Size
RET03224,OL70308,SKU0297,3,2023-08-20,Wrong Size
RET03225,OL70377,SKU0453,3,2023-08-19,Wrong Size
RET03226,OL70417,SKU0078,4,2023-08-29,Wrong Size
RET03227,OL70285,SKU0037,3,2023-08-22,Wrong Size
RET03228,OL70300,SKU0166,5,2023-08-19,Wrong Size
RET03229,OL70236,SKU0169,2,2023-09-04,Wrong Colour
RET03230,OL70494,SKU0296,1,2023-08-19,Wrong Size
RET03231,OL70498,SKU0149,1,2023-09-03,Wrong Size
RET03232,OL70340,SKU0318,4,2023-08-21,Wrong Colour
RET03233,OL70522,SKU0057,2,2023-08-25,Wrong Size
RET03234,OL70554,SKU0390,3,2023-09-01,Wrong Size
RET03235,OL70825,SKU0483,3,2023-08-25,Wrong Size
RET03236,OL70869,SKU0433,5,2023-08-22,Wrong Colour
RET03237,OL70698,SKU0054,1,2023-09-01,Wrong Size
RET03238,OL70687,SKU0165,9,2023-09-08,Wrong Colour
RET03239,OL70692,SKU0098,1,2023-09-02,Wrong Colour
RET03240,OL70526,SKU0176,1,2023-09-03,Wrong Size
RET03241,OL70738,SKU0299,6,2023-08-28,Wrong Size
RET03242,OL70839,SKU0085,1,2023-09-07,Wrong Colour
RET03243,OL70641,SKU0190,1,2023-09-05,Wrong Colour
RET03244,OL70708,SKU0170,2,2023-09-03,Wrong Size
RET03245,OL70881,SKU0419,21,2023-08-23,Wrong Size
RET03246,OL70730,SKU0101,8,2023-09-05,Wrong Colour
RET03247,OL70887,SKU0465,3,2023-08-30,Wrong Size
RET03248,OL70932,SKU0165,2,2023-08-27,Wrong Size
RET03249,OL70749,SKU0280,1,2023-09-03,Wrong Size
RET03250,OL70753,SKU0489,4,2023-08-29,Wrong Size
RET03251,OL70794,SKU0423,9,2023-09-10,Wrong Size
RET03252,OL70916,SKU0223,4,2023-08-25,Wrong Size
RET03253,OL70804,SKU0085,1,2023-09-08,Wrong Size
RET03254,OL70993,SKU0327,2,2023-09-02,Wrong Size
RET03255,OL71261,SKU0225,3,2023-08-31,Wrong Size
RET03256,OL71023,SKU0410,1,2023-09-04,Wrong Colour
RET03257,OL70895,SKU0089,4,2023-09-10,Wrong Size
RET03258,OL70904,SKU0046,3,2023-09-12,Wrong Colour
RET03259,OL70820,SKU0406,2,2023-08-30,Wrong Colour
RET03260,OL71000,SKU0064,1,2023-09-02,Wrong Size
RET03261,OL71001,SKU0419,6,2023-08-30,Wrong Size
RET03262,OL71033,SKU0314,1,2023-08-31,Wrong Size
RET03263,OL71029,SKU0434,1,2023-09-03,Wrong Colour
RET03264,OL71118,SKU0066,3,2023-09-06,Wrong Colour
RET03265,OL71221,SKU0402,3,2023-09-08,Wrong Colour
RET03266,OL71078,SKU0212,5,2023-08-30,Wrong Size
RET03267,OL71079,SKU0150,2,2023-08-31,Wrong Size
RET03268,OL71236,SKU0091,5,2023-08-27,Wrong Size
RET03269,OL71154,SKU0320,14,2023-09-01,Wrong Colour
RET03270,OL71545,SKU0382,1,2023-08-31,Wrong Colour
RET03271,OL71439,SKU0172,1,2023-08-31,Wrong Colour
RET03272,OL71296,SKU0285,4,2023-09-09,Wrong Colour
RET03273,OL71651,SKU0174,1,2023-08-30,Wrong Size
RET03274,OL71594,SKU0185,2,2023-08-31,Wrong Colour
RET03275,OL71374,SKU0404,11,2023-09-09,Wrong Colour
RET03276,OL71398,SKU0431,2,2023-08-31,Wrong Colour
RET03277,OL71414,SKU0391,1,2023-09-11,Wrong Colour
RET03278,OL71617,SKU0125,1,2023-09-08,Wrong Colour
RET03279,OL71596,SKU0032,1,2023-09-12,Wrong Colour
RET03280,OL71552,SKU0424,1,2023-09-15,Wrong Colour
RET03281,OL71629,SKU0129,1,2023-09-04,Wrong Size
RET03282,OL71487,SKU0476,2,2023-09-08,Wrong Size
RET03283,OL71456,SKU0222,2,2023-09-11,Wrong Colour
RET03284,OL71713,SKU0238,1,2023-09-09,Wrong Size
RET03285,OL71681,SKU0132,2,2023-09-11,Wrong Size
RET03286,OL71775,SKU0024,2,2023-09-10,Wrong Size
RET03287,OL71658,SKU0382,1,2023-09-08,Wrong Colour
RET03288,OL71583,SKU0367,1,2023-09-04,Wrong Size
RET03289,OL71584,SKU0119,2,2023-09-16,Wrong Colour
RET03290,OL71699,SKU0476,1,2023-09-14,Wrong Size
RET03291,OL71556,SKU0095,1,2023-09-03,Wrong Size
RET03292,OL71636,SKU0044,8,2023-09-17,Wrong Size
RET03293,OL71994,SKU0430,17,2023-09-19,Wrong Colour
RET03294,OL71698,SKU0028,2,2023-09-01,Wrong Colour
RET03295,OL71731,SKU0238,1,2023-09-12,Wrong Colour
RET03296,OL71721,SKU0152,2,2023-09-05,Wrong Size
RET03297,OL71745,SKU0076,2,2023-09-03,Wrong Colour
RET03298,OL71641,SKU0006,1,2023-08-30,Wrong Size
RET03299,OL71767,SKU0359,4,2023-09-01,Wrong Size
RET03300,OL71870,SKU0068,6,2023-09-16,Wrong Size
RET03301,OL71776,SKU0286,3,2023-09-14,Wrong Size
RET03302,OL71923,SKU0488,1,2023-09-10,Wrong Size
RET03303,OL72028,SKU0351,2,2023-09-07,Wrong Size
RET03304,OL72029,SKU0425,1,2023-09-01,Wrong Colour
RET03305,OL72030,SKU0261,2,2023-08-31,Wrong Size
RET03306,OL71780,SKU0258,5,2023-09-14,Wrong Size
RET03307,OL71985,SKU0151,1,2023-09-10,Wrong Size
RET03308,OL71986,SKU0175,10,2023-09-21,Wrong Size
RET03309,OL72001,SKU0418,10,2023-09-10,Wrong Size
RET03310,OL72002,SKU0301,4,2023-09-09,Wrong Size
RET03311,OL71946,SKU0439,4,2023-09-12,Wrong Size
RET03312,OL72026,SKU0109,7,2023-09-15,Wrong Colour
RET03313,OL71972,SKU0496,1,2023-09-12,Wrong Colour
RET03314,OL72208,SKU0417,3,2023-09-11,Wrong Colour
RET03315,OL72012,SKU0214,2,2023-09-01,Wrong Size
RET03316,OL72319,SKU0001,1,2023-09-07,Wrong Colour
RET03317,OL72230,SKU0147,1,2023-09-22,Wrong Colour
RET03318,OL72207,SKU0038,9,2023-09-21,Wrong Colour
RET03319,OL72049,SKU0364,6,2023-09-20,Wrong Size
RET03320,OL72171,SKU0483,2,2023-09-17,Wrong Size
RET03321,OL72042,SKU0358,3,2023-09-08,Wrong Size
RET03322,OL72045,SKU0159,2,2023-09-05,Wrong Colour
RET03323,OL72196,SKU0050,7,2023-09-04,Wrong Colour
RET03324,OL72396,SKU0088,1,2023-09-19,Wrong Size
RET03325,OL72290,SKU0227,2,2023-09-19,Wrong Size
RET03326,OL72237,SKU0335,11,2023-09-03,Wrong Colour
RET03327,OL72185,SKU0420,1,2023-09-03,Wrong Colour
RET03328,OL72124,SKU0223,2,2023-09-14,Wrong Size
RET03329,OL72405,SKU0045,5,2023-09-11,Wrong Size
RET03330,OL72144,SKU0435,1,2023-09-06,Wrong Colour
RET03331,OL72269,SKU0287,3,2023-09-23,Wrong Colour
RET03332,OL72313,SKU0391,1,2023-09-06,Wrong Colour
RET03333,OL72354,SKU0477,4,2023-09-23,Wrong Colour
RET03334,OL72328,SKU0450,8,2023-09-19,Wrong Size
RET03335,OL72337,SKU0183,5,2023-09-08,Wrong Size
RET03336,OL72521,SKU0229,1,2023-09-09,Wrong Colour
RET03337,OL72615,SKU0050,7,2023-09-05,Wrong Size
RET03338,OL72504,SKU0322,6,2023-09-17,Wrong Colour
RET03339,OL72575,SKU0394,12,2023-09-13,Wrong Size
RET03340,OL72425,SKU0379,4,2023-09-08,Wrong Colour
RET03341,OL72494,SKU0348,4,2023-09-24,Wrong Colour
RET03342,OL72419,SKU0162,7,2023-09-13,Wrong Colour
RET03343,OL72806,SKU0311,2,2023-09-20,Wrong Size
RET03344,OL72518,SKU0129,6,2023-09-16,Wrong Size
RET03345,OL72649,SKU0142,1,2023-09-17,Wrong Size
RET03346,OL72602,SKU0177,2,2023-09-21,Wrong Size
RET03347,OL72632,SKU0349,1,2023-09-22,Wrong Size
RET03348,OL72656,SKU0170,1,2023-09-18,Wrong Size
RET03349,OL72848,SKU0174,2,2023-09-07,Wrong Colour
RET03350,OL73105,SKU0393,2,2023-09-23,Wrong Colour
RET03351,OL73141,SKU0249,3,2023-09-19,Wrong Size
RET03352,OL72792,SKU0096,1,2023-09-13,Wrong Colour
RET03353,OL72794,SKU0126,1,2023-09-25,Wrong Size
RET03354,OL72858,SKU0032,1,2023-09-23,Wrong Size
RET03355,OL72906,SKU0170,1,2023-09-15,Wrong Colour
RET03356,OL72839,SKU0457,3,2023-09-14,Wrong Colour
RET03357,OL72884,SKU0016,18,2023-09-12,Wrong Size
RET03358,OL72834,SKU0107,2,2023-09-25,Wrong Size
RET03359,OL72908,SKU0055,1,2023-09-14,Wrong Size
RET03360,OL72844,SKU0095,2,2023-09-27,Wrong Colour
RET03361,OL72822,SKU0062,2,2023-09-16,Wrong Colour
RET03362,OL72900,SKU0397,3,2023-09-28,Wrong Size
RET03363,OL73051,SKU0141,1,2023-09-21,Wrong Colour
RET03364,OL73153,SKU0226,1,2023-09-19,Wrong Size
RET03365,OL73371,SKU0295,9,2023-09-21,Wrong Size
RET03366,OL73103,SKU0453,1,2023-09-16,Wrong Size
RET03367,OL73061,SKU0301,4,2023-09-30,Wrong Size
RET03368,OL72995,SKU0215,1,2023-09-23,Wrong Colour
RET03369,OL72994,SKU0254,1,2023-09-13,Wrong Colour
RET03370,OL73020,SKU0137,1,2023-09-22,Wrong Size
RET03371,OL72977,SKU0099,15,2023-09-22,Wrong Colour
RET03372,OL73241,SKU0479,3,2023-09-20,Wrong Colour
RET03373,OL73064,SKU0337,2,2023-09-20,Wrong Size
RET03374,OL73029,SKU0494,4,2023-09-11,Wrong Colour
RET03375,OL73498,SKU0438,2,2023-09-16,Wrong Colour
RET03376,OL73156,SKU0101,6,2023-09-11,Wrong Colour
RET03377,OL73137,SKU0449,1,2023-09-26,Wrong Size
RET03378,OL73370,SKU0198,9,2023-09-30,Wrong Colour
RET03379,OL73252,SKU0162,14,2023-09-15,Wrong Colour
RET03380,OL73226,SKU0500,4,2023-09-15,Wrong Size
RET03381,OL73333,SKU0434,2,2023-09-14,Wrong Colour
RET03382,OL73417,SKU0491,1,2023-09-25,Wrong Size
RET03383,OL73395,SKU0049,2,2023-10-01,Wrong Colour
RET03384,OL73459,SKU0134,1,2023-09-16,Wrong Size
RET03385,OL73382,SKU0386,3,2023-10-02,Wrong Size
RET03386,OL73474,SKU0158,8,2023-10-03,Wrong Colour
RET03387,OL73581,SKU0189,3,2023-09-27,Wrong Colour
RET03388,OL73552,SKU0006,9,2023-09-29,Wrong Size
RET03389,OL73553,SKU0484,13,2023-09-27,Wrong Colour
RET03390,OL73535,SKU0414,1,2023-09-28,Wrong Colour
RET03391,OL73512,SKU0176,1,2023-09-20,Wrong Colour
RET03392,OL73693,SKU0267,1,2023-09-25,Wrong Size
RET03393,OL73694,SKU0298,1,2023-09-27,Wrong Size
RET03394,OL73729,SKU0305,1,2023-09-24,Wrong Size
RET03395,OL73731,SKU0140,3,2023-09-28,Wrong Colour
RET03396,OL73996,SKU0154,3,2023-09-19,Wrong Colour
RET03397,OL73654,SKU0410,3,2023-09-18,Wrong Size
RET03398,OL73868,SKU0205,1,2023-10-04,Wrong Colour
RET03399,OL73783,SKU0158,6,2023-09-26,Wrong Size
RET03400,OL73770,SKU0175,2,2023-09-22,Wrong Colour
RET03401,OL73993,SKU0497,3,2023-09-22,Wrong Size
RET03402,OL73755,SKU0268,1,2023-10-03,Wrong Size
RET03403,OL74002,SKU0399,2,2023-09-27,Wrong Colour
RET03404,OL74253,SKU0347,2,2023-09-29,Wrong Size
RET03405,OL74261,SKU0473,3,2023-09-27,Wrong Size
RET03406,OL73930,SKU0378,1,2023-09-21,Wrong Size
RET03407,OL73984,SKU0241,4,2023-09-26,Wrong Colour
RET03408,OL73986,SKU0085,1,2023-09-18,Wrong Colour
RET03409,OL73879,SKU0433,5,2023-10-01,Wrong Colour
RET03410,OL73865,SKU0380,1,2023-09-27,Wrong Colour
RET03411,OL74000,SKU0020,1,2023-09-26,Wrong Size
RET03412,OL74160,SKU0269,7,2023-09-30,Wrong Size
RET03413,OL74043,SKU0280,1,2023-09-23,Wrong Size
RET03414,OL74123,SKU0236,6,2023-09-27,Wrong Colour
RET03415,OL74083,SKU0279,2,2023-09-27,Wrong Size
RET03416,OL74182,SKU0278,1,2023-10-05,Wrong Colour
RET03417,OL74183,SKU0184,1,2023-09-22,Wrong Size
RET03418,OL74230,SKU0104,1,2023-10-05,Wrong Colour
RET03419,OL74351,SKU0479,1,2023-09-30,Wrong Colour
RET03420,OL74353,SKU0354,4,2023-09-28,Wrong Size
RET03421,OL74243,SKU0065,10,2023-10-08,Wrong Colour
RET03422,OL74262,SKU0205,4,2023-10-05,Wrong Size
RET03423,OL74522,SKU0106,1,2023-10-09,Wrong Size
RET03424,OL74213,SKU0104,1,2023-10-03,Wrong Size
RET03425,OL74197,SKU0028,2,2023-09-22,Wrong Colour
RET03426,OL74210,SKU0242,1,2023-10-09,Wrong Colour
RET03427,OL74669,SKU0366,2,2023-10-01,Wrong Size
RET03428,OL74348,SKU0148,19,2023-09-29,Wrong Colour
RET03429,OL74415,SKU0170,1,2023-10-12,Wrong Size
RET03430,OL74423,SKU0244,2,2023-10-09,Wrong Size
RET03431,OL74390,SKU0483,2,2023-09-29,Wrong Colour
RET03432,OL74492,SKU0366,4,2023-10-11,Wrong Size
RET03433,OL74327,SKU0205,21,2023-09-25,Wrong Colour
RET03434,OL74817,SKU0352,4,2023-10-10,Wrong Colour
RET03435,OL74656,SKU0131,6,2023-09-29,Wrong Colour
RET03436,OL74457,SKU0116,1,2023-09-27,Wrong Size
RET03437,OL74692,SKU0016,4,2023-10-10,Wrong Size
RET03438,OL74498,SKU0012,12,2023-09-25,Wrong Size
RET03439,OL74723,SKU0113,3,2023-10-01,Wrong Colour
RET03440,OL74569,SKU0287,1,2023-10-05,Wrong Colour
RET03441,OL74592,SKU0163,3,2023-10-08,Wrong Colour
RET03442,OL74552,SKU0025,1,2023-10-11,Wrong Size
RET03443,OL74696,SKU0388,16,2023-09-29,Wrong Colour
RET03444,OL74793,SKU0460,5,2023-10-09,Wrong Colour
RET03445,OL74812,SKU0378,1,2023-10-02,Wrong Size
RET03446,OL74901,SKU0190,1,2023-10-04,Wrong Size
RET03447,OL74927,SKU0343,3,2023-10-13,Wrong Colour
RET03448,OL74878,SKU0278,3,2023-10-09,Wrong Colour
RET03449,OL74941,SKU0356,4,2023-10-15,Wrong Size
RET03450,OL74973,SKU0445,10,2023-10-04,Wrong Size
RET03451,OL75137,SKU0424,4,2023-10-09,Wrong Colour
RET03452,OL75021,SKU0498,3,2023-10-10,Wrong Size
RET03453,OL75025,SKU0099,8,2023-10-03,Wrong Size
RET03454,OL75235,SKU0369,12,2023-10-10,Wrong Size
RET03455,OL75236,SKU0046,1,2023-09-29,Wrong Size
RET03456,OL75070,SKU0180,1,2023-10-11,Wrong Size
RET03457,OL75149,SKU0033,26,2023-10-12,Wrong Size
RET03458,OL75544,SKU0060,2,2023-10-14,Wrong Colour
RET03459,OL75247,SKU0073,1,2023-10-11,Wrong Colour
RET03460,OL75242,SKU0215,4,2023-10-07,Wrong Size
RET03461,OL75308,SKU0331,5,2023-10-14,Wrong Size
RET03462,OL75386,SKU0391,1,2023-10-20,Wrong Size
RET03463,OL75411,SKU0363,2,2023-10-02,Wrong Colour
RET03464,OL75397,SKU0368,1,2023-10-07,Wrong Colour
RET03465,OL75283,SKU0148,4,2023-10-13,Wrong Size
RET03466,OL75444,SKU0279,4,2023-10-16,Wrong Size
RET03467,OL75458,SKU0059,2,2023-10-06,Wrong Colour
RET03468,OL75430,SKU0382,4,2023-10-21,Wrong Size
RET03469,OL75367,SKU0384,1,2023-10-09,Wrong Size
RET03470,OL75606,SKU0217,9,2023-10-13,Wrong Size
RET03471,OL75808,SKU0051,8,2023-10-15,Wrong Size
RET03472,OL75809,SKU0136,3,2023-10-11,Wrong Colour
RET03473,OL75954,SKU0298,1,2023-10-03,Wrong Size
RET03474,OL76003,SKU0255,2,2023-10-19,Wrong Colour
RET03475,OL75675,SKU0367,1,2023-10-23,Wrong Size
RET03476,OL75687,SKU0258,3,2023-10-12,Wrong Size
RET03477,OL75595,SKU0090,1,2023-10-15,Wrong Colour
RET03478,OL75622,SKU0261,2,2023-10-07,Wrong Colour
RET03479,OL76077,SKU0401,9,2023-10-15,Wrong Size
RET03480,OL75747,SKU0447,3,2023-10-09,Wrong Colour
RET03481,OL75883,SKU0457,1,2023-10-14,Wrong Size
RET03482,OL75886,SKU0186,2,2023-10-21,Wrong Colour
RET03483,OL75767,SKU0223,1,2023-10-09,Wrong Size
RET03484,OL76171,SKU0286,3,2023-10-25,Wrong Colour
RET03485,OL75857,SKU0259,2,2023-10-13,Wrong Size
RET03486,OL75910,SKU0299,15,2023-10-11,Wrong Size
RET03487,OL76059,SKU0034,2,2023-10-05,Wrong Colour
RET03488,OL75952,SKU0454,4,2023-10-05,Wrong Size
RET03489,OL75930,SKU0346,1,2023-10-10,Wrong Size
RET03490,OL75918,SKU0122,1,2023-10-06,Wrong Colour
RET03491,OL76318,SKU0136,1,2023-10-08,Wrong Size
RET03492,OL75998,SKU0286,11,2023-10-20,Wrong Size
RET03493,OL75980,SKU0145,4,2023-10-14,Wrong Colour
RET03494,OL76005,SKU0247,5,2023-10-06,Wrong Size
RET03495,OL76029,SKU0008,5,2023-10-26,Wrong Size
RET03496,OL75937,SKU0048,8,2023-10-18,Wrong Size
RET03497,OL76087,SKU0330,3,2023-10-23,Wrong Colour
RET03498,OL75987,SKU0121,1,2023-10-20,Wrong Size
RET03499,OL75951,SKU0071,32,2023-10-15,Wrong Colour
RET03500,OL76389,SKU0252,2,2023-10-10,Wrong Size
RET03501,OL76158,SKU0360,15,2023-10-10,Wrong Colour
RET03502,OL76214,SKU0497,7,2023-10-19,Wrong Colour
RET03503,OL76174,SKU0064,3,2023-10-13,Wrong Colour
RET03504,OL76177,SKU0465,1,2023-10-24,Wrong Size
RET03505,OL76665,SKU0480,5,2023-10-27,Wrong Size
RET03506,OL76251,SKU0048,19,2023-10-12,Wrong Size
RET03507,OL76644,SKU0345,10,2023-10-18,Wrong Size
RET03508,OL76439,SKU0356,6,2023-10-21,Wrong Colour
RET03509,OL76527,SKU0270,6,2023-10-10,Wrong Size
RET03510,OL76529,SKU0416,7,2023-10-15,Wrong Colour
RET03511,OL76463,SKU0291,2,2023-10-14,Wrong Colour
RET03512,OL76645,SKU0305,5,2023-10-12,Wrong Size
RET03513,OL76478,SKU0253,2,2023-10-28,Wrong Size
RET03514,OL76600,SKU0118,2,2023-10-15,Wrong Size
RET03515,OL76706,SKU0452,3,2023-10-13,Wrong Size
RET03516,OL76546,SKU0481,3,2023-10-13,Wrong Size
RET03517,OL76514,SKU0081,11,2023-10-14,Wrong Size
RET03518,OL76694,SKU0043,12,2023-10-30,Wrong Size
RET03519,OL76581,SKU0374,2,2023-10-28,Wrong Size
RET03520,OL76678,SKU0445,7,2023-10-24,Wrong Size
RET03521,OL76663,SKU0421,4,2023-10-16,Wrong Size
RET03522,OL76830,SKU0341,1,2023-10-13,Wrong Colour
RET03523,OL76757,SKU0028,3,2023-10-30,Wrong Size
RET03524,OL76739,SKU0383,12,2023-10-15,Wrong Size
RET03525,OL76918,SKU0248,14,2023-10-15,Wrong Colour
RET03526,OL76723,SKU0486,18,2023-10-15,Wrong Size
RET03527,OL76937,SKU0193,4,2023-10-25,Wrong Size
RET03528,OL76814,SKU0489,1,2023-10-20,Wrong Colour
RET03529,OL76906,SKU0138,1,2023-10-24,Wrong Colour
RET03530,OL76853,SKU0014,1,2023-10-14,Wrong Size
RET03531,OL76854,SKU0373,1,2023-10-27,Wrong Size
RET03532,OL77052,SKU0185,1,2023-10-25,Wrong Size
RET03533,OL77248,SKU0004,10,2023-10-16,Wrong Colour
RET03534,OL76909,SKU0011,7,2023-10-14,Wrong Size
RET03535,OL77010,SKU0169,8,2023-11-01,Wrong Colour
RET03536,OL77019,SKU0026,5,2023-10-24,Wrong Size
RET03537,OL76863,SKU0255,2,2023-10-20,Wrong Colour
RET03538,OL77029,SKU0127,2,2023-10-15,Wrong Size
RET03539,OL76884,SKU0401,3,2023-11-01,Wrong Size
RET03540,OL77175,SKU0059,8,2023-10-20,Wrong Size
RET03541,OL77137,SKU0033,17,2023-11-03,Wrong Colour
RET03542,OL77223,SKU0087,7,2023-10-28,Wrong Size
RET03543,OL76966,SKU0288,8,2023-11-02,Wrong Size
RET03544,OL76964,SKU0374,2,2023-10-28,Wrong Colour
RET03545,OL76961,SKU0093,5,2023-10-27,Wrong Size
RET03546,OL77076,SKU0017,2,2023-10-22,Wrong Colour
RET03547,OL77037,SKU0380,3,2023-10-20,Wrong Size
RET03548,OL77389,SKU0290,9,2023-10-23,Wrong Colour
RET03549,OL77359,SKU0055,4,2023-10-19,Wrong Size
RET03550,OL77118,SKU0178,4,2023-11-02,Wrong Size
RET03551,OL77402,SKU0319,6,2023-11-01,Wrong Size
RET03552,OL77349,SKU0136,3,2023-10-19,Wrong Size
RET03553,OL77376,SKU0429,5,2023-11-01,Wrong Colour
RET03554,OL77461,SKU0030,5,2023-10-19,Wrong Size
RET03555,OL77378,SKU0484,12,2023-10-28,Wrong Colour
RET03556,OL77395,SKU0445,16,2023-10-24,Wrong Size
RET03557,OL77759,SKU0251,3,2023-10-25,Wrong Colour
RET03558,OL77435,SKU0007,7,2023-10-23,Wrong Colour
RET03559,OL77492,SKU0486,3,2023-10-20,Wrong Size
RET03560,OL77734,SKU0024,2,2023-11-04,Wrong Size
RET03561,OL77735,SKU0339,1,2023-10-22,Wrong Size
RET03562,OL77509,SKU0485,4,2023-11-08,Wrong Colour
RET03563,OL77618,SKU0413,2,2023-11-03,Wrong Size
RET03564,OL77478,SKU0136,1,2023-11-03,Wrong Colour
RET03565,OL77584,SKU0006,3,2023-10-24,Wrong Colour
RET03566,OL77906,SKU0318,10,2023-10-29,Wrong Size
RET03567,OL77663,SKU0193,4,2023-11-01,Wrong Size
RET03568,OL77561,SKU0162,1,2023-10-20,Wrong Colour
RET03569,OL77875,SKU0483,5,2023-11-03,Wrong Size
RET03570,OL77838,SKU0045,4,2023-10-30,Wrong Size
RET03571,OL77675,SKU0356,10,2023-10-26,Wrong Size
RET03572,OL77849,SKU0296,4,2023-11-06,Wrong Size
RET03573,OL77770,SKU0033,2,2023-11-06,Wrong Colour
RET03574,OL77913,SKU0183,2,2023-10-25,Wrong Size
RET03575,OL77887,SKU0497,10,2023-11-07,Wrong Size
RET03576,OL77813,SKU0078,5,2023-11-02,Wrong Size
RET03577,OL77998,SKU0104,7,2023-11-02,Wrong Size
RET03578,OL77985,SKU0119,2,2023-11-08,Wrong Size
RET03579,OL78089,SKU0386,9,2023-10-23,Wrong Colour
RET03580,OL78350,SKU0121,1,2023-11-12,Wrong Size
RET03581,OL78435,SKU0267,5,2023-11-11,Wrong Size
RET03582,OL78116,SKU0105,10,2023-10-30,Wrong Size
RET03583,OL78061,SKU0243,6,2023-10-26,Wrong Colour
RET03584,OL78108,SKU0212,9,2023-11-09,Wrong Size
RET03585,OL78132,SKU0070,1,2023-10-28,Wrong Size
RET03586,OL78349,SKU0096,5,2023-10-31,Wrong Size
RET03587,OL78212,SKU0173,11,2023-11-06,Wrong Colour
RET03588,OL78306,SKU0248,6,2023-10-29,Wrong Size
RET03589,OL78198,SKU0391,1,2023-10-28,Wrong Size
RET03590,OL78250,SKU0446,5,2023-11-14,Wrong Size
RET03591,OL78364,SKU0451,1,2023-11-03,Wrong Colour
RET03592,OL78436,SKU0128,10,2023-11-14,Wrong Size
RET03593,OL78295,SKU0224,12,2023-11-04,Wrong Colour
RET03594,OL78370,SKU0259,1,2023-11-01,Wrong Size
RET03595,OL78257,SKU0061,10,2023-10-26,Wrong Colour
RET03596,OL78757,SKU0415,2,2023-11-07,Wrong Size
RET03597,OL78400,SKU0274,2,2023-10-31,Wrong Size
RET03598,OL78506,SKU0465,3,2023-11-13,Wrong Size
RET03599,OL78509,SKU0330,2,2023-10-31,Wrong Size
RET03600,OL78391,SKU0108,3,2023-11-13,Wrong Colour
RET03601,OL78338,SKU0036,7,2023-11-06,Wrong Colour
RET03602,OL78577,SKU0366,12,2023-11-01,Wrong Size
RET03603,OL78598,SKU0249,7,2023-11-06,Wrong Size
RET03604,OL78470,SKU0171,1,2023-11-06,Wrong Size
RET03605,OL78617,SKU0198,5,2023-11-12,Wrong Size
RET03606,OL78692,SKU0482,1,2023-11-01,Wrong Size
RET03607,OL78626,SKU0292,1,2023-11-08,Wrong Size
RET03608,OL78657,SKU0288,6,2023-11-14,Wrong Colour
RET03609,OL78847,SKU0237,6,2023-11-02,Wrong Colour
RET03610,OL78812,SKU0302,1,2023-11-15,Wrong Size
RET03611,OL78901,SKU0234,15,2023-11-01,Wrong Colour
RET03612,OL78739,SKU0126,1,2023-11-01,Wrong Size
RET03613,OL78883,SKU0065,8,2023-11-06,Wrong Colour
RET03614,OL78884,SKU0497,3,2023-11-15,Wrong Size
RET03615,OL78801,SKU0338,1,2023-11-11,Wrong Size
RET03616,OL78923,SKU0330,2,2023-11-04,Wrong Size
RET03617,OL79001,SKU0485,3,2023-11-01,Wrong Size
RET03618,OL79003,SKU0422,10,2023-11-08,Wrong Size
RET03619,OL78962,SKU0404,26,2023-11-03,Wrong Size
RET03620,OL79164,SKU0237,3,2023-11-02,Wrong Size
RET03621,OL78911,SKU0063,7,2023-11-04,Wrong Colour
RET03622,OL79051,SKU0112,7,2023-11-06,Wrong Colour
RET03623,OL79280,SKU0027,7,2023-11-11,Wrong Size
RET03624,OL79373,SKU0275,8,2023-11-04,Wrong Size
RET03625,OL79223,SKU0123,1,2023-11-20,Wrong Size
RET03626,OL79252,SKU0187,2,2023-11-03,Wrong Colour
RET03627,OL79154,SKU0470,2,2023-11-05,Wrong Colour
RET03628,OL79493,SKU0313,5,2023-11-21,Wrong Size
RET03629,OL79655,SKU0195,1,2023-11-13,Wrong Colour
RET03630,OL79411,SKU0241,2,2023-11-19,Wrong Size
RET03631,OL79266,SKU0497,9,2023-11-09,Wrong Size
RET03632,OL79339,SKU0120,13,2023-11-15,Wrong Colour
RET03633,OL79458,SKU0427,9,2023-11-11,Wrong Colour
RET03634,OL79356,SKU0478,21,2023-11-21,Wrong Colour
RET03635,OL79403,SKU0224,3,2023-11-07,Wrong Size
RET03636,OL79529,SKU0296,15,2023-11-09,Wrong Size
RET03637,OL79531,SKU0126,2,2023-11-11,Wrong Colour
RET03638,OL79614,SKU0459,2,2023-11-05,Wrong Size
RET03639,OL79426,SKU0214,2,2023-11-21,Wrong Colour
RET03640,OL79417,SKU0353,2,2023-11-24,Wrong Size
RET03641,OL79421,SKU0118,2,2023-11-07,Wrong Colour
RET03642,OL79423,SKU0210,5,2023-11-23,Wrong Size
RET03643,OL79642,SKU0079,1,2023-11-20,Wrong Colour
RET03644,OL79994,SKU0025,2,2023-11-17,Wrong Colour
RET03645,OL79737,SKU0026,5,2023-11-11,Wrong Size
RET03646,OL79854,SKU0165,9,2023-11-10,Wrong Size
RET03647,OL79691,SKU0366,8,2023-11-19,Wrong Colour
RET03648,OL79991,SKU0099,6,2023-11-26,Wrong Colour
RET03649,OL79982,SKU0208,6,2023-11-18,Wrong Colour
RET03650,OL79774,SKU0118,2,2023-11-09,Wrong Colour
RET03651,OL79779,SKU0239,4,2023-11-11,Wrong Colour
RET03652,OL80217,SKU0010,2,2023-11-26,Wrong Colour
RET03653,OL79824,SKU0317,2,2023-11-09,Wrong Size
RET03654,OL79814,SKU0091,5,2023-11-13,Wrong Size
RET03655,OL79932,SKU0363,1,2023-11-27,Wrong Size
RET03656,OL79843,SKU0380,1,2023-11-22,Wrong Size
RET03657,OL79959,SKU0147,2,2023-11-08,Wrong Size
RET03658,OL80029,SKU0115,2,2023-11-13,Wrong Size
RET03659,OL80102,SKU0045,1,2023-11-21,Wrong Colour
RET03660,OL80202,SKU0047,7,2023-11-22,Wrong Colour
RET03661,OL80041,SKU0411,3,2023-11-16,Wrong Size
RET03662,OL80142,SKU0251,14,2023-11-25,Wrong Size
RET03663,OL80059,SKU0258,4,2023-11-16,Wrong Colour
RET03664,OL80221,SKU0374,5,2023-11-17,Wrong Colour
RET03665,OL80196,SKU0453,3,2023-11-21,Wrong Size
RET03666,OL80177,SKU0304,8,2023-11-25,Wrong Size
RET03667,OL80558,SKU0208,8,2023-11-21,Wrong Size
RET03668,OL80266,SKU0097,2,2023-11-26,Wrong Size
RET03669,OL80459,SKU0352,2,2023-11-19,Wrong Colour
RET03670,OL80494,SKU0008,1,2023-11-17,Wrong Colour
RET03671,OL80183,SKU0297,18,2023-11-10,Wrong Colour
RET03672,OL80305,SKU0037,2,2023-11-15,Wrong Size
RET03673,OL80383,SKU0059,3,2023-11-18,Wrong Size
RET03674,OL80385,SKU0027,13,2023-11-30,Wrong Size
RET03675,OL80564,SKU0008,10,2023-11-13,Wrong Colour
RET03676,OL80280,SKU0075,7,2023-11-28,Wrong Colour
RET03677,OL80284,SKU0100,6,2023-11-27,Wrong Size
RET03678,OL80572,SKU0327,3,2023-11-30,Wrong Colour
RET03679,OL80630,SKU0102,11,2023-11-20,Wrong Size
RET03680,OL80428,SKU0296,10,2023-12-01,Wrong Size
RET03681,OL80475,SKU0066,3,2023-11-18,Wrong Colour
RET03682,OL80585,SKU0430,4,2023-11-27,Wrong Colour
RET03683,OL80512,SKU0270,20,2023-11-22,Wrong Size
RET03684,OL80504,SKU0179,7,2023-11-26,Wrong Size
RET03685,OL80506,SKU0149,2,2023-11-24,Wrong Colour
RET03686,OL80688,SKU0483,3,2023-11-23,Wrong Size
RET03687,OL80704,SKU0062,8,2023-11-22,Wrong Size
RET03688,OL80590,SKU0223,3,2023-11-13,Wrong Size
RET03689,OL80621,SKU0004,1,2023-12-01,Wrong Colour
RET03690,OL80612,SKU0376,6,2023-11-29,Wrong Size
RET03691,OL80603,SKU0058,1,2023-11-29,Wrong Colour
RET03692,OL80591,SKU0110,4,2023-11-17,Wrong Colour
RET03693,OL80990,SKU0143,12,2023-11-17,Wrong Colour
RET03694,OL80995,SKU0036,5,2023-11-30,Wrong Size
RET03695,OL80994,SKU0013,6,2023-11-28,Wrong Size
RET03696,OL80683,SKU0191,3,2023-11-22,Wrong Size
RET03697,OL81189,SKU0248,10,2023-11-15,Wrong Colour
RET03698,OL80968,SKU0399,3,2023-11-28,Wrong Size
RET03699,OL81074,SKU0439,6,2023-11-25,Wrong Size
RET03700,OL80903,SKU0335,7,2023-12-02,Wrong Colour
RET03701,OL80921,SKU0018,3,2023-11-16,Wrong Colour
RET03702,OL81070,SKU0236,6,2023-12-02,Wrong Size
RET03703,OL80873,SKU0451,3,2023-12-02,Wrong Colour
RET03704,OL80874,SKU0300,2,2023-12-01,Wrong Colour
RET03705,OL81182,SKU0442,4,2023-11-23,Wrong Size
RET03706,OL80820,SKU0157,5,2023-12-03,Wrong Size
RET03707,OL80906,SKU0416,13,2023-12-02,Wrong Colour
RET03708,OL81221,SKU0155,2,2023-11-20,Wrong Size
RET03709,OL80963,SKU0374,1,2023-11-23,Wrong Colour
RET03710,OL81103,SKU0340,1,2023-11-29,Wrong Colour
RET03711,OL81202,SKU0236,1,2023-11-19,Wrong Size
RET03712,OL81322,SKU0310,1,2023-11-27,Wrong Colour
RET03713,OL81305,SKU0253,4,2023-11-28,Wrong Colour
RET03714,OL81145,SKU0294,4,2023-12-03,Wrong Size
RET03715,OL81160,SKU0134,10,2023-11-20,Wrong Size
RET03716,OL81147,SKU0180,1,2023-12-04,Wrong Colour
RET03717,OL81204,SKU0349,2,2023-12-08,Wrong Size
RET03718,OL81457,SKU0127,2,2023-11-29,Wrong Size
RET03719,OL81361,SKU0289,3,2023-12-08,Wrong Size
RET03720,OL81291,SKU0402,1,2023-11-25,Wrong Colour
RET03721,OL81247,SKU0063,2,2023-12-02,Wrong Colour
RET03722,OL81225,SKU0375,2,2023-11-27,Wrong Size
RET03723,OL81390,SKU0088,2,2023-11-28,Wrong Size
RET03724,OL81401,SKU0413,2,2023-11-21,Wrong Colour
RET03725,OL81519,SKU0328,2,2023-11-22,Wrong Size
RET03726,OL81379,SKU0240,3,2023-11-22,Wrong Size
RET03727,OL81422,SKU0263,1,2023-12-03,Wrong Size
RET03728,OL81480,SKU0450,4,2023-11-21,Wrong Colour
RET03729,OL81723,SKU0143,5,2023-12-08,Wrong Colour
RET03730,OL81543,SKU0307,1,2023-11-29,Wrong Size
RET03731,OL81507,SKU0124,1,2023-11-26,Wrong Size
RET03732,OL81645,SKU0368,13,2023-11-27,Wrong Colour
RET03733,OL81661,SKU0047,3,2023-12-09,Wrong Size
RET03734,OL81575,SKU0155,1,2023-11-24,Wrong Colour
RET03735,OL81713,SKU0254,2,2023-11-23,Wrong Size
RET03736,OL81614,SKU0408,1,2023-12-02,Wrong Size
RET03737,OL81717,SKU0404,2,2023-12-11,Wrong Colour
RET03738,OL81698,SKU0492,11,2023-11-24,Wrong Size
RET03739,OL81925,SKU0477,1,2023-12-04,Wrong Size
RET03740,OL81850,SKU0165,4,2023-12-06,Wrong Size
RET03741,OL81820,SKU0366,4,2023-12-04,Wrong Size
RET03742,OL81846,SKU0111,2,2023-11-28,Wrong Size
RET03743,OL81810,SKU0122,1,2023-11-28,Wrong Size
RET03744,OL81914,SKU0056,1,2023-11-28,Wrong Colour
RET03745,OL82019,SKU0444,4,2023-12-11,Wrong Colour
RET03746,OL81983,SKU0389,3,2023-12-02,Wrong Size
RET03747,OL81987,SKU0036,13,2023-12-04,Wrong Size
RET03748,OL82168,SKU0080,9,2023-11-30,Wrong Size
RET03749,OL82100,SKU0171,1,2023-12-03,Wrong Size
RET03750,OL82314,SKU0199,2,2023-11-28,Wrong Size
RET03751,OL82080,SKU0045,1,2023-11-29,Wrong Size
RET03752,OL82191,SKU0190,5,2023-11-26,Wrong Colour
RET03753,OL82146,SKU0376,7,2023-12-12,Wrong Size
RET03754,OL82149,SKU0147,2,2023-12-03,Wrong Size
RET03755,OL82163,SKU0488,1,2023-12-13,Wrong Size
RET03756,OL82237,SKU0077,1,2023-12-05,Wrong Size
RET03757,OL82387,SKU0260,2,2023-11-26,Wrong Size
RET03758,OL82220,SKU0441,4,2023-12-03,Wrong Size
RET03759,OL82125,SKU0315,1,2023-12-09,Wrong Size
RET03760,OL82155,SKU0213,1,2023-11-26,Wrong Size
RET03761,OL82569,SKU0486,6,2023-12-12,Wrong Size
RET03762,OL82332,SKU0276,2,2023-12-09,Wrong Size
RET03763,OL82351,SKU0087,6,2023-11-29,Wrong Colour
RET03764,OL82703,SKU0250,6,2023-12-16,Wrong Size
RET03765,OL82456,SKU0311,2,2023-12-13,Wrong Colour
RET03766,OL82458,SKU0404,2,2023-12-13,Wrong Size
RET03767,OL82365,SKU0233,8,2023-12-03,Wrong Colour
RET03768,OL82393,SKU0236,2,2023-12-01,Wrong Colour
RET03769,OL82486,SKU0196,13,2023-11-30,Wrong Colour
RET03770,OL82672,SKU0191,1,2023-12-15,Wrong Size
RET03771,OL82734,SKU0408,4,2023-12-17,Wrong Size
RET03772,OL82639,SKU0052,10,2023-12-15,Wrong Size
RET03773,OL82531,SKU0258,1,2023-12-18,Wrong Colour
RET03774,OL82693,SKU0414,2,2023-11-29,Wrong Size
RET03775,OL82971,SKU0456,1,2023-12-13,Wrong Size
RET03776,OL82647,SKU0452,2,2023-12-02,Wrong Size
RET03777,OL82565,SKU0375,1,2023-12-08,Wrong Size
RET03778,OL82583,SKU0404,23,2023-12-20,Wrong Size
RET03779,OL82543,SKU0420,2,2023-12-15,Wrong Colour
RET03780,OL82729,SKU0155,1,2023-12-19,Wrong Colour
RET03781,OL82732,SKU0258,2,2023-12-03,Wrong Size
RET03782,OL82702,SKU0464,10,2023-12-02,Wrong Colour
RET03783,OL82927,SKU0100,19,2023-12-08,Wrong Colour
RET03784,OL82709,SKU0099,21,2023-12-08,Wrong Size
RET03785,OL83256,SKU0308,3,2023-12-18,Wrong Size
RET03786,OL82832,SKU0180,4,2023-12-03,Wrong Size
RET03787,OL82802,SKU0329,8,2023-12-19,Wrong Colour
RET03788,OL82949,SKU0036,9,2023-12-03,Wrong Colour
RET03789,OL82958,SKU0224,2,2023-12-22,Wrong Colour
RET03790,OL82809,SKU0088,1,2023-12-11,Wrong Size
RET03791,OL82979,SKU0376,7,2023-12-06,Wrong Colour
RET03792,OL82968,SKU0196,8,2023-12-17,Wrong Size
RET03793,OL82864,SKU0203,3,2023-12-07,Wrong Size
RET03794,OL83044,SKU0453,3,2023-12-05,Wrong Size
RET03795,OL83090,SKU0108,2,2023-12-14,Wrong Size
RET03796,OL83122,SKU0103,5,2023-12-09,Wrong Size
RET03797,OL83017,SKU0073,10,2023-12-21,Wrong Colour
RET03798,OL83446,SKU0448,2,2023-12-20,Wrong Colour
RET03799,OL83520,SKU0155,1,2023-12-07,Wrong Size
RET03800,OL83071,SKU0027,20,2023-12-04,Wrong Size
RET03801,OL83097,SKU0432,4,2023-12-05,Wrong Size
RET03802,OL82994,SKU0358,1,2023-12-07,Wrong Colour
RET03803,OL83056,SKU0061,6,2023-12-19,Wrong Colour
RET03804,OL83067,SKU0065,2,2023-12-12,Wrong Colour
RET03805,OL83115,SKU0020,2,2023-12-21,Wrong Colour
RET03806,OL83668,SKU0350,1,2023-12-07,Wrong Size
RET03807,OL83261,SKU0188,12,2023-12-20,Wrong Colour
RET03808,OL83206,SKU0411,3,2023-12-15,Wrong Size
RET03809,OL83164,SKU0278,1,2023-12-11,Wrong Size
RET03810,OL83242,SKU0403,4,2023-12-14,Wrong Colour
RET03811,OL83507,SKU0259,1,2023-12-16,Wrong Colour
RET03812,OL83199,SKU0129,1,2023-12-06,Wrong Colour
RET03813,OL83250,SKU0430,13,2023-12-19,Wrong Size
RET03814,OL83236,SKU0378,1,2023-12-17,Wrong Colour
RET03815,OL83384,SKU0139,1,2023-12-08,Wrong Size
RET03816,OL83659,SKU0349,4,2023-12-09,Wrong Size
RET03817,OL83323,SKU0257,1,2023-12-16,Wrong Size
RET03818,OL83324,SKU0403,2,2023-12-20,Wrong Size
RET03819,OL83330,SKU0236,1,2023-12-18,Wrong Colour
RET03820,OL83331,SKU0375,1,2023-12-20,Wrong Size
RET03821,OL83281,SKU0180,3,2023-12-24,Wrong Colour
RET03822,OL83365,SKU0012,8,2023-12-10,Wrong Size
RET03823,OL83809,SKU0471,2,2023-12-26,Wrong Size
RET03824,OL83818,SKU0074,5,2023-12-13,Wrong Size
RET03825,OL83542,SKU0211,12,2023-12-08,Wrong Size
RET03826,OL83450,SKU0284,4,2023-12-27,Wrong Size
RET03827,OL83553,SKU0318,1,2023-12-19,Wrong Size
RET03828,OL83424,SKU0467,8,2023-12-13,Wrong Colour
RET03829,OL83604,SKU0183,2,2023-12-26,Wrong Size
RET03830,OL83574,SKU0448,2,2023-12-17,Wrong Size
RET03831,OL83811,SKU0470,5,2023-12-24,Wrong Size
RET03832,OL83871,SKU0265,1,2023-12-21,Wrong Colour
RET03833,OL83779,SKU0443,1,2023-12-18,Wrong Size
RET03834,OL83830,SKU0457,2,2023-12-24,Wrong Size
RET03835,OL83942,SKU0052,2,2023-12-19,Wrong Colour
RET03836,OL83952,SKU0035,3,2023-12-22,Wrong Colour
RET03837,OL83790,SKU0391,1,2023-12-30,Wrong Size
RET03838,OL84091,SKU0302,3,2023-12-15,Wrong Size
RET03839,OL83941,SKU0186,2,2023-12-10,Wrong Colour
RET03840,OL84288,SKU0484,11,2023-12-16,Wrong Colour
RET03841,OL84119,SKU0192,1,2023-12-26,Wrong Colour
RET03842,OL84139,SKU0351,2,2023-12-11,Wrong Size
RET03843,OL84403,SKU0270,6,2023-12-24,Wrong Colour
RET03844,OL84239,SKU0299,10,2023-12-24,Wrong Colour
RET03845,OL84538,SKU0019,1,2023-12-13,Wrong Size
RET03846,OL84206,SKU0373,2,2023-12-30,Wrong Size
RET03847,OL84183,SKU0480,2,2023-12-23,Wrong Colour
RET03848,OL84236,SKU0038,3,2023-12-15,Wrong Colour
RET03849,OL84224,SKU0036,3,2023-12-28,Wrong Size
RET03850,OL84158,SKU0294,9,2023-12-17,Wrong Colour
RET03851,OL84178,SKU0361,7,2023-12-13,Wrong Size
RET03852,OL84248,SKU0129,1,2023-12-16,Wrong Colour
RET03853,OL84507,SKU0184,2,2023-12-25,Wrong Colour
RET03854,OL84329,SKU0044,1,2023-12-15,Wrong Size
RET03855,OL84331,SKU0255,2,2023-12-29,Wrong Colour
RET03856,OL84304,SKU0204,6,2023-12-25,Wrong Size
RET03857,OL84306,SKU0367,2,2023-12-22,Wrong Size
RET03858,OL84284,SKU0200,1,2024-01-02,Wrong Size
RET03859,OL84587,SKU0109,5,2023-12-29,Wrong Size
RET03860,OL84316,SKU0026,1,2023-12-14,Wrong Colour
RET03861,OL84323,SKU0004,3,2023-12-19,Wrong Size
RET03862,OL84408,SKU0101,6,2023-12-20,Wrong Colour
RET03863,OL84543,SKU0274,1,2023-12-28,Wrong Size
RET03864,OL84571,SKU0235,1,2023-12-24,Wrong Size
RET03865,OL84429,SKU0457,3,2023-12-29,Wrong Size
RET03866,OL84413,SKU0499,3,2023-12-21,Wrong Colour
RET03867,OL84810,SKU0344,4,2023-12-20,Wrong Colour
RET03868,OL84606,SKU0305,12,2023-12-29,Wrong Size
RET03869,OL84759,SKU0242,13,2024-01-06,Wrong Colour
RET03870,OL84653,SKU0208,10,2024-01-05,Wrong Size
RET03871,OL84853,SKU0277,1,2023-12-21,Wrong Size
RET03872,OL84904,SKU0266,1,2023-12-31,Wrong Size
RET03873,OL84837,SKU0363,13,2023-12-20,Wrong Colour
RET03874,OL84677,SKU0019,1,2024-01-03,Wrong Colour
RET03875,OL84704,SKU0492,5,2023-12-23,Wrong Colour
RET03876,OL85045,SKU0361,1,2023-12-24,Wrong Size
RET03877,OL84756,SKU0401,2,2023-12-23,Wrong Size
RET03878,OL84778,SKU0391,1,2023-12-29,Wrong Size
RET03879,OL84861,SKU0100,2,2024-01-05,Wrong Size
RET03880,OL84802,SKU0136,1,2023-12-25,Wrong Colour
RET03881,OL84733,SKU0280,1,2023-12-22,Wrong Size
RET03882,OL84990,SKU0407,4,2024-01-03,Wrong Size
RET03883,OL84949,SKU0335,21,2024-01-03,Wrong Colour
RET03884,OL84985,SKU0289,1,2023-12-28,Wrong Size
RET03885,OL85010,SKU0043,3,2023-12-25,Wrong Colour
RET03886,OL85127,SKU0450,6,2024-01-07,Wrong Colour
RET03887,OL85129,SKU0139,5,2023-12-24,Wrong Size
RET03888,OL84972,SKU0372,5,2023-12-25,Wrong Colour
RET03889,OL84976,SKU0407,10,2024-01-01,Wrong Colour
RET03890,OL85157,SKU0268,9,2023-12-28,Wrong Colour
RET03891,OL85184,SKU0131,16,2024-01-04,Wrong Size
RET03892,OL85262,SKU0147,4,2023-12-29,Wrong Size
RET03893,OL85321,SKU0265,5,2024-01-05,Wrong Size
RET03894,OL85343,SKU0025,2,2024-01-10,Wrong Size
RET03895,OL85336,SKU0044,13,2024-01-01,Wrong Size
RET03896,OL85338,SKU0454,8,2023-12-26,Wrong Size
RET03897,OL85332,SKU0213,1,2024-01-06,Wrong Colour
RET03898,OL85424,SKU0443,2,2024-01-05,Wrong Size
RET03899,OL85384,SKU0486,6,2024-01-10,Wrong Size
RET03900,OL85482,SKU0293,2,2023-12-27,Wrong Size
RET03901,OL85726,SKU0450,2,2023-12-29,Wrong Size
RET03902,OL85546,SKU0446,3,2023-12-25,Wrong Size
RET03903,OL85475,SKU0478,9,2024-01-12,Wrong Size
RET03904,OL85413,SKU0413,14,2024-01-07,Wrong Size
RET03905,OL85398,SKU0023,8,2023-12-24,Wrong Colour
RET03906,OL85541,SKU0016,16,2024-01-07,Wrong Colour
RET03907,OL85484,SKU0464,2,2024-01-02,Wrong Colour
RET03908,OL85719,SKU0037,1,2024-01-06,Wrong Colour
RET03909,OL85587,SKU0013,11,2024-01-06,Wrong Size
RET03910,OL85488,SKU0415,1,2023-12-25,Wrong Size
RET03911,OL85555,SKU0016,6,2024-01-05,Wrong Size
RET03912,OL85578,SKU0028,1,2023-12-29,Wrong Size
RET03913,OL85821,SKU0161,1,2023-12-29,Wrong Size
RET03914,OL85608,SKU0281,1,2024-01-04,Wrong Size
RET03915,OL85807,SKU0166,7,2024-01-12,Wrong Colour
RET03916,OL85681,SKU0278,1,2023-12-31,Wrong Size
RET03917,OL85682,SKU0232,9,2023-12-26,Wrong Size
RET03918,OL85699,SKU0013,2,2024-01-09,Wrong Colour
RET03919,OL85760,SKU0032,2,2024-01-12,Wrong Colour
RET03920,OL85766,SKU0174,5,2023-12-29,Wrong Colour
RET03921,OL85768,SKU0072,1,2024-01-04,Wrong Size
RET03922,OL85698,SKU0293,7,2024-01-15,Wrong Size
RET03923,OL85629,SKU0286,7,2023-12-26,Wrong Size
RET03924,OL86162,SKU0338,1,2024-01-01,Wrong Colour
RET03925,OL85922,SKU0437,3,2023-12-27,Wrong Size
RET03926,OL85731,SKU0042,3,2024-01-09,Wrong Colour
RET03927,OL85885,SKU0251,7,2023-12-27,Wrong Size
RET03928,OL85844,SKU0165,6,2024-01-10,Wrong Size
RET03929,OL85755,SKU0418,11,2023-12-30,Wrong Size
RET03930,OL85831,SKU0087,11,2024-01-07,Wrong Colour
RET03931,OL85902,SKU0120,3,2024-01-06,Wrong Size
RET03932,OL86227,SKU0009,3,2024-01-09,Wrong Size
RET03933,OL86229,SKU0370,1,2024-01-17,Wrong Size
RET03934,OL86320,SKU0496,1,2024-01-03,Wrong Colour
RET03935,OL85882,SKU0090,3,2024-01-05,Wrong Size
RET03936,OL85983,SKU0040,1,2024-01-14,Wrong Size
RET03937,OL85903,SKU0414,1,2023-12-29,Wrong Colour
RET03938,OL85989,SKU0201,10,2024-01-11,Wrong Colour
RET03939,OL86002,SKU0125,17,2024-01-02,Wrong Colour
RET03940,OL86003,SKU0425,3,2024-01-14,Wrong Size
RET03941,OL86078,SKU0349,1,2024-01-08,Wrong Colour
RET03942,OL86098,SKU0276,2,2024-01-13,Wrong Colour
RET03943,OL85878,SKU0035,7,2023-12-29,Wrong Size
RET03944,OL86201,SKU0424,8,2024-01-17,Wrong Size
RET03945,OL86156,SKU0312,4,2024-01-13,Wrong Size
RET03946,OL86039,SKU0170,2,2024-01-01,Wrong Colour
RET03947,OL86173,SKU0227,1,2024-01-15,Wrong Size
RET03948,OL86181,SKU0466,6,2024-01-14,Wrong Colour
RET03949,OL86323,SKU0100,5,2024-01-09,Wrong Size
RET03950,OL86248,SKU0253,10,2024-01-11,Wrong Size
RET03951,OL86292,SKU0144,1,2024-01-16,Wrong Size
RET03952,OL86131,SKU0393,2,2024-01-12,Wrong Size
RET03953,OL86267,SKU0221,5,2024-01-07,Wrong Colour
RET03954,OL86649,SKU0274,5,2024-01-03,Wrong Colour
RET03955,OL86224,SKU0300,3,2024-01-08,Wrong Size
RET03956,OL86525,SKU0195,4,2024-01-07,Wrong Colour
RET03957,OL86318,SKU0227,1,2024-01-07,Wrong Size
RET03958,OL86206,SKU0151,3,2024-01-09,Wrong Size
RET03959,OL86364,SKU0380,1,2024-01-07,Wrong Size
RET03960,OL86496,SKU0298,6,2024-01-13,Wrong Size
RET03961,OL86418,SKU0097,1,2024-01-08,Wrong Size
RET03962,OL86580,SKU0377,5,2024-01-17,Wrong Colour
RET03963,OL86552,SKU0450,12,2024-01-16,Wrong Size
RET03964,OL86389,SKU0474,1,2024-01-04,Wrong Colour
RET03965,OL86409,SKU0481,4,2024-01-13,Wrong Size
RET03966,OL86842,SKU0460,7,2024-01-03,Wrong Colour
RET03967,OL86708,SKU0157,18,2024-01-09,Wrong Colour
RET03968,OL86511,SKU0296,9,2024-01-03,Wrong Colour
RET03969,OL86475,SKU0412,3,2024-01-22,Wrong Colour
RET03970,OL86784,SKU0427,5,2024-01-21,Wrong Colour
RET03971,OL86539,SKU0294,3,2024-01-12,Wrong Size
RET03972,OL86690,SKU0138,7,2024-01-16,Wrong Size
RET03973,OL86770,SKU0288,3,2024-01-06,Wrong Colour
RET03974,OL86593,SKU0319,1,2024-01-17,Wrong Colour
RET03975,OL86805,SKU0176,4,2024-01-20,Wrong Size
RET03976,OL86644,SKU0117,1,2024-01-13,Wrong Size
RET03977,OL86734,SKU0366,4,2024-01-16,Wrong Size
RET03978,OL86718,SKU0338,1,2024-01-08,Wrong Size
RET03979,OL86808,SKU0340,3,2024-01-21,Wrong Size
RET03980,OL86900,SKU0243,13,2024-01-05,Wrong Colour
RET03981,OL86846,SKU0340,2,2024-01-21,Wrong Size
RET03982,OL87362,SKU0035,1,2024-01-23,Wrong Colour
RET03983,OL86955,SKU0250,2,2024-01-16,Wrong Colour
RET03984,OL87096,SKU0387,1,2024-01-14,Wrong Colour
RET03985,OL87232,SKU0249,1,2024-01-09,Wrong Size
RET03986,OL87015,SKU0321,1,2024-01-10,Wrong Size
RET03987,OL86977,SKU0219,2,2024-01-19,Wrong Size
RET03988,OL87027,SKU0013,8,2024-01-13,Wrong Colour
RET03989,OL86938,SKU0496,4,2024-01-24,Wrong Colour
RET03990,OL87461,SKU0448,2,2024-01-10,Wrong Size
RET03991,OL87076,SKU0447,2,2024-01-24,Wrong Size
RET03992,OL87136,SKU0240,3,2024-01-13,Wrong Size
RET03993,OL87031,SKU0261,2,2024-01-12,Wrong Size
RET03994,OL87308,SKU0173,2,2024-01-15,Wrong Size
RET03995,OL87114,SKU0393,1,2024-01-24,Wrong Colour
RET03996,OL87296,SKU0497,3,2024-01-27,Wrong Size
RET03997,OL87520,SKU0227,4,2024-01-24,Wrong Colour
RET03998,OL87227,SKU0006,2,2024-01-18,Wrong Size
RET03999,OL87193,SKU0330,1,2024-01-22,Wrong Size
RET04000,OL87247,SKU0036,3,2024-01-13,Wrong Size
RET04001,OL87348,SKU0326,2,2024-01-24,Wrong Colour
RET04002,OL87266,SKU0202,5,2024-01-16,Wrong Colour
RET04003,OL87306,SKU0053,6,2024-01-17,Wrong Size
RET04004,OL87616,SKU0010,3,2024-01-29,Wrong Colour
RET04005,OL87399,SKU0117,1,2024-01-17,Wrong Colour
RET04006,OL87564,SKU0228,2,2024-01-16,Wrong Colour
RET04007,OL87455,SKU0144,5,2024-01-19,Wrong Colour
RET04008,OL87636,SKU0053,1,2024-01-18,Wrong Colour
RET04009,OL87807,SKU0111,1,2024-01-17,Wrong Size
RET04010,OL87647,SKU0142,5,2024-01-22,Wrong Colour
RET04011,OL87464,SKU0321,1,2024-01-28,Wrong Colour
RET04012,OL87555,SKU0375,5,2024-01-12,Wrong Size
RET04013,OL87469,SKU0092,7,2024-01-17,Wrong Size
RET04014,OL87772,SKU0353,3,2024-01-24,Wrong Colour
RET04015,OL87668,SKU0183,4,2024-01-22,Wrong Size
RET04016,OL87428,SKU0156,11,2024-01-11,Wrong Colour
RET04017,OL87666,SKU0420,1,2024-01-25,Wrong Colour
RET04018,OL87586,SKU0443,3,2024-01-12,Wrong Colour
RET04019,OL87921,SKU0368,1,2024-01-17,Wrong Colour
RET04020,OL87988,SKU0150,1,2024-01-13,Wrong Colour
RET04021,OL87568,SKU0358,2,2024-01-24,Wrong Colour
RET04022,OL87708,SKU0489,7,2024-01-25,Wrong Colour
RET04023,OL87709,SKU0439,1,2024-01-15,Wrong Size
RET04024,OL87602,SKU0255,2,2024-01-26,Wrong Size
RET04025,OL87640,SKU0475,2,2024-01-26,Wrong Size
RET04026,OL87562,SKU0023,6,2024-01-13,Wrong Size
RET04027,OL87694,SKU0297,5,2024-01-30,Wrong Size
RET04028,OL87570,SKU0278,5,2024-01-12,Wrong Size
RET04029,OL87747,SKU0159,1,2024-01-23,Wrong Size
RET04030,OL87607,SKU0245,1,2024-01-13,Wrong Size
RET04031,OL87904,SKU0303,3,2024-02-01,Wrong Size
RET04032,OL87905,SKU0323,3,2024-01-19,Wrong Size
RET04033,OL87881,SKU0394,2,2024-01-19,Wrong Colour
RET04034,OL87859,SKU0474,6,2024-01-30,Wrong Size
RET04035,OL87831,SKU0026,3,2024-01-30,Wrong Colour
RET04036,OL88124,SKU0477,1,2024-01-29,Wrong Size
RET04037,OL87919,SKU0086,5,2024-01-19,Wrong Size
RET04038,OL88029,SKU0136,2,2024-01-25,Wrong Size
RET04039,OL88031,SKU0220,1,2024-01-18,Wrong Colour
RET04040,OL87927,SKU0018,1,2024-01-24,Wrong Size
RET04041,OL87991,SKU0153,4,2024-01-16,Wrong Size
RET04042,OL88003,SKU0220,2,2024-01-21,Wrong Size
RET04043,OL88283,SKU0487,5,2024-01-21,Wrong Size
RET04044,OL88258,SKU0314,1,2024-01-23,Wrong Colour
RET04045,OL88213,SKU0022,4,2024-01-30,Wrong Size
RET04046,OL88214,SKU0314,3,2024-02-02,Wrong Colour
RET04047,OL88231,SKU0177,1,2024-02-05,Wrong Size
RET04048,OL88181,SKU0435,1,2024-02-05,Wrong Colour
RET04049,OL88293,SKU0495,2,2024-01-23,Wrong Size
RET04050,OL88143,SKU0424,1,2024-01-30,Wrong Colour
RET04051,OL88206,SKU0348,1,2024-01-30,Wrong Size
RET04052,OL88185,SKU0307,3,2024-01-25,Wrong Size
RET04053,OL88355,SKU0340,4,2024-01-30,Wrong Size
RET04054,OL88493,SKU0241,2,2024-01-28,Wrong Size
RET04055,OL88373,SKU0334,8,2024-01-20,Wrong Colour
RET04056,OL88443,SKU0425,3,2024-01-28,Wrong Size
RET04057,OL88624,SKU0128,2,2024-01-26,Wrong Colour
RET04058,OL88496,SKU0158,1,2024-02-04,Wrong Size
RET04059,OL88545,SKU0183,4,2024-01-31,Wrong Size
RET04060,OL88638,SKU0067,1,2024-01-21,Wrong Size
RET04061,OL88975,SKU0472,6,2024-01-31,Wrong Size
RET04062,OL89011,SKU0067,5,2024-01-27,Wrong Size
RET04063,OL88658,SKU0084,1,2024-01-21,Wrong Size
RET04064,OL88731,SKU0305,2,2024-02-03,Wrong Size
RET04065,OL88877,SKU0312,1,2024-01-28,Wrong Colour
RET04066,OL88708,SKU0088,3,2024-01-31,Wrong Size
RET04067,OL88960,SKU0325,2,2024-02-09,Wrong Size
RET04068,OL88835,SKU0324,1,2024-01-28,Wrong Colour
RET04069,OL88790,SKU0398,1,2024-01-28,Wrong Colour
RET04070,OL88858,SKU0004,5,2024-02-05,Wrong Size
RET04071,OL88776,SKU0040,3,2024-02-07,Wrong Size
RET04072,OL88777,SKU0223,4,2024-02-02,Wrong Size
RET04073,OL88830,SKU0345,3,2024-01-29,Wrong Size
RET04074,OL88831,SKU0323,2,2024-02-07,Wrong Colour
RET04075,OL88998,SKU0093,1,2024-02-05,Wrong Colour
RET04076,OL89044,SKU0212,3,2024-02-11,Wrong Size
RET04077,OL89139,SKU0301,3,2024-02-11,Wrong Size
RET04078,OL88955,SKU0224,4,2024-02-03,Wrong Colour
RET04079,OL88994,SKU0021,4,2024-01-27,Wrong Colour
RET04080,OL89131,SKU0106,3,2024-01-23,Wrong Size
RET04081,OL89058,SKU0267,4,2024-02-03,Wrong Size
RET04082,OL88905,SKU0485,2,2024-01-26,Wrong Size
RET04083,OL89166,SKU0197,2,2024-02-06,Wrong Size
RET04084,OL89271,SKU0190,4,2024-01-28,Wrong Colour
RET04085,OL89501,SKU0283,6,2024-01-28,Wrong Size
RET04086,OL89269,SKU0244,1,2024-02-03,Wrong Colour
RET04087,OL89395,SKU0437,2,2024-02-08,Wrong Colour
RET04088,OL89214,SKU0392,1,2024-02-06,Wrong Colour
RET04089,OL89221,SKU0005,8,2024-02-09,Wrong Colour
RET04090,OL89309,SKU0353,2,2024-02-12,Wrong Size
RET04091,OL89549,SKU0355,4,2024-02-08,Wrong Size
RET04092,OL89533,SKU0428,2,2024-02-15,Wrong Size
RET04093,OL89352,SKU0149,2,2024-02-03,Wrong Size
RET04094,OL89354,SKU0200,2,2024-02-11,Wrong Colour
RET04095,OL89460,SKU0140,3,2024-02-15,Wrong Colour
RET04096,OL89631,SKU0014,2,2024-02-13,Wrong Colour
RET04097,OL89583,SKU0116,1,2024-02-03,Wrong Size
RET04098,OL89598,SKU0221,5,2024-02-02,Wrong Size
RET04099,OL89599,SKU0187,1,2024-02-16,Wrong Size
RET04100,OL89498,SKU0240,7,2024-01-29,Wrong Colour
RET04101,OL89708,SKU0178,2,2024-01-28,Wrong Colour
RET04102,OL89580,SKU0346,5,2024-02-07,Wrong Size
RET04103,OL89581,SKU0402,2,2024-02-09,Wrong Colour
RET04104,OL89772,SKU0295,1,2024-02-10,Wrong Colour
RET04105,OL89572,SKU0202,1,2024-02-06,Wrong Colour
RET04106,OL90115,SKU0206,9,2024-01-30,Wrong Size
RET04107,OL89831,SKU0371,2,2024-02-14,Wrong Size
RET04108,OL89726,SKU0005,3,2024-02-03,Wrong Size
RET04109,OL89683,SKU0486,1,2024-02-07,Wrong Colour
RET04110,OL89690,SKU0006,3,2024-02-14,Wrong Size
RET04111,OL89614,SKU0382,1,2024-02-09,Wrong Size
RET04112,OL89757,SKU0172,4,2024-02-12,Wrong Colour
RET04113,OL89993,SKU0090,2,2024-02-07,Wrong Size
RET04114,OL89768,SKU0139,1,2024-02-07,Wrong Size
RET04115,OL89788,SKU0244,7,2024-02-19,Wrong Colour
RET04116,OL89793,SKU0157,3,2024-02-14,Wrong Colour
RET04117,OL89797,SKU0313,9,2024-02-02,Wrong Colour
RET04118,OL89948,SKU0249,1,2024-02-06,Wrong Colour
RET04119,OL89806,SKU0138,4,2024-02-06,Wrong Size
RET04120,OL89930,SKU0078,4,2024-02-15,Wrong Colour
RET04121,OL90103,SKU0395,1,2024-02-05,Wrong Colour
RET04122,OL90005,SKU0305,1,2024-02-04,Wrong Size
RET04123,OL89869,SKU0316,1,2024-02-01,Wrong Size
RET04124,OL89872,SKU0157,4,2024-02-05,Wrong Colour
RET04125,OL90034,SKU0489,1,2024-01-31,Wrong Size
RET04126,OL89901,SKU0407,8,2024-02-01,Wrong Colour
RET04127,OL89902,SKU0382,3,2024-02-09,Wrong Size
RET04128,OL90390,SKU0174,3,2024-02-18,Wrong Colour
RET04129,OL90054,SKU0248,8,2024-02-11,Wrong Colour
RET04130,OL90085,SKU0165,2,2024-02-20,Wrong Colour
RET04131,OL90524,SKU0309,1,2024-02-06,Wrong Size
RET04132,OL90190,SKU0437,9,2024-02-19,Wrong Size
RET04133,OL90258,SKU0017,4,2024-02-14,Wrong Colour
RET04134,OL90267,SKU0014,5,2024-02-22,Wrong Colour
RET04135,OL90268,SKU0322,2,2024-02-17,Wrong Size
RET04136,OL90351,SKU0384,3,2024-02-07,Wrong Size
RET04137,OL90180,SKU0219,8,2024-02-14,Wrong Size
RET04138,OL90336,SKU0201,8,2024-02-17,Wrong Size
RET04139,OL90220,SKU0232,4,2024-02-12,Wrong Colour
RET04140,OL90246,SKU0190,1,2024-02-20,Wrong Size
RET04141,OL90233,SKU0437,1,2024-02-13,Wrong Size
RET04142,OL90364,SKU0410,1,2024-02-07,Wrong Size
RET04143,OL90497,SKU0310,3,2024-02-19,Wrong Colour
RET04144,OL90294,SKU0447,1,2024-02-11,Wrong Colour
RET04145,OL90713,SKU0304,1,2024-02-23,Wrong Colour
RET04146,OL90650,SKU0066,1,2024-02-19,Wrong Size
RET04147,OL90521,SKU0459,2,2024-02-09,Wrong Colour
RET04148,OL90477,SKU0047,3,2024-02-20,Wrong Size
RET04149,OL90507,SKU0114,1,2024-02-15,Wrong Size
RET04150,OL90485,SKU0467,2,2024-02-06,Wrong Colour
RET04151,OL90441,SKU0379,5,2024-02-09,Wrong Size
RET04152,OL90731,SKU0143,5,2024-02-24,Wrong Size
RET04153,OL90621,SKU0433,2,2024-02-16,Wrong Colour
RET04154,OL90517,SKU0195,3,2024-02-24,Wrong Size
RET04155,OL90909,SKU0239,6,2024-02-12,Wrong Size
RET04156,OL90910,SKU0385,5,2024-02-21,Wrong Colour
RET04157,OL90646,SKU0436,1,2024-02-19,Wrong Size
RET04158,OL90549,SKU0149,2,2024-02-18,Wrong Colour
RET04159,OL91074,SKU0332,7,2024-02-24,Wrong Size
RET04160,OL90816,SKU0049,2,2024-02-11,Wrong Size
RET04161,OL90728,SKU0472,2,2024-02-08,Wrong Size
RET04162,OL90729,SKU0083,3,2024-02-11,Wrong Size
RET04163,OL91082,SKU0234,1,2024-02-27,Wrong Size
RET04164,OL90838,SKU0116,2,2024-02-19,Wrong Size
RET04165,OL90841,SKU0133,4,2024-02-21,Wrong Size
RET04166,OL90883,SKU0494,3,2024-02-28,Wrong Size
RET04167,OL91087,SKU0097,3,2024-02-17,Wrong Colour
RET04168,OL90903,SKU0408,1,2024-02-13,Wrong Size
RET04169,OL90905,SKU0345,4,2024-02-08,Wrong Size
RET04170,OL90965,SKU0446,1,2024-02-14,Wrong Colour
RET04171,OL91238,SKU0252,1,2024-02-17,Wrong Size
RET04172,OL90907,SKU0062,4,2024-02-09,Wrong Size
RET04173,OL90922,SKU0257,2,2024-02-27,Wrong Colour
RET04174,OL91043,SKU0313,4,2024-02-15,Wrong Size
RET04175,OL91224,SKU0309,1,2024-02-13,Wrong Size
RET04176,OL90894,SKU0051,4,2024-02-18,Wrong Colour
RET04177,OL91022,SKU0088,4,2024-02-13,Wrong Colour
RET04178,OL91031,SKU0159,5,2024-02-19,Wrong Size
RET04179,OL91177,SKU0400,2,2024-02-26,Wrong Size
RET04180,OL91157,SKU0433,4,2024-02-11,Wrong Size
RET04181,OL91161,SKU0362,2,2024-02-15,Wrong Colour
RET04182,OL91292,SKU0289,1,2024-02-24,Wrong Colour
RET04183,OL91701,SKU0295,3,2024-02-14,Wrong Size
RET04184,OL91702,SKU0333,8,2024-02-12,Wrong Colour
RET04185,OL91258,SKU0035,1,2024-02-23,Wrong Colour
RET04186,OL91319,SKU0469,1,2024-02-25,Wrong Colour
RET04187,OL91332,SKU0324,1,2024-02-22,Wrong Colour
RET04188,OL91366,SKU0320,2,2024-02-26,Wrong Colour
RET04189,OL91246,SKU0346,2,2024-03-02,Wrong Colour
RET04190,OL91282,SKU0160,1,2024-03-02,Wrong Colour
RET04191,OL91525,SKU0407,2,2024-02-18,Wrong Size
RET04192,OL91527,SKU0186,4,2024-02-20,Wrong Colour
RET04193,OL91601,SKU0399,1,2024-02-17,Wrong Size
RET04194,OL91450,SKU0080,5,2024-02-27,Wrong Size
RET04195,OL91412,SKU0313,6,2024-02-20,Wrong Colour
RET04196,OL91362,SKU0449,1,2024-02-24,Wrong Size
RET04197,OL91535,SKU0297,3,2024-02-27,Wrong Colour
RET04198,OL91487,SKU0256,2,2024-02-27,Wrong Size
RET04199,OL91579,SKU0130,5,2024-02-28,Wrong Colour
RET04200,OL91571,SKU0026,4,2024-02-27,Wrong Size
RET04201,OL91982,SKU0342,1,2024-02-25,Wrong Size
RET04202,OL91758,SKU0251,5,2024-02-21,Wrong Colour
RET04203,OL91844,SKU0445,4,2024-02-20,Wrong Size
RET04204,OL91800,SKU0142,4,2024-02-24,Wrong Colour
RET04205,OL91734,SKU0111,3,2024-03-03,Wrong Colour
RET04206,OL91825,SKU0350,3,2024-02-18,Wrong Colour
RET04207,OL91826,SKU0290,9,2024-02-25,Wrong Size
RET04208,OL92017,SKU0311,1,2024-02-20,Wrong Colour
RET04209,OL91947,SKU0216,1,2024-02-19,Wrong Size
RET04210,OL91813,SKU0138,4,2024-02-16,Wrong Size
RET04211,OL91853,SKU0402,1,2024-03-03,Wrong Colour
RET04212,OL91773,SKU0147,1,2024-03-02,Wrong Size
RET04213,OL92177,SKU0496,2,2024-02-20,Wrong Size
RET04214,OL91917,SKU0375,1,2024-02-19,Wrong Size
RET04215,OL92055,SKU0046,1,2024-02-23,Wrong Colour
RET04216,OL92148,SKU0463,3,2024-03-03,Wrong Size
RET04217,OL92021,SKU0341,2,2024-03-01,Wrong Colour
RET04218,OL92206,SKU0311,1,2024-02-22,Wrong Colour
RET04219,OL92133,SKU0159,1,2024-02-28,Wrong Size
RET04220,OL92014,SKU0283,3,2024-02-29,Wrong Colour
RET04221,OL92543,SKU0340,1,2024-03-08,Wrong Size
RET04222,OL92419,SKU0318,2,2024-03-10,Wrong Size
RET04223,OL92192,SKU0083,1,2024-02-26,Wrong Size
RET04224,OL92697,SKU0166,1,2024-03-09,Wrong Size
RET04225,OL92385,SKU0076,1,2024-02-25,Wrong Colour
RET04226,OL92736,SKU0221,2,2024-02-24,Wrong Size
RET04227,OL92479,SKU0078,2,2024-03-10,Wrong Size
RET04228,OL92611,SKU0269,7,2024-03-02,Wrong Colour
RET04229,OL92669,SKU0432,1,2024-03-12,Wrong Size
RET04230,OL92513,SKU0186,1,2024-03-02,Wrong Size
RET04231,OL92671,SKU0377,3,2024-02-26,Wrong Colour
RET04232,OL92719,SKU0001,2,2024-03-12,Wrong Size
RET04233,OL92684,SKU0231,2,2024-02-23,Wrong Size
RET04234,OL92650,SKU0226,4,2024-03-08,Wrong Size
RET04235,OL92741,SKU0064,1,2024-03-10,Wrong Size
RET04236,OL92573,SKU0265,4,2024-03-10,Wrong Size
RET04237,OL92691,SKU0452,2,2024-03-12,Wrong Colour
RET04238,OL92731,SKU0154,1,2024-03-03,Wrong Size
RET04239,OL93311,SKU0119,2,2024-03-14,Wrong Size
RET04240,OL92925,SKU0192,7,2024-03-11,Wrong Colour
RET04241,OL92996,SKU0009,3,2024-03-06,Wrong Size
RET04242,OL92942,SKU0032,3,2024-03-12,Wrong Colour
RET04243,OL92897,SKU0055,5,2024-02-28,Wrong Size
RET04244,OL92851,SKU0062,4,2024-03-15,Wrong Size
RET04245,OL92887,SKU0487,3,2024-03-16,Wrong Size
RET04246,OL93022,SKU0208,1,2024-03-16,Wrong Colour
RET04247,OL93230,SKU0489,10,2024-03-02,Wrong Size
RET04248,OL92968,SKU0287,2,2024-02-28,Wrong Colour
RET04249,OL92971,SKU0298,2,2024-03-16,Wrong Size
RET04250,OL93047,SKU0416,1,2024-03-14,Wrong Colour
RET04251,OL92965,SKU0121,1,2024-03-04,Wrong Colour
RET04252,OL93170,SKU0468,1,2024-02-28,Wrong Colour
RET04253,OL93392,SKU0047,1,2024-03-11,Wrong Size
RET04254,OL93110,SKU0367,6,2024-03-16,Wrong Colour
RET04255,OL93200,SKU0171,4,2024-02-28,Wrong Colour
RET04256,OL93210,SKU0187,2,2024-03-01,Wrong Colour
RET04257,OL93336,SKU0232,5,2024-03-11,Wrong Size
RET04258,OL93276,SKU0064,2,2024-03-07,Wrong Size
RET04259,OL93269,SKU0461,1,2024-03-01,Wrong Size
RET04260,OL93302,SKU0206,2,2024-03-08,Wrong Size
RET04261,OL93281,SKU0333,9,2024-03-13,Wrong Size
RET04262,OL93686,SKU0018,2,2024-03-11,Wrong Size
RET04263,OL93730,SKU0348,5,2024-03-04,Wrong Size
RET04264,OL93428,SKU0070,1,2024-03-06,Wrong Colour
RET04265,OL93410,SKU0172,1,2024-03-18,Wrong Size
RET04266,OL93376,SKU0449,13,2024-03-10,Wrong Size
RET04267,OL93424,SKU0102,6,2024-03-16,Wrong Size
RET04268,OL93640,SKU0224,1,2024-03-01,Wrong Size
RET04269,OL93643,SKU0074,3,2024-03-15,Wrong Size
RET04270,OL93520,SKU0155,1,2024-03-03,Wrong Size
RET04271,OL93601,SKU0162,1,2024-03-18,Wrong Size
RET04272,OL93500,SKU0171,1,2024-03-07,Wrong Size
RET04273,OL93456,SKU0297,1,2024-03-14,Wrong Colour
RET04274,OL93790,SKU0253,2,2024-03-21,Wrong Size
RET04275,OL93604,SKU0216,4,2024-03-05,Wrong Size
RET04276,OL93780,SKU0060,1,2024-03-10,Wrong Size
RET04277,OL93670,SKU0210,1,2024-03-04,Wrong Size
RET04278,OL93777,SKU0486,5,2024-03-17,Wrong Colour
RET04279,OL93736,SKU0106,4,2024-03-18,Wrong Colour
RET04280,OL93796,SKU0160,1,2024-03-20,Wrong Colour
RET04281,OL93728,SKU0310,2,2024-03-13,Wrong Size
RET04282,OL93864,SKU0191,3,2024-03-15,Wrong Colour
RET04283,OL93756,SKU0259,1,2024-03-04,Wrong Size
RET04284,OL94267,SKU0018,4,2024-03-24,Wrong Colour
RET04285,OL93973,SKU0006,2,2024-03-13,Wrong Size
RET04286,OL93871,SKU0385,2,2024-03-09,Wrong Size
RET04287,OL94029,SKU0344,1,2024-03-19,Wrong Size
RET04288,OL93910,SKU0480,4,2024-03-21,Wrong Colour
RET04289,OL93893,SKU0450,3,2024-03-08,Wrong Size
RET04290,OL93930,SKU0068,3,2024-03-14,Wrong Colour
RET04291,OL94258,SKU0331,2,2024-03-05,Wrong Colour
RET04292,OL93996,SKU0341,6,2024-03-07,Wrong Size
RET04293,OL94024,SKU0322,9,2024-03-09,Wrong Colour
RET04294,OL94034,SKU0109,8,2024-03-08,Wrong Size
RET04295,OL94093,SKU0376,3,2024-03-12,Wrong Size
RET04296,OL93923,SKU0276,1,2024-03-11,Wrong Colour
RET04297,OL93924,SKU0230,2,2024-03-07,Wrong Size
RET04298,OL94021,SKU0257,1,2024-03-24,Wrong Colour
RET04299,OL94146,SKU0242,3,2024-03-26,Wrong Size
RET04300,OL94099,SKU0311,2,2024-03-12,Wrong Size
RET04301,OL94066,SKU0290,6,2024-03-21,Wrong Size
RET04302,OL94068,SKU0242,6,2024-03-15,Wrong Size
RET04303,OL94059,SKU0184,2,2024-03-16,Wrong Colour
RET04304,OL94061,SKU0123,5,2024-03-06,Wrong Colour
RET04305,OL94157,SKU0219,5,2024-03-14,Wrong Colour
RET04306,OL94158,SKU0249,4,2024-03-16,Wrong Size
RET04307,OL94126,SKU0026,5,2024-03-16,Wrong Colour
RET04308,OL94185,SKU0315,1,2024-03-21,Wrong Size
RET04309,OL94362,SKU0125,1,2024-03-10,Wrong Size
RET04310,OL94388,SKU0360,7,2024-03-18,Wrong Size
RET04311,OL94422,SKU0279,1,2024-03-17,Wrong Size
RET04312,OL94332,SKU0310,3,2024-03-22,Wrong Size
RET04313,OL94305,SKU0399,3,2024-03-22,Wrong Colour
RET04314,OL94288,SKU0170,5,2024-03-22,Wrong Size
RET04315,OL94516,SKU0215,4,2024-03-19,Wrong Size
RET04316,OL94517,SKU0385,8,2024-03-21,Wrong Size
RET04317,OL94722,SKU0430,2,2024-03-22,Wrong Size
RET04318,OL94424,SKU0007,3,2024-03-15,Wrong Size
RET04319,OL94445,SKU0374,2,2024-03-10,Wrong Size
RET04320,OL94960,SKU0431,4,2024-03-22,Wrong Colour
RET04321,OL94707,SKU0490,2,2024-03-29,Wrong Size
RET04322,OL94700,SKU0290,2,2024-03-27,Wrong Colour
RET04323,OL94643,SKU0325,2,2024-03-21,Wrong Size
RET04324,OL94551,SKU0357,2,2024-03-21,Wrong Size
RET04325,OL94552,SKU0187,2,2024-03-18,Wrong Colour
RET04326,OL94618,SKU0009,4,2024-03-22,Wrong Size
RET04327,OL94628,SKU0372,1,2024-03-12,Wrong Size
RET04328,OL94777,SKU0259,3,2024-03-30,Wrong Size
RET04329,OL94632,SKU0106,3,2024-03-17,Wrong Colour
RET04330,OL94780,SKU0256,3,2024-03-12,Wrong Colour
RET04331,OL95006,SKU0285,2,2024-03-20,Wrong Size
RET04332,OL94997,SKU0263,1,2024-03-29,Wrong Size
RET04333,OL94730,SKU0497,2,2024-03-20,Wrong Size
RET04334,OL94771,SKU0468,3,2024-03-18,Wrong Size
RET04335,OL94712,SKU0363,5,2024-03-20,Wrong Size
RET04336,OL94871,SKU0405,5,2024-03-15,Wrong Colour
RET04337,OL94856,SKU0083,1,2024-03-15,Wrong Size
RET04338,OL94870,SKU0276,4,2024-03-15,Wrong Colour
RET04339,OL94876,SKU0085,3,2024-03-31,Wrong Size
RET04340,OL94812,SKU0145,4,2024-03-17,Wrong Size
RET04341,OL94903,SKU0456,2,2024-03-18,Wrong Size
RET04342,OL95188,SKU0494,1,2024-03-17,Wrong Colour
RET04343,OL95071,SKU0362,12,2024-03-28,Wrong Colour
RET04344,OL94961,SKU0492,7,2024-03-14,Wrong Size
RET04345,OL95030,SKU0486,3,2024-03-17,Wrong Colour
RET04346,OL95058,SKU0200,5,2024-04-02,Wrong Size
RET04347,OL95182,SKU0134,1,2024-03-18,Wrong Size
RET04348,OL95113,SKU0347,8,2024-03-30,Wrong Colour
RET04349,OL95489,SKU0299,3,2024-03-16,Wrong Size
RET04350,OL95538,SKU0223,1,2024-03-21,Wrong Size
RET04351,OL95130,SKU0139,1,2024-03-25,Wrong Size
RET04352,OL95110,SKU0057,2,2024-04-02,Wrong Size
RET04353,OL95299,SKU0280,4,2024-03-28,Wrong Size
RET04354,OL95142,SKU0023,6,2024-03-23,Wrong Size
RET04355,OL95283,SKU0448,2,2024-03-25,Wrong Colour
RET04356,OL95340,SKU0384,3,2024-03-18,Wrong Colour
RET04357,OL95282,SKU0188,7,2024-03-23,Wrong Colour
RET04358,OL95219,SKU0163,9,2024-03-24,Wrong Size
RET04359,OL95533,SKU0401,6,2024-03-24,Wrong Colour
RET04360,OL95388,SKU0490,5,2024-03-23,Wrong Colour
RET04361,OL95404,SKU0075,3,2024-03-22,Wrong Size
RET04362,OL95547,SKU0122,4,2024-03-31,Wrong Colour
RET04363,OL95858,SKU0384,5,2024-03-22,Wrong Colour
RET04364,OL95501,SKU0386,1,2024-03-20,Wrong Colour
RET04365,OL95502,SKU0235,2,2024-04-02,Wrong Colour
RET04366,OL95476,SKU0470,1,2024-03-19,Wrong Colour
RET04367,OL95525,SKU0457,7,2024-03-19,Wrong Size
RET04368,OL95439,SKU0402,2,2024-03-23,Wrong Size
RET04369,OL95733,SKU0306,1,2024-03-23,Wrong Colour
RET04370,OL95816,SKU0206,1,2024-04-07,Wrong Size
RET04371,OL95923,SKU0330,1,2024-04-03,Wrong Size
RET04372,OL95611,SKU0125,3,2024-03-30,Wrong Size
RET04373,OL95688,SKU0202,3,2024-03-21,Wrong Colour
RET04374,OL95636,SKU0088,1,2024-03-21,Wrong Size
RET04375,OL95582,SKU0450,3,2024-03-25,Wrong Size
RET04376,OL95596,SKU0089,3,2024-03-26,Wrong Size
RET04377,OL95704,SKU0306,3,2024-03-31,Wrong Size
RET04378,OL95898,SKU0044,4,2024-03-30,Wrong Colour
RET04379,OL96191,SKU0130,1,2024-03-27,Wrong Colour
RET04380,OL95873,SKU0328,3,2024-03-31,Wrong Size
RET04381,OL95895,SKU0193,3,2024-03-23,Wrong Size
RET04382,OL95939,SKU0116,4,2024-03-23,Wrong Colour
RET04383,OL95837,SKU0136,3,2024-04-01,Wrong Colour
RET04384,OL95839,SKU0162,10,2024-03-21,Wrong Colour
RET04385,OL95886,SKU0364,2,2024-03-20,Wrong Size
RET04386,OL95995,SKU0431,1,2024-04-10,Wrong Size
RET04387,OL96126,SKU0480,6,2024-04-03,Wrong Size
RET04388,OL95950,SKU0333,1,2024-04-07,Wrong Size
RET04389,OL96153,SKU0393,1,2024-04-01,Wrong Colour
RET04390,OL96286,SKU0328,2,2024-03-31,Wrong Size
RET04391,OL96009,SKU0128,3,2024-04-09,Wrong Size
RET04392,OL96337,SKU0228,1,2024-04-03,Wrong Colour
RET04393,OL96397,SKU0430,8,2024-04-02,Wrong Size
RET04394,OL96329,SKU0153,1,2024-04-04,Wrong Colour
RET04395,OL96180,SKU0339,1,2024-04-04,Wrong Size
RET04396,OL96121,SKU0105,4,2024-03-23,Wrong Size
RET04397,OL96207,SKU0445,1,2024-04-05,Wrong Size
RET04398,OL96347,SKU0014,2,2024-03-29,Wrong Colour
RET04399,OL96348,SKU0078,2,2024-04-01,Wrong Colour
RET04400,OL96354,SKU0056,1,2024-04-09,Wrong Size
RET04401,OL96356,SKU0394,2,2024-03-26,Wrong Size
RET04402,OL96432,SKU0143,6,2024-03-31,Wrong Colour
RET04403,OL96601,SKU0384,2,2024-03-27,Wrong Colour
RET04404,OL96648,SKU0143,3,2024-03-31,Wrong Size
RET04405,OL96661,SKU0451,3,2024-04-14,Wrong Size
RET04406,OL96554,SKU0479,1,2024-04-01,Wrong Colour
RET04407,OL96682,SKU0240,2,2024-04-07,Wrong Colour
RET04408,OL96580,SKU0199,1,2024-04-02,Wrong Size
RET04409,OL96605,SKU0121,2,2024-04-14,Wrong Size
RET04410,OL96620,SKU0220,3,2024-03-31,Wrong Size
RET04411,OL96859,SKU0459,1,2024-04-01,Wrong Size
RET04412,OL96726,SKU0229,7,2024-04-07,Wrong Colour
RET04413,OL96732,SKU0492,5,2024-04-04,Wrong Colour
RET04414,OL96935,SKU0422,7,2024-04-05,Wrong Colour
RET04415,OL96780,SKU0344,2,2024-04-16,Wrong Colour
RET04416,OL96837,SKU0129,2,2024-04-17,Wrong Size
RET04417,OL96840,SKU0242,4,2024-04-08,Wrong Size
RET04418,OL97034,SKU0040,3,2024-04-04,Wrong Colour
RET04419,OL96896,SKU0193,6,2024-04-05,Wrong Colour
RET04420,OL97295,SKU0016,1,2024-04-01,Wrong Colour
RET04421,OL97001,SKU0188,2,2024-04-14,Wrong Size
RET04422,OL97116,SKU0390,1,2024-03-31,Wrong Colour
RET04423,OL97148,SKU0009,2,2024-04-14,Wrong Colour
RET04424,OL97077,SKU0008,1,2024-04-17,Wrong Size
RET04425,OL97031,SKU0418,2,2024-04-03,Wrong Size
RET04426,OL97090,SKU0218,1,2024-04-06,Wrong Size
RET04427,OL97018,SKU0297,2,2024-04-02,Wrong Colour
RET04428,OL97456,SKU0390,2,2024-04-04,Wrong Size
RET04429,OL97491,SKU0414,4,2024-04-10,Wrong Size
RET04430,OL97330,SKU0326,4,2024-04-17,Wrong Size
RET04431,OL97127,SKU0302,1,2024-04-16,Wrong Size
RET04432,OL97586,SKU0103,2,2024-04-09,Wrong Size
RET04433,OL97439,SKU0112,4,2024-04-15,Wrong Size
RET04434,OL97442,SKU0354,7,2024-04-10,Wrong Colour
RET04435,OL97296,SKU0347,4,2024-04-01,Wrong Size
RET04436,OL97254,SKU0141,6,2024-04-16,Wrong Colour
RET04437,OL97713,SKU0402,1,2024-04-19,Wrong Size
RET04438,OL97534,SKU0162,1,2024-04-10,Wrong Size
RET04439,OL97414,SKU0281,7,2024-04-12,Wrong Colour
RET04440,OL97368,SKU0328,2,2024-04-08,Wrong Colour
RET04441,OL97400,SKU0390,2,2024-04-17,Wrong Size
RET04442,OL97403,SKU0044,5,2024-04-09,Wrong Size
RET04443,OL97339,SKU0401,2,2024-04-13,Wrong Size
RET04444,OL97377,SKU0012,7,2024-04-16,Wrong Size
RET04445,OL97601,SKU0452,3,2024-04-06,Wrong Colour
RET04446,OL97656,SKU0186,2,2024-04-03,Wrong Colour
RET04447,OL97538,SKU0300,1,2024-04-04,Wrong Size
RET04448,OL97524,SKU0351,4,2024-04-03,Wrong Size
RET04449,OL97996,SKU0019,4,2024-04-13,Wrong Colour
RET04450,OL97581,SKU0423,8,2024-04-11,Wrong Colour
RET04451,OL97873,SKU0037,1,2024-04-09,Wrong Size
RET04452,OL97603,SKU0224,6,2024-04-11,Wrong Size
RET04453,OL97630,SKU0290,3,2024-04-17,Wrong Colour
RET04454,OL97747,SKU0210,1,2024-04-13,Wrong Colour
RET04455,OL97685,SKU0008,4,2024-04-25,Wrong Size
RET04456,OL97805,SKU0283,4,2024-04-10,Wrong Size
RET04457,OL97849,SKU0245,1,2024-04-18,Wrong Size
RET04458,OL97715,SKU0261,1,2024-04-10,Wrong Colour
RET04459,OL97803,SKU0341,3,2024-04-19,Wrong Colour
RET04460,OL97774,SKU0029,4,2024-04-24,Wrong Colour
RET04461,OL98214,SKU0270,13,2024-04-08,Wrong Colour
RET04462,OL97810,SKU0391,1,2024-04-21,Wrong Size
RET04463,OL97881,SKU0042,1,2024-04-15,Wrong Colour
RET04464,OL97806,SKU0434,1,2024-04-13,Wrong Colour
RET04465,OL98014,SKU0058,2,2024-04-15,Wrong Colour
RET04466,OL98317,SKU0049,2,2024-04-18,Wrong Colour
RET04467,OL97949,SKU0306,2,2024-04-09,Wrong Size
RET04468,OL97913,SKU0065,19,2024-04-23,Wrong Size
RET04469,OL97915,SKU0394,15,2024-04-19,Wrong Colour
RET04470,OL98002,SKU0009,2,2024-04-18,Wrong Size
RET04471,OL98070,SKU0374,1,2024-04-23,Wrong Size
RET04472,OL98166,SKU0083,3,2024-04-20,Wrong Colour
RET04473,OL98187,SKU0305,4,2024-04-11,Wrong Colour
RET04474,OL98371,SKU0001,2,2024-04-23,Wrong Size
RET04475,OL98257,SKU0052,1,2024-04-27,Wrong Size
RET04476,OL98155,SKU0500,3,2024-04-22,Wrong Size
RET04477,OL98684,SKU0438,2,2024-04-25,Wrong Size
RET04478,OL98686,SKU0154,3,2024-04-12,Wrong Size
RET04479,OL98463,SKU0481,2,2024-04-21,Wrong Colour
RET04480,OL98426,SKU0241,2,2024-04-23,Wrong Colour
RET04481,OL98297,SKU0164,2,2024-04-18,Wrong Colour
RET04482,OL98328,SKU0082,10,2024-04-11,Wrong Size
RET04483,OL98292,SKU0235,5,2024-04-11,Wrong Colour
RET04484,OL98573,SKU0303,14,2024-04-17,Wrong Colour
RET04485,OL98413,SKU0459,4,2024-04-11,Wrong Size
RET04486,OL98360,SKU0099,4,2024-04-13,Wrong Colour
RET04487,OL98381,SKU0346,1,2024-04-14,Wrong Colour
RET04488,OL98435,SKU0116,1,2024-04-22,Wrong Size
RET04489,OL98342,SKU0409,7,2024-04-22,Wrong Colour
RET04490,OL98415,SKU0085,5,2024-04-19,Wrong Colour
RET04491,OL98685,SKU0293,1,2024-05-01,Wrong Size
RET04492,OL98560,SKU0107,1,2024-04-20,Wrong Size
RET04493,OL98517,SKU0248,1,2024-04-24,Wrong Colour
RET04494,OL98627,SKU0116,2,2024-05-01,Wrong Size
RET04495,OL98606,SKU0224,2,2024-04-30,Wrong Size
RET04496,OL98601,SKU0212,1,2024-04-28,Wrong Size
RET04497,OL98503,SKU0102,2,2024-04-26,Wrong Colour
RET04498,OL98611,SKU0446,1,2024-04-15,Wrong Size
RET04499,OL98738,SKU0240,4,2024-05-02,Wrong Colour
RET04500,OL99128,SKU0490,2,2024-04-23,Wrong Size
RET04501,OL98741,SKU0225,4,2024-04-30,Wrong Size
RET04502,OL98771,SKU0280,1,2024-04-15,Wrong Size
RET04503,OL98773,SKU0401,4,2024-05-02,Wrong Colour
RET04504,OL98722,SKU0054,2,2024-04-30,Wrong Size
RET04505,OL98872,SKU0167,5,2024-04-17,Wrong Colour
RET04506,OL98876,SKU0303,10,2024-04-20,Wrong Colour
RET04507,OL98853,SKU0180,2,2024-04-27,Wrong Colour
RET04508,OL98957,SKU0378,1,2024-04-24,Wrong Colour
RET04509,OL98806,SKU0125,1,2024-04-17,Wrong Size
RET04510,OL98917,SKU0046,3,2024-04-28,Wrong Colour
RET04511,OL99084,SKU0297,9,2024-04-30,Wrong Size
RET04512,OL98989,SKU0379,4,2024-04-26,Wrong Size
RET04513,OL99019,SKU0499,6,2024-04-16,Wrong Size
RET04514,OL99125,SKU0173,1,2024-04-29,Wrong Colour
RET04515,OL98935,SKU0011,5,2024-05-06,Wrong Size
RET04516,OL99067,SKU0465,2,2024-05-01,Wrong Size
RET04517,OL98964,SKU0451,2,2024-05-02,Wrong Size
RET04518,OL99036,SKU0439,8,2024-04-24,Wrong Size
RET04519,OL99038,SKU0099,3,2024-04-23,Wrong Size
RET04520,OL99126,SKU0373,2,2024-04-28,Wrong Size
RET04521,OL99234,SKU0376,3,2024-04-22,Wrong Size
RET04522,OL99079,SKU0481,3,2024-04-20,Wrong Size
RET04523,OL99355,SKU0408,2,2024-04-25,Wrong Size
RET04524,OL99168,SKU0276,2,2024-04-20,Wrong Size
RET04525,OL99102,SKU0071,3,2024-04-28,Wrong Size
RET04526,OL99251,SKU0262,2,2024-04-24,Wrong Size
RET04527,OL99254,SKU0117,1,2024-04-26,Wrong Size
RET04528,OL99117,SKU0200,3,2024-05-01,Wrong Colour
RET04529,OL99261,SKU0128,2,2024-04-17,Wrong Size
RET04530,OL99271,SKU0268,3,2024-04-22,Wrong Size
RET04531,OL99320,SKU0474,3,2024-05-07,Wrong Size
RET04532,OL99236,SKU0439,6,2024-05-02,Wrong Size
RET04533,OL99288,SKU0076,3,2024-04-25,Wrong Size
RET04534,OL99297,SKU0004,4,2024-04-30,Wrong Size
RET04535,OL99306,SKU0015,3,2024-05-08,Wrong Colour
RET04536,OL99342,SKU0107,3,2024-04-24,Wrong Size
RET04537,OL99371,SKU0222,4,2024-04-23,Wrong Colour
RET04538,OL99404,SKU0191,3,2024-04-27,Wrong Colour
RET04539,OL99429,SKU0195,3,2024-04-26,Wrong Size
RET04540,OL99470,SKU0448,2,2024-04-25,Wrong Size
RET04541,OL99995,SKU0196,1,2024-05-05,Wrong Colour
RET04542,OL99750,SKU0143,4,2024-05-12,Wrong Size
RET04543,OL99653,SKU0022,1,2024-05-11,Wrong Size
RET04544,OL99739,SKU0449,4,2024-05-09,Wrong Size
RET04545,OL99860,SKU0035,1,2024-04-27,Wrong Size
RET04546,OL99659,SKU0421,2,2024-04-30,Wrong Colour
RET04547,OL99866,SKU0079,4,2024-05-01,Wrong Colour
RET04548,OL99746,SKU0188,3,2024-05-11,Wrong Colour
RET04549,OL99681,SKU0100,3,2024-04-28,Wrong Colour
RET04550,OL99991,SKU0497,7,2024-05-05,Wrong Size
RET04551,OL99785,SKU0064,1,2024-05-02,Wrong Size
RET04552,OL99789,SKU0352,6,2024-04-26,Wrong Colour
RET04553,OL99880,SKU0243,3,2024-04-26,Wrong Colour
RET04554,OL99835,SKU0442,4,2024-04-28,Wrong Size
RET04555,OL99807,SKU0482,1,2024-05-05,Wrong Colour
RET04556,OL100062,SKU0161,2,2024-04-24,Wrong Colour
RET04557,OL99815,SKU0285,7,2024-04-23,Wrong Size
RET04558,OL99850,SKU0143,5,2024-05-05,Wrong Colour
RET04559,OL99911,SKU0352,7,2024-04-25,Wrong Colour
RET04560,OL99944,SKU0221,3,2024-05-12,Wrong Colour
RET04561,OL100222,SKU0096,3,2024-05-11,Wrong Colour
RET04562,OL100200,SKU0478,4,2024-05-13,Wrong Size
RET04563,OL100017,SKU0489,8,2024-04-27,Wrong Size
RET04564,OL100122,SKU0404,2,2024-05-12,Wrong Colour
RET04565,OL100208,SKU0487,4,2024-05-07,Wrong Size
RET04566,OL100494,SKU0274,1,2024-05-10,Wrong Size
RET04567,OL100295,SKU0010,1,2024-05-05,Wrong Size
RET04568,OL100204,SKU0332,6,2024-04-29,Wrong Colour
RET04569,OL100143,SKU0459,4,2024-05-10,Wrong Size
RET04570,OL100238,SKU0297,2,2024-04-27,Wrong Colour
RET04571,OL100491,SKU0444,3,2024-05-15,Wrong Colour
RET04572,OL100193,SKU0451,3,2024-05-11,Wrong Colour
RET04573,OL100244,SKU0147,4,2024-05-13,Wrong Size
RET04574,OL100319,SKU0162,2,2024-05-04,Wrong Colour
RET04575,OL100338,SKU0173,3,2024-05-14,Wrong Colour
RET04576,OL100303,SKU0344,4,2024-04-30,Wrong Colour
RET04577,OL100354,SKU0311,5,2024-05-12,Wrong Colour
RET04578,OL100583,SKU0297,2,2024-05-17,Wrong Colour
RET04579,OL100278,SKU0124,4,2024-05-05,Wrong Size
RET04580,OL100605,SKU0226,1,2024-04-28,Wrong Colour
RET04581,OL100711,SKU0362,1,2024-05-10,Wrong Size
RET04582,OL100681,SKU0420,1,2024-05-07,Wrong Colour
RET04583,OL100708,SKU0123,2,2024-05-06,Wrong Colour
RET04584,OL100579,SKU0062,4,2024-05-17,Wrong Size
RET04585,OL100667,SKU0144,4,2024-05-05,Wrong Colour
RET04586,OL100644,SKU0076,1,2024-05-18,Wrong Size
RET04587,OL100586,SKU0067,4,2024-05-09,Wrong Size
RET04588,OL101001,SKU0208,9,2024-05-15,Wrong Size
RET04589,OL100698,SKU0040,5,2024-05-04,Wrong Size
RET04590,OL100699,SKU0397,1,2024-05-10,Wrong Colour
RET04591,OL100720,SKU0476,5,2024-05-15,Wrong Size
RET04592,OL100716,SKU0414,2,2024-05-10,Wrong Size
RET04593,OL100763,SKU0231,3,2024-05-14,Wrong Colour
RET04594,OL100964,SKU0205,2,2024-05-15,Wrong Colour
RET04595,OL100801,SKU0416,3,2024-05-16,Wrong Size
RET04596,OL100874,SKU0266,2,2024-05-20,Wrong Size
RET04597,OL100848,SKU0231,2,2024-05-08,Wrong Size
RET04598,OL100989,SKU0052,3,2024-05-02,Wrong Size
RET04599,OL100944,SKU0125,7,2024-05-13,Wrong Size
RET04600,OL100945,SKU0174,1,2024-05-21,Wrong Size
RET04601,OL100884,SKU0398,10,2024-05-02,Wrong Colour
RET04602,OL100860,SKU0238,10,2024-05-08,Wrong Size
RET04603,OL100915,SKU0216,3,2024-05-07,Wrong Colour
RET04604,OL100883,SKU0187,4,2024-05-15,Wrong Colour
RET04605,OL100889,SKU0264,5,2024-05-03,Wrong Size
RET04606,OL101163,SKU0045,4,2024-05-05,Wrong Size
RET04607,OL100994,SKU0177,2,2024-05-10,Wrong Size
RET04608,OL101046,SKU0105,3,2024-05-12,Wrong Size
RET04609,OL101448,SKU0303,3,2024-05-18,Wrong Colour
RET04610,OL101258,SKU0212,1,2024-05-08,Wrong Colour
RET04611,OL101156,SKU0254,2,2024-05-06,Wrong Size
RET04612,OL101057,SKU0036,10,2024-05-12,Wrong Colour
RET04613,OL101139,SKU0120,2,2024-05-13,Wrong Colour
RET04614,OL101081,SKU0052,3,2024-05-24,Wrong Size
RET04615,OL101069,SKU0309,6,2024-05-21,Wrong Colour
RET04616,OL101388,SKU0376,4,2024-05-21,Wrong Size
RET04617,OL101446,SKU0200,3,2024-05-11,Wrong Size
RET04618,OL101356,SKU0203,1,2024-05-21,Wrong Size
RET04619,OL101299,SKU0282,4,2024-05-21,Wrong Colour
RET04620,OL101252,SKU0317,1,2024-05-23,Wrong Size
RET04621,OL101529,SKU0038,2,2024-05-08,Wrong Size
RET04622,OL101522,SKU0101,3,2024-05-17,Wrong Colour
RET04623,OL101545,SKU0402,1,2024-05-21,Wrong Size
RET04624,OL101417,SKU0215,6,2024-05-25,Wrong Colour
RET04625,OL101420,SKU0479,1,2024-05-16,Wrong Size
RET04626,OL101632,SKU0290,3,2024-05-17,Wrong Size
RET04627,OL101827,SKU0105,2,2024-05-17,Wrong Colour
RET04628,OL101595,SKU0312,7,2024-05-15,Wrong Colour
RET04629,OL101814,SKU0146,1,2024-05-23,Wrong Colour
RET04630,OL101552,SKU0008,3,2024-05-28,Wrong Colour
RET04631,OL101538,SKU0113,2,2024-05-25,Wrong Size
RET04632,OL101744,SKU0346,5,2024-05-27,Wrong Colour
RET04633,OL101747,SKU0330,3,2024-05-23,Wrong Colour
RET04634,OL101934,SKU0332,4,2024-05-18,Wrong Colour
RET04635,OL101740,SKU0002,3,2024-05-27,Wrong Size
RET04636,OL101678,SKU0272,4,2024-05-20,Wrong Colour
RET04637,OL101769,SKU0117,7,2024-05-22,Wrong Size
RET04638,OL101942,SKU0428,1,2024-05-25,Wrong Colour
RET04639,OL101960,SKU0285,3,2024-05-31,Wrong Size
RET04640,OL101874,SKU0185,3,2024-05-27,Wrong Size
RET04641,OL102085,SKU0229,10,2024-05-22,Wrong Colour
RET04642,OL101914,SKU0315,2,2024-05-25,Wrong Colour
RET04643,OL101896,SKU0246,2,2024-05-25,Wrong Size
RET04644,OL102077,SKU0098,2,2024-05-14,Wrong Size
RET04645,OL102050,SKU0137,4,2024-05-27,Wrong Colour
RET04646,OL102037,SKU0338,2,2024-05-21,Wrong Size
RET04647,OL102305,SKU0493,14,2024-06-01,Wrong Size
RET04648,OL102328,SKU0278,1,2024-05-21,Wrong Size
RET04649,OL102120,SKU0136,2,2024-05-15,Wrong Colour
RET04650,OL102166,SKU0338,7,2024-05-23,Wrong Size
RET04651,OL102064,SKU0454,6,2024-05-24,Wrong Colour
RET04652,OL102032,SKU0292,2,2024-05-25,Wrong Size
RET04653,OL102164,SKU0459,2,2024-05-15,Wrong Size
RET04654,OL102144,SKU0415,5,2024-06-02,Wrong Size
RET04655,OL102273,SKU0102,4,2024-05-24,Wrong Colour
RET04656,OL102245,SKU0200,4,2024-05-20,Wrong Size
RET04657,OL102656,SKU0400,1,2024-05-21,Wrong Colour
RET04658,OL102348,SKU0238,11,2024-05-24,Wrong Colour
RET04659,OL102279,SKU0263,4,2024-06-02,Wrong Colour
RET04660,OL102501,SKU0013,8,2024-05-16,Wrong Colour
RET04661,OL102398,SKU0344,7,2024-05-20,Wrong Colour
RET04662,OL102374,SKU0470,3,2024-05-17,Wrong Colour
RET04663,OL102435,SKU0308,3,2024-05-19,Wrong Size
RET04664,OL102703,SKU0195,2,2024-06-03,Wrong Size
RET04665,OL102506,SKU0156,2,2024-06-05,Wrong Colour
RET04666,OL102508,SKU0332,7,2024-05-18,Wrong Colour
RET04667,OL102476,SKU0415,1,2024-06-02,Wrong Size
RET04668,OL102658,SKU0365,1,2024-05-26,Wrong Size
RET04669,OL102746,SKU0127,6,2024-05-30,Wrong Size
RET04670,OL102579,SKU0446,1,2024-05-23,Wrong Colour
RET04671,OL102909,SKU0142,6,2024-05-31,Wrong Size
RET04672,OL102842,SKU0094,4,2024-05-19,Wrong Colour
RET04673,OL102961,SKU0164,1,2024-06-03,Wrong Size
RET04674,OL102679,SKU0263,3,2024-06-02,Wrong Colour
RET04675,OL102945,SKU0333,4,2024-05-24,Wrong Size
RET04676,OL102748,SKU0286,3,2024-05-20,Wrong Colour
RET04677,OL102892,SKU0448,3,2024-06-06,Wrong Colour
RET04678,OL102867,SKU0260,1,2024-05-29,Wrong Colour
RET04679,OL103135,SKU0441,1,2024-05-24,Wrong Size
RET04680,OL102942,SKU0101,3,2024-05-29,Wrong Size
RET04681,OL102865,SKU0256,4,2024-06-08,Wrong Size
RET04682,OL102808,SKU0126,2,2024-06-08,Wrong Size
RET04683,OL103014,SKU0226,6,2024-06-05,Wrong Size
RET04684,OL103279,SKU0087,8,2024-06-03,Wrong Colour
RET04685,OL103109,SKU0395,2,2024-06-03,Wrong Size
RET04686,OL103078,SKU0151,2,2024-05-21,Wrong Size
RET04687,OL103080,SKU0273,2,2024-05-31,Wrong Colour
RET04688,OL102967,SKU0434,2,2024-06-06,Wrong Colour
RET04689,OL103008,SKU0153,5,2024-05-28,Wrong Colour
RET04690,OL102997,SKU0115,1,2024-05-31,Wrong Size
RET04691,OL103111,SKU0265,1,2024-06-04,Wrong Size
RET04692,OL102988,SKU0405,5,2024-06-07,Wrong Size
RET04693,OL103176,SKU0012,5,2024-05-29,Wrong Colour
RET04694,OL103090,SKU0232,4,2024-05-28,Wrong Size
RET04695,OL103117,SKU0112,4,2024-05-24,Wrong Colour
RET04696,OL103056,SKU0145,2,2024-06-03,Wrong Size
RET04697,OL103126,SKU0070,2,2024-06-06,Wrong Size
RET04698,OL103128,SKU0181,1,2024-06-08,Wrong Size
RET04699,OL103299,SKU0440,2,2024-06-01,Wrong Colour
RET04700,OL103196,SKU0463,4,2024-05-27,Wrong Size
RET04701,OL103374,SKU0082,5,2024-06-07,Wrong Size
RET04702,OL103277,SKU0261,4,2024-06-04,Wrong Size
RET04703,OL103173,SKU0442,1,2024-06-04,Wrong Colour
RET04704,OL103252,SKU0386,1,2024-06-10,Wrong Colour
RET04705,OL103441,SKU0386,11,2024-06-12,Wrong Colour
RET04706,OL103443,SKU0433,10,2024-05-28,Wrong Colour
RET04707,OL103440,SKU0330,1,2024-05-23,Wrong Colour
RET04708,OL103371,SKU0059,1,2024-06-04,Wrong Size
RET04709,OL103449,SKU0317,2,2024-06-04,Wrong Size
RET04710,OL103591,SKU0021,1,2024-06-08,Wrong Size
RET04711,OL103427,SKU0383,9,2024-06-04,Wrong Colour
RET04712,OL103349,SKU0090,1,2024-06-02,Wrong Size
RET04713,OL103466,SKU0048,1,2024-05-24,Wrong Size
RET04714,OL103359,SKU0300,1,2024-06-11,Wrong Colour
RET04715,OL103893,SKU0188,2,2024-06-04,Wrong Size
RET04716,OL103960,SKU0012,8,2024-06-11,Wrong Size
RET04717,OL103648,SKU0135,1,2024-06-10,Wrong Colour
RET04718,OL103819,SKU0065,2,2024-06-04,Wrong Colour
RET04719,OL103599,SKU0246,2,2024-05-26,Wrong Size
RET04720,OL103769,SKU0231,6,2024-05-31,Wrong Size
RET04721,OL103780,SKU0059,3,2024-05-26,Wrong Colour
RET04722,OL103949,SKU0230,3,2024-06-05,Wrong Size
RET04723,OL104092,SKU0258,1,2024-06-07,Wrong Size
RET04724,OL104170,SKU0195,3,2024-06-05,Wrong Size
RET04725,OL103816,SKU0419,1,2024-05-27,Wrong Colour
RET04726,OL103744,SKU0039,2,2024-06-09,Wrong Colour
RET04727,OL103802,SKU0225,4,2024-06-09,Wrong Size
RET04728,OL103915,SKU0285,2,2024-05-27,Wrong Colour
RET04729,OL104023,SKU0150,1,2024-06-01,Wrong Colour
RET04730,OL103946,SKU0239,2,2024-06-16,Wrong Colour
RET04731,OL104277,SKU0119,2,2024-06-10,Wrong Size
RET04732,OL103869,SKU0374,3,2024-05-31,Wrong Size
RET04733,OL103955,SKU0407,3,2024-06-16,Wrong Colour
RET04734,OL103971,SKU0221,7,2024-06-17,Wrong Size
RET04735,OL103879,SKU0344,1,2024-05-31,Wrong Colour
RET04736,OL104173,SKU0360,1,2024-06-03,Wrong Colour
RET04737,OL104112,SKU0380,2,2024-06-13,Wrong Colour
RET04738,OL104072,SKU0187,5,2024-06-09,Wrong Colour
RET04739,OL104133,SKU0278,2,2024-05-31,Wrong Size
RET04740,OL104195,SKU0396,3,2024-05-29,Wrong Size
RET04741,OL104581,SKU0352,2,2024-06-06,Wrong Colour
RET04742,OL104433,SKU0274,2,2024-06-17,Wrong Size
RET04743,OL104227,SKU0222,4,2024-06-07,Wrong Size
RET04744,OL104421,SKU0401,5,2024-06-01,Wrong Size
RET04745,OL104274,SKU0118,3,2024-06-08,Wrong Size
RET04746,OL104570,SKU0341,2,2024-06-11,Wrong Colour
RET04747,OL104203,SKU0463,2,2024-06-19,Wrong Colour
RET04748,OL104313,SKU0381,1,2024-06-06,Wrong Size
RET04749,OL104454,SKU0221,1,2024-06-07,Wrong Colour
RET04750,OL104347,SKU0236,3,2024-06-13,Wrong Colour
RET04751,OL104237,SKU0040,3,2024-06-02,Wrong Colour
RET04752,OL104630,SKU0196,1,2024-06-04,Wrong Colour
RET04753,OL104928,SKU0115,1,2024-06-17,Wrong Size
RET04754,OL104494,SKU0261,3,2024-06-17,Wrong Size
RET04755,OL104703,SKU0277,6,2024-06-14,Wrong Size
RET04756,OL104705,SKU0467,8,2024-06-04,Wrong Colour
RET04757,OL104612,SKU0358,2,2024-06-17,Wrong Size
RET04758,OL104619,SKU0490,1,2024-06-12,Wrong Size
RET04759,OL104545,SKU0251,1,2024-06-05,Wrong Size
RET04760,OL104476,SKU0036,2,2024-06-06,Wrong Colour
RET04761,OL104586,SKU0086,10,2024-06-22,Wrong Size
RET04762,OL104624,SKU0420,3,2024-06-03,Wrong Colour
RET04763,OL104636,SKU0008,2,2024-06-13,Wrong Colour
RET04764,OL104991,SKU0247,3,2024-06-05,Wrong Colour
RET04765,OL104726,SKU0349,2,2024-06-14,Wrong Size
RET04766,OL104693,SKU0057,8,2024-06-08,Wrong Size
RET04767,OL104681,SKU0254,2,2024-06-21,Wrong Size
RET04768,OL104831,SKU0259,2,2024-06-23,Wrong Size
RET04769,OL104858,SKU0333,5,2024-06-20,Wrong Colour
RET04770,OL104641,SKU0416,2,2024-06-14,Wrong Size
RET04771,OL104685,SKU0104,2,2024-06-14,Wrong Size
RET04772,OL104880,SKU0421,5,2024-06-24,Wrong Size
RET04773,OL104883,SKU0205,2,2024-06-15,Wrong Colour
RET04774,OL104805,SKU0408,2,2024-06-06,Wrong Size
RET04775,OL104811,SKU0420,1,2024-06-10,Wrong Size
RET04776,OL104953,SKU0372,2,2024-06-09,Wrong Colour
RET04777,OL104908,SKU0121,3,2024-06-09,Wrong Colour
RET04778,OL105075,SKU0030,1,2024-06-14,Wrong Size
RET04779,OL105297,SKU0127,1,2024-06-09,Wrong Size
RET04780,OL105377,SKU0332,4,2024-06-22,Wrong Colour
RET04781,OL105144,SKU0045,8,2024-06-18,Wrong Size
RET04782,OL105145,SKU0042,4,2024-06-18,Wrong Colour
RET04783,OL105008,SKU0225,4,2024-06-25,Wrong Size
RET04784,OL105061,SKU0062,2,2024-06-17,Wrong Colour
RET04785,OL105022,SKU0098,4,2024-06-13,Wrong Size
RET04786,OL105076,SKU0430,3,2024-06-09,Wrong Size
RET04787,OL105250,SKU0145,1,2024-06-20,Wrong Colour
RET04788,OL105313,SKU0080,1,2024-06-16,Wrong Colour
RET04789,OL105204,SKU0050,1,2024-06-07,Wrong Size
RET04790,OL105292,SKU0176,1,2024-06-07,Wrong Size
RET04791,OL105101,SKU0007,1,2024-06-25,Wrong Size
RET04792,OL105416,SKU0036,2,2024-06-14,Wrong Size
RET04793,OL105252,SKU0127,1,2024-06-10,Wrong Size
RET04794,OL105384,SKU0132,3,2024-06-15,Wrong Size
RET04795,OL105258,SKU0320,11,2024-06-13,Wrong Colour
RET04796,OL105184,SKU0110,2,2024-06-27,Wrong Colour
RET04797,OL105368,SKU0474,1,2024-06-12,Wrong Size
RET04798,OL105455,SKU0444,3,2024-06-15,Wrong Size
RET04799,OL105457,SKU0091,7,2024-06-16,Wrong Colour
RET04800,OL105378,SKU0010,1,2024-06-23,Wrong Size
RET04801,OL105398,SKU0090,2,2024-06-12,Wrong Size
RET04802,OL105720,SKU0086,3,2024-06-16,Wrong Colour
RET04803,OL105670,SKU0364,3,2024-06-21,Wrong Colour
RET04804,OL105424,SKU0003,3,2024-06-25,Wrong Colour
RET04805,OL105643,SKU0259,1,2024-06-16,Wrong Size
RET04806,OL105412,SKU0454,2,2024-06-21,Wrong Size
RET04807,OL105413,SKU0382,3,2024-06-29,Wrong Colour
RET04808,OL105499,SKU0314,4,2024-06-25,Wrong Size
RET04809,OL105489,SKU0481,1,2024-06-17,Wrong Size
RET04810,OL105495,SKU0093,1,2024-06-12,Wrong Size
RET04811,OL105559,SKU0298,2,2024-06-26,Wrong Colour
RET04812,OL105689,SKU0048,2,2024-06-28,Wrong Size
RET04813,OL105603,SKU0237,4,2024-06-30,Wrong Colour
RET04814,OL105760,SKU0199,2,2024-06-28,Wrong Size
RET04815,OL105761,SKU0239,4,2024-06-22,Wrong Colour
RET04816,OL105686,SKU0048,1,2024-06-22,Wrong Colour
RET04817,OL105855,SKU0292,4,2024-06-17,Wrong Size
RET04818,OL106058,SKU0134,9,2024-06-22,Wrong Colour
RET04819,OL105782,SKU0484,7,2024-06-16,Wrong Colour
RET04820,OL105703,SKU0121,1,2024-07-03,Wrong Size
RET04821,OL105704,SKU0087,3,2024-06-13,Wrong Size
RET04822,OL105998,SKU0023,9,2024-06-13,Wrong Colour
RET04823,OL106154,SKU0054,2,2024-06-16,Wrong Colour
RET04824,OL105977,SKU0305,11,2024-06-25,Wrong Colour
RET04825,OL105916,SKU0054,1,2024-06-14,Wrong Size
RET04826,OL106035,SKU0103,10,2024-07-04,Wrong Size
RET04827,OL105819,SKU0421,1,2024-06-22,Wrong Size
RET04828,OL105789,SKU0489,1,2024-06-23,Wrong Colour
RET04829,OL105928,SKU0111,1,2024-06-23,Wrong Size
RET04830,OL105930,SKU0070,2,2024-06-18,Wrong Size
RET04831,OL106132,SKU0083,1,2024-06-20,Wrong Colour
RET04832,OL105918,SKU0436,1,2024-06-22,Wrong Size
RET04833,OL106234,SKU0213,2,2024-06-22,Wrong Size
RET04834,OL106092,SKU0286,3,2024-07-03,Wrong Colour
RET04835,OL106434,SKU0492,2,2024-06-28,Wrong Size
RET04836,OL106229,SKU0032,1,2024-06-30,Wrong Size
RET04837,OL106194,SKU0280,2,2024-07-04,Wrong Size
RET04838,OL106244,SKU0076,1,2024-06-29,Wrong Size
RET04839,OL106240,SKU0158,11,2024-06-28,Wrong Size
RET04840,OL106352,SKU0115,3,2024-06-23,Wrong Colour
RET04841,OL106313,SKU0370,3,2024-07-05,Wrong Size
RET04842,OL106518,SKU0250,3,2024-06-27,Wrong Size
RET04843,OL106329,SKU0439,2,2024-06-20,Wrong Size
RET04844,OL106443,SKU0006,4,2024-06-19,Wrong Size
RET04845,OL106366,SKU0264,7,2024-06-29,Wrong Size
RET04846,OL106565,SKU0158,5,2024-06-26,Wrong Size
RET04847,OL106522,SKU0398,12,2024-06-20,Wrong Colour
RET04848,OL106932,SKU0173,1,2024-06-29,Wrong Colour
RET04849,OL106724,SKU0298,2,2024-06-22,Wrong Size
RET04850,OL106479,SKU0303,8,2024-06-22,Wrong Size
RET04851,OL106480,SKU0302,1,2024-06-27,Wrong Colour
RET04852,OL106679,SKU0095,1,2024-07-05,Wrong Size
RET04853,OL106489,SKU0154,1,2024-06-25,Wrong Size
RET04854,OL106516,SKU0071,3,2024-07-02,Wrong Size
RET04855,OL107082,SKU0001,3,2024-07-07,Wrong Colour
RET04856,OL106583,SKU0368,11,2024-07-08,Wrong Size
RET04857,OL106850,SKU0497,1,2024-06-25,Wrong Size
RET04858,OL106613,SKU0452,1,2024-07-09,Wrong Size
RET04859,OL106614,SKU0161,1,2024-07-03,Wrong Colour
RET04860,OL106692,SKU0354,7,2024-07-02,Wrong Colour
RET04861,OL106662,SKU0485,1,2024-07-03,Wrong Size
RET04862,OL107125,SKU0318,4,2024-06-29,Wrong Colour
RET04863,OL106763,SKU0069,1,2024-07-07,Wrong Size
RET04864,OL106786,SKU0317,3,2024-07-11,Wrong Size
RET04865,OL106726,SKU0327,3,2024-07-09,Wrong Size
RET04866,OL106929,SKU0434,1,2024-06-23,Wrong Colour
RET04867,OL107074,SKU0427,3,2024-07-05,Wrong Size
RET04868,OL106887,SKU0394,3,2024-06-30,Wrong Colour
RET04869,OL107228,SKU0116,1,2024-07-04,Wrong Size
RET04870,OL107062,SKU0082,5,2024-07-05,Wrong Colour
RET04871,OL106981,SKU0076,2,2024-07-14,Wrong Size
RET04872,OL107198,SKU0262,1,2024-06-25,Wrong Size
RET04873,OL106958,SKU0105,4,2024-07-02,Wrong Colour
RET04874,OL107034,SKU0283,5,2024-06-28,Wrong Colour
RET04875,OL106940,SKU0318,1,2024-06-29,Wrong Colour
RET04876,OL106944,SKU0111,2,2024-07-03,Wrong Size
RET04877,OL107162,SKU0013,6,2024-06-27,Wrong Colour
RET04878,OL106973,SKU0456,2,2024-07-12,Wrong Colour
RET04879,OL107090,SKU0298,3,2024-06-29,Wrong Size
RET04880,OL107023,SKU0082,5,2024-07-09,Wrong Size
RET04881,OL107478,SKU0391,2,2024-07-15,Wrong Size
RET04882,OL107211,SKU0323,2,2024-07-01,Wrong Colour
RET04883,OL107232,SKU0030,5,2024-07-02,Wrong Colour
RET04884,OL107184,SKU0314,1,2024-06-30,Wrong Size
RET04885,OL107127,SKU0162,5,2024-07-05,Wrong Size
RET04886,OL107116,SKU0328,2,2024-06-25,Wrong Colour
RET04887,OL107224,SKU0195,2,2024-07-09,Wrong Size
RET04888,OL107287,SKU0118,1,2024-07-08,Wrong Size
RET04889,OL107288,SKU0192,3,2024-07-15,Wrong Colour
RET04890,OL107265,SKU0307,1,2024-07-09,Wrong Size
RET04891,OL107257,SKU0324,4,2024-06-27,Wrong Colour
RET04892,OL107343,SKU0300,1,2024-07-16,Wrong Size
RET04893,OL107269,SKU0134,7,2024-07-08,Wrong Size
RET04894,OL107639,SKU0026,6,2024-06-29,Wrong Size
RET04895,OL107640,SKU0352,3,2024-07-01,Wrong Size
RET04896,OL107353,SKU0179,1,2024-07-05,Wrong Size
RET04897,OL107354,SKU0440,3,2024-07-10,Wrong Size
RET04898,OL107656,SKU0477,1,2024-07-04,Wrong Colour
RET04899,OL107658,SKU0469,2,2024-07-13,Wrong Size
RET04900,OL107683,SKU0404,2,2024-07-13,Wrong Colour
RET04901,OL107702,SKU0400,3,2024-07-12,Wrong Size
RET04902,OL107499,SKU0218,2,2024-07-01,Wrong Colour
RET04903,OL107488,SKU0160,3,2024-07-08,Wrong Colour
RET04904,OL107505,SKU0003,3,2024-07-02,Wrong Size
RET04905,OL107486,SKU0086,6,2024-07-08,Wrong Size
RET04906,OL107823,SKU0087,2,2024-07-18,Wrong Size
RET04907,OL108116,SKU0280,3,2024-07-08,Wrong Colour
RET04908,OL107756,SKU0238,1,2024-07-10,Wrong Colour
RET04909,OL107792,SKU0283,2,2024-07-02,Wrong Size
RET04910,OL107782,SKU0038,1,2024-07-09,Wrong Colour
RET04911,OL107803,SKU0277,7,2024-07-08,Wrong Colour
RET04912,OL107734,SKU0395,2,2024-07-10,Wrong Colour
RET04913,OL107891,SKU0498,5,2024-07-04,Wrong Size
RET04914,OL108067,SKU0449,1,2024-07-02,Wrong Colour
RET04915,OL108030,SKU0170,2,2024-07-07,Wrong Colour
RET04916,OL108141,SKU0480,4,2024-07-04,Wrong Size
RET04917,OL107970,SKU0416,9,2024-07-11,Wrong Colour
RET04918,OL107985,SKU0250,1,2024-07-14,Wrong Colour
RET04919,OL108024,SKU0432,1,2024-07-02,Wrong Colour
RET04920,OL108076,SKU0324,7,2024-07-06,Wrong Colour
RET04921,OL108310,SKU0203,5,2024-07-06,Wrong Size
RET04922,OL108311,SKU0445,3,2024-07-05,Wrong Colour
RET04923,OL108155,SKU0484,1,2024-07-13,Wrong Colour
RET04924,OL108325,SKU0027,3,2024-07-09,Wrong Colour
RET04925,OL108390,SKU0201,13,2024-07-21,Wrong Size
RET04926,OL108255,SKU0057,2,2024-07-12,Wrong Colour
RET04927,OL108389,SKU0092,13,2024-07-05,Wrong Colour
RET04928,OL108298,SKU0463,7,2024-07-11,Wrong Size
RET04929,OL108227,SKU0380,2,2024-07-07,Wrong Colour
RET04930,OL108261,SKU0427,4,2024-07-19,Wrong Colour
RET04931,OL108316,SKU0258,3,2024-07-04,Wrong Size
RET04932,OL108368,SKU0330,2,2024-07-05,Wrong Size
RET04933,OL108784,SKU0052,4,2024-07-09,Wrong Colour
RET04934,OL108601,SKU0213,2,2024-07-16,Wrong Size
RET04935,OL108470,SKU0436,3,2024-07-18,Wrong Size
RET04936,OL108459,SKU0242,8,2024-07-19,Wrong Colour
RET04937,OL108604,SKU0076,2,2024-07-10,Wrong Size
RET04938,OL108650,SKU0206,2,2024-07-19,Wrong Colour
RET04939,OL108564,SKU0432,4,2024-07-24,Wrong Size
RET04940,OL108641,SKU0113,2,2024-07-09,Wrong Colour
RET04941,OL108735,SKU0205,18,2024-07-10,Wrong Size
RET04942,OL108581,SKU0473,1,2024-07-27,Wrong Size
RET04943,OL109128,SKU0475,7,2024-07-09,Wrong Size
RET04944,OL108702,SKU0308,2,2024-07-15,Wrong Colour
RET04945,OL108775,SKU0311,2,2024-07-16,Wrong Colour
RET04946,OL108973,SKU0066,1,2024-07-26,Wrong Size
RET04947,OL108958,SKU0419,3,2024-07-16,Wrong Size
RET04948,OL108770,SKU0006,1,2024-07-08,Wrong Size
RET04949,OL108790,SKU0173,1,2024-07-22,Wrong Size
RET04950,OL109181,SKU0461,1,2024-07-09,Wrong Colour
RET04951,OL108867,SKU0124,1,2024-07-20,Wrong Size
RET04952,OL108828,SKU0236,3,2024-07-14,Wrong Colour
RET04953,OL108838,SKU0313,17,2024-07-10,Wrong Size
RET04954,OL109005,SKU0135,1,2024-07-13,Wrong Colour
RET04955,OL109013,SKU0203,15,2024-07-22,Wrong Size
RET04956,OL108995,SKU0053,4,2024-07-23,Wrong Colour
RET04957,OL109203,SKU0023,11,2024-07-12,Wrong Size
RET04958,OL109093,SKU0234,8,2024-07-16,Wrong Size
RET04959,OL109100,SKU0071,9,2024-07-18,Wrong Size
RET04960,OL109192,SKU0411,2,2024-07-16,Wrong Colour
RET04961,OL109125,SKU0436,2,2024-07-11,Wrong Size
RET04962,OL109367,SKU0111,2,2024-07-12,Wrong Size
RET04963,OL109546,SKU0134,1,2024-07-26,Wrong Colour
RET04964,OL109208,SKU0092,3,2024-07-24,Wrong Size
RET04965,OL109302,SKU0278,3,2024-07-24,Wrong Size
RET04966,OL109249,SKU0225,2,2024-07-17,Wrong Colour
RET04967,OL109151,SKU0485,3,2024-07-28,Wrong Colour
RET04968,OL109263,SKU0210,1,2024-07-27,Wrong Size
RET04969,OL109264,SKU0087,1,2024-07-18,Wrong Size
RET04970,OL109419,SKU0128,2,2024-08-01,Wrong Size
RET04971,OL109578,SKU0445,8,2024-07-13,Wrong Size
RET04972,OL109353,SKU0045,3,2024-07-20,Wrong Size
RET04973,OL109490,SKU0275,8,2024-07-25,Wrong Size
RET04974,OL109816,SKU0431,2,2024-07-22,Wrong Colour
RET04975,OL109598,SKU0155,4,2024-07-20,Wrong Size
RET04976,OL109497,SKU0489,3,2024-07-16,Wrong Colour
RET04977,OL109528,SKU0220,1,2024-07-31,Wrong Size
RET04978,OL109529,SKU0468,3,2024-07-14,Wrong Colour
RET04979,OL109554,SKU0446,3,2024-07-26,Wrong Size
RET04980,OL109611,SKU0241,3,2024-08-03,Wrong Colour
RET04981,OL109701,SKU0486,1,2024-07-22,Wrong Colour
RET04982,OL109775,SKU0393,2,2024-07-20,Wrong Size
RET04983,OL109669,SKU0229,1,2024-07-30,Wrong Size
RET04984,OL109794,SKU0302,2,2024-07-28,Wrong Size
RET04985,OL109804,SKU0187,1,2024-07-29,Wrong Colour
RET04986,OL109724,SKU0029,5,2024-07-21,Wrong Size
RET04987,OL109727,SKU0253,2,2024-07-22,Wrong Colour
RET04988,OL109730,SKU0291,15,2024-07-24,Wrong Colour
RET04989,OL109835,SKU0149,3,2024-07-22,Wrong Colour
RET04990,OL109838,SKU0293,3,2024-07-21,Wrong Colour
RET04991,OL109749,SKU0306,2,2024-07-26,Wrong Colour
RET04992,OL109812,SKU0153,33,2024-08-02,Wrong Size
RET04993,OL109790,SKU0478,2,2024-07-28,Wrong Size
RET04994,OL109963,SKU0086,1,2024-07-28,Wrong Size
RET04995,OL109931,SKU0471,4,2024-07-24,Wrong Size
RET04996,OL109922,SKU0224,9,2024-07-23,Wrong Size
RET04997,OL110393,SKU0143,7,2024-07-19,Wrong Size
RET04998,OL110102,SKU0063,27,2024-08-04,Wrong Size
RET04999,OL110045,SKU0063,2,2024-07-28,Wrong Colour
RET05000,OL110069,SKU0016,7,2024-07-25,Wrong Colour
RET05001,OL110026,SKU0266,2,2024-07-27,Wrong Size
RET05002,OL110027,SKU0222,2,2024-07-29,Wrong Colour
RET05003,OL110500,SKU0378,5,2024-08-06,Wrong Size
RET05004,OL110150,SKU0040,3,2024-07-30,Wrong Size
RET05005,OL110075,SKU0437,3,2024-07-21,Wrong Size
RET05006,OL110337,SKU0439,2,2024-08-06,Wrong Size
RET05007,OL110220,SKU0271,2,2024-08-04,Wrong Size
RET05008,OL110390,SKU0468,1,2024-07-23,Wrong Size
RET05009,OL110204,SKU0199,1,2024-07-28,Wrong Size
RET05010,OL110238,SKU0290,2,2024-08-06,Wrong Size
RET05011,OL110425,SKU0315,2,2024-07-24,Wrong Size
RET05012,OL110427,SKU0414,3,2024-07-27,Wrong Size
RET05013,OL110516,SKU0189,3,2024-07-24,Wrong Colour
RET05014,OL110370,SKU0449,1,2024-08-03,Wrong Size
RET05015,OL110541,SKU0015,1,2024-08-11,Wrong Size
RET05016,OL110543,SKU0276,2,2024-08-02,Wrong Size
RET05017,OL110762,SKU0135,8,2024-08-11,Wrong Size
RET05018,OL110618,SKU0473,3,2024-07-30,Wrong Colour
RET05019,OL110648,SKU0286,6,2024-07-26,Wrong Size
RET05020,OL110606,SKU0045,1,2024-07-30,Wrong Size
RET05021,OL110673,SKU0342,2,2024-08-03,Wrong Colour
RET05022,OL110685,SKU0241,3,2024-07-24,Wrong Colour
RET05023,OL110672,SKU0013,1,2024-08-10,Wrong Colour
RET05024,OL110729,SKU0161,1,2024-07-31,Wrong Size
RET05025,OL110719,SKU0242,4,2024-07-30,Wrong Colour
RET05026,OL110773,SKU0457,2,2024-08-03,Wrong Size
RET05027,OL110814,SKU0325,5,2024-07-26,Wrong Colour
RET05028,OL110934,SKU0262,3,2024-07-26,Wrong Size
RET05029,OL110797,SKU0059,3,2024-08-03,Wrong Size
RET05030,OL110754,SKU0443,8,2024-08-07,Wrong Size
RET05031,OL110755,SKU0112,17,2024-08-06,Wrong Colour
RET05032,OL110953,SKU0084,4,2024-07-28,Wrong Size
RET05033,OL111134,SKU0186,1,2024-07-30,Wrong Colour
RET05034,OL110829,SKU0394,6,2024-07-30,Wrong Size
RET05035,OL110964,SKU0166,24,2024-07-31,Wrong Colour
RET05036,OL110877,SKU0251,8,2024-08-12,Wrong Colour
RET05037,OL110965,SKU0328,7,2024-08-14,Wrong Size
RET05038,OL110951,SKU0342,1,2024-08-15,Wrong Size
RET05039,OL111447,SKU0114,2,2024-08-14,Wrong Size
RET05040,OL111209,SKU0222,12,2024-08-02,Wrong Colour
RET05041,OL111162,SKU0294,4,2024-08-08,Wrong Size
RET05042,OL111077,SKU0298,1,2024-07-27,Wrong Size
RET05043,OL111319,SKU0162,4,2024-08-05,Wrong Colour
RET05044,OL111244,SKU0133,7,2024-08-07,Wrong Size
RET05045,OL111177,SKU0319,2,2024-07-28,Wrong Colour
RET05046,OL111221,SKU0454,11,2024-07-31,Wrong Colour
RET05047,OL111296,SKU0217,11,2024-08-05,Wrong Colour
RET05048,OL111298,SKU0081,11,2024-08-13,Wrong Colour
RET05049,OL111237,SKU0079,3,2024-08-18,Wrong Size
RET05050,OL111569,SKU0163,1,2024-08-06,Wrong Colour
RET05051,OL111233,SKU0166,4,2024-07-30,Wrong Size
RET05052,OL111264,SKU0482,1,2024-08-04,Wrong Size
RET05053,OL111490,SKU0448,3,2024-08-18,Wrong Size
RET05054,OL111430,SKU0304,7,2024-08-17,Wrong Colour
RET05055,OL111383,SKU0312,2,2024-08-06,Wrong Size
RET05056,OL111404,SKU0160,4,2024-08-12,Wrong Colour
RET05057,OL111499,SKU0375,3,2024-08-16,Wrong Colour
RET05058,OL111380,SKU0326,4,2024-07-31,Wrong Size
RET05059,OL111366,SKU0453,1,2024-08-05,Wrong Size
RET05060,OL111367,SKU0357,7,2024-08-01,Wrong Size
RET05061,OL111478,SKU0165,11,2024-08-11,Wrong Size
RET05062,OL111503,SKU0075,2,2024-08-06,Wrong Colour
RET05063,OL111846,SKU0097,2,2024-08-16,Wrong Size
RET05064,OL111469,SKU0452,2,2024-07-31,Wrong Colour
RET05065,OL111471,SKU0151,4,2024-08-11,Wrong Size
RET05066,OL111523,SKU0244,3,2024-08-19,Wrong Size
RET05067,OL111541,SKU0355,4,2024-08-04,Wrong Colour
RET05068,OL111758,SKU0163,2,2024-08-05,Wrong Size
RET05069,OL111655,SKU0332,28,2024-08-09,Wrong Size
RET05070,OL111812,SKU0170,2,2024-08-06,Wrong Colour
RET05071,OL112315,SKU0348,12,2024-08-09,Wrong Colour
RET05072,OL111860,SKU0061,3,2024-08-04,Wrong Colour
RET05073,OL111899,SKU0025,3,2024-08-13,Wrong Colour
RET05074,OL112069,SKU0229,9,2024-08-24,Wrong Colour
RET05075,OL112253,SKU0021,13,2024-08-23,Wrong Colour
RET05076,OL112158,SKU0326,28,2024-08-24,Wrong Colour
RET05077,OL112013,SKU0478,2,2024-08-15,Wrong Size
RET05078,OL112040,SKU0298,3,2024-08-12,Wrong Colour
RET05079,OL111976,SKU0402,1,2024-08-16,Wrong Colour
RET05080,OL112099,SKU0249,1,2024-08-23,Wrong Size
RET05081,OL111951,SKU0351,3,2024-08-16,Wrong Size
RET05082,OL111996,SKU0446,2,2024-08-21,Wrong Size
RET05083,OL112216,SKU0243,1,2024-08-15,Wrong Size
RET05084,OL112468,SKU0418,1,2024-08-09,Wrong Colour
RET05085,OL112258,SKU0336,9,2024-08-25,Wrong Size
RET05086,OL112401,SKU0231,3,2024-08-11,Wrong Size
RET05087,OL112579,SKU0247,6,2024-08-24,Wrong Size
RET05088,OL112310,SKU0074,20,2024-08-13,Wrong Size
RET05089,OL112404,SKU0403,1,2024-08-08,Wrong Colour
RET05090,OL112521,SKU0211,24,2024-08-13,Wrong Size
RET05091,OL112320,SKU0173,3,2024-08-16,Wrong Colour
RET05092,OL112742,SKU0273,5,2024-08-07,Wrong Size
RET05093,OL112412,SKU0075,1,2024-08-09,Wrong Colour
RET05094,OL112344,SKU0387,1,2024-08-22,Wrong Size
RET05095,OL112545,SKU0199,3,2024-08-09,Wrong Colour
RET05096,OL112546,SKU0150,2,2024-08-24,Wrong Size
RET05097,OL112578,SKU0314,1,2024-08-21,Wrong Size
RET05098,OL112654,SKU0445,3,2024-08-28,Wrong Colour
RET05099,OL112562,SKU0393,2,2024-08-24,Wrong Size
RET05100,OL112524,SKU0187,1,2024-08-28,Wrong Size
RET05101,OL112526,SKU0220,1,2024-08-11,Wrong Size
RET05102,OL112613,SKU0366,2,2024-08-23,Wrong Colour
RET05103,OL112466,SKU0384,2,2024-08-23,Wrong Size
RET05104,OL112974,SKU0219,4,2024-08-18,Wrong Colour
RET05105,OL112844,SKU0426,3,2024-08-27,Wrong Size
RET05106,OL112942,SKU0167,18,2024-08-22,Wrong Colour
RET05107,OL112744,SKU0181,6,2024-08-28,Wrong Size
RET05108,OL112849,SKU0208,2,2024-08-26,Wrong Size
RET05109,OL112860,SKU0203,5,2024-08-28,Wrong Colour
RET05110,OL112861,SKU0497,1,2024-08-30,Wrong Size
RET05111,OL112994,SKU0226,3,2024-08-23,Wrong Colour
RET05112,OL113076,SKU0195,2,2024-08-23,Wrong Size
RET05113,OL113026,SKU0418,2,2024-08-17,Wrong Size
RET05114,OL113488,SKU0227,5,2024-08-16,Wrong Colour
RET05115,OL113167,SKU0193,1,2024-08-14,Wrong Colour
RET05116,OL113111,SKU0127,4,2024-08-17,Wrong Size
RET05117,OL113298,SKU0259,6,2024-08-20,Wrong Size
RET05118,OL113299,SKU0376,3,2024-08-25,Wrong Size
RET05119,OL113217,SKU0276,2,2024-08-20,Wrong Size
RET05120,OL113224,SKU0204,4,2024-08-26,Wrong Size
RET05121,OL113241,SKU0050,9,2024-08-29,Wrong Size
RET05122,OL113376,SKU0136,3,2024-08-27,Wrong Size
RET05123,OL113396,SKU0474,1,2024-09-02,Wrong Size
RET05124,OL113342,SKU0340,1,2024-08-28,Wrong Colour
RET05125,OL113403,SKU0301,5,2024-09-03,Wrong Size
RET05126,OL113341,SKU0132,16,2024-08-27,Wrong Colour
RET05127,OL113350,SKU0044,5,2024-08-25,Wrong Colour
RET05128,OL113498,SKU0364,2,2024-08-23,Wrong Size
RET05129,OL113420,SKU0446,3,2024-09-04,Wrong Colour
RET05130,OL113650,SKU0203,11,2024-08-31,Wrong Size
RET05131,OL113516,SKU0477,1,2024-08-25,Wrong Size
RET05132,OL113791,SKU0308,4,2024-08-29,Wrong Colour
RET05133,OL113671,SKU0207,2,2024-09-05,Wrong Colour
RET05134,OL113551,SKU0263,4,2024-08-28,Wrong Size
RET05135,OL113520,SKU0224,2,2024-08-25,Wrong Colour
RET05136,OL113659,SKU0221,2,2024-09-03,Wrong Colour
RET05137,OL113955,SKU0321,1,2024-08-28,Wrong Colour
RET05138,OL113964,SKU0182,11,2024-08-31,Wrong Colour
RET05139,OL113719,SKU0478,1,2024-09-05,Wrong Size
RET05140,OL114132,SKU0393,7,2024-09-01,Wrong Size
RET05141,OL114251,SKU0101,11,2024-09-05,Wrong Colour
RET05142,OL113829,SKU0394,4,2024-09-08,Wrong Size
RET05143,OL113968,SKU0280,5,2024-08-31,Wrong Size
RET05144,OL113814,SKU0416,1,2024-08-23,Wrong Colour
RET05145,OL114090,SKU0465,2,2024-08-29,Wrong Size
RET05146,OL113820,SKU0237,16,2024-08-22,Wrong Size
RET05147,OL113845,SKU0043,1,2024-08-19,Wrong Size
RET05148,OL114108,SKU0357,9,2024-09-05,Wrong Size
RET05149,OL113802,SKU0099,23,2024-08-20,Wrong Size
RET05150,OL114017,SKU0426,1,2024-09-09,Wrong Size
RET05151,OL113944,SKU0209,2,2024-09-04,Wrong Size
RET05152,OL113984,SKU0185,4,2024-09-06,Wrong Size
RET05153,OL114087,SKU0411,1,2024-09-06,Wrong Colour
RET05154,OL114036,SKU0092,8,2024-08-27,Wrong Colour
RET05155,OL113998,SKU0239,4,2024-08-29,Wrong Colour
RET05156,OL114009,SKU0214,1,2024-08-21,Wrong Size
RET05157,OL114442,SKU0436,1,2024-08-27,Wrong Size
RET05158,OL114029,SKU0409,10,2024-08-26,Wrong Size
RET05159,OL114055,SKU0279,1,2024-08-28,Wrong Size
RET05160,OL114139,SKU0143,11,2024-08-31,Wrong Colour
RET05161,OL114210,SKU0382,3,2024-09-04,Wrong Size
RET05162,OL114211,SKU0164,1,2024-09-11,Wrong Colour
RET05163,OL114375,SKU0473,2,2024-08-29,Wrong Colour
RET05164,OL114255,SKU0135,1,2024-08-24,Wrong Size
RET05165,OL114172,SKU0367,8,2024-08-23,Wrong Colour
RET05166,OL114281,SKU0140,16,2024-09-09,Wrong Size
RET05167,OL114424,SKU0133,1,2024-08-23,Wrong Size
RET05168,OL114510,SKU0385,2,2024-08-26,Wrong Size
RET05169,OL114317,SKU0335,4,2024-08-25,Wrong Size
RET05170,OL114432,SKU0249,1,2024-08-27,Wrong Size
RET05171,OL114321,SKU0147,3,2024-08-30,Wrong Colour
RET05172,OL114330,SKU0164,2,2024-09-06,Wrong Size
RET05173,OL114420,SKU0114,3,2024-09-04,Wrong Colour
RET05174,OL114448,SKU0431,2,2024-09-05,Wrong Size
RET05175,OL114495,SKU0279,2,2024-09-04,Wrong Colour
RET05176,OL114385,SKU0484,6,2024-08-30,Wrong Size
RET05177,OL114386,SKU0209,2,2024-09-08,Wrong Colour
RET05178,OL114570,SKU0054,2,2024-09-05,Wrong Colour
RET05179,OL114582,SKU0304,1,2024-08-28,Wrong Size
RET05180,OL114423,SKU0190,2,2024-09-11,Wrong Size
RET05181,OL114658,SKU0003,1,2024-08-25,Wrong Colour
RET05182,OL114577,SKU0120,1,2024-08-29,Wrong Size
RET05183,OL114642,SKU0025,1,2024-08-29,Wrong Size
RET05184,OL114559,SKU0071,4,2024-08-30,Wrong Colour
RET05185,OL114622,SKU0273,2,2024-09-07,Wrong Size
RET05186,OL114625,SKU0499,2,2024-09-13,Wrong Size
RET05187,OL114814,SKU0459,1,2024-09-07,Wrong Size
RET05188,OL114798,SKU0062,2,2024-09-09,Wrong Size
RET05189,OL114734,SKU0067,3,2024-08-27,Wrong Colour
RET05190,OL114863,SKU0448,3,2024-08-29,Wrong Size
RET05191,OL114865,SKU0125,1,2024-08-31,Wrong Size
RET05192,OL114762,SKU0462,1,2024-09-03,Wrong Size
RET05193,OL115031,SKU0233,4,2024-09-10,Wrong Size
RET05194,OL114803,SKU0354,18,2024-09-06,Wrong Colour
RET05195,OL114859,SKU0261,2,2024-09-01,Wrong Size
RET05196,OL114858,SKU0123,2,2024-08-31,Wrong Size
RET05197,OL115019,SKU0196,2,2024-08-28,Wrong Size
RET05198,OL114992,SKU0325,2,2024-09-03,Wrong Colour
RET05199,OL114890,SKU0108,6,2024-09-15,Wrong Size
RET05200,OL115042,SKU0440,4,2024-09-08,Wrong Size
RET05201,OL114975,SKU0463,1,2024-09-18,Wrong Size
RET05202,OL115054,SKU0010,6,2024-08-29,Wrong Size
RET05203,OL115130,SKU0341,1,2024-09-06,Wrong Size
RET05204,OL114973,SKU0107,1,2024-08-30,Wrong Colour
RET05205,OL115136,SKU0037,1,2024-09-02,Wrong Size
RET05206,OL115071,SKU0158,2,2024-09-10,Wrong Colour
RET05207,OL115162,SKU0414,2,2024-09-08,Wrong Size
RET05208,OL115062,SKU0142,1,2024-09-16,Wrong Colour
RET05209,OL115264,SKU0469,2,2024-08-30,Wrong Size
RET05210,OL115183,SKU0358,2,2024-09-05,Wrong Size
RET05211,OL115090,SKU0126,3,2024-09-13,Wrong Colour
RET05212,OL115093,SKU0088,3,2024-09-07,Wrong Colour
RET05213,OL115252,SKU0323,2,2024-09-18,Wrong Colour
RET05214,OL115206,SKU0446,1,2024-09-16,Wrong Colour
RET05215,OL115180,SKU0276,2,2024-08-31,Wrong Colour
RET05216,OL115197,SKU0140,7,2024-09-20,Wrong Colour
RET05217,OL115492,SKU0350,1,2024-09-19,Wrong Size
RET05218,OL115563,SKU0181,3,2024-09-06,Wrong Size
RET05219,OL115315,SKU0395,2,2024-09-02,Wrong Size
RET05220,OL115286,SKU0335,15,2024-09-08,Wrong Size
RET05221,OL115365,SKU0086,1,2024-09-03,Wrong Size
RET05222,OL115506,SKU0493,13,2024-09-01,Wrong Size
RET05223,OL115799,SKU0203,9,2024-09-19,Wrong Colour
RET05224,OL115424,SKU0434,3,2024-09-07,Wrong Colour
RET05225,OL115423,SKU0062,1,2024-09-17,Wrong Size
RET05226,OL115660,SKU0127,2,2024-09-19,Wrong Size
RET05227,OL115581,SKU0463,1,2024-09-06,Wrong Size
RET05228,OL115566,SKU0343,1,2024-09-05,Wrong Size
RET05229,OL115444,SKU0432,1,2024-09-05,Wrong Size
RET05230,OL115445,SKU0015,7,2024-09-06,Wrong Colour
RET05231,OL115600,SKU0488,3,2024-09-03,Wrong Size
RET05232,OL115601,SKU0476,3,2024-09-19,Wrong Size
RET05233,OL115557,SKU0445,8,2024-09-14,Wrong Size
RET05234,OL115592,SKU0256,1,2024-09-12,Wrong Colour
RET05235,OL115520,SKU0494,8,2024-09-10,Wrong Size
RET05236,OL115789,SKU0189,3,2024-09-17,Wrong Colour
RET05237,OL115535,SKU0348,2,2024-09-16,Wrong Size
RET05238,OL116045,SKU0352,10,2024-09-04,Wrong Size
RET05239,OL115635,SKU0444,5,2024-09-06,Wrong Size
RET05240,OL115618,SKU0399,2,2024-09-08,Wrong Colour
RET05241,OL115812,SKU0179,3,2024-09-11,Wrong Colour
RET05242,OL115670,SKU0091,6,2024-09-22,Wrong Size
RET05243,OL115934,SKU0302,1,2024-09-09,Wrong Colour
RET05244,OL115696,SKU0402,6,2024-09-08,Wrong Size
RET05245,OL115700,SKU0293,1,2024-09-17,Wrong Size
RET05246,OL115926,SKU0226,1,2024-09-05,Wrong Colour
RET05247,OL115794,SKU0101,12,2024-09-11,Wrong Colour
RET05248,OL115772,SKU0286,4,2024-09-16,Wrong Colour
RET05249,OL116030,SKU0160,4,2024-09-05,Wrong Size
RET05250,OL115868,SKU0152,8,2024-09-20,Wrong Colour
RET05251,OL115903,SKU0241,3,2024-09-17,Wrong Colour
RET05252,OL115758,SKU0029,3,2024-09-20,Wrong Colour
RET05253,OL115815,SKU0006,1,2024-09-13,Wrong Colour
RET05254,OL115836,SKU0445,12,2024-09-06,Wrong Size
RET05255,OL116033,SKU0262,3,2024-09-26,Wrong Size
RET05256,OL115938,SKU0497,2,2024-09-25,Wrong Size
RET05257,OL115945,SKU0250,5,2024-09-21,Wrong Size
RET05258,OL115889,SKU0275,3,2024-09-12,Wrong Size
RET05259,OL115910,SKU0452,3,2024-09-10,Wrong Size
RET05260,OL115975,SKU0123,1,2024-09-10,Wrong Size
RET05261,OL116338,SKU0226,3,2024-09-23,Wrong Colour
RET05262,OL116124,SKU0467,4,2024-09-27,Wrong Colour
RET05263,OL116119,SKU0383,9,2024-09-10,Wrong Colour
RET05264,OL116187,SKU0088,2,2024-09-17,Wrong Size
RET05265,OL116191,SKU0120,16,2024-09-21,Wrong Size
RET05266,OL116323,SKU0013,5,2024-09-08,Wrong Colour
RET05267,OL116316,SKU0400,3,2024-09-09,Wrong Size
RET05268,OL116318,SKU0213,1,2024-09-12,Wrong Colour
RET05269,OL116128,SKU0184,3,2024-09-23,Wrong Colour
RET05270,OL116135,SKU0022,5,2024-09-09,Wrong Colour
RET05271,OL116173,SKU0005,5,2024-09-27,Wrong Size
RET05272,OL116519,SKU0333,7,2024-09-29,Wrong Size
RET05273,OL116334,SKU0426,2,2024-09-09,Wrong Size
RET05274,OL116337,SKU0162,3,2024-09-17,Wrong Size
RET05275,OL116282,SKU0272,2,2024-09-16,Wrong Size
RET05276,OL116287,SKU0131,3,2024-09-27,Wrong Colour
RET05277,OL116449,SKU0200,6,2024-09-25,Wrong Size
RET05278,OL116372,SKU0244,10,2024-09-19,Wrong Size
RET05279,OL116373,SKU0120,15,2024-09-27,Wrong Colour
RET05280,OL116573,SKU0256,2,2024-09-20,Wrong Size
RET05281,OL116329,SKU0197,3,2024-09-27,Wrong Colour
RET05282,OL116382,SKU0067,1,2024-09-29,Wrong Colour
RET05283,OL116510,SKU0029,1,2024-09-14,Wrong Colour
RET05284,OL116597,SKU0442,1,2024-09-29,Wrong Colour
RET05285,OL116370,SKU0262,2,2024-09-14,Wrong Size
RET05286,OL116371,SKU0100,2,2024-09-23,Wrong Size
RET05287,OL116436,SKU0167,3,2024-09-11,Wrong Size
RET05288,OL116919,SKU0443,1,2024-09-20,Wrong Size
RET05289,OL116692,SKU0075,2,2024-09-21,Wrong Colour
RET05290,OL116693,SKU0460,7,2024-09-29,Wrong Size
RET05291,OL116725,SKU0434,1,2024-09-11,Wrong Size
RET05292,OL116505,SKU0320,11,2024-09-25,Wrong Colour
RET05293,OL116750,SKU0337,3,2024-09-25,Wrong Colour
RET05294,OL116553,SKU0393,2,2024-09-22,Wrong Size
RET05295,OL116555,SKU0207,1,2024-09-12,Wrong Size
RET05296,OL117095,SKU0443,2,2024-09-20,Wrong Colour
RET05297,OL116728,SKU0113,3,2024-10-01,Wrong Colour
RET05298,OL116695,SKU0275,6,2024-09-17,Wrong Size
RET05299,OL116699,SKU0378,4,2024-09-29,Wrong Size
RET05300,OL116610,SKU0407,26,2024-09-21,Wrong Colour
RET05301,OL116938,SKU0499,5,2024-09-18,Wrong Size
RET05302,OL116764,SKU0107,2,2024-10-01,Wrong Size
RET05303,OL117110,SKU0229,1,2024-09-26,Wrong Size
RET05304,OL116765,SKU0118,1,2024-09-24,Wrong Colour
RET05305,OL116768,SKU0002,2,2024-09-16,Wrong Size
RET05306,OL116864,SKU0080,1,2024-09-15,Wrong Colour
RET05307,OL116849,SKU0039,3,2024-09-26,Wrong Size
RET05308,OL116931,SKU0159,2,2024-09-21,Wrong Size
RET05309,OL116952,SKU0087,8,2024-09-27,Wrong Colour
RET05310,OL116909,SKU0061,8,2024-09-22,Wrong Colour
RET05311,OL117022,SKU0462,1,2024-09-22,Wrong Size
RET05312,OL116945,SKU0403,2,2024-09-27,Wrong Size
RET05313,OL117188,SKU0441,5,2024-09-26,Wrong Size
RET05314,OL117383,SKU0010,2,2024-09-16,Wrong Size
RET05315,OL117131,SKU0450,2,2024-10-02,Wrong Colour
RET05316,OL117017,SKU0341,1,2024-09-27,Wrong Size
RET05317,OL117027,SKU0490,1,2024-10-02,Wrong Size
RET05318,OL116997,SKU0124,5,2024-09-17,Wrong Size
RET05319,OL117199,SKU0403,2,2024-10-02,Wrong Colour
RET05320,OL117063,SKU0287,1,2024-10-04,Wrong Size
RET05321,OL117208,SKU0149,3,2024-10-02,Wrong Colour
RET05322,OL117170,SKU0185,4,2024-10-01,Wrong Size
RET05323,OL117175,SKU0329,4,2024-10-04,Wrong Size
RET05324,OL117455,SKU0320,8,2024-09-26,Wrong Colour
RET05325,OL117161,SKU0421,2,2024-09-23,Wrong Size
RET05326,OL117440,SKU0310,1,2024-09-18,Wrong Size
RET05327,OL117462,SKU0153,13,2024-09-27,Wrong Colour
RET05328,OL117315,SKU0184,3,2024-10-03,Wrong Colour
RET05329,OL117302,SKU0114,2,2024-09-30,Wrong Colour
RET05330,OL117279,SKU0384,1,2024-09-30,Wrong Size
RET05331,OL117347,SKU0429,3,2024-10-05,Wrong Size
RET05332,OL117417,SKU0202,4,2024-09-28,Wrong Size
RET05333,OL117297,SKU0496,1,2024-09-22,Wrong Size
RET05334,OL117495,SKU0225,2,2024-09-23,Wrong Size
RET05335,OL117381,SKU0478,2,2024-09-23,Wrong Colour
RET05336,OL117482,SKU0093,2,2024-10-01,Wrong Size
RET05337,OL117405,SKU0127,3,2024-10-06,Wrong Size
RET05338,OL117572,SKU0051,6,2024-10-02,Wrong Size
RET05339,OL117363,SKU0179,2,2024-09-29,Wrong Size
RET05340,OL117435,SKU0071,3,2024-09-19,Wrong Size
RET05341,OL117644,SKU0462,2,2024-10-02,Wrong Size
RET05342,OL117758,SKU0100,3,2024-10-07,Wrong Size
RET05343,OL117620,SKU0063,4,2024-09-19,Wrong Colour
RET05344,OL117564,SKU0473,3,2024-09-20,Wrong Colour
RET05345,OL117751,SKU0375,3,2024-10-03,Wrong Size
RET05346,OL117486,SKU0191,1,2024-10-09,Wrong Size
RET05347,OL117567,SKU0140,6,2024-09-19,Wrong Size
RET05348,OL117560,SKU0101,13,2024-10-09,Wrong Size
RET05349,OL117622,SKU0120,10,2024-09-20,Wrong Size
RET05350,OL118032,SKU0474,1,2024-09-29,Wrong Colour
RET05351,OL117665,SKU0190,1,2024-10-05,Wrong Colour
RET05352,OL117845,SKU0059,2,2024-09-30,Wrong Colour
RET05353,OL117857,SKU0351,2,2024-09-23,Wrong Size
RET05354,OL117666,SKU0048,3,2024-10-10,Wrong Colour
RET05355,OL117772,SKU0204,2,2024-09-28,Wrong Colour
RET05356,OL117775,SKU0499,2,2024-09-28,Wrong Size
RET05357,OL117791,SKU0023,3,2024-10-04,Wrong Size
RET05358,OL117722,SKU0011,1,2024-10-10,Wrong Size
RET05359,OL117828,SKU0436,2,2024-09-25,Wrong Size
RET05360,OL117737,SKU0141,1,2024-10-01,Wrong Size
RET05361,OL117738,SKU0165,9,2024-10-11,Wrong Colour
RET05362,OL118364,SKU0144,5,2024-10-03,Wrong Size
RET05363,OL118158,SKU0106,3,2024-10-02,Wrong Size
RET05364,OL117951,SKU0426,1,2024-09-26,Wrong Colour
RET05365,OL117932,SKU0199,1,2024-10-10,Wrong Colour
RET05366,OL117979,SKU0369,18,2024-10-10,Wrong Size
RET05367,OL117980,SKU0425,2,2024-10-09,Wrong Size
RET05368,OL117881,SKU0485,4,2024-09-29,Wrong Colour
RET05369,OL117883,SKU0211,5,2024-10-06,Wrong Size
RET05370,OL117910,SKU0082,5,2024-10-03,Wrong Colour
RET05371,OL117915,SKU0022,3,2024-10-01,Wrong Size
RET05372,OL118091,SKU0277,3,2024-10-09,Wrong Size
RET05373,OL118193,SKU0441,10,2024-10-08,Wrong Colour
RET05374,OL118195,SKU0213,1,2024-10-10,Wrong Colour
RET05375,OL118014,SKU0241,1,2024-09-25,Wrong Size
RET05376,OL118020,SKU0286,1,2024-10-06,Wrong Size
RET05377,OL118172,SKU0287,4,2024-09-26,Wrong Size
RET05378,OL118363,SKU0224,11,2024-10-13,Wrong Size
RET05379,OL118184,SKU0465,1,2024-09-24,Wrong Colour
RET05380,OL118175,SKU0209,3,2024-09-24,Wrong Size
RET05381,OL118493,SKU0134,1,2024-10-02,Wrong Size
RET05382,OL118298,SKU0066,2,2024-10-03,Wrong Size
RET05383,OL118300,SKU0469,1,2024-10-11,Wrong Colour
RET05384,OL118291,SKU0456,4,2024-10-13,Wrong Colour
RET05385,OL118366,SKU0175,5,2024-09-27,Wrong Colour
RET05386,OL118603,SKU0342,2,2024-10-06,Wrong Colour
RET05387,OL118666,SKU0086,1,2024-10-09,Wrong Colour
RET05388,OL118670,SKU0329,18,2024-10-03,Wrong Colour
RET05389,OL118532,SKU0136,4,2024-09-27,Wrong Size
RET05390,OL118512,SKU0350,5,2024-10-08,Wrong Size
RET05391,OL118647,SKU0142,1,2024-10-15,Wrong Colour
RET05392,OL118506,SKU0091,23,2024-10-13,Wrong Size
RET05393,OL118388,SKU0481,2,2024-10-07,Wrong Colour
RET05394,OL118390,SKU0133,1,2024-10-13,Wrong Colour
RET05395,OL118580,SKU0274,1,2024-10-01,Wrong Colour
RET05396,OL118766,SKU0101,2,2024-10-15,Wrong Colour
RET05397,OL118660,SKU0098,2,2024-09-30,Wrong Colour
RET05398,OL118894,SKU0499,1,2024-10-04,Wrong Colour
RET05399,OL118979,SKU0097,1,2024-10-02,Wrong Size
RET05400,OL118859,SKU0371,1,2024-10-12,Wrong Colour
RET05401,OL118865,SKU0041,25,2024-10-13,Wrong Size
RET05402,OL118901,SKU0094,8,2024-10-05,Wrong Size
RET05403,OL118912,SKU0216,1,2024-10-16,Wrong Size
RET05404,OL119028,SKU0243,1,2024-10-15,Wrong Size
RET05405,OL119025,SKU0394,11,2024-10-07,Wrong Size
RET05406,OL119224,SKU0302,2,2024-10-13,Wrong Size
RET05407,OL119043,SKU0430,10,2024-10-13,Wrong Colour
RET05408,OL119015,SKU0034,3,2024-10-21,Wrong Size
RET05409,OL119040,SKU0284,1,2024-10-21,Wrong Size
RET05410,OL119147,SKU0235,1,2024-10-13,Wrong Colour
RET05411,OL119136,SKU0244,5,2024-10-17,Wrong Colour
RET05412,OL119299,SKU0208,3,2024-10-22,Wrong Colour
RET05413,OL119219,SKU0475,13,2024-10-22,Wrong Colour
RET05414,OL119420,SKU0096,1,2024-10-16,Wrong Colour
RET05415,OL119229,SKU0205,6,2024-10-22,Wrong Size
RET05416,OL119171,SKU0209,2,2024-10-16,Wrong Size
RET05417,OL119179,SKU0194,1,2024-10-16,Wrong Size
RET05418,OL119282,SKU0007,2,2024-10-14,Wrong Colour
RET05419,OL119377,SKU0146,2,2024-10-20,Wrong Size
RET05420,OL119259,SKU0070,1,2024-10-19,Wrong Colour
RET05421,OL119260,SKU0485,1,2024-10-14,Wrong Colour
RET05422,OL119596,SKU0452,2,2024-10-05,Wrong Size
RET05423,OL119633,SKU0177,2,2024-10-04,Wrong Size
RET05424,OL119573,SKU0419,16,2024-10-11,Wrong Size
RET05425,OL119584,SKU0239,13,2024-10-14,Wrong Colour
RET05426,OL119716,SKU0354,6,2024-10-05,Wrong Colour
RET05427,OL119605,SKU0406,2,2024-10-20,Wrong Colour
RET05428,OL119520,SKU0141,1,2024-10-07,Wrong Size
RET05429,OL119432,SKU0368,1,2024-10-15,Wrong Size
RET05430,OL119644,SKU0425,2,2024-10-16,Wrong Colour
RET05431,OL119618,SKU0364,2,2024-10-09,Wrong Colour
RET05432,OL119689,SKU0265,20,2024-10-06,Wrong Colour
RET05433,OL119680,SKU0397,3,2024-10-18,Wrong Colour
RET05434,OL119639,SKU0042,2,2024-10-22,Wrong Size
RET05435,OL119635,SKU0297,1,2024-10-11,Wrong Size
RET05436,OL119610,SKU0400,1,2024-10-10,Wrong Colour
RET05437,OL119534,SKU0138,3,2024-10-25,Wrong Colour
RET05438,OL120031,SKU0318,9,2024-10-16,Wrong Size
RET05439,OL119693,SKU0316,9,2024-10-12,Wrong Colour
RET05440,OL119622,SKU0316,16,2024-10-09,Wrong Size
RET05441,OL119709,SKU0264,16,2024-10-21,Wrong Size
RET05442,OL119778,SKU0490,1,2024-10-20,Wrong Size
RET05443,OL119780,SKU0193,1,2024-10-17,Wrong Size
RET05444,OL119839,SKU0145,6,2024-10-23,Wrong Size
RET05445,OL119855,SKU0025,2,2024-10-08,Wrong Size
RET05446,OL119998,SKU0111,11,2024-10-20,Wrong Size
RET05447,OL119906,SKU0037,2,2024-10-25,Wrong Size
RET05448,OL120065,SKU0190,3,2024-10-09,Wrong Colour
RET05449,OL120077,SKU0277,5,2024-10-22,Wrong Colour
RET05450,OL120040,SKU0230,16,2024-10-10,Wrong Size
RET05451,OL119942,SKU0267,6,2024-10-18,Wrong Size
RET05452,OL120033,SKU0037,11,2024-10-12,Wrong Colour
RET05453,OL119934,SKU0120,4,2024-10-16,Wrong Colour
RET05454,OL120110,SKU0147,4,2024-10-24,Wrong Size
RET05455,OL120002,SKU0364,3,2024-10-18,Wrong Colour
RET05456,OL119983,SKU0322,15,2024-10-14,Wrong Size
RET05457,OL120053,SKU0326,13,2024-10-23,Wrong Colour
RET05458,OL120070,SKU0450,8,2024-10-20,Wrong Size
RET05459,OL120271,SKU0351,1,2024-10-17,Wrong Colour
RET05460,OL120379,SKU0078,1,2024-10-28,Wrong Colour
RET05461,OL120204,SKU0392,6,2024-10-14,Wrong Size
RET05462,OL120177,SKU0450,6,2024-10-27,Wrong Size
RET05463,OL120188,SKU0353,3,2024-10-26,Wrong Size
RET05464,OL120398,SKU0071,6,2024-10-12,Wrong Colour
RET05465,OL120251,SKU0275,3,2024-10-30,Wrong Size
RET05466,OL120253,SKU0243,10,2024-10-17,Wrong Colour
RET05467,OL120454,SKU0266,3,2024-10-23,Wrong Size
RET05468,OL120257,SKU0023,10,2024-10-31,Wrong Size
RET05469,OL120378,SKU0102,12,2024-10-23,Wrong Size
RET05470,OL120269,SKU0095,8,2024-10-30,Wrong Colour
RET05471,OL120364,SKU0351,2,2024-10-25,Wrong Size
RET05472,OL120415,SKU0434,1,2024-10-31,Wrong Colour
RET05473,OL120505,SKU0470,5,2024-10-20,Wrong Size
RET05474,OL120779,SKU0372,1,2024-10-21,Wrong Colour
RET05475,OL120842,SKU0298,7,2024-10-23,Wrong Size
RET05476,OL120520,SKU0189,1,2024-11-02,Wrong Colour
RET05477,OL120467,SKU0273,5,2024-10-24,Wrong Colour
RET05478,OL120495,SKU0465,3,2024-10-29,Wrong Size
RET05479,OL120430,SKU0291,3,2024-10-17,Wrong Colour
RET05480,OL120506,SKU0286,4,2024-11-02,Wrong Colour
RET05481,OL120543,SKU0052,3,2024-10-13,Wrong Size
RET05482,OL120903,SKU0268,8,2024-10-26,Wrong Colour
RET05483,OL120679,SKU0436,4,2024-10-31,Wrong Size
RET05484,OL120768,SKU0309,5,2024-11-03,Wrong Colour
RET05485,OL120524,SKU0373,6,2024-10-14,Wrong Colour
RET05486,OL120601,SKU0403,7,2024-10-15,Wrong Colour
RET05487,OL120753,SKU0294,6,2024-10-17,Wrong Size
RET05488,OL120756,SKU0199,1,2024-10-20,Wrong Size
RET05489,OL120687,SKU0102,15,2024-10-27,Wrong Size
RET05490,OL120726,SKU0010,1,2024-10-28,Wrong Size
RET05491,OL121015,SKU0207,10,2024-10-28,Wrong Colour
RET05492,OL120823,SKU0037,6,2024-11-01,Wrong Size
RET05493,OL120856,SKU0436,2,2024-11-01,Wrong Colour
RET05494,OL120926,SKU0368,6,2024-10-26,Wrong Size
RET05495,OL120885,SKU0172,8,2024-10-24,Wrong Colour
RET05496,OL120889,SKU0392,2,2024-10-17,Wrong Colour
RET05497,OL120941,SKU0050,9,2024-10-25,Wrong Size
RET05498,OL121040,SKU0429,12,2024-11-02,Wrong Colour
RET05499,OL120898,SKU0031,16,2024-10-27,Wrong Size
RET05500,OL120976,SKU0075,7,2024-10-29,Wrong Colour
RET05501,OL120978,SKU0036,3,2024-11-01,Wrong Colour
RET05502,OL121047,SKU0333,11,2024-10-26,Wrong Colour
RET05503,OL121107,SKU0090,1,2024-10-21,Wrong Size
RET05504,OL120996,SKU0296,2,2024-10-18,Wrong Size
RET05505,OL121082,SKU0004,9,2024-10-30,Wrong Size
RET05506,OL121038,SKU0286,7,2024-10-29,Wrong Size
RET05507,OL121073,SKU0024,3,2024-10-28,Wrong Size
RET05508,OL121109,SKU0076,1,2024-10-29,Wrong Colour
RET05509,OL121090,SKU0360,4,2024-11-07,Wrong Size
RET05510,OL121116,SKU0100,12,2024-10-29,Wrong Size
RET05511,OL121160,SKU0311,2,2024-10-26,Wrong Colour
RET05512,OL121537,SKU0343,2,2024-10-29,Wrong Size
RET05513,OL121252,SKU0042,1,2024-10-30,Wrong Size
RET05514,OL121454,SKU0106,6,2024-10-28,Wrong Colour
RET05515,OL121194,SKU0026,3,2024-11-01,Wrong Colour
RET05516,OL121662,SKU0136,3,2024-10-27,Wrong Colour
RET05517,OL121372,SKU0136,1,2024-10-21,Wrong Colour
RET05518,OL121403,SKU0226,7,2024-11-05,Wrong Colour
RET05519,OL121354,SKU0134,8,2024-11-06,Wrong Size
RET05520,OL121314,SKU0282,4,2024-10-24,Wrong Colour
RET05521,OL121359,SKU0323,10,2024-11-10,Wrong Size
RET05522,OL121485,SKU0314,26,2024-10-25,Wrong Colour
RET05523,OL121525,SKU0316,16,2024-11-05,Wrong Size
RET05524,OL121440,SKU0216,2,2024-11-06,Wrong Colour
RET05525,OL121431,SKU0164,2,2024-10-22,Wrong Colour
RET05526,OL121596,SKU0399,17,2024-10-27,Wrong Size
RET05527,OL121544,SKU0028,1,2024-10-29,Wrong Size
RET05528,OL121718,SKU0011,15,2024-10-30,Wrong Size
RET05529,OL121840,SKU0117,6,2024-10-25,Wrong Size
RET05530,OL121638,SKU0115,6,2024-10-30,Wrong Colour
RET05531,OL122204,SKU0010,4,2024-10-25,Wrong Colour
RET05532,OL122221,SKU0214,5,2024-11-13,Wrong Size
RET05533,OL121759,SKU0048,1,2024-10-28,Wrong Colour
RET05534,OL121828,SKU0175,18,2024-11-12,Wrong Size
RET05535,OL121859,SKU0294,7,2024-11-07,Wrong Size
RET05536,OL121806,SKU0405,9,2024-10-31,Wrong Colour
RET05537,OL121792,SKU0127,2,2024-11-12,Wrong Colour
RET05538,OL121900,SKU0488,7,2024-11-08,Wrong Size
RET05539,OL122055,SKU0447,7,2024-10-30,Wrong Size
RET05540,OL121906,SKU0127,3,2024-11-05,Wrong Colour
RET05541,OL121924,SKU0111,5,2024-10-31,Wrong Size
RET05542,OL122518,SKU0089,7,2024-10-31,Wrong Colour
RET05543,OL122094,SKU0404,20,2024-11-16,Wrong Size
RET05544,OL122035,SKU0393,19,2024-11-09,Wrong Colour
RET05545,OL122087,SKU0384,23,2024-11-13,Wrong Size
RET05546,OL122017,SKU0002,8,2024-11-10,Wrong Colour
RET05547,OL122027,SKU0006,1,2024-11-06,Wrong Colour
RET05548,OL122154,SKU0340,2,2024-10-31,Wrong Size
RET05549,OL122215,SKU0087,5,2024-10-28,Wrong Size
RET05550,OL122300,SKU0200,1,2024-11-07,Wrong Colour
RET05551,OL122172,SKU0166,22,2024-11-15,Wrong Colour
RET05552,OL122305,SKU0479,5,2024-11-02,Wrong Colour
RET05553,OL122368,SKU0254,2,2024-11-10,Wrong Size
RET05554,OL122338,SKU0119,3,2024-11-07,Wrong Colour
RET05555,OL122379,SKU0155,1,2024-10-29,Wrong Colour
RET05556,OL122510,SKU0223,2,2024-11-14,Wrong Size
RET05557,OL122348,SKU0018,5,2024-11-04,Wrong Colour
RET05558,OL122405,SKU0192,1,2024-10-29,Wrong Colour
RET05559,OL122361,SKU0064,2,2024-10-30,Wrong Colour
RET05560,OL122330,SKU0450,1,2024-11-16,Wrong Colour
RET05561,OL122332,SKU0013,6,2024-11-06,Wrong Colour
RET05562,OL122355,SKU0085,2,2024-11-10,Wrong Size
RET05563,OL122607,SKU0173,3,2024-11-08,Wrong Size
RET05564,OL122442,SKU0363,7,2024-11-09,Wrong Colour
RET05565,OL122435,SKU0103,3,2024-11-12,Wrong Colour
RET05566,OL122550,SKU0250,2,2024-11-18,Wrong Size
RET05567,OL122513,SKU0464,14,2024-10-31,Wrong Size
RET05568,OL122736,SKU0073,13,2024-11-14,Wrong Size
RET05569,OL122560,SKU0126,1,2024-11-02,Wrong Size
RET05570,OL122602,SKU0320,8,2024-11-04,Wrong Size
RET05571,OL122670,SKU0278,5,2024-11-20,Wrong Colour
RET05572,OL122666,SKU0170,3,2024-11-04,Wrong Colour
RET05573,OL122656,SKU0383,1,2024-11-03,Wrong Colour
RET05574,OL122628,SKU0442,17,2024-11-02,Wrong Colour
RET05575,OL122868,SKU0366,1,2024-11-17,Wrong Size
RET05576,OL122970,SKU0452,5,2024-11-10,Wrong Colour
RET05577,OL122721,SKU0324,9,2024-11-21,Wrong Size
RET05578,OL122708,SKU0482,2,2024-11-07,Wrong Colour
RET05579,OL122702,SKU0489,2,2024-11-19,Wrong Colour
RET05580,OL122709,SKU0304,2,2024-11-05,Wrong Size
RET05581,OL122711,SKU0442,1,2024-11-04,Wrong Size
RET05582,OL122892,SKU0024,1,2024-11-13,Wrong Size
RET05583,OL122855,SKU0392,4,2024-11-10,Wrong Colour
RET05584,OL122824,SKU0362,10,2024-11-03,Wrong Colour
RET05585,OL122821,SKU0232,6,2024-11-22,Wrong Size
RET05586,OL123010,SKU0170,2,2024-11-18,Wrong Colour
RET05587,OL123012,SKU0193,2,2024-11-05,Wrong Size
RET05588,OL122917,SKU0001,1,2024-11-13,Wrong Colour
RET05589,OL123123,SKU0497,20,2024-11-13,Wrong Colour
RET05590,OL122896,SKU0347,5,2024-11-18,Wrong Colour
RET05591,OL123057,SKU0204,1,2024-11-23,Wrong Colour
RET05592,OL123232,SKU0215,12,2024-11-08,Wrong Size
RET05593,OL123021,SKU0401,9,2024-11-11,Wrong Colour
RET05594,OL123022,SKU0161,5,2024-11-07,Wrong Size
RET05595,OL123159,SKU0223,1,2024-11-15,Wrong Size
RET05596,OL122966,SKU0461,2,2024-11-07,Wrong Colour
RET05597,OL123244,SKU0286,7,2024-11-18,Wrong Colour
RET05598,OL123019,SKU0369,4,2024-11-17,Wrong Size
RET05599,OL123116,SKU0029,10,2024-11-21,Wrong Size
RET05600,OL123085,SKU0430,8,2024-11-20,Wrong Colour
RET05601,OL123409,SKU0011,3,2024-11-15,Wrong Size
RET05602,OL123228,SKU0202,1,2024-11-10,Wrong Size
RET05603,OL123229,SKU0418,1,2024-11-25,Wrong Colour
RET05604,OL123341,SKU0290,7,2024-11-20,Wrong Colour
RET05605,OL123262,SKU0209,1,2024-11-05,Wrong Colour
RET05606,OL123395,SKU0208,10,2024-11-21,Wrong Colour
RET05607,OL123219,SKU0174,4,2024-11-24,Wrong Colour
RET05608,OL123281,SKU0446,1,2024-11-17,Wrong Colour
RET05609,OL123363,SKU0465,3,2024-11-18,Wrong Colour
RET05610,OL123480,SKU0194,3,2024-11-07,Wrong Size
RET05611,OL123379,SKU0396,2,2024-11-07,Wrong Colour
RET05612,OL123520,SKU0336,4,2024-11-21,Wrong Colour
RET05613,OL123328,SKU0351,1,2024-11-19,Wrong Size
RET05614,OL123545,SKU0039,9,2024-11-24,Wrong Colour
RET05615,OL123500,SKU0017,2,2024-11-23,Wrong Size
RET05616,OL123475,SKU0247,2,2024-11-09,Wrong Size
RET05617,OL123629,SKU0416,6,2024-11-15,Wrong Colour
RET05618,OL123690,SKU0018,3,2024-11-09,Wrong Size
RET05619,OL123643,SKU0253,4,2024-11-13,Wrong Colour
RET05620,OL123587,SKU0334,2,2024-11-17,Wrong Size
RET05621,OL123604,SKU0434,5,2024-11-10,Wrong Size
RET05622,OL123606,SKU0413,8,2024-11-26,Wrong Colour
RET05623,OL123715,SKU0349,1,2024-11-10,Wrong Colour
RET05624,OL123688,SKU0422,4,2024-11-29,Wrong Colour
RET05625,OL123613,SKU0348,16,2024-11-16,Wrong Colour
RET05626,OL123617,SKU0390,6,2024-11-21,Wrong Colour
RET05627,OL124144,SKU0255,4,2024-11-10,Wrong Colour
RET05628,OL123848,SKU0369,3,2024-11-16,Wrong Size
RET05629,OL123804,SKU0223,2,2024-11-23,Wrong Size
RET05630,OL123805,SKU0262,1,2024-11-20,Wrong Size
RET05631,OL123934,SKU0121,2,2024-11-12,Wrong Size
RET05632,OL123781,SKU0472,3,2024-11-14,Wrong Size
RET05633,OL123718,SKU0218,4,2024-11-19,Wrong Size
RET05634,OL123728,SKU0374,4,2024-11-30,Wrong Size
RET05635,OL123936,SKU0457,1,2024-12-01,Wrong Size
RET05636,OL123959,SKU0225,4,2024-11-22,Wrong Size
RET05637,OL123832,SKU0039,10,2024-11-25,Wrong Colour
RET05638,OL123927,SKU0202,8,2024-11-24,Wrong Colour
RET05639,OL123857,SKU0461,1,2024-11-14,Wrong Colour
RET05640,OL123948,SKU0489,11,2024-11-28,Wrong Colour
RET05641,OL124052,SKU0425,5,2024-11-30,Wrong Size
RET05642,OL124048,SKU0076,2,2024-12-02,Wrong Colour
RET05643,OL124112,SKU0052,7,2024-11-27,Wrong Size
RET05644,OL124108,SKU0281,1,2024-11-13,Wrong Size
RET05645,OL124198,SKU0102,3,2024-11-20,Wrong Size
RET05646,OL124702,SKU0129,2,2024-11-24,Wrong Size
RET05647,OL124712,SKU0387,1,2024-11-20,Wrong Colour
RET05648,OL124288,SKU0014,1,2024-11-19,Wrong Colour
RET05649,OL124252,SKU0034,9,2024-11-21,Wrong Size
RET05650,OL124282,SKU0379,7,2024-12-03,Wrong Size
RET05651,OL124260,SKU0377,13,2024-11-27,Wrong Colour
RET05652,OL124293,SKU0403,7,2024-11-22,Wrong Size
RET05653,OL124673,SKU0349,2,2024-11-17,Wrong Colour
RET05654,OL124497,SKU0481,1,2024-11-23,Wrong Colour
RET05655,OL124498,SKU0210,1,2024-11-23,Wrong Size
RET05656,OL124369,SKU0311,2,2024-11-23,Wrong Size
RET05657,OL124912,SKU0052,7,2024-11-16,Wrong Colour
RET05658,OL124560,SKU0054,1,2024-11-17,Wrong Size
RET05659,OL124685,SKU0297,6,2024-11-30,Wrong Size
RET05660,OL124574,SKU0237,5,2024-12-05,Wrong Size
RET05661,OL124608,SKU0368,3,2024-11-24,Wrong Size
RET05662,OL124488,SKU0433,7,2024-11-19,Wrong Size
RET05663,OL124489,SKU0109,1,2024-12-01,Wrong Size
RET05664,OL124675,SKU0434,1,2024-12-03,Wrong Size
RET05665,OL124646,SKU0164,4,2024-11-19,Wrong Colour
RET05666,OL124595,SKU0029,9,2024-11-29,Wrong Colour
RET05667,OL124703,SKU0415,3,2024-11-30,Wrong Colour
RET05668,OL124706,SKU0430,5,2024-11-19,Wrong Colour
RET05669,OL124663,SKU0361,9,2024-12-04,Wrong Colour
RET05670,OL124697,SKU0259,1,2024-11-18,Wrong Size
RET05671,OL124860,SKU0308,3,2024-12-03,Wrong Size
RET05672,OL124832,SKU0049,3,2024-12-08,Wrong Size
RET05673,OL124732,SKU0233,3,2024-11-27,Wrong Size
RET05674,OL124986,SKU0435,18,2024-11-30,Wrong Colour
RET05675,OL125040,SKU0040,3,2024-11-28,Wrong Colour
RET05676,OL124791,SKU0368,10,2024-12-03,Wrong Colour
RET05677,OL124802,SKU0313,15,2024-11-26,Wrong Colour
RET05678,OL124956,SKU0188,6,2024-11-20,Wrong Colour
RET05679,OL124775,SKU0098,3,2024-12-06,Wrong Colour
RET05680,OL125122,SKU0008,4,2024-12-03,Wrong Colour
RET05681,OL124917,SKU0205,6,2024-11-22,Wrong Size
RET05682,OL125110,SKU0143,12,2024-11-20,Wrong Size
RET05683,OL125107,SKU0245,3,2024-11-25,Wrong Colour
RET05684,OL124887,SKU0452,4,2024-12-05,Wrong Size
RET05685,OL124875,SKU0276,2,2024-11-24,Wrong Size
RET05686,OL125340,SKU0159,3,2024-11-27,Wrong Size
RET05687,OL125067,SKU0168,1,2024-11-28,Wrong Size
RET05688,OL125056,SKU0416,4,2024-11-24,Wrong Colour
RET05689,OL125062,SKU0128,1,2024-11-27,Wrong Size
RET05690,OL125170,SKU0007,2,2024-12-10,Wrong Size
RET05691,OL125071,SKU0155,3,2024-12-08,Wrong Colour
RET05692,OL125357,SKU0281,2,2024-11-27,Wrong Colour
RET05693,OL125175,SKU0247,6,2024-12-06,Wrong Size
RET05694,OL125184,SKU0069,3,2024-11-24,Wrong Colour
RET05695,OL125397,SKU0406,2,2024-12-03,Wrong Size
RET05696,OL125226,SKU0274,1,2024-11-22,Wrong Size
RET05697,OL125417,SKU0167,2,2024-12-07,Wrong Colour
RET05698,OL125260,SKU0430,7,2024-12-06,Wrong Colour
RET05699,OL125287,SKU0401,3,2024-11-29,Wrong Colour
RET05700,OL125541,SKU0085,2,2024-12-11,Wrong Size
RET05701,OL125443,SKU0195,3,2024-12-13,Wrong Size
RET05702,OL125519,SKU0408,3,2024-12-08,Wrong Size
RET05703,OL125463,SKU0002,24,2024-11-28,Wrong Size
RET05704,OL125375,SKU0180,4,2024-12-02,Wrong Size
RET05705,OL125750,SKU0021,8,2024-12-08,Wrong Size
RET05706,OL125500,SKU0295,1,2024-11-29,Wrong Colour
RET05707,OL125756,SKU0190,1,2024-12-12,Wrong Size
RET05708,OL125958,SKU0442,4,2024-12-10,Wrong Size
RET05709,OL125770,SKU0313,6,2024-12-14,Wrong Colour
RET05710,OL125649,SKU0095,9,2024-12-02,Wrong Colour
RET05711,OL125825,SKU0340,1,2024-11-26,Wrong Size
RET05712,OL125729,SKU0240,2,2024-12-10,Wrong Colour
RET05713,OL125901,SKU0108,4,2024-12-04,Wrong Size
RET05714,OL125724,SKU0086,3,2024-12-05,Wrong Size
RET05715,OL125783,SKU0377,18,2024-12-08,Wrong Size
RET05716,OL125702,SKU0238,7,2024-12-07,Wrong Colour
RET05717,OL125948,SKU0425,5,2024-12-08,Wrong Colour
RET05718,OL126139,SKU0031,2,2024-12-06,Wrong Colour
RET05719,OL125861,SKU0138,1,2024-12-12,Wrong Colour
RET05720,OL125876,SKU0237,5,2024-12-10,Wrong Colour
RET05721,OL125933,SKU0237,3,2024-12-02,Wrong Colour
RET05722,OL125957,SKU0162,14,2024-12-11,Wrong Colour
RET05723,OL125970,SKU0426,6,2024-12-18,Wrong Colour
RET05724,OL126437,SKU0461,3,2024-12-06,Wrong Size
RET05725,OL126115,SKU0498,15,2024-12-03,Wrong Size
RET05726,OL126125,SKU0280,2,2024-12-16,Wrong Colour
RET05727,OL126030,SKU0052,1,2024-12-13,Wrong Size
RET05728,OL126161,SKU0442,10,2024-12-19,Wrong Colour
RET05729,OL126340,SKU0477,6,2024-12-07,Wrong Colour
RET05730,OL126105,SKU0210,4,2024-12-03,Wrong Size
RET05731,OL126153,SKU0078,5,2024-11-30,Wrong Size
RET05732,OL126172,SKU0022,2,2024-12-06,Wrong Size
RET05733,OL126149,SKU0500,4,2024-12-15,Wrong Size
RET05734,OL126272,SKU0283,6,2024-12-01,Wrong Size
RET05735,OL126206,SKU0011,1,2024-12-12,Wrong Colour
RET05736,OL126293,SKU0238,10,2024-12-13,Wrong Size
RET05737,OL126505,SKU0494,3,2024-12-03,Wrong Size
RET05738,OL126275,SKU0094,8,2024-12-16,Wrong Size
RET05739,OL126282,SKU0462,8,2024-12-14,Wrong Size
RET05740,OL126300,SKU0436,1,2024-12-07,Wrong Colour
RET05741,OL126404,SKU0378,4,2024-12-21,Wrong Colour
RET05742,OL126287,SKU0448,1,2024-12-10,Wrong Colour
RET05743,OL126348,SKU0305,2,2024-12-05,Wrong Colour
RET05744,OL126399,SKU0308,8,2024-12-05,Wrong Size
RET05745,OL126789,SKU0070,3,2024-12-06,Wrong Size
RET05746,OL126825,SKU0254,4,2024-12-10,Wrong Colour
RET05747,OL126552,SKU0156,7,2024-12-22,Wrong Size
RET05748,OL126480,SKU0482,2,2024-12-14,Wrong Colour
RET05749,OL126383,SKU0110,1,2024-12-22,Wrong Size
RET05750,OL126384,SKU0342,1,2024-12-18,Wrong Size
RET05751,OL126430,SKU0045,3,2024-12-18,Wrong Colour
RET05752,OL126490,SKU0258,3,2024-12-03,Wrong Size
RET05753,OL126492,SKU0267,11,2024-12-20,Wrong Colour
RET05754,OL126531,SKU0058,1,2024-12-12,Wrong Size
RET05755,OL126509,SKU0014,2,2024-12-09,Wrong Colour
RET05756,OL126744,SKU0020,2,2024-12-17,Wrong Colour
RET05757,OL126546,SKU0369,4,2024-12-08,Wrong Size
RET05758,OL126718,SKU0255,3,2024-12-15,Wrong Size
RET05759,OL126707,SKU0084,1,2024-12-09,Wrong Colour
RET05760,OL126669,SKU0456,2,2024-12-17,Wrong Size
RET05761,OL126694,SKU0262,1,2024-12-10,Wrong Size
RET05762,OL126658,SKU0492,3,2024-12-08,Wrong Size
RET05763,OL126871,SKU0154,2,2024-12-16,Wrong Size
RET05764,OL126927,SKU0340,1,2024-12-18,Wrong Colour
RET05765,OL126775,SKU0155,1,2024-12-07,Wrong Size
RET05766,OL126676,SKU0407,2,2024-12-05,Wrong Colour
RET05767,OL126727,SKU0176,2,2024-12-23,Wrong Size
RET05768,OL126631,SKU0422,5,2024-12-11,Wrong Size
RET05769,OL127285,SKU0321,1,2024-12-24,Wrong Size
RET05770,OL126917,SKU0101,8,2024-12-10,Wrong Size
RET05771,OL126990,SKU0498,10,2024-12-18,Wrong Size
RET05772,OL126889,SKU0393,23,2024-12-14,Wrong Colour
RET05773,OL126935,SKU0312,11,2024-12-08,Wrong Size
RET05774,OL126868,SKU0127,1,2024-12-08,Wrong Size
RET05775,OL126877,SKU0308,12,2024-12-11,Wrong Size
RET05776,OL126995,SKU0206,5,2024-12-24,Wrong Size
RET05777,OL126882,SKU0283,3,2024-12-17,Wrong Colour
RET05778,OL127025,SKU0061,4,2024-12-27,Wrong Colour
RET05779,OL127147,SKU0244,1,2024-12-14,Wrong Size
RET05780,OL127116,SKU0279,1,2024-12-23,Wrong Size
RET05781,OL127078,SKU0416,5,2024-12-07,Wrong Size
RET05782,OL127157,SKU0216,1,2024-12-20,Wrong Size
RET05783,OL127032,SKU0070,3,2024-12-18,Wrong Colour
RET05784,OL127059,SKU0299,2,2024-12-08,Wrong Size
RET05785,OL127183,SKU0050,3,2024-12-10,Wrong Size
RET05786,OL127054,SKU0001,3,2024-12-15,Wrong Size
RET05787,OL127463,SKU0031,3,2024-12-18,Wrong Size
RET05788,OL127214,SKU0168,2,2024-12-14,Wrong Colour
RET05789,OL127249,SKU0279,2,2024-12-25,Wrong Size
RET05790,OL127277,SKU0015,14,2024-12-12,Wrong Colour
RET05791,OL127233,SKU0170,1,2024-12-13,Wrong Colour
RET05792,OL127209,SKU0013,4,2024-12-08,Wrong Colour
RET05793,OL127607,SKU0479,5,2024-12-09,Wrong Size
RET05794,OL127623,SKU0427,8,2024-12-09,Wrong Colour
RET05795,OL127283,SKU0432,2,2024-12-22,Wrong Size
RET05796,OL127208,SKU0271,1,2024-12-10,Wrong Size
RET05797,OL127751,SKU0151,1,2024-12-14,Wrong Colour
RET05798,OL127529,SKU0342,4,2024-12-15,Wrong Size
RET05799,OL127411,SKU0349,3,2024-12-24,Wrong Size
RET05800,OL127547,SKU0056,1,2024-12-21,Wrong Size
RET05801,OL127419,SKU0409,1,2024-12-16,Wrong Size
RET05802,OL127519,SKU0230,3,2024-12-10,Wrong Size
RET05803,OL127361,SKU0091,4,2024-12-11,Wrong Colour
RET05804,OL127364,SKU0109,10,2024-12-12,Wrong Size
RET05805,OL127541,SKU0078,6,2024-12-11,Wrong Size
RET05806,OL127824,SKU0268,8,2024-12-11,Wrong Size
RET05807,OL127476,SKU0059,2,2024-12-16,Wrong Size
RET05808,OL127726,SKU0405,4,2024-12-23,Wrong Colour
RET05809,OL127577,SKU0180,1,2024-12-29,Wrong Colour
RET05810,OL127495,SKU0399,5,2024-12-24,Wrong Colour
RET05811,OL127455,SKU0391,2,2024-12-31,Wrong Colour
RET05812,OL127545,SKU0087,9,2024-12-28,Wrong Size
RET05813,OL127633,SKU0422,5,2024-12-17,Wrong Size
RET05814,OL127826,SKU0079,5,2024-12-12,Wrong Colour
RET05815,OL127744,SKU0463,5,2024-12-21,Wrong Size
RET05816,OL127628,SKU0244,17,2024-12-20,Wrong Size
RET05817,OL127663,SKU0034,6,2024-12-19,Wrong Size
RET05818,OL127900,SKU0423,7,2025-01-01,Wrong Colour
RET05819,OL127733,SKU0447,8,2024-12-31,Wrong Colour
RET05820,OL127782,SKU0409,9,2024-12-21,Wrong Size
RET05821,OL127995,SKU0194,1,2024-12-29,Wrong Colour
RET05822,OL127996,SKU0377,2,2024-12-22,Wrong Colour
RET05823,OL127735,SKU0056,2,2024-12-15,Wrong Size
RET05824,OL127765,SKU0084,5,2024-12-19,Wrong Colour
RET05825,OL127766,SKU0158,3,2024-12-19,Wrong Colour
RET05826,OL127883,SKU0175,1,2024-12-14,Wrong Colour
RET05827,OL127822,SKU0064,1,2024-12-26,Wrong Colour
RET05828,OL127879,SKU0181,2,2025-01-03,Wrong Size
RET05829,OL127907,SKU0188,2,2024-12-23,Wrong Colour
RET05830,OL127893,SKU0173,4,2025-01-02,Wrong Size
RET05831,OL127794,SKU0190,17,2024-12-23,Wrong Size
RET05832,OL127968,SKU0317,5,2024-12-26,Wrong Size
RET05833,OL128022,SKU0323,5,2024-12-23,Wrong Size
RET05834,OL127873,SKU0415,1,2024-12-26,Wrong Colour
RET05835,OL128037,SKU0260,1,2024-12-18,Wrong Size
RET05836,OL127980,SKU0430,4,2025-01-03,Wrong Size
RET05837,OL127836,SKU0380,1,2024-12-17,Wrong Size
RET05838,OL128005,SKU0479,3,2024-12-26,Wrong Colour
RET05839,OL127921,SKU0489,5,2024-12-30,Wrong Colour
RET05840,OL128163,SKU0242,10,2024-12-29,Wrong Size
RET05841,OL128029,SKU0149,3,2024-12-25,Wrong Size
RET05842,OL128031,SKU0125,10,2024-12-31,Wrong Size
RET05843,OL128223,SKU0079,4,2025-01-04,Wrong Colour
RET05844,OL128063,SKU0059,8,2024-12-18,Wrong Size
RET05845,OL128049,SKU0389,1,2024-12-29,Wrong Size
RET05846,OL128009,SKU0439,5,2024-12-19,Wrong Colour
RET05847,OL128053,SKU0422,3,2024-12-31,Wrong Size
RET05848,OL128040,SKU0421,1,2024-12-31,Wrong Colour
RET05849,OL128192,SKU0238,3,2025-01-06,Wrong Size
RET05850,OL128180,SKU0408,4,2024-12-23,Wrong Size
RET05851,OL128091,SKU0487,11,2024-12-26,Wrong Size
RET05852,OL128373,SKU0327,2,2024-12-29,Wrong Colour
RET05853,OL128322,SKU0437,3,2025-01-03,Wrong Colour
RET05854,OL128407,SKU0135,7,2024-12-22,Wrong Size
RET05855,OL128570,SKU0148,2,2025-01-06,Wrong Size
RET05856,OL128427,SKU0252,1,2024-12-24,Wrong Colour
RET05857,OL128718,SKU0285,2,2024-12-26,Wrong Size
RET05858,OL128524,SKU0215,4,2024-12-20,Wrong Size
RET05859,OL128365,SKU0067,1,2024-12-30,Wrong Size
RET05860,OL128363,SKU0477,2,2025-01-07,Wrong Colour
RET05861,OL128352,SKU0454,3,2025-01-03,Wrong Size
RET05862,OL128369,SKU0371,2,2024-12-28,Wrong Size
RET05863,OL128611,SKU0489,1,2024-12-29,Wrong Size
RET05864,OL128587,SKU0384,8,2024-12-29,Wrong Size
RET05865,OL128505,SKU0194,2,2024-12-20,Wrong Colour
RET05866,OL128501,SKU0261,22,2024-12-30,Wrong Size
RET05867,OL128510,SKU0339,3,2025-01-05,Wrong Size
RET05868,OL128511,SKU0392,2,2024-12-20,Wrong Size
RET05869,OL128564,SKU0169,10,2025-01-04,Wrong Colour
RET05870,OL128565,SKU0284,22,2024-12-29,Wrong Colour
RET05871,OL128607,SKU0187,1,2025-01-08,Wrong Size
RET05872,OL128476,SKU0218,2,2024-12-31,Wrong Colour
RET05873,OL128446,SKU0096,1,2025-01-04,Wrong Size
RET05874,OL128632,SKU0093,21,2025-01-06,Wrong Size
RET05875,OL128655,SKU0287,1,2025-01-02,Wrong Colour
RET05876,OL128761,SKU0389,1,2025-01-05,Wrong Colour
RET05877,OL128764,SKU0371,2,2024-12-22,Wrong Colour
RET05878,OL128738,SKU0292,1,2025-01-04,Wrong Size
RET05879,OL128694,SKU0086,5,2024-12-28,Wrong Size
RET05880,OL128697,SKU0035,1,2024-12-25,Wrong Size
RET05881,OL128813,SKU0376,7,2025-01-04,Wrong Size
RET05882,OL128786,SKU0196,6,2024-12-26,Wrong Size
RET05883,OL128881,SKU0403,3,2024-12-26,Wrong Size
RET05884,OL128771,SKU0057,14,2025-01-10,Wrong Size
RET05885,OL129093,SKU0108,2,2025-01-13,Wrong Colour
RET05886,OL129258,SKU0331,1,2025-01-02,Wrong Size
RET05887,OL129091,SKU0104,9,2024-12-29,Wrong Size
RET05888,OL128963,SKU0093,6,2024-12-27,Wrong Colour
RET05889,OL129151,SKU0490,1,2025-01-08,Wrong Size
RET05890,OL128940,SKU0306,1,2025-01-13,Wrong Size
RET05891,OL129189,SKU0231,12,2025-01-10,Wrong Size
RET05892,OL129102,SKU0400,1,2025-01-01,Wrong Size
RET05893,OL129081,SKU0032,1,2025-01-14,Wrong Colour
RET05894,OL129572,SKU0196,1,2025-01-01,Wrong Size
RET05895,OL129320,SKU0203,5,2025-01-07,Wrong Colour
RET05896,OL129347,SKU0414,9,2024-12-29,Wrong Size
RET05897,OL129243,SKU0382,9,2025-01-10,Wrong Size
RET05898,OL129232,SKU0463,1,2025-01-11,Wrong Size
RET05899,OL129588,SKU0215,16,2024-12-28,Wrong Colour
RET05900,OL129820,SKU0061,3,2025-01-03,Wrong Colour
RET05901,OL129440,SKU0332,17,2025-01-14,Wrong Size
RET05902,OL129707,SKU0335,3,2025-01-10,Wrong Size
RET05903,OL129529,SKU0313,3,2025-01-04,Wrong Colour
RET05904,OL129576,SKU0077,2,2024-12-30,Wrong Colour
RET05905,OL129538,SKU0320,4,2025-01-11,Wrong Colour
RET05906,OL129641,SKU0312,1,2025-01-02,Wrong Colour
RET05907,OL129713,SKU0014,2,2024-12-29,Wrong Colour
RET05908,OL129689,SKU0480,7,2025-01-14,Wrong Colour
RET05909,OL129690,SKU0246,3,2025-01-09,Wrong Colour
RET05910,OL129597,SKU0123,2,2025-01-01,Wrong Size
RET05911,OL129720,SKU0043,11,2025-01-02,Wrong Colour
RET05912,OL129816,SKU0308,8,2025-01-13,Wrong Size
RET05913,OL129649,SKU0225,7,2024-12-31,Wrong Size
RET05914,OL129941,SKU0169,1,2025-01-15,Wrong Size
RET05915,OL129774,SKU0228,3,2025-01-15,Wrong Size
RET05916,OL129782,SKU0018,10,2025-01-19,Wrong Colour
RET05917,OL129779,SKU0361,14,2025-01-18,Wrong Colour
RET05918,OL129827,SKU0156,4,2025-01-15,Wrong Size
RET05919,OL129749,SKU0182,3,2025-01-14,Wrong Colour
RET05920,OL129974,SKU0407,5,2025-01-13,Wrong Colour
RET05921,OL129923,SKU0368,8,2025-01-21,Wrong Colour
RET05922,OL130001,SKU0453,14,2025-01-05,Wrong Size
RET05923,OL129940,SKU0344,2,2025-01-09,Wrong Size
RET05924,OL129946,SKU0219,1,2025-01-02,Wrong Colour
RET05925,OL130015,SKU0078,13,2025-01-05,Wrong Size
RET05926,OL129961,SKU0103,5,2025-01-06,Wrong Colour
RET05927,OL130121,SKU0078,8,2025-01-08,Wrong Size
RET05928,OL130044,SKU0120,5,2025-01-21,Wrong Colour
RET05929,OL130237,SKU0041,1,2025-01-16,Wrong Size
RET05930,OL130025,SKU0118,2,2025-01-11,Wrong Colour
RET05931,OL130027,SKU0259,1,2025-01-21,Wrong Size
RET05932,OL130067,SKU0435,3,2025-01-22,Wrong Size
RET05933,OL129980,SKU0264,8,2025-01-02,Wrong Size
RET05934,OL130062,SKU0407,4,2025-01-16,Wrong Size
RET05935,OL130105,SKU0009,1,2025-01-13,Wrong Colour
RET05936,OL130034,SKU0018,5,2025-01-10,Wrong Size
RET05937,OL130018,SKU0132,18,2025-01-09,Wrong Size
RET05938,OL130088,SKU0126,1,2025-01-21,Wrong Size
RET05939,OL130285,SKU0256,1,2025-01-09,Wrong Colour
RET05940,OL130190,SKU0245,3,2025-01-20,Wrong Colour
RET05941,OL130191,SKU0101,12,2025-01-03,Wrong Colour
RET05942,OL130212,SKU0031,2,2025-01-09,Wrong Colour
RET05943,OL130303,SKU0154,1,2025-01-14,Wrong Size
RET05944,OL130187,SKU0434,3,2025-01-13,Wrong Colour
RET05945,OL130545,SKU0453,4,2025-01-05,Wrong Size
RET05946,OL130383,SKU0361,11,2025-01-11,Wrong Size
RET05947,OL130416,SKU0184,4,2025-01-23,Wrong Colour
RET05948,OL130432,SKU0102,3,2025-01-22,Wrong Colour
RET05949,OL130444,SKU0486,5,2025-01-17,Wrong Colour
RET05950,OL130487,SKU0448,5,2025-01-06,Wrong Size
RET05951,OL130320,SKU0308,3,2025-01-16,Wrong Size
RET05952,OL130520,SKU0178,1,2025-01-09,Wrong Size
RET05953,OL130471,SKU0478,1,2025-01-16,Wrong Size
RET05954,OL130613,SKU0054,2,2025-01-26,Wrong Colour
RET05955,OL130506,SKU0106,2,2025-01-26,Wrong Colour
RET05956,OL130480,SKU0209,2,2025-01-22,Wrong Size
RET05957,OL130580,SKU0171,2,2025-01-08,Wrong Colour
RET05958,OL130690,SKU0170,3,2025-01-18,Wrong Size
RET05959,OL130797,SKU0010,7,2025-01-10,Wrong Colour
RET05960,OL130655,SKU0322,8,2025-01-16,Wrong Size
RET05961,OL130658,SKU0220,2,2025-01-08,Wrong Colour
RET05962,OL130575,SKU0412,3,2025-01-26,Wrong Size
RET05963,OL130598,SKU0249,3,2025-01-23,Wrong Size
RET05964,OL130630,SKU0176,5,2025-01-16,Wrong Colour
RET05965,OL130596,SKU0114,4,2025-01-14,Wrong Size
RET05966,OL130813,SKU0451,5,2025-01-19,Wrong Size
RET05967,OL130838,SKU0135,1,2025-01-09,Wrong Size
RET05968,OL130931,SKU0122,2,2025-01-22,Wrong Size
RET05969,OL130710,SKU0227,2,2025-01-26,Wrong Size
RET05970,OL130890,SKU0369,2,2025-01-19,Wrong Colour
RET05971,OL130891,SKU0432,2,2025-01-18,Wrong Size
RET05972,OL130841,SKU0171,2,2025-01-16,Wrong Colour
RET05973,OL130807,SKU0311,1,2025-01-29,Wrong Size
RET05974,OL131192,SKU0171,3,2025-01-16,Wrong Size
RET05975,OL131082,SKU0008,4,2025-01-25,Wrong Colour
RET05976,OL130934,SKU0170,2,2025-01-13,Wrong Size
RET05977,OL130971,SKU0402,1,2025-01-17,Wrong Colour
RET05978,OL131066,SKU0471,2,2025-01-15,Wrong Colour
RET05979,OL130991,SKU0286,4,2025-01-11,Wrong Colour
RET05980,OL131361,SKU0057,1,2025-01-23,Wrong Size
RET05981,OL131181,SKU0103,2,2025-01-22,Wrong Size
RET05982,OL131014,SKU0196,4,2025-01-25,Wrong Colour
RET05983,OL131079,SKU0412,1,2025-01-22,Wrong Size
RET05984,OL130972,SKU0137,4,2025-01-25,Wrong Colour
RET05985,OL130976,SKU0307,3,2025-01-18,Wrong Size
RET05986,OL131098,SKU0289,2,2025-01-21,Wrong Colour
RET05987,OL131036,SKU0149,2,2025-02-01,Wrong Size
RET05988,OL131273,SKU0447,4,2025-01-27,Wrong Size
RET05989,OL131317,SKU0211,1,2025-01-27,Wrong Size
RET05990,OL131402,SKU0343,1,2025-01-18,Wrong Size
RET05991,OL131864,SKU0068,2,2025-01-19,Wrong Size
RET05992,OL131646,SKU0287,4,2025-02-04,Wrong Colour
RET05993,OL131530,SKU0079,8,2025-01-22,Wrong Colour
RET05994,OL131651,SKU0339,2,2025-01-27,Wrong Colour
RET05995,OL131429,SKU0241,5,2025-01-17,Wrong Size
RET05996,OL131550,SKU0439,3,2025-02-01,Wrong Colour
RET05997,OL131525,SKU0191,1,2025-02-01,Wrong Colour
RET05998,OL131521,SKU0365,1,2025-01-31,Wrong Size
RET05999,OL131684,SKU0228,5,2025-01-20,Wrong Size
RET06000,OL131689,SKU0380,4,2025-01-21,Wrong Colour
RET06001,OL131869,SKU0415,2,2025-01-31,Wrong Size
RET06002,OL131848,SKU0399,1,2025-02-06,Wrong Colour
RET06003,OL131696,SKU0308,3,2025-01-29,Wrong Size
RET06004,OL131741,SKU0013,5,2025-02-03,Wrong Size
RET06005,OL131895,SKU0463,3,2025-02-04,Wrong Size
RET06006,OL131876,SKU0395,3,2025-01-29,Wrong Size
RET06007,OL131850,SKU0370,3,2025-01-19,Wrong Size
RET06008,OL132087,SKU0145,5,2025-01-26,Wrong Size
RET06009,OL132088,SKU0158,1,2025-02-07,Wrong Colour
RET06010,OL131830,SKU0268,1,2025-01-20,Wrong Size
RET06011,OL131728,SKU0396,1,2025-02-01,Wrong Colour
RET06012,OL132038,SKU0442,5,2025-01-28,Wrong Colour
RET06013,OL131859,SKU0186,1,2025-01-23,Wrong Size
RET06014,OL131984,SKU0201,2,2025-01-24,Wrong Colour
RET06015,OL132030,SKU0312,3,2025-02-06,Wrong Size
RET06016,OL131915,SKU0033,1,2025-01-29,Wrong Colour
RET06017,OL132168,SKU0176,2,2025-01-25,Wrong Colour
RET06018,OL131982,SKU0131,2,2025-02-06,Wrong Colour
RET06019,OL131977,SKU0487,1,2025-02-02,Wrong Size
RET06020,OL132372,SKU0064,1,2025-02-01,Wrong Size
RET06021,OL132230,SKU0200,3,2025-01-25,Wrong Colour
RET06022,OL132082,SKU0124,2,2025-02-05,Wrong Size
RET06023,OL132111,SKU0108,1,2025-02-08,Wrong Size
RET06024,OL132113,SKU0166,3,2025-02-06,Wrong Colour
RET06025,OL132179,SKU0322,7,2025-02-07,Wrong Size
RET06026,OL132043,SKU0475,5,2025-01-31,Wrong Size
RET06027,OL132225,SKU0373,1,2025-01-28,Wrong Colour
RET06028,OL132206,SKU0266,2,2025-01-22,Wrong Size
RET06029,OL132177,SKU0238,1,2025-01-28,Wrong Size
RET06030,OL132135,SKU0256,6,2025-02-01,Wrong Colour
RET06031,OL132202,SKU0450,1,2025-02-03,Wrong Colour
RET06032,OL132260,SKU0303,8,2025-01-29,Wrong Colour
RET06033,OL132183,SKU0091,2,2025-01-28,Wrong Size
RET06034,OL132783,SKU0373,3,2025-01-28,Wrong Size
RET06035,OL132849,SKU0125,3,2025-02-06,Wrong Size
RET06036,OL132435,SKU0321,4,2025-02-02,Wrong Colour
RET06037,OL132477,SKU0020,1,2025-01-31,Wrong Size
RET06038,OL132538,SKU0040,1,2025-02-06,Wrong Colour
RET06039,OL132592,SKU0314,1,2025-02-03,Wrong Size
RET06040,OL132374,SKU0387,1,2025-01-26,Wrong Size
RET06041,OL132377,SKU0319,2,2025-01-23,Wrong Colour
RET06042,OL132363,SKU0043,2,2025-02-10,Wrong Colour
RET06043,OL132421,SKU0038,5,2025-01-23,Wrong Size
RET06044,OL132932,SKU0275,1,2025-02-02,Wrong Size
RET06045,OL132602,SKU0085,2,2025-01-28,Wrong Colour
RET06046,OL132612,SKU0128,2,2025-02-04,Wrong Size
RET06047,OL132613,SKU0453,5,2025-02-13,Wrong Size
RET06048,OL132640,SKU0409,2,2025-01-24,Wrong Size
RET06049,OL132633,SKU0033,4,2025-02-05,Wrong Size
RET06050,OL132558,SKU0196,1,2025-02-13,Wrong Size
RET06051,OL132638,SKU0191,2,2025-02-08,Wrong Size
RET06052,OL132876,SKU0206,7,2025-02-05,Wrong Size
RET06053,OL132967,SKU0352,2,2025-02-01,Wrong Colour
RET06054,OL132968,SKU0454,3,2025-02-09,Wrong Size
RET06055,OL132857,SKU0425,2,2025-02-06,Wrong Size
RET06056,OL132845,SKU0236,10,2025-02-05,Wrong Size
RET06057,OL132782,SKU0331,1,2025-01-26,Wrong Size
RET06058,OL133013,SKU0207,1,2025-02-16,Wrong Size
RET06059,OL132894,SKU0107,1,2025-02-11,Wrong Colour
RET06060,OL132897,SKU0395,2,2025-02-01,Wrong Colour
RET06061,OL133041,SKU0206,5,2025-01-27,Wrong Size
RET06062,OL132908,SKU0104,2,2025-01-29,Wrong Colour
RET06063,OL133048,SKU0023,1,2025-02-12,Wrong Colour
RET06064,OL133129,SKU0191,3,2025-02-07,Wrong Size
RET06065,OL133075,SKU0218,8,2025-02-11,Wrong Colour
RET06066,OL132997,SKU0087,2,2025-02-02,Wrong Colour
RET06067,OL133033,SKU0370,1,2025-02-11,Wrong Size
RET06068,OL133116,SKU0299,8,2025-02-15,Wrong Colour
RET06069,OL133090,SKU0425,1,2025-02-09,Wrong Colour
RET06070,OL133281,SKU0109,1,2025-02-11,Wrong Size
RET06071,OL133282,SKU0055,4,2025-02-15,Wrong Size
RET06072,OL133288,SKU0142,4,2025-02-04,Wrong Colour
RET06073,OL133215,SKU0121,4,2025-02-16,Wrong Size
RET06074,OL133166,SKU0164,2,2025-01-31,Wrong Colour
RET06075,OL133201,SKU0244,12,2025-01-31,Wrong Size
RET06076,OL133267,SKU0281,3,2025-02-18,Wrong Size
RET06077,OL133255,SKU0268,2,2025-02-16,Wrong Size
RET06078,OL133285,SKU0427,9,2025-02-07,Wrong Colour
RET06079,OL133251,SKU0333,5,2025-02-06,Wrong Colour
RET06080,OL133357,SKU0262,3,2025-02-15,Wrong Size
RET06081,OL133359,SKU0202,1,2025-02-08,Wrong Size
RET06082,OL133571,SKU0432,5,2025-02-12,Wrong Colour
RET06083,OL133504,SKU0360,3,2025-02-15,Wrong Size
RET06084,OL133507,SKU0141,1,2025-02-21,Wrong Size
RET06085,OL133740,SKU0080,4,2025-02-09,Wrong Size
RET06086,OL133529,SKU0044,5,2025-02-21,Wrong Colour
RET06087,OL133794,SKU0184,1,2025-02-15,Wrong Colour
RET06088,OL133613,SKU0082,3,2025-02-19,Wrong Size
RET06089,OL133591,SKU0214,1,2025-02-08,Wrong Size
RET06090,OL133919,SKU0075,2,2025-02-13,Wrong Size
RET06091,OL133698,SKU0443,1,2025-02-13,Wrong Size
RET06092,OL133877,SKU0422,1,2025-02-03,Wrong Size
RET06093,OL133726,SKU0109,4,2025-02-07,Wrong Colour
RET06094,OL133692,SKU0439,2,2025-02-10,Wrong Colour
RET06095,OL133946,SKU0451,2,2025-02-05,Wrong Colour
RET06096,OL133928,SKU0338,5,2025-02-20,Wrong Size
RET06097,OL133867,SKU0260,1,2025-02-23,Wrong Colour
RET06098,OL133777,SKU0482,1,2025-02-05,Wrong Colour
RET06099,OL133887,SKU0146,3,2025-02-12,Wrong Size
RET06100,OL133930,SKU0420,2,2025-02-16,Wrong Size
RET06101,OL133818,SKU0349,3,2025-02-04,Wrong Colour
RET06102,OL133812,SKU0028,3,2025-02-23,Wrong Size
RET06103,OL133813,SKU0086,2,2025-02-24,Wrong Size
RET06104,OL134261,SKU0222,2,2025-02-20,Wrong Colour
RET06105,OL133908,SKU0349,1,2025-02-07,Wrong Size
RET06106,OL134030,SKU0397,5,2025-02-18,Wrong Size
RET06107,OL134309,SKU0488,4,2025-02-17,Wrong Size
RET06108,OL134069,SKU0444,6,2025-02-17,Wrong Colour
RET06109,OL133999,SKU0245,2,2025-02-24,Wrong Size
RET06110,OL134051,SKU0295,5,2025-02-20,Wrong Colour
RET06111,OL134108,SKU0416,10,2025-02-14,Wrong Colour
RET06112,OL134081,SKU0118,4,2025-02-07,Wrong Colour
RET06113,OL134056,SKU0359,5,2025-02-23,Wrong Size
RET06114,OL134186,SKU0360,3,2025-02-20,Wrong Size
RET06115,OL134142,SKU0375,3,2025-02-08,Wrong Size
RET06116,OL134112,SKU0323,3,2025-02-11,Wrong Size
RET06117,OL134236,SKU0443,1,2025-02-26,Wrong Colour
RET06118,OL134587,SKU0411,2,2025-02-22,Wrong Size
RET06119,OL134350,SKU0051,1,2025-02-27,Wrong Size
RET06120,OL134234,SKU0308,2,2025-02-27,Wrong Size
RET06121,OL134192,SKU0476,1,2025-02-09,Wrong Colour
RET06122,OL134265,SKU0071,8,2025-02-08,Wrong Size
RET06123,OL134662,SKU0296,3,2025-02-14,Wrong Size
RET06124,OL134424,SKU0219,1,2025-02-26,Wrong Colour
RET06125,OL134527,SKU0491,1,2025-02-20,Wrong Colour
RET06126,OL134362,SKU0058,4,2025-02-22,Wrong Size
RET06127,OL134487,SKU0271,2,2025-02-23,Wrong Colour
RET06128,OL134473,SKU0168,1,2025-02-23,Wrong Colour
RET06129,OL134758,SKU0072,3,2025-02-22,Wrong Colour
RET06130,OL134689,SKU0194,4,2025-02-16,Wrong Size
RET06131,OL134869,SKU0221,1,2025-02-11,Wrong Size
RET06132,OL134706,SKU0378,4,2025-02-12,Wrong Size
RET06133,OL134630,SKU0207,1,2025-03-01,Wrong Size
RET06134,OL134692,SKU0355,3,2025-02-19,Wrong Colour
RET06135,OL134670,SKU0197,12,2025-02-24,Wrong Size
RET06136,OL134875,SKU0499,2,2025-02-16,Wrong Size
RET06137,OL134795,SKU0392,2,2025-02-24,Wrong Size
RET06138,OL134971,SKU0046,4,2025-03-01,Wrong Colour
RET06139,OL134831,SKU0500,11,2025-02-23,Wrong Colour
RET06140,OL134858,SKU0281,2,2025-02-24,Wrong Size
RET06141,OL134903,SKU0313,7,2025-02-18,Wrong Colour
RET06142,OL135218,SKU0051,10,2025-03-02,Wrong Size
RET06143,OL135111,SKU0442,4,2025-03-01,Wrong Colour
RET06144,OL134965,SKU0467,4,2025-03-03,Wrong Colour
RET06145,OL134949,SKU0487,3,2025-02-23,Wrong Colour
RET06146,OL135129,SKU0181,4,2025-03-07,Wrong Size
RET06147,OL135103,SKU0056,6,2025-02-17,Wrong Colour
RET06148,OL135041,SKU0059,3,2025-02-17,Wrong Size
RET06149,OL135030,SKU0446,3,2025-02-20,Wrong Size
RET06150,OL135282,SKU0455,3,2025-02-25,Wrong Colour
RET06151,OL135511,SKU0133,3,2025-02-19,Wrong Colour
RET06152,OL135145,SKU0085,5,2025-02-21,Wrong Size
RET06153,OL135147,SKU0276,5,2025-02-22,Wrong Size
RET06154,OL135344,SKU0387,1,2025-02-17,Wrong Size
RET06155,OL135418,SKU0498,1,2025-02-20,Wrong Size
RET06156,OL135419,SKU0381,2,2025-03-08,Wrong Size
RET06157,OL135429,SKU0024,3,2025-03-05,Wrong Colour
RET06158,OL135459,SKU0015,4,2025-02-20,Wrong Size
RET06159,OL135461,SKU0019,2,2025-02-20,Wrong Size
RET06160,OL135415,SKU0305,5,2025-02-21,Wrong Size
RET06161,OL135518,SKU0045,1,2025-03-06,Wrong Colour
RET06162,OL135402,SKU0025,2,2025-03-03,Wrong Colour
RET06163,OL135468,SKU0419,4,2025-03-02,Wrong Colour
RET06164,OL135636,SKU0247,4,2025-03-07,Wrong Size
RET06165,OL135570,SKU0219,3,2025-03-01,Wrong Size
RET06166,OL135684,SKU0267,3,2025-03-08,Wrong Size
RET06167,OL135541,SKU0148,2,2025-03-08,Wrong Colour
RET06168,OL135506,SKU0330,2,2025-02-21,Wrong Size
RET06169,OL135535,SKU0325,4,2025-02-19,Wrong Colour
RET06170,OL135614,SKU0455,1,2025-02-24,Wrong Size
RET06171,OL135711,SKU0126,3,2025-03-11,Wrong Size
RET06172,OL135712,SKU0357,5,2025-03-03,Wrong Colour
RET06173,OL135821,SKU0359,11,2025-02-25,Wrong Size
RET06174,OL135683,SKU0451,2,2025-02-27,Wrong Colour
RET06175,OL135619,SKU0167,4,2025-02-24,Wrong Size
RET06176,OL135625,SKU0120,3,2025-03-02,Wrong Colour
RET06177,OL135934,SKU0455,2,2025-03-04,Wrong Colour
RET06178,OL135660,SKU0007,1,2025-03-12,Wrong Size
RET06179,OL135751,SKU0308,7,2025-02-24,Wrong Size
RET06180,OL135793,SKU0449,3,2025-02-28,Wrong Colour
RET06181,OL136082,SKU0388,3,2025-03-11,Wrong Colour
RET06182,OL135809,SKU0478,1,2025-02-26,Wrong Size
RET06183,OL135776,SKU0309,1,2025-03-12,Wrong Size
RET06184,OL135796,SKU0145,1,2025-03-07,Wrong Size
RET06185,OL135839,SKU0331,2,2025-02-21,Wrong Colour
RET06186,OL135966,SKU0171,2,2025-03-08,Wrong Colour
RET06187,OL135911,SKU0253,2,2025-03-01,Wrong Size
RET06188,OL135915,SKU0314,1,2025-03-03,Wrong Colour
RET06189,OL136063,SKU0081,2,2025-02-26,Wrong Size
RET06190,OL135947,SKU0185,1,2025-03-04,Wrong Size
RET06191,OL135892,SKU0333,4,2025-03-14,Wrong Size
RET06192,OL135975,SKU0082,1,2025-02-26,Wrong Colour
RET06193,OL135969,SKU0303,2,2025-03-08,Wrong Colour
RET06194,OL136252,SKU0109,10,2025-02-22,Wrong Size
RET06195,OL135990,SKU0382,3,2025-03-10,Wrong Size
RET06196,OL136113,SKU0167,2,2025-03-10,Wrong Size
RET06197,OL136060,SKU0282,3,2025-03-05,Wrong Colour
RET06198,OL136141,SKU0055,3,2025-02-26,Wrong Size
RET06199,OL136200,SKU0402,1,2025-03-15,Wrong Colour
RET06200,OL136263,SKU0100,3,2025-03-10,Wrong Colour
RET06201,OL136365,SKU0044,1,2025-03-06,Wrong Colour
RET06202,OL136334,SKU0476,6,2025-03-12,Wrong Size
RET06203,OL136329,SKU0051,2,2025-03-12,Wrong Colour
RET06204,OL136306,SKU0216,1,2025-03-14,Wrong Size
RET06205,OL136478,SKU0016,1,2025-03-09,Wrong Colour
RET06206,OL136343,SKU0264,3,2025-03-09,Wrong Colour
RET06207,OL136355,SKU0483,1,2025-03-07,Wrong Size
RET06208,OL136417,SKU0120,6,2025-03-05,Wrong Colour
RET06209,OL136418,SKU0202,5,2025-03-06,Wrong Colour
RET06210,OL136436,SKU0009,4,2025-03-16,Wrong Colour
RET06211,OL136387,SKU0121,5,2025-02-28,Wrong Colour
RET06212,OL136253,SKU0075,2,2025-03-09,Wrong Size
RET06213,OL136517,SKU0332,1,2025-03-12,Wrong Colour
RET06214,OL136539,SKU0348,13,2025-03-07,Wrong Size
RET06215,OL136541,SKU0466,3,2025-03-04,Wrong Size
RET06216,OL136388,SKU0410,4,2025-03-18,Wrong Size
RET06217,OL136712,SKU0243,2,2025-02-27,Wrong Colour
RET06218,OL136616,SKU0043,1,2025-02-27,Wrong Colour
RET06219,OL136464,SKU0221,2,2025-03-01,Wrong Colour
RET06220,OL136483,SKU0077,9,2025-03-01,Wrong Size
RET06221,OL136484,SKU0388,1,2025-03-15,Wrong Size
RET06222,OL136941,SKU0410,2,2025-03-17,Wrong Size
RET06223,OL136585,SKU0017,10,2025-03-07,Wrong Size
RET06224,OL136705,SKU0398,3,2025-03-05,Wrong Colour
RET06225,OL136655,SKU0290,12,2025-03-07,Wrong Size
RET06226,OL136660,SKU0362,4,2025-03-15,Wrong Size
RET06227,OL137061,SKU0303,3,2025-03-04,Wrong Size
RET06228,OL136761,SKU0310,1,2025-03-20,Wrong Size
RET06229,OL136695,SKU0240,2,2025-03-08,Wrong Size
RET06230,OL136747,SKU0255,1,2025-03-19,Wrong Colour
RET06231,OL136692,SKU0007,3,2025-03-07,Wrong Size
RET06232,OL136812,SKU0244,1,2025-03-04,Wrong Size
RET06233,OL136801,SKU0113,3,2025-03-11,Wrong Size
RET06234,OL137069,SKU0174,2,2025-03-08,Wrong Colour
RET06235,OL137358,SKU0290,9,2025-03-11,Wrong Size
RET06236,OL136979,SKU0092,4,2025-03-04,Wrong Colour
RET06237,OL137079,SKU0495,7,2025-03-12,Wrong Colour
RET06238,OL136949,SKU0126,1,2025-03-05,Wrong Size
RET06239,OL136933,SKU0010,3,2025-03-05,Wrong Size
RET06240,OL137123,SKU0006,1,2025-03-06,Wrong Colour
RET06241,OL136927,SKU0252,1,2025-03-07,Wrong Size
RET06242,OL136906,SKU0416,2,2025-03-12,Wrong Size
RET06243,OL136999,SKU0469,3,2025-03-11,Wrong Colour
RET06244,OL137180,SKU0066,1,2025-03-15,Wrong Size
RET06245,OL136983,SKU0048,4,2025-03-14,Wrong Size
RET06246,OL137031,SKU0379,1,2025-03-12,Wrong Size
RET06247,OL137089,SKU0158,1,2025-03-18,Wrong Size
RET06248,OL137047,SKU0077,2,2025-03-16,Wrong Size
RET06249,OL137022,SKU0147,1,2025-03-22,Wrong Colour
RET06250,OL137104,SKU0350,2,2025-03-22,Wrong Colour
RET06251,OL137292,SKU0068,2,2025-03-23,Wrong Colour
RET06252,OL137007,SKU0301,1,2025-03-15,Wrong Size
RET06253,OL137126,SKU0139,2,2025-03-09,Wrong Size
RET06254,OL137277,SKU0024,5,2025-03-11,Wrong Size
RET06255,OL137512,SKU0308,4,2025-03-22,Wrong Colour
RET06256,OL137423,SKU0190,9,2025-03-23,Wrong Size
RET06257,OL137238,SKU0404,6,2025-03-11,Wrong Size
RET06258,OL137154,SKU0148,1,2025-03-15,Wrong Size
RET06259,OL137310,SKU0128,4,2025-03-21,Wrong Size
RET06260,OL137366,SKU0331,1,2025-03-09,Wrong Colour
RET06261,OL137634,SKU0357,8,2025-03-25,Wrong Size
RET06262,OL137578,SKU0464,3,2025-03-06,Wrong Colour
RET06263,OL137532,SKU0061,3,2025-03-24,Wrong Colour
RET06264,OL137387,SKU0017,4,2025-03-07,Wrong Colour
RET06265,OL137536,SKU0463,8,2025-03-14,Wrong Size
RET06266,OL137464,SKU0405,2,2025-03-16,Wrong Colour
RET06267,OL137409,SKU0186,3,2025-03-16,Wrong Size
RET06268,OL137393,SKU0245,3,2025-03-23,Wrong Size
RET06269,OL137728,SKU0153,9,2025-03-08,Wrong Size
RET06270,OL137650,SKU0213,2,2025-03-26,Wrong Size
RET06271,OL137545,SKU0454,7,2025-03-08,Wrong Colour
RET06272,OL137616,SKU0048,5,2025-03-16,Wrong Colour
RET06273,OL137379,SKU0361,8,2025-03-10,Wrong Colour
RET06274,OL137674,SKU0283,2,2025-03-24,Wrong Size
RET06275,OL137480,SKU0457,2,2025-03-07,Wrong Size
RET06276,OL137440,SKU0168,2,2025-03-07,Wrong Colour
RET06277,OL137750,SKU0230,3,2025-03-22,Wrong Size
RET06278,OL138026,SKU0076,3,2025-03-19,Wrong Size
RET06279,OL137801,SKU0099,6,2025-03-18,Wrong Size
RET06280,OL137847,SKU0090,1,2025-03-12,Wrong Size
RET06281,OL137757,SKU0047,1,2025-03-22,Wrong Colour
RET06282,OL137941,SKU0308,2,2025-03-11,Wrong Colour
RET06283,OL137704,SKU0458,2,2025-03-24,Wrong Colour
RET06284,OL137731,SKU0001,1,2025-03-26,Wrong Colour
RET06285,OL137833,SKU0070,2,2025-03-18,Wrong Size
RET06286,OL137935,SKU0226,8,2025-03-24,Wrong Size
RET06287,OL137772,SKU0146,3,2025-03-17,Wrong Size
RET06288,OL137775,SKU0261,3,2025-03-19,Wrong Size
RET06289,OL137888,SKU0351,2,2025-03-21,Wrong Size
RET06290,OL138167,SKU0399,4,2025-03-29,Wrong Size
RET06291,OL138018,SKU0489,3,2025-03-15,Wrong Size
RET06292,OL138040,SKU0077,1,2025-03-28,Wrong Size
RET06293,OL138056,SKU0376,8,2025-03-31,Wrong Size
RET06294,OL138011,SKU0356,2,2025-03-30,Wrong Size
RET06295,OL137975,SKU0177,2,2025-03-17,Wrong Colour
RET06296,OL138195,SKU0344,8,2025-03-29,Wrong Colour
RET06297,OL138140,SKU0199,3,2025-03-18,Wrong Size
RET06298,OL138545,SKU0363,13,2025-03-20,Wrong Size
RET06299,OL138567,SKU0349,2,2025-03-25,Wrong Size
RET06300,OL138233,SKU0232,2,2025-03-19,Wrong Colour
RET06301,OL138203,SKU0132,2,2025-03-27,Wrong Colour
RET06302,OL138208,SKU0473,9,2025-04-02,Wrong Size
RET06303,OL138212,SKU0099,9,2025-03-14,Wrong Colour
RET06304,OL138490,SKU0355,1,2025-03-14,Wrong Size
RET06305,OL138775,SKU0448,4,2025-03-29,Wrong Colour
RET06306,OL138502,SKU0325,1,2025-03-24,Wrong Colour
RET06307,OL138385,SKU0058,1,2025-04-01,Wrong Colour
RET06308,OL138331,SKU0074,3,2025-03-17,Wrong Colour
RET06309,OL138342,SKU0230,2,2025-03-24,Wrong Size
RET06310,OL138408,SKU0193,2,2025-03-30,Wrong Colour
RET06311,OL138836,SKU0114,4,2025-03-17,Wrong Colour
RET06312,OL138651,SKU0262,1,2025-03-29,Wrong Size
RET06313,OL138493,SKU0236,4,2025-03-25,Wrong Size
RET06314,OL138551,SKU0297,4,2025-04-02,Wrong Size
RET06315,OL138959,SKU0199,1,2025-04-01,Wrong Size
RET06316,OL138561,SKU0373,2,2025-03-30,Wrong Colour
RET06317,OL138597,SKU0162,5,2025-04-03,Wrong Size
RET06318,OL138841,SKU0392,2,2025-03-29,Wrong Colour
RET06319,OL138717,SKU0240,5,2025-03-19,Wrong Colour
RET06320,OL139078,SKU0422,1,2025-03-22,Wrong Size
RET06321,OL138786,SKU0056,1,2025-03-26,Wrong Colour
RET06322,OL138745,SKU0207,1,2025-03-31,Wrong Size
RET06323,OL138796,SKU0236,3,2025-03-31,Wrong Colour
RET06324,OL138917,SKU0459,1,2025-04-03,Wrong Size
RET06325,OL138855,SKU0238,4,2025-03-19,Wrong Size
RET06326,OL139073,SKU0263,2,2025-03-22,Wrong Size
RET06327,OL138948,SKU0194,1,2025-04-08,Wrong Size
RET06328,OL138845,SKU0227,1,2025-04-02,Wrong Colour
RET06329,OL138813,SKU0066,2,2025-04-06,Wrong Size
RET06330,OL139393,SKU0481,1,2025-03-29,Wrong Colour
RET06331,OL138979,SKU0280,1,2025-03-21,Wrong Colour
RET06332,OL139166,SKU0120,7,2025-03-27,Wrong Colour
RET06333,OL138988,SKU0020,2,2025-04-05,Wrong Size
RET06334,OL139088,SKU0322,10,2025-03-30,Wrong Size
RET06335,OL139015,SKU0365,1,2025-03-27,Wrong Size
RET06336,OL138970,SKU0442,5,2025-04-04,Wrong Size
RET06337,OL139261,SKU0325,2,2025-04-08,Wrong Size
RET06338,OL139216,SKU0166,1,2025-04-01,Wrong Colour
RET06339,OL139382,SKU0348,1,2025-04-04,Wrong Colour
RET06340,OL139383,SKU0462,3,2025-04-01,Wrong Size
RET06341,OL139267,SKU0484,9,2025-04-04,Wrong Size
RET06342,OL139309,SKU0460,2,2025-04-06,Wrong Size
RET06343,OL139628,SKU0104,1,2025-03-26,Wrong Size
RET06344,OL139395,SKU0308,3,2025-03-28,Wrong Size
RET06345,OL139353,SKU0153,1,2025-04-06,Wrong Size
RET06346,OL139492,SKU0042,6,2025-04-11,Wrong Size
RET06347,OL139422,SKU0294,11,2025-04-08,Wrong Size
RET06348,OL139718,SKU0387,6,2025-03-25,Wrong Colour
RET06349,OL139453,SKU0055,2,2025-04-05,Wrong Colour
RET06350,OL139504,SKU0057,1,2025-03-27,Wrong Size
RET06351,OL139505,SKU0436,3,2025-03-24,Wrong Size
RET06352,OL139705,SKU0095,4,2025-04-14,Wrong Colour
RET06353,OL139597,SKU0358,2,2025-03-31,Wrong Size
RET06354,OL139598,SKU0065,2,2025-04-08,Wrong Size
RET06355,OL139739,SKU0497,1,2025-03-31,Wrong Colour
RET06356,OL139665,SKU0388,3,2025-03-29,Wrong Colour
RET06357,OL139925,SKU0200,1,2025-04-10,Wrong Size
RET06358,OL139640,SKU0166,3,2025-04-13,Wrong Size
RET06359,OL139728,SKU0113,6,2025-04-10,Wrong Size
RET06360,OL139695,SKU0301,4,2025-04-14,Wrong Size
RET06361,OL139744,SKU0097,1,2025-03-30,Wrong Colour
RET06362,OL139766,SKU0021,2,2025-03-27,Wrong Size
RET06363,OL139992,SKU0217,2,2025-04-13,Wrong Colour
RET06364,OL139786,SKU0348,1,2025-04-08,Wrong Size
RET06365,OL139798,SKU0165,9,2025-03-27,Wrong Colour
RET06366,OL139826,SKU0440,6,2025-03-31,Wrong Size
RET06367,OL140010,SKU0370,2,2025-04-10,Wrong Colour
RET06368,OL140031,SKU0359,2,2025-03-28,Wrong Colour
RET06369,OL139848,SKU0248,3,2025-04-07,Wrong Colour
RET06370,OL139850,SKU0001,1,2025-04-17,Wrong Size
RET06371,OL139931,SKU0473,3,2025-04-14,Wrong Size
RET06372,OL140000,SKU0053,2,2025-04-07,Wrong Size
RET06373,OL140003,SKU0016,3,2025-03-31,Wrong Size
RET06374,OL139953,SKU0096,1,2025-04-03,Wrong Size
RET06375,OL140218,SKU0116,3,2025-04-11,Wrong Size
RET06376,OL140425,SKU0053,3,2025-04-08,Wrong Size
RET06377,OL140152,SKU0147,1,2025-04-01,Wrong Size
RET06378,OL140098,SKU0135,1,2025-04-03,Wrong Size
RET06379,OL140237,SKU0355,2,2025-04-03,Wrong Size
RET06380,OL140115,SKU0163,2,2025-04-08,Wrong Colour
RET06381,OL140117,SKU0450,2,2025-04-09,Wrong Colour
RET06382,OL140088,SKU0220,4,2025-04-16,Wrong Colour
RET06383,OL140281,SKU0057,3,2025-04-01,Wrong Size
RET06384,OL140303,SKU0084,3,2025-04-15,Wrong Size
RET06385,OL140200,SKU0264,2,2025-04-08,Wrong Colour
RET06386,OL140383,SKU0195,1,2025-04-16,Wrong Colour
RET06387,OL140532,SKU0380,1,2025-04-10,Wrong Size
RET06388,OL140403,SKU0190,4,2025-04-01,Wrong Size
RET06389,OL140457,SKU0332,2,2025-04-15,Wrong Size
RET06390,OL140429,SKU0371,7,2025-04-15,Wrong Colour
RET06391,OL140357,SKU0020,1,2025-04-11,Wrong Size
RET06392,OL140479,SKU0453,4,2025-04-13,Wrong Size
RET06393,OL140718,SKU0034,5,2025-04-10,Wrong Colour
RET06394,OL140497,SKU0042,6,2025-04-09,Wrong Size
RET06395,OL140500,SKU0278,3,2025-04-02,Wrong Colour
RET06396,OL140583,SKU0019,1,2025-04-05,Wrong Size
RET06397,OL140569,SKU0280,2,2025-04-13,Wrong Colour
RET06398,OL140443,SKU0401,7,2025-04-20,Wrong Size
RET06399,OL140654,SKU0393,2,2025-04-11,Wrong Size
RET06400,OL140613,SKU0497,3,2025-04-10,Wrong Size
RET06401,OL140614,SKU0487,3,2025-04-09,Wrong Size
RET06402,OL140597,SKU0467,5,2025-04-16,Wrong Colour
RET06403,OL140683,SKU0240,5,2025-04-23,Wrong Size
RET06404,OL141008,SKU0456,1,2025-04-13,Wrong Colour
RET06405,OL140764,SKU0052,8,2025-04-12,Wrong Colour
RET06406,OL140691,SKU0490,2,2025-04-12,Wrong Size
RET06407,OL140694,SKU0225,3,2025-04-11,Wrong Size
RET06408,OL140661,SKU0159,1,2025-04-22,Wrong Size
RET06409,OL141112,SKU0044,6,2025-04-19,Wrong Size
RET06410,OL141209,SKU0491,9,2025-04-11,Wrong Colour
RET06411,OL140826,SKU0169,2,2025-04-14,Wrong Size
RET06412,OL140790,SKU0324,6,2025-04-13,Wrong Colour
RET06413,OL140791,SKU0209,4,2025-04-09,Wrong Size
RET06414,OL140951,SKU0302,1,2025-04-12,Wrong Size
RET06415,OL140987,SKU0452,2,2025-04-09,Wrong Size
RET06416,OL140899,SKU0078,3,2025-04-22,Wrong Size
RET06417,OL140862,SKU0144,3,2025-04-22,Wrong Size
RET06418,OL140843,SKU0467,1,2025-04-22,Wrong Size
RET06419,OL140798,SKU0283,7,2025-04-22,Wrong Colour
RET06420,OL140928,SKU0128,5,2025-04-26,Wrong Size
RET06421,OL141019,SKU0359,1,2025-04-20,Wrong Size
RET06422,OL141021,SKU0012,1,2025-04-20,Wrong Colour
RET06423,OL140972,SKU0337,3,2025-04-24,Wrong Colour
RET06424,OL141192,SKU0066,2,2025-04-16,Wrong Size
RET06425,OL141163,SKU0455,2,2025-04-17,Wrong Colour
RET06426,OL141166,SKU0333,5,2025-04-21,Wrong Colour
RET06427,OL140991,SKU0318,2,2025-04-21,Wrong Colour
RET06428,OL141435,SKU0307,2,2025-04-10,Wrong Colour
RET06429,OL141130,SKU0110,3,2025-04-18,Wrong Size
RET06430,OL141096,SKU0089,5,2025-04-18,Wrong Size
RET06431,OL141309,SKU0119,5,2025-04-18,Wrong Colour
RET06432,OL141199,SKU0120,4,2025-04-17,Wrong Colour
RET06433,OL141385,SKU0348,5,2025-04-21,Wrong Colour
RET06434,OL141663,SKU0458,1,2025-04-16,Wrong Size
RET06435,OL141259,SKU0268,3,2025-04-12,Wrong Size
RET06436,OL141251,SKU0259,2,2025-04-22,Wrong Colour
RET06437,OL141429,SKU0407,3,2025-04-20,Wrong Colour
RET06438,OL141666,SKU0050,2,2025-04-22,Wrong Size
RET06439,OL141519,SKU0412,5,2025-04-13,Wrong Size
RET06440,OL141470,SKU0384,3,2025-04-23,Wrong Size
RET06441,OL141513,SKU0083,1,2025-04-13,Wrong Size
RET06442,OL141681,SKU0464,4,2025-04-29,Wrong Colour
RET06443,OL141813,SKU0056,5,2025-04-28,Wrong Size
RET06444,OL141617,SKU0464,2,2025-04-16,Wrong Size
RET06445,OL141524,SKU0023,10,2025-04-21,Wrong Colour
RET06446,OL141608,SKU0492,10,2025-04-13,Wrong Colour
RET06447,OL142107,SKU0354,7,2025-04-30,Wrong Colour
RET06448,OL141765,SKU0234,7,2025-04-23,Wrong Colour
RET06449,OL141940,SKU0343,3,2025-05-02,Wrong Colour
RET06450,OL141847,SKU0302,1,2025-05-02,Wrong Colour
RET06451,OL142155,SKU0172,5,2025-04-17,Wrong Size
RET06452,OL141912,SKU0177,2,2025-04-17,Wrong Size
RET06453,OL141917,SKU0277,7,2025-04-29,Wrong Size
RET06454,OL141946,SKU0117,2,2025-04-29,Wrong Colour
RET06455,OL141981,SKU0161,1,2025-04-22,Wrong Colour
RET06456,OL141859,SKU0450,9,2025-04-26,Wrong Size
RET06457,OL142001,SKU0456,2,2025-04-22,Wrong Size
RET06458,OL141948,SKU0142,2,2025-04-17,Wrong Size
RET06459,OL141974,SKU0213,3,2025-04-21,Wrong Size
RET06460,OL141975,SKU0449,3,2025-05-05,Wrong Size
RET06461,OL142024,SKU0413,3,2025-04-16,Wrong Colour
RET06462,OL142203,SKU0031,5,2025-04-27,Wrong Size
RET06463,OL141996,SKU0167,2,2025-04-23,Wrong Colour
RET06464,OL142097,SKU0232,11,2025-04-23,Wrong Colour
RET06465,OL142394,SKU0421,2,2025-04-22,Wrong Size
RET06466,OL142271,SKU0369,1,2025-04-19,Wrong Colour
RET06467,OL142229,SKU0263,2,2025-04-25,Wrong Size
RET06468,OL142147,SKU0004,8,2025-04-28,Wrong Colour
RET06469,OL142296,SKU0209,3,2025-05-07,Wrong Colour
RET06470,OL142347,SKU0055,3,2025-04-30,Wrong Size
RET06471,OL142174,SKU0110,4,2025-04-26,Wrong Colour
RET06472,OL142495,SKU0376,5,2025-04-25,Wrong Size
RET06473,OL142197,SKU0118,1,2025-05-04,Wrong Colour
RET06474,OL142659,SKU0348,1,2025-04-29,Wrong Size
RET06475,OL142356,SKU0228,2,2025-04-19,Wrong Size
RET06476,OL142392,SKU0253,4,2025-04-28,Wrong Size
RET06477,OL142249,SKU0446,3,2025-05-01,Wrong Size
RET06478,OL142261,SKU0384,3,2025-04-18,Wrong Size
RET06479,OL142264,SKU0071,9,2025-04-25,Wrong Colour
RET06480,OL142456,SKU0082,3,2025-05-07,Wrong Colour
RET06481,OL142302,SKU0090,7,2025-04-26,Wrong Colour
RET06482,OL142258,SKU0088,5,2025-04-25,Wrong Size
RET06483,OL142260,SKU0010,8,2025-04-24,Wrong Colour
RET06484,OL142397,SKU0397,1,2025-04-23,Wrong Size
RET06485,OL142401,SKU0162,4,2025-05-07,Wrong Colour
RET06486,OL142588,SKU0271,7,2025-05-03,Wrong Size
RET06487,OL142479,SKU0370,3,2025-05-01,Wrong Size
RET06488,OL142421,SKU0308,2,2025-04-26,Wrong Size
RET06489,OL142422,SKU0071,5,2025-04-30,Wrong Size
RET06490,OL142918,SKU0019,1,2025-05-08,Wrong Size
RET06491,OL142670,SKU0475,13,2025-04-30,Wrong Size
RET06492,OL142532,SKU0162,7,2025-04-24,Wrong Size
RET06493,OL142552,SKU0311,3,2025-05-10,Wrong Size
RET06494,OL142553,SKU0074,2,2025-04-25,Wrong Colour
RET06495,OL142564,SKU0069,2,2025-04-25,Wrong Colour
RET06496,OL142746,SKU0379,2,2025-05-11,Wrong Colour
RET06497,OL142737,SKU0314,10,2025-04-28,Wrong Size
RET06498,OL142728,SKU0088,1,2025-04-22,Wrong Size
RET06499,OL143105,SKU0058,1,2025-05-04,Wrong Size
RET06500,OL142882,SKU0439,4,2025-04-26,Wrong Colour
RET06501,OL142824,SKU0486,14,2025-05-08,Wrong Size
RET06502,OL143022,SKU0476,1,2025-04-29,Wrong Size
RET06503,OL143091,SKU0413,2,2025-05-03,Wrong Size
RET06504,OL143040,SKU0339,10,2025-05-10,Wrong Size
RET06505,OL143030,SKU0454,6,2025-04-24,Wrong Size
RET06506,OL142970,SKU0077,1,2025-05-06,Wrong Colour
RET06507,OL143149,SKU0306,4,2025-05-01,Wrong Colour
RET06508,OL142992,SKU0375,1,2025-05-08,Wrong Size
RET06509,OL143008,SKU0320,6,2025-04-28,Wrong Size
RET06510,OL143209,SKU0258,4,2025-05-01,Wrong Size
RET06511,OL143102,SKU0084,2,2025-05-03,Wrong Size
RET06512,OL143187,SKU0400,1,2025-05-02,Wrong Size
RET06513,OL143237,SKU0334,5,2025-05-09,Wrong Colour
RET06514,OL143165,SKU0229,8,2025-05-05,Wrong Size
RET06515,OL143153,SKU0009,3,2025-05-14,Wrong Size
RET06516,OL143218,SKU0059,2,2025-04-30,Wrong Size
RET06517,OL143295,SKU0222,4,2025-05-06,Wrong Size
RET06518,OL143627,SKU0102,5,2025-05-01,Wrong Colour
RET06519,OL143420,SKU0467,3,2025-05-12,Wrong Colour
RET06520,OL143367,SKU0342,9,2025-05-13,Wrong Size
RET06521,OL143431,SKU0077,1,2025-05-01,Wrong Size
RET06522,OL143432,SKU0065,7,2025-05-10,Wrong Colour
RET06523,OL143363,SKU0377,5,2025-05-17,Wrong Size
RET06524,OL143373,SKU0466,1,2025-05-03,Wrong Size
RET06525,OL143484,SKU0134,3,2025-05-14,Wrong Size
RET06526,OL143571,SKU0092,10,2025-05-04,Wrong Size
RET06527,OL143574,SKU0174,1,2025-04-30,Wrong Size
RET06528,OL143427,SKU0426,1,2025-05-16,Wrong Colour
RET06529,OL143449,SKU0267,1,2025-05-12,Wrong Size
RET06530,OL143688,SKU0174,4,2025-04-30,Wrong Size
RET06531,OL143554,SKU0090,1,2025-05-19,Wrong Size
RET06532,OL143525,SKU0151,1,2025-05-08,Wrong Colour
RET06533,OL143619,SKU0438,2,2025-05-14,Wrong Size
RET06534,OL143620,SKU0492,8,2025-05-15,Wrong Colour
RET06535,OL143798,SKU0109,1,2025-05-07,Wrong Size
RET06536,OL143721,SKU0204,1,2025-05-04,Wrong Size
RET06537,OL143682,SKU0257,3,2025-05-13,Wrong Size
RET06538,OL143694,SKU0094,14,2025-05-20,Wrong Colour
RET06539,OL143617,SKU0023,10,2025-05-04,Wrong Size
RET06540,OL143852,SKU0039,4,2025-05-03,Wrong Size
RET06541,OL143774,SKU0112,5,2025-05-19,Wrong Colour
RET06542,OL143776,SKU0247,13,2025-05-21,Wrong Colour
RET06543,OL143777,SKU0309,3,2025-05-07,Wrong Colour
RET06544,OL143830,SKU0490,1,2025-05-09,Wrong Size
RET06545,OL143810,SKU0481,2,2025-05-04,Wrong Colour
RET06546,OL143838,SKU0446,1,2025-05-04,Wrong Colour
RET06547,OL143970,SKU0449,2,2025-05-03,Wrong Colour
RET06548,OL143806,SKU0494,4,2025-05-17,Wrong Size
RET06549,OL144012,SKU0103,2,2025-05-19,Wrong Size
RET06550,OL144072,SKU0390,4,2025-05-03,Wrong Size
RET06551,OL144110,SKU0488,6,2025-05-03,Wrong Size
RET06552,OL144082,SKU0346,5,2025-05-12,Wrong Size
RET06553,OL144051,SKU0004,6,2025-05-20,Wrong Size
RET06554,OL144197,SKU0023,2,2025-05-13,Wrong Colour
RET06555,OL144322,SKU0379,9,2025-05-20,Wrong Size
RET06556,OL144118,SKU0201,5,2025-05-15,Wrong Size
RET06557,OL144324,SKU0440,4,2025-05-05,Wrong Colour
RET06558,OL144290,SKU0349,6,2025-05-19,Wrong Size
RET06559,OL144372,SKU0171,3,2025-05-22,Wrong Size
RET06560,OL144310,SKU0260,1,2025-05-21,Wrong Size
RET06561,OL144233,SKU0227,5,2025-05-25,Wrong Colour
RET06562,OL144221,SKU0376,4,2025-05-24,Wrong Size
RET06563,OL144519,SKU0016,3,2025-05-08,Wrong Size
RET06564,OL144386,SKU0223,1,2025-05-09,Wrong Size
RET06565,OL144434,SKU0286,6,2025-05-14,Wrong Size
RET06566,OL144567,SKU0112,4,2025-05-22,Wrong Size
RET06567,OL144463,SKU0379,3,2025-05-26,Wrong Colour
RET06568,OL144397,SKU0184,2,2025-05-20,Wrong Colour
RET06569,OL144673,SKU0258,9,2025-05-19,Wrong Colour
RET06570,OL144444,SKU0393,2,2025-05-07,Wrong Size
RET06571,OL144396,SKU0048,3,2025-05-26,Wrong Colour
RET06572,OL144596,SKU0163,3,2025-05-20,Wrong Size
RET06573,OL144501,SKU0122,7,2025-05-10,Wrong Colour
RET06574,OL144560,SKU0346,3,2025-05-28,Wrong Colour
RET06575,OL144602,SKU0289,6,2025-05-13,Wrong Size
RET06576,OL144988,SKU0226,2,2025-05-11,Wrong Colour
RET06577,OL144708,SKU0323,6,2025-05-11,Wrong Colour
RET06578,OL144828,SKU0062,1,2025-05-14,Wrong Colour
RET06579,OL144683,SKU0455,5,2025-05-27,Wrong Size
RET06580,OL144750,SKU0272,2,2025-05-23,Wrong Size
RET06581,OL144662,SKU0303,3,2025-05-12,Wrong Colour
RET06582,OL144797,SKU0147,2,2025-05-23,Wrong Colour
RET06583,OL144763,SKU0233,3,2025-05-22,Wrong Colour
RET06584,OL144812,SKU0416,1,2025-05-10,Wrong Size
RET06585,OL144691,SKU0117,1,2025-05-13,Wrong Colour
RET06586,OL144739,SKU0455,1,2025-05-27,Wrong Colour
RET06587,OL144733,SKU0427,1,2025-05-25,Wrong Colour
RET06588,OL144736,SKU0136,1,2025-05-09,Wrong Colour
RET06589,OL145014,SKU0386,8,2025-05-18,Wrong Size
RET06590,OL144807,SKU0472,10,2025-05-26,Wrong Size
RET06591,OL144859,SKU0227,3,2025-05-28,Wrong Colour
RET06592,OL145039,SKU0335,8,2025-05-18,Wrong Colour
RET06593,OL144931,SKU0455,4,2025-05-28,Wrong Colour
RET06594,OL144920,SKU0127,1,2025-05-23,Wrong Size
RET06595,OL144879,SKU0466,2,2025-05-19,Wrong Colour
RET06596,OL145032,SKU0366,9,2025-05-24,Wrong Colour
RET06597,OL145229,SKU0298,1,2025-05-21,Wrong Size
RET06598,OL145002,SKU0442,3,2025-05-15,Wrong Size
RET06599,OL145023,SKU0101,3,2025-05-25,Wrong Size
RET06600,OL145079,SKU0024,1,2025-05-21,Wrong Size
RET06601,OL145042,SKU0430,2,2025-06-02,Wrong Size
RET06602,OL145182,SKU0489,12,2025-05-20,Wrong Size
RET06603,OL145220,SKU0029,14,2025-05-31,Wrong Size
RET06604,OL145195,SKU0194,5,2025-05-16,Wrong Colour
RET06605,OL145342,SKU0274,3,2025-05-28,Wrong Colour
RET06606,OL145377,SKU0056,1,2025-06-02,Wrong Colour
RET06607,OL145318,SKU0099,9,2025-06-04,Wrong Size
RET06608,OL145393,SKU0124,1,2025-05-27,Wrong Size
RET06609,OL145357,SKU0068,10,2025-05-22,Wrong Size
RET06610,OL145548,SKU0280,3,2025-06-02,Wrong Size
RET06611,OL145477,SKU0215,3,2025-05-24,Wrong Colour
RET06612,OL145833,SKU0332,5,2025-06-01,Wrong Size
RET06613,OL145748,SKU0287,1,2025-05-27,Wrong Colour
RET06614,OL145505,SKU0299,4,2025-06-03,Wrong Colour
RET06615,OL145635,SKU0396,1,2025-05-22,Wrong Colour
RET06616,OL145568,SKU0165,5,2025-05-30,Wrong Colour
RET06617,OL145932,SKU0408,2,2025-05-29,Wrong Size
RET06618,OL145622,SKU0316,3,2025-05-31,Wrong Colour
RET06619,OL145522,SKU0333,3,2025-06-02,Wrong Size
RET06620,OL145583,SKU0273,3,2025-06-01,Wrong Colour
RET06621,OL145840,SKU0267,3,2025-05-18,Wrong Colour
RET06622,OL145841,SKU0319,4,2025-05-21,Wrong Colour
RET06623,OL145564,SKU0333,6,2025-05-21,Wrong Colour
RET06624,OL145645,SKU0063,15,2025-06-03,Wrong Size
RET06625,OL145537,SKU0001,1,2025-06-07,Wrong Size
RET06626,OL145598,SKU0266,1,2025-05-27,Wrong Colour
RET06627,OL145708,SKU0008,2,2025-05-30,Wrong Size
RET06628,OL145712,SKU0266,1,2025-06-07,Wrong Colour
RET06629,OL145844,SKU0282,2,2025-06-07,Wrong Size
RET06630,OL145985,SKU0231,1,2025-05-19,Wrong Size
RET06631,OL145834,SKU0036,6,2025-06-02,Wrong Size
RET06632,OL145722,SKU0446,2,2025-05-28,Wrong Colour
RET06633,OL145787,SKU0398,6,2025-05-29,Wrong Colour
RET06634,OL145685,SKU0342,6,2025-05-21,Wrong Colour
RET06635,OL146022,SKU0017,2,2025-05-22,Wrong Colour
RET06636,OL145959,SKU0200,6,2025-06-04,Wrong Colour
RET06637,OL145906,SKU0213,1,2025-06-03,Wrong Colour
RET06638,OL145936,SKU0446,3,2025-05-24,Wrong Size
RET06639,OL145967,SKU0060,2,2025-06-04,Wrong Colour
RET06640,OL146043,SKU0202,3,2025-05-25,Wrong Size
RET06641,OL146028,SKU0061,6,2025-06-02,Wrong Colour
RET06642,OL146035,SKU0260,2,2025-05-24,Wrong Size
RET06643,OL146155,SKU0199,2,2025-06-03,Wrong Colour
RET06644,OL146608,SKU0103,5,2025-05-28,Wrong Size
RET06645,OL146243,SKU0264,4,2025-06-12,Wrong Size
RET06646,OL146231,SKU0467,7,2025-06-05,Wrong Colour
RET06647,OL146159,SKU0425,4,2025-05-31,Wrong Size
RET06648,OL146128,SKU0376,5,2025-06-06,Wrong Colour
RET06649,OL146424,SKU0055,2,2025-06-01,Wrong Size
RET06650,OL146172,SKU0190,3,2025-05-30,Wrong Size
RET06651,OL146263,SKU0166,3,2025-06-06,Wrong Colour
RET06652,OL146337,SKU0334,5,2025-05-25,Wrong Size
RET06653,OL146135,SKU0311,1,2025-06-10,Wrong Colour
RET06654,OL146136,SKU0025,3,2025-06-08,Wrong Colour
RET06655,OL146309,SKU0388,4,2025-06-05,Wrong Colour
RET06656,OL146448,SKU0173,2,2025-06-06,Wrong Size
RET06657,OL146252,SKU0218,3,2025-06-10,Wrong Colour
RET06658,OL146615,SKU0209,4,2025-06-01,Wrong Colour
RET06659,OL146384,SKU0370,1,2025-06-06,Wrong Size
RET06660,OL146808,SKU0231,4,2025-05-26,Wrong Size
RET06661,OL146475,SKU0292,1,2025-05-25,Wrong Size
RET06662,OL146505,SKU0304,2,2025-06-01,Wrong Size
RET06663,OL146643,SKU0078,6,2025-06-11,Wrong Size
RET06664,OL146673,SKU0222,2,2025-06-09,Wrong Size
RET06665,OL146586,SKU0077,1,2025-06-12,Wrong Size
RET06666,OL146587,SKU0125,4,2025-06-12,Wrong Size
RET06667,OL146483,SKU0304,7,2025-05-27,Wrong Size
RET06668,OL146671,SKU0461,1,2025-05-31,Wrong Size
RET06669,OL146499,SKU0435,1,2025-05-28,Wrong Colour
RET06670,OL146886,SKU0148,1,2025-06-11,Wrong Colour
RET06671,OL146528,SKU0166,4,2025-05-28,Wrong Size
RET06672,OL146537,SKU0328,4,2025-06-01,Wrong Colour
RET06673,OL147140,SKU0054,1,2025-06-08,Wrong Size
RET06674,OL146757,SKU0108,4,2025-06-07,Wrong Colour
RET06675,OL146771,SKU0086,5,2025-06-08,Wrong Size
RET06676,OL146703,SKU0063,8,2025-06-09,Wrong Colour
RET06677,OL146704,SKU0007,7,2025-06-06,Wrong Colour
RET06678,OL146945,SKU0354,5,2025-05-30,Wrong Colour
RET06679,OL146740,SKU0043,6,2025-06-12,Wrong Size
RET06680,OL146723,SKU0079,7,2025-06-16,Wrong Size
RET06681,OL146725,SKU0348,1,2025-06-05,Wrong Colour
RET06682,OL146731,SKU0430,1,2025-06-10,Wrong Colour
RET06683,OL146692,SKU0310,1,2025-06-06,Wrong Colour
RET06684,OL146676,SKU0340,1,2025-06-01,Wrong Size
RET06685,OL146864,SKU0365,2,2025-05-30,Wrong Size
RET06686,OL146867,SKU0303,5,2025-05-30,Wrong Size
RET06687,OL146894,SKU0126,2,2025-06-14,Wrong Size
RET06688,OL146863,SKU0307,2,2025-06-01,Wrong Colour
RET06689,OL146906,SKU0277,4,2025-06-07,Wrong Colour
RET06690,OL146858,SKU0287,4,2025-05-29,Wrong Size
RET06691,OL146946,SKU0443,3,2025-06-09,Wrong Size
RET06692,OL146970,SKU0438,1,2025-06-15,Wrong Size
RET06693,OL147158,SKU0100,3,2025-06-14,Wrong Size
RET06694,OL147017,SKU0302,1,2025-06-18,Wrong Size
RET06695,OL147136,SKU0011,2,2025-06-03,Wrong Size
RET06696,OL147105,SKU0038,1,2025-06-02,Wrong Size
RET06697,OL147033,SKU0250,1,2025-05-30,Wrong Colour
RET06698,OL147447,SKU0460,1,2025-06-03,Wrong Size
RET06699,OL147376,SKU0407,8,2025-06-20,Wrong Size
RET06700,OL147433,SKU0277,5,2025-06-03,Wrong Colour
RET06701,OL147646,SKU0146,1,2025-06-18,Wrong Size
RET06702,OL147308,SKU0279,2,2025-06-04,Wrong Colour
RET06703,OL147310,SKU0385,1,2025-06-07,Wrong Colour
RET06704,OL147294,SKU0285,2,2025-06-07,Wrong Size
RET06705,OL147346,SKU0463,4,2025-06-17,Wrong Size
RET06706,OL147411,SKU0058,1,2025-06-12,Wrong Size
RET06707,OL147298,SKU0063,8,2025-06-16,Wrong Size
RET06708,OL147539,SKU0359,2,2025-06-19,Wrong Size
RET06709,OL147509,SKU0125,5,2025-06-17,Wrong Size
RET06710,OL147359,SKU0166,4,2025-06-09,Wrong Colour
RET06711,OL147391,SKU0121,5,2025-06-21,Wrong Colour
RET06712,OL147513,SKU0216,5,2025-06-17,Wrong Size
RET06713,OL147659,SKU0083,1,2025-06-18,Wrong Size
RET06714,OL147621,SKU0275,2,2025-06-17,Wrong Size
RET06715,OL147622,SKU0192,3,2025-06-03,Wrong Colour
RET06716,OL147712,SKU0287,5,2025-06-20,Wrong Size
RET06717,OL147714,SKU0328,5,2025-06-05,Wrong Size
RET06718,OL147568,SKU0208,1,2025-06-09,Wrong Size
RET06719,OL147453,SKU0417,3,2025-06-16,Wrong Size
RET06720,OL147587,SKU0104,2,2025-06-19,Wrong Colour
RET06721,OL147498,SKU0308,3,2025-06-13,Wrong Size
RET06722,OL147682,SKU0383,13,2025-06-18,Wrong Colour
RET06723,OL147687,SKU0362,5,2025-06-06,Wrong Colour
RET06724,OL147899,SKU0297,6,2025-06-17,Wrong Size
RET06725,OL147835,SKU0231,9,2025-06-14,Wrong Size
RET06726,OL147640,SKU0234,3,2025-06-23,Wrong Size
RET06727,OL147655,SKU0210,1,2025-06-20,Wrong Colour
RET06728,OL147748,SKU0367,7,2025-06-11,Wrong Size
RET06729,OL147753,SKU0289,3,2025-06-08,Wrong Size
RET06730,OL147945,SKU0312,5,2025-06-07,Wrong Size
RET06731,OL147794,SKU0085,2,2025-06-08,Wrong Colour
RET06732,OL147843,SKU0105,4,2025-06-17,Wrong Size
RET06733,OL148052,SKU0095,2,2025-06-09,Wrong Size
RET06734,OL147965,SKU0381,3,2025-06-24,Wrong Size
RET06735,OL147770,SKU0171,3,2025-06-13,Wrong Size
RET06736,OL147934,SKU0274,2,2025-06-22,Wrong Size
RET06737,OL147857,SKU0469,2,2025-06-14,Wrong Colour
RET06738,OL147920,SKU0069,1,2025-06-17,Wrong Colour
RET06739,OL147950,SKU0200,1,2025-06-14,Wrong Size
RET06740,OL147893,SKU0015,1,2025-06-21,Wrong Colour
RET06741,OL148006,SKU0345,3,2025-06-07,Wrong Colour
RET06742,OL148037,SKU0008,7,2025-06-20,Wrong Size
RET06743,OL148101,SKU0054,2,2025-06-27,Wrong Colour
RET06744,OL148163,SKU0386,5,2025-06-14,Wrong Colour
RET06745,OL148129,SKU0113,9,2025-06-08,Wrong Size
RET06746,OL148172,SKU0002,3,2025-06-28,Wrong Colour
RET06747,OL148207,SKU0316,2,2025-06-09,Wrong Colour
RET06748,OL148209,SKU0141,2,2025-06-12,Wrong Colour
RET06749,OL148579,SKU0278,3,2025-06-11,Wrong Size
RET06750,OL148350,SKU0143,9,2025-06-11,Wrong Colour
RET06751,OL148352,SKU0094,3,2025-06-09,Wrong Colour
RET06752,OL148367,SKU0243,5,2025-06-26,Wrong Size
RET06753,OL148358,SKU0226,4,2025-06-27,Wrong Size
RET06754,OL148655,SKU0220,1,2025-06-29,Wrong Colour
RET06755,OL148395,SKU0119,2,2025-06-10,Wrong Size
RET06756,OL148396,SKU0339,9,2025-06-22,Wrong Size
RET06757,OL148371,SKU0173,1,2025-06-18,Wrong Size
RET06758,OL148384,SKU0389,2,2025-06-19,Wrong Colour
RET06759,OL148298,SKU0271,9,2025-06-16,Wrong Colour
RET06760,OL148394,SKU0146,1,2025-06-16,Wrong Colour
RET06761,OL148417,SKU0107,3,2025-06-13,Wrong Size
RET06762,OL148432,SKU0114,1,2025-06-24,Wrong Size
RET06763,OL148507,SKU0195,1,2025-06-26,Wrong Size
RET06764,OL148490,SKU0295,3,2025-06-18,Wrong Colour
RET06765,OL148619,SKU0076,1,2025-07-01,Wrong Size
RET06766,OL148904,SKU0075,1,2025-07-01,Wrong Size
RET06767,OL148521,SKU0496,2,2025-06-19,Wrong Colour
RET06768,OL148526,SKU0173,3,2025-06-26,Wrong Size
RET06769,OL148527,SKU0382,4,2025-06-14,Wrong Size
RET06770,OL148583,SKU0199,2,2025-07-02,Wrong Size
RET06771,OL148635,SKU0433,3,2025-06-22,Wrong Colour
RET06772,OL148547,SKU0379,2,2025-07-01,Wrong Colour
RET06773,OL148592,SKU0071,1,2025-06-22,Wrong Colour
RET06774,OL148741,SKU0161,2,2025-06-29,Wrong Colour
RET06775,OL148684,SKU0434,3,2025-06-15,Wrong Size
RET06776,OL148662,SKU0209,1,2025-06-17,Wrong Colour
RET06777,OL148893,SKU0274,4,2025-06-29,Wrong Size
RET06778,OL148778,SKU0146,1,2025-07-03,Wrong Colour
RET06779,OL148723,SKU0469,2,2025-06-30,Wrong Size
RET06780,OL148669,SKU0433,8,2025-06-28,Wrong Colour
RET06781,OL148941,SKU0028,1,2025-06-15,Wrong Size
RET06782,OL148674,SKU0155,3,2025-07-03,Wrong Size
RET06783,OL148730,SKU0250,1,2025-06-28,Wrong Size
RET06784,OL148746,SKU0382,2,2025-06-27,Wrong Size
RET06785,OL148976,SKU0392,1,2025-06-18,Wrong Size
RET06786,OL148839,SKU0046,5,2025-06-15,Wrong Size
RET06787,OL148809,SKU0466,1,2025-06-18,Wrong Colour
RET06788,OL148829,SKU0093,1,2025-06-19,Wrong Size
RET06789,OL148924,SKU0096,3,2025-06-25,Wrong Size
RET06790,OL148921,SKU0301,6,2025-06-23,Wrong Size
RET06791,OL148932,SKU0131,1,2025-06-25,Wrong Colour
RET06792,OL149205,SKU0488,3,2025-06-23,Wrong Colour
RET06793,OL149109,SKU0041,3,2025-06-16,Wrong Colour
RET06794,OL149051,SKU0037,3,2025-06-18,Wrong Size
RET06795,OL149197,SKU0334,4,2025-06-30,Wrong Size
RET06796,OL149176,SKU0350,3,2025-06-29,Wrong Colour
RET06797,OL149264,SKU0269,12,2025-06-30,Wrong Size
RET06798,OL149183,SKU0385,4,2025-07-07,Wrong Colour
RET06799,OL149225,SKU0236,1,2025-07-04,Wrong Colour
RET06800,OL149402,SKU0095,7,2025-06-26,Wrong Colour
RET06801,OL149356,SKU0279,1,2025-06-22,Wrong Colour
RET06802,OL149308,SKU0229,3,2025-06-20,Wrong Colour
RET06803,OL149451,SKU0420,3,2025-07-05,Wrong Size
RET06804,OL149303,SKU0285,5,2025-06-24,Wrong Colour
RET06805,OL149516,SKU0012,2,2025-06-27,Wrong Size
RET06806,OL149518,SKU0196,1,2025-06-19,Wrong Colour
RET06807,OL149533,SKU0481,1,2025-06-30,Wrong Size
RET06808,OL149350,SKU0038,5,2025-07-08,Wrong Colour
RET06809,OL149394,SKU0439,8,2025-06-24,Wrong Colour
RET06810,OL149654,SKU0012,3,2025-07-01,Wrong Size
RET06811,OL149754,SKU0389,2,2025-06-27,Wrong Colour
RET06812,OL149755,SKU0480,3,2025-07-03,Wrong Size
RET06813,OL149467,SKU0432,1,2025-06-22,Wrong Colour
RET06814,OL149524,SKU0384,2,2025-06-24,Wrong Colour
RET06815,OL149680,SKU0241,1,2025-06-22,Wrong Colour
RET06816,OL149612,SKU0062,7,2025-07-10,Wrong Size
RET06817,OL149625,SKU0152,1,2025-07-02,Wrong Colour
RET06818,OL149898,SKU0450,2,2025-06-24,Wrong Size
RET06819,OL149567,SKU0159,2,2025-06-22,Wrong Size
RET06820,OL149663,SKU0430,6,2025-07-10,Wrong Size
RET06821,OL149700,SKU0289,4,2025-06-27,Wrong Colour
RET06822,OL149770,SKU0207,2,2025-07-01,Wrong Colour
RET06823,OL149751,SKU0461,1,2025-07-08,Wrong Size
RET06824,OL149795,SKU0441,12,2025-07-09,Wrong Colour
RET06825,OL150044,SKU0419,2,2025-07-06,Wrong Colour
RET06826,OL149841,SKU0390,1,2025-06-27,Wrong Size
RET06827,OL149842,SKU0245,2,2025-07-05,Wrong Size
RET06828,OL149882,SKU0414,2,2025-07-02,Wrong Size
RET06829,OL150158,SKU0101,4,2025-07-14,Wrong Colour
RET06830,OL150002,SKU0200,1,2025-07-09,Wrong Colour
RET06831,OL150009,SKU0278,1,2025-07-02,Wrong Size
RET06832,OL149941,SKU0433,4,2025-06-26,Wrong Size
RET06833,OL149927,SKU0267,3,2025-06-30,Wrong Size
RET06834,OL150479,SKU0116,3,2025-06-27,Wrong Size
RET06835,OL150236,SKU0291,1,2025-07-01,Wrong Colour
RET06836,OL150110,SKU0278,3,2025-07-07,Wrong Size
RET06837,OL150256,SKU0125,2,2025-07-11,Wrong Colour
RET06838,OL150342,SKU0399,5,2025-06-28,Wrong Size
RET06839,OL150182,SKU0150,2,2025-07-16,Wrong Size
RET06840,OL150240,SKU0457,2,2025-07-05,Wrong Colour
RET06841,OL150454,SKU0464,2,2025-07-10,Wrong Colour
RET06842,OL150137,SKU0373,2,2025-07-10,Wrong Colour
RET06843,OL150305,SKU0394,2,2025-07-10,Wrong Colour
RET06844,OL150328,SKU0096,3,2025-07-14,Wrong Size
RET06845,OL150377,SKU0237,3,2025-07-13,Wrong Colour
RET06846,OL150438,SKU0371,4,2025-07-10,Wrong Size
RET06847,OL150562,SKU0115,3,2025-06-30,Wrong Colour
RET06848,OL150402,SKU0003,1,2025-07-16,Wrong Size
RET06849,OL150611,SKU0196,2,2025-07-15,Wrong Size
RET06850,OL150583,SKU0016,4,2025-07-08,Wrong Colour
RET06851,OL150629,SKU0330,1,2025-07-17,Wrong Size
RET06852,OL150413,SKU0040,1,2025-07-13,Wrong Size
RET06853,OL150414,SKU0068,6,2025-07-14,Wrong Colour
RET06854,OL150884,SKU0015,3,2025-07-11,Wrong Size
RET06855,OL150518,SKU0490,2,2025-07-15,Wrong Size
RET06856,OL150662,SKU0334,3,2025-07-09,Wrong Colour
RET06857,OL150827,SKU0425,1,2025-07-15,Wrong Colour
RET06858,OL150773,SKU0485,6,2025-06-30,Wrong Colour
RET06859,OL150525,SKU0153,5,2025-07-14,Wrong Size
RET06860,OL150531,SKU0261,1,2025-07-05,Wrong Colour
RET06861,OL150692,SKU0232,9,2025-07-08,Wrong Size
RET06862,OL150506,SKU0328,4,2025-07-09,Wrong Size
RET06863,OL150589,SKU0368,4,2025-07-10,Wrong Size
RET06864,OL150618,SKU0173,6,2025-06-30,Wrong Colour
RET06865,OL151045,SKU0343,1,2025-07-11,Wrong Size
RET06866,OL151047,SKU0242,2,2025-07-09,Wrong Size
RET06867,OL150836,SKU0363,1,2025-07-15,Wrong Size
RET06868,OL150862,SKU0036,2,2025-06-30,Wrong Size
RET06869,OL150761,SKU0187,2,2025-07-13,Wrong Size
RET06870,OL150923,SKU0443,2,2025-07-04,Wrong Size
RET06871,OL150709,SKU0181,1,2025-06-30,Wrong Colour
RET06872,OL150818,SKU0320,6,2025-07-07,Wrong Size
RET06873,OL150730,SKU0110,3,2025-07-03,Wrong Size
RET06874,OL150679,SKU0174,4,2025-07-11,Wrong Colour
RET06875,OL150826,SKU0289,7,2025-07-21,Wrong Size
RET06876,OL150758,SKU0178,2,2025-07-01,Wrong Size
RET06877,OL150959,SKU0106,1,2025-07-19,Wrong Colour
RET06878,OL150992,SKU0183,3,2025-07-12,Wrong Colour
RET06879,OL150920,SKU0289,1,2025-07-12,Wrong Size
