Inbound_Shipment_ID,Supplier_ID,Destination_Hub_ID,SKU,Quantity_Received,Expected_Arrival_Date,Actual_Arrival_Date
INB00001,SUP003,HUB-BLR,SKU0247,94,2022-01-04,2022-01-04
INB00001,SUP003,HUB-BLR,SKU0397,98,2021-12-30,2022-01-04
INB00001,SUP003,HUB-BLR,SKU0069,98,2022-01-02,2022-01-05
INB00001,SUP003,HUB-BLR,SKU0192,124,2022-01-02,2022-01-05
INB00001,SUP003,HUB-BLR,SKU0285,100,2022-01-04,2022-01-05
INB00001,SUP003,HUB-BLR,SKU0323,100,2022-01-05,2022-01-05
INB00001,SUP003,HUB-BLR,SKU0329,106,2022-01-03,2022-01-05
INB00001,SUP003,HUB-BLR,SKU0388,128,2022-01-05,2022-01-05
INB00001,SUP003,HUB-BLR,SKU0401,106,2021-12-31,2022-01-05
INB00001,SUP003,HUB-BLR,SKU0169,124,2022-01-04,2022-01-07
INB00001,SUP003,HUB-BLR,SKU0224,101,2022-01-04,2022-01-07
INB00001,SUP003,HUB-BLR,SKU0291,123,2022-01-02,2022-01-07
INB00001,SUP003,HUB-BLR,SKU0332,105,2022-01-03,2022-01-07
INB00001,SUP003,HUB-BLR,SKU0352,102,2022-01-06,2022-01-07
INB00001,SUP003,HUB-BLR,SKU0366,124,2022-01-02,2022-01-07
INB00001,SUP003,HUB-BLR,SKU0488,117,2022-01-02,2022-01-07
INB00001,SUP003,HUB-BLR,SKU0363,94,2022-01-08,2022-01-08
INB00001,SUP003,HUB-BLR,SKU0248,129,2022-01-09,2022-01-09
INB00001,SUP003,HUB-BLR,SKU0303,113,2022-01-07,2022-01-09
INB00001,SUP003,HUB-BLR,SKU0407,96,2022-01-08,2022-01-09
INB00001,SUP003,HUB-BLR,SKU0413,100,2022-01-08,2022-01-09
INB00001,SUP003,HUB-BLR,SKU0489,95,2022-01-07,2022-01-09
INB00001,SUP003,HUB-BLR,SKU0132,113,2022-01-07,2022-01-10
INB00001,SUP003,HUB-BLR,SKU0251,108,2022-01-06,2022-01-10
INB00002,SUP014,HUB-DEL,SKU0141,58,2022-01-14,2022-01-15
INB00003,SUP005,HUB-BLR,SKU0283,103,2022-01-10,2022-01-15
INB00003,SUP005,HUB-BLR,SKU0493,102,2022-01-12,2022-01-15
INB00003,SUP005,HUB-BLR,SKU0082,116,2022-01-16,2022-01-16
INB00003,SUP005,HUB-BLR,SKU0244,124,2022-01-14,2022-01-16
INB00003,SUP005,HUB-BLR,SKU0023,97,2022-01-14,2022-01-17
INB00003,SUP005,HUB-BLR,SKU0148,102,2022-01-13,2022-01-17
INB00003,SUP005,HUB-BLR,SKU0336,126,2022-01-17,2022-01-17
INB00003,SUP005,HUB-BLR,SKU0409,98,2022-01-14,2022-01-17
INB00003,SUP005,HUB-BLR,SKU0475,93,2022-01-17,2022-01-17
INB00003,SUP005,HUB-BLR,SKU0101,100,2022-01-15,2022-01-19
INB00003,SUP005,HUB-BLR,SKU0201,117,2022-01-19,2022-01-19
INB00003,SUP005,HUB-BLR,SKU0288,97,2022-01-19,2022-01-19
INB00004,SUP020,HUB-DEL,SKU0233,63,2022-01-17,2022-01-19
INB00004,SUP020,HUB-DEL,SKU0111,64,2022-01-20,2022-01-21
INB00005,SUP008,HUB-BLR,SKU0492,102,2022-01-22,2022-01-22
INB00005,SUP008,HUB-BLR,SKU0033,94,2022-01-22,2022-01-24
INB00005,SUP008,HUB-BLR,SKU0051,124,2022-01-22,2022-01-24
INB00005,SUP008,HUB-BLR,SKU0479,96,2022-01-19,2022-01-24
INB00005,SUP008,HUB-BLR,SKU0087,116,2022-01-22,2022-01-25
INB00005,SUP008,HUB-BLR,SKU0165,107,2022-01-24,2022-01-25
INB00005,SUP008,HUB-BLR,SKU0203,109,2022-01-25,2022-01-26
INB00005,SUP008,HUB-BLR,SKU0236,101,2022-01-22,2022-01-26
INB00005,SUP008,HUB-BLR,SKU0041,139,2022-01-27,2022-01-27
INB00006,SUP012,HUB-DEL,SKU0382,58,2022-01-26,2022-01-27
INB00005,SUP008,HUB-BLR,SKU0270,105,2022-01-28,2022-01-29
INB00007,SUP002,HUB-BOM,SKU0476,45,2022-01-28,2022-01-30
INB00008,SUP014,HUB-DEL,SKU0289,59,2022-02-01,2022-02-01
INB00009,SUP008,HUB-BLR,SKU0495,105,2022-02-01,2022-02-01
INB00009,SUP008,HUB-BLR,SKU0137,117,2022-01-31,2022-02-02
INB00009,SUP008,HUB-BLR,SKU0162,100,2022-02-01,2022-02-02
INB00009,SUP008,HUB-BLR,SKU0326,100,2022-02-01,2022-02-02
INB00008,SUP014,HUB-DEL,SKU0328,67,2022-02-02,2022-02-04
INB00009,SUP008,HUB-BLR,SKU0012,116,2022-02-03,2022-02-04
INB00009,SUP008,HUB-BLR,SKU0143,99,2022-01-30,2022-02-04
INB00009,SUP008,HUB-BLR,SKU0179,103,2022-01-30,2022-02-04
INB00009,SUP008,HUB-BLR,SKU0242,101,2022-02-03,2022-02-04
INB00009,SUP008,HUB-BLR,SKU0435,100,2022-02-04,2022-02-04
INB00009,SUP008,HUB-BLR,SKU0440,127,2022-02-01,2022-02-04
INB00009,SUP008,HUB-BLR,SKU0450,98,2022-02-02,2022-02-04
INB00009,SUP008,HUB-BLR,SKU0172,115,2022-02-01,2022-02-05
INB00008,SUP014,HUB-DEL,SKU0308,63,2022-02-02,2022-02-06
INB00009,SUP008,HUB-BLR,SKU0004,99,2022-02-06,2022-02-06
INB00009,SUP008,HUB-BLR,SKU0112,124,2022-02-03,2022-02-06
INB00009,SUP008,HUB-BLR,SKU0394,112,2022-02-06,2022-02-08
INB00009,SUP008,HUB-BLR,SKU0430,135,2022-02-07,2022-02-09
INB00012,SUP018,HUB-BLR,SKU0065,109,2022-02-08,2022-02-12
INB00010,SUP012,HUB-DEL,SKU0133,58,2022-02-09,2022-02-13
INB00011,SUP006,HUB-BOM,SKU0380,48,2022-02-12,2022-02-13
INB00010,SUP012,HUB-DEL,SKU0386,65,2022-02-09,2022-02-14
INB00012,SUP018,HUB-BLR,SKU0026,129,2022-02-12,2022-02-14
INB00012,SUP018,HUB-BLR,SKU0132,99,2022-02-10,2022-02-14
INB00012,SUP018,HUB-BLR,SKU0419,105,2022-02-13,2022-02-14
INB00010,SUP012,HUB-DEL,SKU0046,72,2022-02-13,2022-02-15
INB00012,SUP018,HUB-BLR,SKU0224,133,2022-02-11,2022-02-15
INB00012,SUP018,HUB-BLR,SKU0285,98,2022-02-12,2022-02-15
INB00012,SUP018,HUB-BLR,SKU0429,112,2022-02-11,2022-02-15
INB00012,SUP018,HUB-BLR,SKU0433,96,2022-02-11,2022-02-15
INB00012,SUP018,HUB-BLR,SKU0153,93,2022-02-13,2022-02-17
INB00012,SUP018,HUB-BLR,SKU0492,95,2022-02-13,2022-02-17
INB00012,SUP018,HUB-BLR,SKU0354,120,2022-02-14,2022-02-18
INB00013,SUP006,HUB-BOM,SKU0452,43,2022-02-18,2022-02-18
INB00014,SUP017,HUB-DEL,SKU0316,57,2022-02-16,2022-02-18
INB00014,SUP017,HUB-DEL,SKU0102,58,2022-02-19,2022-02-19
INB00014,SUP017,HUB-DEL,SKU0356,59,2022-02-17,2022-02-19
INB00013,SUP006,HUB-BOM,SKU0161,39,2022-02-18,2022-02-21
INB00014,SUP017,HUB-DEL,SKU0265,63,2022-02-18,2022-02-21
INB00015,SUP018,HUB-BLR,SKU0197,115,2022-02-20,2022-02-21
INB00014,SUP017,HUB-DEL,SKU0212,64,2022-02-22,2022-02-22
INB00014,SUP017,HUB-DEL,SKU0245,71,2022-02-20,2022-02-22
INB00015,SUP018,HUB-BLR,SKU0073,115,2022-02-17,2022-02-22
INB00015,SUP018,HUB-BLR,SKU0397,112,2022-02-18,2022-02-22
INB00015,SUP018,HUB-BLR,SKU0480,118,2022-02-20,2022-02-22
INB00015,SUP018,HUB-BLR,SKU0361,94,2022-02-22,2022-02-23
INB00015,SUP018,HUB-BLR,SKU0383,117,2022-02-18,2022-02-23
INB00013,SUP006,HUB-BOM,SKU0330,44,2022-02-23,2022-02-24
INB00015,SUP018,HUB-BLR,SKU0269,113,2022-02-23,2022-02-24
INB00015,SUP018,HUB-BLR,SKU0290,113,2022-02-24,2022-02-24
INB00015,SUP018,HUB-BLR,SKU0363,99,2022-02-20,2022-02-24
INB00015,SUP018,HUB-BLR,SKU0371,108,2022-02-22,2022-02-24
INB00015,SUP018,HUB-BLR,SKU0401,97,2022-02-21,2022-02-24
INB00015,SUP018,HUB-BLR,SKU0089,94,2022-02-24,2022-02-25
INB00015,SUP018,HUB-BLR,SKU0120,127,2022-02-24,2022-02-25
INB00015,SUP018,HUB-BLR,SKU0211,136,2022-02-23,2022-02-25
INB00016,SUP017,HUB-DEL,SKU0267,58,2022-02-22,2022-02-26
INB00016,SUP017,HUB-DEL,SKU0231,59,2022-02-27,2022-02-27
INB00015,SUP018,HUB-BLR,SKU0185,93,2022-02-26,2022-02-28
INB00015,SUP018,HUB-BLR,SKU0229,96,2022-02-23,2022-02-28
INB00015,SUP018,HUB-BLR,SKU0388,109,2022-02-25,2022-02-28
INB00015,SUP018,HUB-BLR,SKU0322,98,2022-02-24,2022-03-01
INB00016,SUP017,HUB-DEL,SKU0382,62,2022-02-28,2022-03-01
INB00016,SUP017,HUB-DEL,SKU0298,66,2022-02-27,2022-03-02
INB00017,SUP009,HUB-BOM,SKU0216,51,2022-02-27,2022-03-02
INB00016,SUP017,HUB-DEL,SKU0487,57,2022-03-02,2022-03-03
INB00017,SUP009,HUB-BOM,SKU0176,47,2022-03-02,2022-03-03
INB00017,SUP009,HUB-BOM,SKU0025,48,2022-02-27,2022-03-04
INB00018,SUP010,HUB-BLR,SKU0091,137,2022-03-04,2022-03-04
INB00018,SUP010,HUB-BLR,SKU0122,99,2022-03-02,2022-03-04
INB00018,SUP010,HUB-BLR,SKU0251,107,2022-03-03,2022-03-04
INB00018,SUP010,HUB-BLR,SKU0309,142,2022-02-28,2022-03-05
INB00018,SUP010,HUB-BLR,SKU0270,97,2022-03-01,2022-03-06
INB00018,SUP010,HUB-BLR,SKU0162,94,2022-03-04,2022-03-07
INB00018,SUP010,HUB-BLR,SKU0169,106,2022-03-05,2022-03-07
INB00018,SUP010,HUB-BLR,SKU0248,109,2022-03-06,2022-03-07
INB00018,SUP010,HUB-BLR,SKU0454,104,2022-03-05,2022-03-07
INB00018,SUP010,HUB-BLR,SKU0488,105,2022-03-04,2022-03-07
INB00020,SUP006,HUB-BOM,SKU0311,39,2022-03-04,2022-03-07
INB00018,SUP010,HUB-BLR,SKU0023,95,2022-03-04,2022-03-08
INB00018,SUP010,HUB-BLR,SKU0061,100,2022-03-05,2022-03-08
INB00018,SUP010,HUB-BLR,SKU0105,110,2022-03-03,2022-03-08
INB00018,SUP010,HUB-BLR,SKU0145,111,2022-03-08,2022-03-08
INB00018,SUP010,HUB-BLR,SKU0283,122,2022-03-03,2022-03-08
INB00018,SUP010,HUB-BLR,SKU0323,125,2022-03-08,2022-03-08
INB00018,SUP010,HUB-BLR,SKU0329,93,2022-03-06,2022-03-08
INB00018,SUP010,HUB-BLR,SKU0413,110,2022-03-06,2022-03-08
INB00019,SUP017,HUB-DEL,SKU0115,57,2022-03-04,2022-03-08
INB00020,SUP006,HUB-BOM,SKU0338,58,2022-03-07,2022-03-08
INB00018,SUP010,HUB-BLR,SKU0112,108,2022-03-06,2022-03-09
INB00018,SUP010,HUB-BLR,SKU0217,99,2022-03-09,2022-03-09
INB00018,SUP010,HUB-BLR,SKU0332,134,2022-03-07,2022-03-09
INB00018,SUP010,HUB-BLR,SKU0385,109,2022-03-09,2022-03-09
INB00019,SUP017,HUB-DEL,SKU0060,59,2022-03-05,2022-03-09
INB00019,SUP017,HUB-DEL,SKU0202,63,2022-03-05,2022-03-09
INB00019,SUP017,HUB-DEL,SKU0308,69,2022-03-06,2022-03-09
INB00020,SUP006,HUB-BOM,SKU0170,40,2022-03-08,2022-03-09
INB00020,SUP006,HUB-BOM,SKU0476,37,2022-03-04,2022-03-09
INB00018,SUP010,HUB-BLR,SKU0407,130,2022-03-09,2022-03-10
INB00019,SUP017,HUB-DEL,SKU0007,65,2022-03-10,2022-03-10
INB00019,SUP017,HUB-DEL,SKU0449,57,2022-03-05,2022-03-10
INB00019,SUP017,HUB-DEL,SKU0498,60,2022-03-10,2022-03-10
INB00020,SUP006,HUB-BOM,SKU0461,38,2022-03-10,2022-03-10
INB00019,SUP017,HUB-DEL,SKU0281,60,2022-03-10,2022-03-11
INB00020,SUP006,HUB-BOM,SKU0456,40,2022-03-10,2022-03-12
INB00020,SUP006,HUB-BOM,SKU0136,43,2022-03-10,2022-03-13
INB00020,SUP006,HUB-BOM,SKU0151,37,2022-03-09,2022-03-13
INB00021,SUP016,HUB-BLR,SKU0366,93,2022-03-14,2022-03-14
INB00021,SUP016,HUB-BLR,SKU0082,100,2022-03-12,2022-03-15
INB00021,SUP016,HUB-BLR,SKU0148,120,2022-03-12,2022-03-15
INB00021,SUP016,HUB-BLR,SKU0368,99,2022-03-15,2022-03-15
INB00021,SUP016,HUB-BLR,SKU0051,101,2022-03-14,2022-03-16
INB00021,SUP016,HUB-BLR,SKU0063,102,2022-03-16,2022-03-16
INB00021,SUP016,HUB-BLR,SKU0069,124,2022-03-16,2022-03-16
INB00021,SUP016,HUB-BLR,SKU0288,98,2022-03-13,2022-03-16
INB00021,SUP016,HUB-BLR,SKU0012,106,2022-03-12,2022-03-17
INB00021,SUP016,HUB-BLR,SKU0172,99,2022-03-16,2022-03-17
INB00021,SUP016,HUB-BLR,SKU0203,95,2022-03-15,2022-03-17
INB00021,SUP016,HUB-BLR,SKU0303,117,2022-03-16,2022-03-17
INB00021,SUP016,HUB-BLR,SKU0493,99,2022-03-14,2022-03-17
INB00023,SUP002,HUB-BOM,SKU0176,37,2022-03-15,2022-03-17
INB00023,SUP002,HUB-BOM,SKU0181,43,2022-03-13,2022-03-17
INB00021,SUP016,HUB-BLR,SKU0101,98,2022-03-16,2022-03-18
INB00021,SUP016,HUB-BLR,SKU0242,98,2022-03-16,2022-03-18
INB00021,SUP016,HUB-BLR,SKU0247,111,2022-03-18,2022-03-18
INB00021,SUP016,HUB-BLR,SKU0291,108,2022-03-18,2022-03-18
INB00021,SUP016,HUB-BLR,SKU0475,100,2022-03-18,2022-03-18
INB00022,SUP017,HUB-DEL,SKU0141,59,2022-03-16,2022-03-18
INB00023,SUP002,HUB-BOM,SKU0058,38,2022-03-15,2022-03-18
INB00021,SUP016,HUB-BLR,SKU0409,99,2022-03-15,2022-03-19
INB00021,SUP016,HUB-BLR,SKU0494,121,2022-03-19,2022-03-20
INB00022,SUP017,HUB-DEL,SKU0111,58,2022-03-15,2022-03-20
INB00023,SUP002,HUB-BOM,SKU0252,44,2022-03-15,2022-03-20
INB00023,SUP002,HUB-BOM,SKU0380,45,2022-03-17,2022-03-20
INB00023,SUP002,HUB-BOM,SKU0471,38,2022-03-19,2022-03-20
INB00024,SUP011,HUB-DEL,SKU0233,62,2022-03-23,2022-03-23
INB00025,SUP015,HUB-BOM,SKU0028,51,2022-03-22,2022-03-23
INB00025,SUP015,HUB-BOM,SKU0452,43,2022-03-20,2022-03-23
INB00024,SUP011,HUB-DEL,SKU0128,71,2022-03-23,2022-03-24
INB00025,SUP015,HUB-BOM,SKU0164,40,2022-03-19,2022-03-24
INB00026,SUP008,HUB-BLR,SKU0071,95,2022-03-21,2022-03-24
INB00026,SUP008,HUB-BLR,SKU0109,114,2022-03-19,2022-03-24
INB00026,SUP008,HUB-BLR,SKU0182,127,2022-03-24,2022-03-24
INB00026,SUP008,HUB-BLR,SKU0234,94,2022-03-19,2022-03-24
INB00024,SUP011,HUB-DEL,SKU0267,61,2022-03-23,2022-03-25
INB00025,SUP015,HUB-BOM,SKU0009,43,2022-03-24,2022-03-25
INB00025,SUP015,HUB-BOM,SKU0154,39,2022-03-24,2022-03-25
INB00025,SUP015,HUB-BOM,SKU0456,43,2022-03-25,2022-03-25
INB00026,SUP008,HUB-BLR,SKU0005,102,2022-03-22,2022-03-25
INB00026,SUP008,HUB-BLR,SKU0132,93,2022-03-24,2022-03-25
INB00026,SUP008,HUB-BLR,SKU0166,97,2022-03-23,2022-03-25
INB00026,SUP008,HUB-BLR,SKU0201,97,2022-03-22,2022-03-25
INB00026,SUP008,HUB-BLR,SKU0305,98,2022-03-24,2022-03-25
INB00026,SUP008,HUB-BLR,SKU0336,110,2022-03-22,2022-03-25
INB00026,SUP008,HUB-BLR,SKU0369,115,2022-03-21,2022-03-25
INB00026,SUP008,HUB-BLR,SKU0479,114,2022-03-22,2022-03-25
INB00026,SUP008,HUB-BLR,SKU0495,104,2022-03-24,2022-03-25
INB00024,SUP011,HUB-DEL,SKU0134,63,2022-03-23,2022-03-26
INB00024,SUP011,HUB-DEL,SKU0144,59,2022-03-24,2022-03-26
INB00024,SUP011,HUB-DEL,SKU0316,59,2022-03-21,2022-03-26
INB00026,SUP008,HUB-BLR,SKU0466,98,2022-03-22,2022-03-26
INB00024,SUP011,HUB-DEL,SKU0379,60,2022-03-22,2022-03-27
INB00025,SUP015,HUB-BOM,SKU0496,37,2022-03-26,2022-03-27
INB00026,SUP008,HUB-BLR,SKU0418,116,2022-03-25,2022-03-27
INB00026,SUP008,HUB-BLR,SKU0458,105,2022-03-25,2022-03-27
INB00024,SUP011,HUB-DEL,SKU0499,58,2022-03-26,2022-03-28
INB00026,SUP008,HUB-BLR,SKU0033,101,2022-03-24,2022-03-28
INB00026,SUP008,HUB-BLR,SKU0239,98,2022-03-24,2022-03-28
INB00026,SUP008,HUB-BLR,SKU0345,112,2022-03-26,2022-03-28
INB00026,SUP008,HUB-BLR,SKU0383,99,2022-03-23,2022-03-28
INB00026,SUP008,HUB-BLR,SKU0445,103,2022-03-23,2022-03-28
INB00024,SUP011,HUB-DEL,SKU0046,62,2022-03-28,2022-03-29
INB00026,SUP008,HUB-BLR,SKU0041,100,2022-03-27,2022-03-29
INB00026,SUP008,HUB-BLR,SKU0486,120,2022-03-24,2022-03-29
INB00026,SUP008,HUB-BLR,SKU0489,127,2022-03-31,2022-03-31
INB00027,SUP015,HUB-BOM,SKU0279,41,2022-03-28,2022-04-01
INB00028,SUP017,HUB-DEL,SKU0133,63,2022-03-27,2022-04-01
INB00027,SUP015,HUB-BOM,SKU0216,45,2022-04-02,2022-04-03
INB00028,SUP017,HUB-DEL,SKU0356,58,2022-04-03,2022-04-03
INB00028,SUP017,HUB-DEL,SKU0478,61,2022-04-02,2022-04-03
INB00029,SUP018,HUB-BLR,SKU0224,107,2022-04-03,2022-04-03
INB00028,SUP017,HUB-DEL,SKU0341,57,2022-04-03,2022-04-04
INB00028,SUP017,HUB-DEL,SKU0417,58,2022-03-30,2022-04-04
INB00029,SUP018,HUB-BLR,SKU0430,107,2022-04-02,2022-04-04
INB00027,SUP015,HUB-BOM,SKU0228,39,2022-04-05,2022-04-05
INB00028,SUP017,HUB-DEL,SKU0011,59,2022-04-01,2022-04-05
INB00029,SUP018,HUB-BLR,SKU0251,96,2022-04-05,2022-04-05
INB00029,SUP018,HUB-BLR,SKU0352,99,2022-04-01,2022-04-05
INB00029,SUP018,HUB-BLR,SKU0137,101,2022-04-05,2022-04-06
INB00029,SUP018,HUB-BLR,SKU0203,93,2022-04-06,2022-04-06
INB00029,SUP018,HUB-BLR,SKU0270,96,2022-04-01,2022-04-06
INB00029,SUP018,HUB-BLR,SKU0304,117,2022-04-02,2022-04-06
INB00029,SUP018,HUB-BLR,SKU0435,104,2022-04-02,2022-04-06
INB00028,SUP017,HUB-DEL,SKU0039,69,2022-04-07,2022-04-07
INB00028,SUP017,HUB-DEL,SKU0157,68,2022-04-07,2022-04-07
INB00029,SUP018,HUB-BLR,SKU0093,93,2022-04-06,2022-04-07
INB00029,SUP018,HUB-BLR,SKU0140,97,2022-04-07,2022-04-07
INB00029,SUP018,HUB-BLR,SKU0179,99,2022-04-05,2022-04-07
INB00029,SUP018,HUB-BLR,SKU0362,99,2022-04-05,2022-04-07
INB00029,SUP018,HUB-BLR,SKU0026,102,2022-04-06,2022-04-08
INB00029,SUP018,HUB-BLR,SKU0074,96,2022-04-04,2022-04-08
INB00029,SUP018,HUB-BLR,SKU0122,105,2022-04-08,2022-04-08
INB00029,SUP018,HUB-BLR,SKU0419,97,2022-04-05,2022-04-08
INB00029,SUP018,HUB-BLR,SKU0192,99,2022-04-09,2022-04-09
INB00029,SUP018,HUB-BLR,SKU0229,105,2022-04-05,2022-04-09
INB00029,SUP018,HUB-BLR,SKU0371,115,2022-04-06,2022-04-09
INB00030,SUP006,HUB-BOM,SKU0428,47,2022-04-07,2022-04-09
INB00029,SUP018,HUB-BLR,SKU0073,97,2022-04-05,2022-04-10
INB00029,SUP018,HUB-BLR,SKU0105,93,2022-04-09,2022-04-10
INB00029,SUP018,HUB-BLR,SKU0236,117,2022-04-06,2022-04-10
INB00029,SUP018,HUB-BLR,SKU0367,97,2022-04-10,2022-04-10
INB00031,SUP014,HUB-DEL,SKU0095,60,2022-04-05,2022-04-10
INB00031,SUP014,HUB-DEL,SKU0221,76,2022-04-07,2022-04-10
INB00029,SUP018,HUB-BLR,SKU0344,112,2022-04-07,2022-04-11
INB00030,SUP006,HUB-BOM,SKU0483,46,2022-04-11,2022-04-11
INB00031,SUP014,HUB-DEL,SKU0196,62,2022-04-08,2022-04-11
INB00030,SUP006,HUB-BOM,SKU0025,39,2022-04-12,2022-04-12
INB00030,SUP006,HUB-BOM,SKU0465,41,2022-04-08,2022-04-12
INB00031,SUP014,HUB-DEL,SKU0321,57,2022-04-12,2022-04-12
INB00030,SUP006,HUB-BOM,SKU0054,41,2022-04-11,2022-04-13
INB00030,SUP006,HUB-BOM,SKU0319,40,2022-04-09,2022-04-13
INB00030,SUP006,HUB-BOM,SKU0338,41,2022-04-10,2022-04-13
INB00031,SUP014,HUB-DEL,SKU0231,62,2022-04-09,2022-04-13
INB00031,SUP014,HUB-DEL,SKU0264,57,2022-04-11,2022-04-13
INB00031,SUP014,HUB-DEL,SKU0289,66,2022-04-13,2022-04-13
INB00031,SUP014,HUB-DEL,SKU0301,57,2022-04-12,2022-04-13
INB00031,SUP014,HUB-DEL,SKU0328,107,2022-04-12,2022-04-13
INB00031,SUP014,HUB-DEL,SKU0455,64,2022-04-12,2022-04-13
INB00030,SUP006,HUB-BOM,SKU0461,37,2022-04-12,2022-04-14
INB00031,SUP014,HUB-DEL,SKU0188,94,2022-04-14,2022-04-14
INB00031,SUP014,HUB-DEL,SKU0281,59,2022-04-10,2022-04-14
INB00031,SUP014,HUB-DEL,SKU0325,65,2022-04-14,2022-04-14
INB00031,SUP014,HUB-DEL,SKU0138,62,2022-04-13,2022-04-15
INB00031,SUP014,HUB-DEL,SKU0187,90,2022-04-12,2022-04-15
INB00032,SUP008,HUB-BLR,SKU0081,98,2022-04-11,2022-04-15
INB00032,SUP008,HUB-BLR,SKU0183,98,2022-04-14,2022-04-15
INB00032,SUP008,HUB-BLR,SKU0332,111,2022-04-12,2022-04-15
INB00031,SUP014,HUB-DEL,SKU0052,60,2022-04-11,2022-04-16
INB00031,SUP014,HUB-DEL,SKU0075,62,2022-04-11,2022-04-16
INB00032,SUP008,HUB-BLR,SKU0013,113,2022-04-13,2022-04-16
INB00032,SUP008,HUB-BLR,SKU0120,98,2022-04-12,2022-04-16
INB00032,SUP008,HUB-BLR,SKU0131,101,2022-04-12,2022-04-16
INB00032,SUP008,HUB-BLR,SKU0294,108,2022-04-12,2022-04-16
INB00032,SUP008,HUB-BLR,SKU0197,169,2022-04-13,2022-04-17
INB00032,SUP008,HUB-BLR,SKU0237,115,2022-04-16,2022-04-17
INB00032,SUP008,HUB-BLR,SKU0326,101,2022-04-17,2022-04-17
INB00032,SUP008,HUB-BLR,SKU0354,98,2022-04-15,2022-04-17
INB00032,SUP008,HUB-BLR,SKU0401,98,2022-04-13,2022-04-17
INB00033,SUP002,HUB-BOM,SKU0358,45,2022-04-12,2022-04-17
INB00032,SUP008,HUB-BLR,SKU0158,138,2022-04-13,2022-04-18
INB00032,SUP008,HUB-BLR,SKU0198,97,2022-04-18,2022-04-18
INB00032,SUP008,HUB-BLR,SKU0290,105,2022-04-13,2022-04-18
INB00032,SUP008,HUB-BLR,SKU0323,96,2022-04-15,2022-04-18
INB00032,SUP008,HUB-BLR,SKU0363,99,2022-04-17,2022-04-18
INB00032,SUP008,HUB-BLR,SKU0397,102,2022-04-16,2022-04-18
INB00032,SUP008,HUB-BLR,SKU0429,125,2022-04-17,2022-04-18
INB00032,SUP008,HUB-BLR,SKU0433,94,2022-04-14,2022-04-18
INB00032,SUP008,HUB-BLR,SKU0493,95,2022-04-13,2022-04-18
INB00033,SUP002,HUB-BOM,SKU0448,44,2022-04-13,2022-04-18
INB00033,SUP002,HUB-BOM,SKU0477,40,2022-04-15,2022-04-18
INB00031,SUP014,HUB-DEL,SKU0068,69,2022-04-14,2022-04-19
INB00032,SUP008,HUB-BLR,SKU0050,135,2022-04-18,2022-04-19
INB00032,SUP008,HUB-BLR,SKU0089,111,2022-04-14,2022-04-19
INB00032,SUP008,HUB-BLR,SKU0121,111,2022-04-15,2022-04-19
INB00032,SUP008,HUB-BLR,SKU0172,133,2022-04-17,2022-04-19
INB00032,SUP008,HUB-BLR,SKU0394,102,2022-04-16,2022-04-19
INB00032,SUP008,HUB-BLR,SKU0440,121,2022-04-14,2022-04-19
INB00032,SUP008,HUB-BLR,SKU0035,108,2022-04-17,2022-04-20
INB00032,SUP008,HUB-BLR,SKU0065,115,2022-04-19,2022-04-20
INB00032,SUP008,HUB-BLR,SKU0153,97,2022-04-19,2022-04-20
INB00032,SUP008,HUB-BLR,SKU0269,94,2022-04-20,2022-04-20
INB00032,SUP008,HUB-BLR,SKU0285,110,2022-04-15,2022-04-20
INB00032,SUP008,HUB-BLR,SKU0288,108,2022-04-20,2022-04-20
INB00032,SUP008,HUB-BLR,SKU0309,97,2022-04-18,2022-04-20
INB00032,SUP008,HUB-BLR,SKU0407,136,2022-04-16,2022-04-20
INB00033,SUP002,HUB-BOM,SKU0176,37,2022-04-17,2022-04-20
INB00033,SUP002,HUB-BOM,SKU0311,42,2022-04-20,2022-04-20
INB00033,SUP002,HUB-BOM,SKU0400,37,2022-04-20,2022-04-20
INB00032,SUP008,HUB-BLR,SKU0087,112,2022-04-17,2022-04-21
INB00032,SUP008,HUB-BLR,SKU0360,125,2022-04-17,2022-04-21
INB00033,SUP002,HUB-BOM,SKU0160,42,2022-04-18,2022-04-21
INB00033,SUP002,HUB-BOM,SKU0170,37,2022-04-17,2022-04-21
INB00033,SUP002,HUB-BOM,SKU0228,45,2022-04-20,2022-04-21
INB00033,SUP002,HUB-BOM,SKU0347,37,2022-04-17,2022-04-21
INB00033,SUP002,HUB-BOM,SKU0434,37,2022-04-22,2022-04-22
INB00033,SUP002,HUB-BOM,SKU0432,39,2022-04-19,2022-04-23
INB00034,SUP014,HUB-DEL,SKU0111,71,2022-04-20,2022-04-23
INB00034,SUP014,HUB-DEL,SKU0204,71,2022-04-23,2022-04-23
INB00034,SUP014,HUB-DEL,SKU0249,71,2022-04-22,2022-04-23
INB00034,SUP014,HUB-DEL,SKU0298,92,2022-04-21,2022-04-23
INB00034,SUP014,HUB-DEL,SKU0376,65,2022-04-21,2022-04-23
INB00034,SUP014,HUB-DEL,SKU0030,73,2022-04-24,2022-04-24
INB00034,SUP014,HUB-DEL,SKU0060,64,2022-04-23,2022-04-24
INB00034,SUP014,HUB-DEL,SKU0134,70,2022-04-21,2022-04-24
INB00034,SUP014,HUB-DEL,SKU0398,79,2022-04-23,2022-04-24
INB00035,SUP016,HUB-BLR,SKU0079,107,2022-04-20,2022-04-24
INB00035,SUP016,HUB-BLR,SKU0244,109,2022-04-20,2022-04-24
INB00035,SUP016,HUB-BLR,SKU0320,111,2022-04-24,2022-04-24
INB00035,SUP016,HUB-BLR,SKU0327,100,2022-04-24,2022-04-24
INB00035,SUP016,HUB-BLR,SKU0359,122,2022-04-23,2022-04-24
INB00035,SUP016,HUB-BLR,SKU0488,107,2022-04-19,2022-04-24
INB00034,SUP014,HUB-DEL,SKU0003,83,2022-04-24,2022-04-25
INB00034,SUP014,HUB-DEL,SKU0062,71,2022-04-23,2022-04-25
INB00034,SUP014,HUB-DEL,SKU0092,76,2022-04-21,2022-04-25
INB00034,SUP014,HUB-DEL,SKU0102,59,2022-04-21,2022-04-25
INB00034,SUP014,HUB-DEL,SKU0202,65,2022-04-22,2022-04-25
INB00034,SUP014,HUB-DEL,SKU0265,80,2022-04-20,2022-04-25
INB00034,SUP014,HUB-DEL,SKU0464,64,2022-04-21,2022-04-25
INB00034,SUP014,HUB-DEL,SKU0487,64,2022-04-21,2022-04-25
INB00035,SUP016,HUB-BLR,SKU0004,122,2022-04-22,2022-04-25
INB00035,SUP016,HUB-BLR,SKU0299,111,2022-04-22,2022-04-25
INB00034,SUP014,HUB-DEL,SKU0141,64,2022-04-24,2022-04-26
INB00035,SUP016,HUB-BLR,SKU0112,120,2022-04-21,2022-04-26
INB00035,SUP016,HUB-BLR,SKU0248,94,2022-04-22,2022-04-26
INB00035,SUP016,HUB-BLR,SKU0383,118,2022-04-21,2022-04-26
INB00035,SUP016,HUB-BLR,SKU0450,111,2022-04-21,2022-04-26
INB00036,SUP009,HUB-BOM,SKU0189,39,2022-04-26,2022-04-26
INB00034,SUP014,HUB-DEL,SKU0382,79,2022-04-22,2022-04-27
INB00035,SUP016,HUB-BLR,SKU0023,96,2022-04-27,2022-04-27
INB00035,SUP016,HUB-BLR,SKU0061,97,2022-04-24,2022-04-27
INB00035,SUP016,HUB-BLR,SKU0242,101,2022-04-25,2022-04-27
INB00035,SUP016,HUB-BLR,SKU0357,93,2022-04-24,2022-04-27
INB00035,SUP016,HUB-BLR,SKU0454,119,2022-04-23,2022-04-27
INB00035,SUP016,HUB-BLR,SKU0475,105,2022-04-27,2022-04-27
INB00036,SUP009,HUB-BOM,SKU0473,46,2022-04-22,2022-04-27
INB00035,SUP016,HUB-BLR,SKU0041,125,2022-04-27,2022-04-28
INB00035,SUP016,HUB-BLR,SKU0091,94,2022-04-23,2022-04-28
INB00035,SUP016,HUB-BLR,SKU0185,103,2022-04-23,2022-04-28
INB00035,SUP016,HUB-BLR,SKU0206,124,2022-04-28,2022-04-28
INB00035,SUP016,HUB-BLR,SKU0405,104,2022-04-23,2022-04-28
INB00034,SUP014,HUB-DEL,SKU0115,63,2022-04-29,2022-04-29
INB00034,SUP014,HUB-DEL,SKU0449,60,2022-04-29,2022-04-29
INB00035,SUP016,HUB-BLR,SKU0167,108,2022-04-27,2022-04-29
INB00035,SUP016,HUB-BLR,SKU0305,138,2022-04-29,2022-04-29
INB00035,SUP016,HUB-BLR,SKU0361,113,2022-04-27,2022-04-29
INB00035,SUP016,HUB-BLR,SKU0369,102,2022-04-26,2022-04-29
INB00035,SUP016,HUB-BLR,SKU0480,123,2022-04-27,2022-04-29
INB00035,SUP016,HUB-BLR,SKU0492,102,2022-04-26,2022-04-29
INB00035,SUP016,HUB-BLR,SKU0283,98,2022-04-25,2022-04-30
INB00036,SUP009,HUB-BOM,SKU0136,41,2022-04-26,2022-04-30
INB00034,SUP014,HUB-DEL,SKU0386,68,2022-04-29,2022-05-01
INB00036,SUP009,HUB-BOM,SKU0085,47,2022-04-26,2022-05-01
INB00036,SUP009,HUB-BOM,SKU0209,39,2022-05-01,2022-05-01
INB00036,SUP009,HUB-BOM,SKU0330,40,2022-04-27,2022-05-01
INB00035,SUP016,HUB-BLR,SKU0472,105,2022-04-28,2022-05-02
INB00036,SUP009,HUB-BOM,SKU0009,42,2022-04-30,2022-05-02
INB00036,SUP009,HUB-BOM,SKU0159,39,2022-04-29,2022-05-02
INB00036,SUP009,HUB-BOM,SKU0496,47,2022-04-29,2022-05-02
INB00036,SUP009,HUB-BOM,SKU0193,39,2022-05-01,2022-05-03
INB00037,SUP014,HUB-DEL,SKU0128,90,2022-04-30,2022-05-04
INB00037,SUP014,HUB-DEL,SKU0328,57,2022-05-03,2022-05-04
INB00037,SUP014,HUB-DEL,SKU0447,58,2022-05-03,2022-05-04
INB00037,SUP014,HUB-DEL,SKU0027,74,2022-05-04,2022-05-05
INB00037,SUP014,HUB-DEL,SKU0157,76,2022-05-02,2022-05-05
INB00037,SUP014,HUB-DEL,SKU0426,63,2022-05-02,2022-05-05
INB00038,SUP003,HUB-BLR,SKU0162,108,2022-05-03,2022-05-05
INB00037,SUP014,HUB-DEL,SKU0053,65,2022-05-02,2022-05-06
INB00037,SUP014,HUB-DEL,SKU0057,64,2022-05-03,2022-05-06
INB00037,SUP014,HUB-DEL,SKU0478,75,2022-05-05,2022-05-06
INB00038,SUP003,HUB-BLR,SKU0169,98,2022-05-05,2022-05-06
INB00039,SUP006,HUB-BOM,SKU0302,41,2022-05-01,2022-05-06
INB00037,SUP014,HUB-DEL,SKU0144,78,2022-05-04,2022-05-07
INB00038,SUP003,HUB-BLR,SKU0012,136,2022-05-04,2022-05-07
INB00038,SUP003,HUB-BLR,SKU0099,123,2022-05-06,2022-05-07
INB00038,SUP003,HUB-BLR,SKU0109,109,2022-05-03,2022-05-07
INB00038,SUP003,HUB-BLR,SKU0201,98,2022-05-05,2022-05-07
INB00038,SUP003,HUB-BLR,SKU0217,99,2022-05-04,2022-05-07
INB00038,SUP003,HUB-BLR,SKU0335,98,2022-05-07,2022-05-07
INB00038,SUP003,HUB-BLR,SKU0409,98,2022-05-05,2022-05-07
INB00038,SUP003,HUB-BLR,SKU0430,119,2022-05-04,2022-05-07
INB00038,SUP003,HUB-BLR,SKU0489,99,2022-05-07,2022-05-07
INB00037,SUP014,HUB-DEL,SKU0046,65,2022-05-06,2022-05-08
INB00037,SUP014,HUB-DEL,SKU0208,67,2022-05-07,2022-05-08
INB00037,SUP014,HUB-DEL,SKU0212,85,2022-05-03,2022-05-08
INB00037,SUP014,HUB-DEL,SKU0245,77,2022-05-06,2022-05-08
INB00037,SUP014,HUB-DEL,SKU0417,90,2022-05-03,2022-05-08
INB00037,SUP014,HUB-DEL,SKU0499,87,2022-05-07,2022-05-08
INB00038,SUP003,HUB-BLR,SKU0205,105,2022-05-05,2022-05-08
INB00038,SUP003,HUB-BLR,SKU0211,122,2022-05-04,2022-05-08
INB00038,SUP003,HUB-BLR,SKU0222,112,2022-05-06,2022-05-08
INB00038,SUP003,HUB-BLR,SKU0377,116,2022-05-05,2022-05-08
INB00038,SUP003,HUB-BLR,SKU0445,99,2022-05-03,2022-05-08
INB00039,SUP006,HUB-BOM,SKU0028,38,2022-05-05,2022-05-08
INB00037,SUP014,HUB-DEL,SKU0379,71,2022-05-07,2022-05-09
INB00038,SUP003,HUB-BLR,SKU0105,118,2022-05-08,2022-05-09
INB00038,SUP003,HUB-BLR,SKU0145,123,2022-05-04,2022-05-09
INB00038,SUP003,HUB-BLR,SKU0156,115,2022-05-06,2022-05-09
INB00038,SUP003,HUB-BLR,SKU0227,100,2022-05-05,2022-05-09
INB00038,SUP003,HUB-BLR,SKU0232,114,2022-05-08,2022-05-09
INB00038,SUP003,HUB-BLR,SKU0247,171,2022-05-09,2022-05-09
INB00038,SUP003,HUB-BLR,SKU0313,125,2022-05-07,2022-05-09
INB00038,SUP003,HUB-BLR,SKU0322,96,2022-05-05,2022-05-09
INB00038,SUP003,HUB-BLR,SKU0354,99,2022-05-04,2022-05-09
INB00038,SUP003,HUB-BLR,SKU0366,116,2022-05-06,2022-05-09
INB00039,SUP006,HUB-BOM,SKU0058,39,2022-05-07,2022-05-09
INB00039,SUP006,HUB-BOM,SKU0216,43,2022-05-07,2022-05-09
INB00039,SUP006,HUB-BOM,SKU0252,38,2022-05-08,2022-05-09
INB00039,SUP006,HUB-BOM,SKU0411,39,2022-05-09,2022-05-09
INB00037,SUP014,HUB-DEL,SKU0308,67,2022-05-07,2022-05-10
INB00038,SUP003,HUB-BLR,SKU0074,101,2022-05-10,2022-05-10
INB00038,SUP003,HUB-BLR,SKU0101,104,2022-05-09,2022-05-10
INB00038,SUP003,HUB-BLR,SKU0130,103,2022-05-08,2022-05-10
INB00038,SUP003,HUB-BLR,SKU0182,96,2022-05-09,2022-05-10
INB00038,SUP003,HUB-BLR,SKU0479,98,2022-05-08,2022-05-10
INB00039,SUP006,HUB-BOM,SKU0415,45,2022-05-06,2022-05-10
INB00038,SUP003,HUB-BLR,SKU0368,93,2022-05-11,2022-05-11
INB00038,SUP003,HUB-BLR,SKU0388,100,2022-05-08,2022-05-11
INB00038,SUP003,HUB-BLR,SKU0423,102,2022-05-06,2022-05-11
INB00039,SUP006,HUB-BOM,SKU0380,43,2022-05-08,2022-05-11
INB00039,SUP006,HUB-BOM,SKU0452,46,2022-05-07,2022-05-11
INB00039,SUP006,HUB-BOM,SKU0471,38,2022-05-06,2022-05-11
INB00039,SUP006,HUB-BOM,SKU0391,37,2022-05-07,2022-05-12
INB00038,SUP003,HUB-BLR,SKU0143,111,2022-05-09,2022-05-13
INB00039,SUP006,HUB-BOM,SKU0263,46,2022-05-11,2022-05-15
INB00040,SUP012,HUB-DEL,SKU0133,64,2022-05-12,2022-05-15
INB00040,SUP012,HUB-DEL,SKU0316,66,2022-05-11,2022-05-15
INB00040,SUP012,HUB-DEL,SKU0078,62,2022-05-14,2022-05-16
INB00040,SUP012,HUB-DEL,SKU0306,73,2022-05-11,2022-05-16
INB00040,SUP012,HUB-DEL,SKU0453,69,2022-05-12,2022-05-16
INB00041,SUP003,HUB-BLR,SKU0044,97,2022-05-14,2022-05-16
INB00040,SUP012,HUB-DEL,SKU0281,60,2022-05-13,2022-05-17
INB00040,SUP012,HUB-DEL,SKU0289,75,2022-05-17,2022-05-17
INB00040,SUP012,HUB-DEL,SKU0346,65,2022-05-12,2022-05-17
INB00040,SUP012,HUB-DEL,SKU0412,59,2022-05-15,2022-05-17
INB00040,SUP012,HUB-DEL,SKU0498,68,2022-05-16,2022-05-17
INB00041,SUP003,HUB-BLR,SKU0466,109,2022-05-15,2022-05-17
INB00041,SUP003,HUB-BLR,SKU0018,115,2022-05-14,2022-05-18
INB00041,SUP003,HUB-BLR,SKU0309,95,2022-05-18,2022-05-18
INB00041,SUP003,HUB-BLR,SKU0329,123,2022-05-16,2022-05-18
INB00041,SUP003,HUB-BLR,SKU0404,98,2022-05-15,2022-05-18
INB00040,SUP012,HUB-DEL,SKU0267,85,2022-05-17,2022-05-19
INB00041,SUP003,HUB-BLR,SKU0016,109,2022-05-16,2022-05-19
INB00041,SUP003,HUB-BLR,SKU0021,106,2022-05-18,2022-05-19
INB00041,SUP003,HUB-BLR,SKU0079,111,2022-05-17,2022-05-19
INB00041,SUP003,HUB-BLR,SKU0120,126,2022-05-15,2022-05-19
INB00041,SUP003,HUB-BLR,SKU0132,97,2022-05-14,2022-05-19
INB00041,SUP003,HUB-BLR,SKU0165,122,2022-05-19,2022-05-19
INB00041,SUP003,HUB-BLR,SKU0203,104,2022-05-16,2022-05-19
INB00041,SUP003,HUB-BLR,SKU0234,104,2022-05-18,2022-05-19
INB00041,SUP003,HUB-BLR,SKU0303,105,2022-05-16,2022-05-19
INB00041,SUP003,HUB-BLR,SKU0336,109,2022-05-16,2022-05-19
INB00041,SUP003,HUB-BLR,SKU0413,95,2022-05-14,2022-05-19
INB00041,SUP003,HUB-BLR,SKU0441,110,2022-05-19,2022-05-19
INB00040,SUP012,HUB-DEL,SKU0095,58,2022-05-17,2022-05-20
INB00041,SUP003,HUB-BLR,SKU0065,112,2022-05-17,2022-05-20
INB00041,SUP003,HUB-BLR,SKU0069,118,2022-05-15,2022-05-20
INB00041,SUP003,HUB-BLR,SKU0082,111,2022-05-19,2022-05-20
INB00041,SUP003,HUB-BLR,SKU0166,104,2022-05-19,2022-05-20
INB00041,SUP003,HUB-BLR,SKU0224,117,2022-05-15,2022-05-20
INB00041,SUP003,HUB-BLR,SKU0237,93,2022-05-19,2022-05-20
INB00041,SUP003,HUB-BLR,SKU0251,117,2022-05-20,2022-05-20
INB00041,SUP003,HUB-BLR,SKU0304,110,2022-05-16,2022-05-20
INB00041,SUP003,HUB-BLR,SKU0332,99,2022-05-18,2022-05-20
INB00041,SUP003,HUB-BLR,SKU0394,116,2022-05-20,2022-05-20
INB00041,SUP003,HUB-BLR,SKU0460,114,2022-05-18,2022-05-20
INB00042,SUP002,HUB-BOM,SKU0088,40,2022-05-19,2022-05-20
INB00042,SUP002,HUB-BOM,SKU0164,38,2022-05-15,2022-05-20
INB00042,SUP002,HUB-BOM,SKU0483,37,2022-05-16,2022-05-20
INB00041,SUP003,HUB-BLR,SKU0033,106,2022-05-18,2022-05-21
INB00041,SUP003,HUB-BLR,SKU0175,126,2022-05-18,2022-05-21
INB00041,SUP003,HUB-BLR,SKU0385,95,2022-05-16,2022-05-21
INB00042,SUP002,HUB-BOM,SKU0443,41,2022-05-18,2022-05-21
INB00042,SUP002,HUB-BOM,SKU0476,54,2022-05-16,2022-05-21
INB00041,SUP003,HUB-BLR,SKU0158,105,2022-05-17,2022-05-22
INB00041,SUP003,HUB-BLR,SKU0433,103,2022-05-22,2022-05-22
INB00042,SUP002,HUB-BOM,SKU0275,54,2022-05-17,2022-05-22
INB00042,SUP002,HUB-BOM,SKU0300,39,2022-05-17,2022-05-22
INB00041,SUP003,HUB-BLR,SKU0140,118,2022-05-18,2022-05-23
INB00041,SUP003,HUB-BLR,SKU0197,99,2022-05-18,2022-05-23
INB00042,SUP002,HUB-BOM,SKU0260,43,2022-05-20,2022-05-23
INB00042,SUP002,HUB-BOM,SKU0465,57,2022-05-21,2022-05-23
INB00041,SUP003,HUB-BLR,SKU0271,101,2022-05-24,2022-05-24
INB00043,SUP014,HUB-DEL,SKU0011,74,2022-05-21,2022-05-24
INB00043,SUP014,HUB-DEL,SKU0356,64,2022-05-20,2022-05-24
INB00043,SUP014,HUB-DEL,SKU0039,73,2022-05-24,2022-05-25
INB00043,SUP014,HUB-DEL,SKU0057,66,2022-05-22,2022-05-25
INB00043,SUP014,HUB-DEL,SKU0184,72,2022-05-21,2022-05-25
INB00043,SUP014,HUB-DEL,SKU0341,84,2022-05-23,2022-05-25
INB00043,SUP014,HUB-DEL,SKU0427,63,2022-05-20,2022-05-25
INB00043,SUP014,HUB-DEL,SKU0463,76,2022-05-24,2022-05-25
INB00043,SUP014,HUB-DEL,SKU0111,66,2022-05-25,2022-05-26
INB00044,SUP002,HUB-BOM,SKU0054,41,2022-05-21,2022-05-26
INB00043,SUP014,HUB-DEL,SKU0042,74,2022-05-25,2022-05-27
INB00043,SUP014,HUB-DEL,SKU0062,59,2022-05-27,2022-05-27
INB00043,SUP014,HUB-DEL,SKU0225,78,2022-05-27,2022-05-27
INB00043,SUP014,HUB-DEL,SKU0249,89,2022-05-27,2022-05-27
INB00043,SUP014,HUB-DEL,SKU0325,67,2022-05-23,2022-05-27
INB00043,SUP014,HUB-DEL,SKU0376,62,2022-05-22,2022-05-27
INB00044,SUP002,HUB-BOM,SKU0181,39,2022-05-26,2022-05-27
INB00044,SUP002,HUB-BOM,SKU0228,40,2022-05-26,2022-05-27
INB00045,SUP003,HUB-BLR,SKU0148,110,2022-05-23,2022-05-27
INB00045,SUP003,HUB-BLR,SKU0291,114,2022-05-25,2022-05-27
INB00043,SUP014,HUB-DEL,SKU0027,71,2022-05-26,2022-05-28
INB00043,SUP014,HUB-DEL,SKU0029,70,2022-05-25,2022-05-28
INB00043,SUP014,HUB-DEL,SKU0060,58,2022-05-26,2022-05-28
INB00043,SUP014,HUB-DEL,SKU0215,72,2022-05-25,2022-05-28
INB00043,SUP014,HUB-DEL,SKU0233,64,2022-05-27,2022-05-28
INB00044,SUP002,HUB-BOM,SKU0347,45,2022-05-28,2022-05-28
INB00045,SUP003,HUB-BLR,SKU0051,117,2022-05-27,2022-05-28
INB00045,SUP003,HUB-BLR,SKU0333,164,2022-05-24,2022-05-28
INB00045,SUP003,HUB-BLR,SKU0359,106,2022-05-24,2022-05-28
INB00043,SUP014,HUB-DEL,SKU0002,71,2022-05-29,2022-05-29
INB00043,SUP014,HUB-DEL,SKU0007,117,2022-05-29,2022-05-29
INB00043,SUP014,HUB-DEL,SKU0030,76,2022-05-24,2022-05-29
INB00043,SUP014,HUB-DEL,SKU0138,75,2022-05-27,2022-05-29
INB00043,SUP014,HUB-DEL,SKU0487,64,2022-05-26,2022-05-29
INB00044,SUP002,HUB-BOM,SKU0028,41,2022-05-28,2022-05-29
INB00044,SUP002,HUB-BOM,SKU0161,44,2022-05-24,2022-05-29
INB00044,SUP002,HUB-BOM,SKU0279,55,2022-05-29,2022-05-29
INB00044,SUP002,HUB-BOM,SKU0350,46,2022-05-29,2022-05-29
INB00044,SUP002,HUB-BOM,SKU0434,39,2022-05-26,2022-05-29
INB00045,SUP003,HUB-BLR,SKU0091,103,2022-05-25,2022-05-29
INB00045,SUP003,HUB-BLR,SKU0094,93,2022-05-25,2022-05-29
INB00045,SUP003,HUB-BLR,SKU0239,105,2022-05-24,2022-05-29
INB00043,SUP014,HUB-DEL,SKU0187,70,2022-05-26,2022-05-30
INB00045,SUP003,HUB-BLR,SKU0026,139,2022-05-27,2022-05-30
INB00045,SUP003,HUB-BLR,SKU0063,100,2022-05-26,2022-05-30
INB00045,SUP003,HUB-BLR,SKU0099,95,2022-05-27,2022-05-30
INB00045,SUP003,HUB-BLR,SKU0236,110,2022-05-30,2022-05-30
INB00045,SUP003,HUB-BLR,SKU0324,107,2022-05-29,2022-05-30
INB00045,SUP003,HUB-BLR,SKU0407,111,2022-05-30,2022-05-30
INB00045,SUP003,HUB-BLR,SKU0458,100,2022-05-29,2022-05-30
INB00045,SUP003,HUB-BLR,SKU0486,114,2022-05-29,2022-05-30
INB00045,SUP003,HUB-BLR,SKU0488,108,2022-05-27,2022-05-30
INB00043,SUP014,HUB-DEL,SKU0052,68,2022-05-30,2022-05-31
INB00044,SUP002,HUB-BOM,SKU0176,43,2022-05-27,2022-05-31
INB00045,SUP003,HUB-BLR,SKU0050,101,2022-05-29,2022-05-31
INB00045,SUP003,HUB-BLR,SKU0269,99,2022-05-26,2022-05-31
INB00045,SUP003,HUB-BLR,SKU0294,93,2022-05-26,2022-05-31
INB00045,SUP003,HUB-BLR,SKU0323,96,2022-05-31,2022-05-31
INB00045,SUP003,HUB-BLR,SKU0495,93,2022-05-30,2022-05-31
INB00045,SUP003,HUB-BLR,SKU0500,102,2022-05-28,2022-05-31
INB00044,SUP002,HUB-BOM,SKU0292,49,2022-05-31,2022-06-01
INB00045,SUP003,HUB-BLR,SKU0288,95,2022-05-27,2022-06-01
INB00044,SUP002,HUB-BOM,SKU0151,39,2022-05-30,2022-06-02
INB00045,SUP003,HUB-BLR,SKU0232,97,2022-05-30,2022-06-02
INB00045,SUP003,HUB-BLR,SKU0295,93,2022-05-28,2022-06-02
INB00045,SUP003,HUB-BLR,SKU0371,102,2022-05-30,2022-06-02
INB00046,SUP012,HUB-DEL,SKU0053,66,2022-05-31,2022-06-03
INB00046,SUP012,HUB-DEL,SKU0439,58,2022-06-03,2022-06-03
INB00045,SUP003,HUB-BLR,SKU0270,97,2022-05-31,2022-06-04
INB00046,SUP012,HUB-DEL,SKU0080,68,2022-06-03,2022-06-04
INB00046,SUP012,HUB-DEL,SKU0125,71,2022-06-02,2022-06-04
INB00046,SUP012,HUB-DEL,SKU0157,59,2022-05-31,2022-06-04
INB00046,SUP012,HUB-DEL,SKU0149,69,2022-05-31,2022-06-05
INB00046,SUP012,HUB-DEL,SKU0208,58,2022-06-05,2022-06-05
INB00046,SUP012,HUB-DEL,SKU0424,69,2022-05-31,2022-06-05
INB00046,SUP012,HUB-DEL,SKU0464,66,2022-05-31,2022-06-05
INB00047,SUP009,HUB-BOM,SKU0319,38,2022-06-02,2022-06-05
INB00046,SUP012,HUB-DEL,SKU0046,64,2022-06-06,2022-06-06
INB00046,SUP012,HUB-DEL,SKU0221,77,2022-06-05,2022-06-06
INB00046,SUP012,HUB-DEL,SKU0399,67,2022-06-02,2022-06-06
INB00046,SUP012,HUB-DEL,SKU0447,59,2022-06-06,2022-06-06
INB00046,SUP012,HUB-DEL,SKU0100,60,2022-06-07,2022-06-07
INB00046,SUP012,HUB-DEL,SKU0134,93,2022-06-02,2022-06-07
INB00046,SUP012,HUB-DEL,SKU0240,66,2022-06-06,2022-06-07
INB00046,SUP012,HUB-DEL,SKU0265,65,2022-06-07,2022-06-07
INB00046,SUP012,HUB-DEL,SKU0321,81,2022-06-06,2022-06-07
INB00046,SUP012,HUB-DEL,SKU0499,73,2022-06-03,2022-06-07
INB00047,SUP009,HUB-BOM,SKU0174,40,2022-06-06,2022-06-07
INB00047,SUP009,HUB-BOM,SKU0210,38,2022-06-06,2022-06-07
INB00048,SUP003,HUB-BLR,SKU0038,131,2022-06-02,2022-06-07
INB00046,SUP012,HUB-DEL,SKU0144,60,2022-06-03,2022-06-08
INB00046,SUP012,HUB-DEL,SKU0196,57,2022-06-06,2022-06-08
INB00046,SUP012,HUB-DEL,SKU0202,64,2022-06-04,2022-06-08
INB00046,SUP012,HUB-DEL,SKU0231,81,2022-06-03,2022-06-08
INB00046,SUP012,HUB-DEL,SKU0277,59,2022-06-07,2022-06-08
INB00046,SUP012,HUB-DEL,SKU0398,61,2022-06-07,2022-06-08
INB00046,SUP012,HUB-DEL,SKU0449,73,2022-06-04,2022-06-08
INB00047,SUP009,HUB-BOM,SKU0146,45,2022-06-06,2022-06-08
INB00047,SUP009,HUB-BOM,SKU0154,44,2022-06-03,2022-06-08
INB00047,SUP009,HUB-BOM,SKU0218,44,2022-06-04,2022-06-08
INB00048,SUP003,HUB-BLR,SKU0005,120,2022-06-06,2022-06-08
INB00048,SUP003,HUB-BLR,SKU0035,116,2022-06-03,2022-06-08
INB00048,SUP003,HUB-BLR,SKU0073,129,2022-06-08,2022-06-08
INB00048,SUP003,HUB-BLR,SKU0179,109,2022-06-07,2022-06-08
INB00048,SUP003,HUB-BLR,SKU0201,100,2022-06-04,2022-06-08
INB00048,SUP003,HUB-BLR,SKU0345,97,2022-06-06,2022-06-08
INB00048,SUP003,HUB-BLR,SKU0367,99,2022-06-08,2022-06-08
INB00048,SUP003,HUB-BLR,SKU0093,96,2022-06-07,2022-06-09
INB00048,SUP003,HUB-BLR,SKU0320,105,2022-06-08,2022-06-09
INB00048,SUP003,HUB-BLR,SKU0348,96,2022-06-08,2022-06-09
INB00046,SUP012,HUB-DEL,SKU0188,66,2022-06-07,2022-06-10
INB00047,SUP009,HUB-BOM,SKU0252,52,2022-06-06,2022-06-10
INB00047,SUP009,HUB-BOM,SKU0302,37,2022-06-05,2022-06-10
INB00047,SUP009,HUB-BOM,SKU0411,37,2022-06-10,2022-06-10
INB00047,SUP009,HUB-BOM,SKU0456,40,2022-06-10,2022-06-10
INB00048,SUP003,HUB-BLR,SKU0072,107,2022-06-05,2022-06-10
INB00048,SUP003,HUB-BLR,SKU0198,104,2022-06-08,2022-06-10
INB00048,SUP003,HUB-BLR,SKU0217,96,2022-06-09,2022-06-10
INB00048,SUP003,HUB-BLR,SKU0290,121,2022-06-05,2022-06-10
INB00048,SUP003,HUB-BLR,SKU0360,116,2022-06-08,2022-06-10
INB00048,SUP003,HUB-BLR,SKU0397,106,2022-06-06,2022-06-10
INB00048,SUP003,HUB-BLR,SKU0401,115,2022-06-09,2022-06-10
INB00048,SUP003,HUB-BLR,SKU0445,95,2022-06-05,2022-06-10
INB00048,SUP003,HUB-BLR,SKU0484,97,2022-06-10,2022-06-10
INB00047,SUP009,HUB-BOM,SKU0473,42,2022-06-07,2022-06-11
INB00048,SUP003,HUB-BLR,SKU0089,98,2022-06-10,2022-06-11
INB00048,SUP003,HUB-BLR,SKU0227,101,2022-06-08,2022-06-11
INB00048,SUP003,HUB-BLR,SKU0305,103,2022-06-08,2022-06-11
INB00048,SUP003,HUB-BLR,SKU0344,116,2022-06-11,2022-06-11
INB00048,SUP003,HUB-BLR,SKU0454,99,2022-06-06,2022-06-11
INB00047,SUP009,HUB-BOM,SKU0471,40,2022-06-11,2022-06-12
INB00048,SUP003,HUB-BLR,SKU0122,114,2022-06-07,2022-06-12
INB00048,SUP003,HUB-BLR,SKU0192,109,2022-06-09,2022-06-12
INB00048,SUP003,HUB-BLR,SKU0242,94,2022-06-08,2022-06-12
INB00048,SUP003,HUB-BLR,SKU0362,101,2022-06-12,2022-06-12
INB00048,SUP003,HUB-BLR,SKU0444,118,2022-06-07,2022-06-12
INB00048,SUP003,HUB-BLR,SKU0475,125,2022-06-08,2022-06-12
INB00046,SUP012,HUB-DEL,SKU0297,91,2022-06-11,2022-06-13
INB00048,SUP003,HUB-BLR,SKU0145,93,2022-06-10,2022-06-13
INB00048,SUP003,HUB-BLR,SKU0248,121,2022-06-12,2022-06-13
INB00048,SUP003,HUB-BLR,SKU0450,101,2022-06-13,2022-06-13
INB00048,SUP003,HUB-BLR,SKU0419,98,2022-06-10,2022-06-14
INB00049,SUP006,HUB-BOM,SKU0392,43,2022-06-15,2022-06-15
INB00049,SUP006,HUB-BOM,SKU0083,39,2022-06-13,2022-06-16
INB00049,SUP006,HUB-BOM,SKU0402,38,2022-06-12,2022-06-16
INB00049,SUP006,HUB-BOM,SKU0009,38,2022-06-13,2022-06-17
INB00049,SUP006,HUB-BOM,SKU0090,48,2022-06-13,2022-06-17
INB00049,SUP006,HUB-BOM,SKU0209,38,2022-06-13,2022-06-17
INB00049,SUP006,HUB-BOM,SKU0280,37,2022-06-13,2022-06-17
INB00049,SUP006,HUB-BOM,SKU0380,41,2022-06-12,2022-06-17
INB00049,SUP006,HUB-BOM,SKU0432,45,2022-06-16,2022-06-17
INB00049,SUP006,HUB-BOM,SKU0448,38,2022-06-12,2022-06-17
INB00050,SUP013,HUB-DEL,SKU0003,70,2022-06-16,2022-06-17
INB00050,SUP013,HUB-DEL,SKU0075,64,2022-06-16,2022-06-17
INB00050,SUP013,HUB-DEL,SKU0426,63,2022-06-17,2022-06-17
INB00051,SUP016,HUB-BLR,SKU0013,94,2022-06-12,2022-06-17
INB00051,SUP016,HUB-BLR,SKU0101,101,2022-06-17,2022-06-17
INB00051,SUP016,HUB-BLR,SKU0137,99,2022-06-14,2022-06-17
INB00051,SUP016,HUB-BLR,SKU0326,121,2022-06-13,2022-06-17
INB00051,SUP016,HUB-BLR,SKU0405,102,2022-06-16,2022-06-17
INB00049,SUP006,HUB-BOM,SKU0025,41,2022-06-16,2022-06-18
INB00049,SUP006,HUB-BOM,SKU0337,39,2022-06-18,2022-06-18
INB00049,SUP006,HUB-BOM,SKU0358,49,2022-06-16,2022-06-18
INB00049,SUP006,HUB-BOM,SKU0452,40,2022-06-15,2022-06-18
INB00050,SUP013,HUB-DEL,SKU0008,62,2022-06-15,2022-06-18
INB00050,SUP013,HUB-DEL,SKU0017,67,2022-06-14,2022-06-18
INB00050,SUP013,HUB-DEL,SKU0078,77,2022-06-18,2022-06-18
INB00050,SUP013,HUB-DEL,SKU0117,93,2022-06-13,2022-06-18
INB00049,SUP006,HUB-BOM,SKU0159,38,2022-06-19,2022-06-19
INB00049,SUP006,HUB-BOM,SKU0216,42,2022-06-17,2022-06-19
INB00050,SUP013,HUB-DEL,SKU0086,75,2022-06-15,2022-06-19
INB00050,SUP013,HUB-DEL,SKU0138,97,2022-06-18,2022-06-19
INB00050,SUP013,HUB-DEL,SKU0253,58,2022-06-19,2022-06-19
INB00050,SUP013,HUB-DEL,SKU0256,61,2022-06-15,2022-06-19
INB00050,SUP013,HUB-DEL,SKU0301,63,2022-06-19,2022-06-19
INB00050,SUP013,HUB-DEL,SKU0318,63,2022-06-17,2022-06-19
INB00050,SUP013,HUB-DEL,SKU0342,79,2022-06-18,2022-06-19
INB00050,SUP013,HUB-DEL,SKU0422,59,2022-06-19,2022-06-19
INB00051,SUP016,HUB-BLR,SKU0071,107,2022-06-15,2022-06-19
INB00051,SUP016,HUB-BLR,SKU0385,113,2022-06-16,2022-06-19
INB00049,SUP006,HUB-BOM,SKU0180,38,2022-06-15,2022-06-20
INB00049,SUP006,HUB-BOM,SKU0338,37,2022-06-16,2022-06-20
INB00049,SUP006,HUB-BOM,SKU0415,40,2022-06-18,2022-06-20
INB00050,SUP013,HUB-DEL,SKU0115,63,2022-06-15,2022-06-20
INB00050,SUP013,HUB-DEL,SKU0204,60,2022-06-19,2022-06-20
INB00050,SUP013,HUB-DEL,SKU0207,70,2022-06-18,2022-06-20
INB00050,SUP013,HUB-DEL,SKU0298,71,2022-06-16,2022-06-20
INB00050,SUP013,HUB-DEL,SKU0306,65,2022-06-20,2022-06-20
INB00050,SUP013,HUB-DEL,SKU0386,57,2022-06-17,2022-06-20
INB00050,SUP013,HUB-DEL,SKU0442,76,2022-06-15,2022-06-20
INB00051,SUP016,HUB-BLR,SKU0183,111,2022-06-15,2022-06-20
INB00051,SUP016,HUB-BLR,SKU0185,94,2022-06-17,2022-06-20
INB00051,SUP016,HUB-BLR,SKU0283,101,2022-06-16,2022-06-20
INB00051,SUP016,HUB-BLR,SKU0335,146,2022-06-16,2022-06-20
INB00051,SUP016,HUB-BLR,SKU0369,108,2022-06-20,2022-06-20
INB00049,SUP006,HUB-BOM,SKU0170,40,2022-06-19,2022-06-21
INB00049,SUP006,HUB-BOM,SKU0193,39,2022-06-16,2022-06-21
INB00050,SUP013,HUB-DEL,SKU0102,70,2022-06-21,2022-06-21
INB00050,SUP013,HUB-DEL,SKU0128,65,2022-06-18,2022-06-21
INB00050,SUP013,HUB-DEL,SKU0328,88,2022-06-18,2022-06-21
INB00050,SUP013,HUB-DEL,SKU0376,74,2022-06-16,2022-06-21
INB00050,SUP013,HUB-DEL,SKU0463,69,2022-06-16,2022-06-21
INB00051,SUP016,HUB-BLR,SKU0285,95,2022-06-20,2022-06-21
INB00051,SUP016,HUB-BLR,SKU0404,108,2022-06-19,2022-06-21
INB00051,SUP016,HUB-BLR,SKU0429,124,2022-06-20,2022-06-21
INB00051,SUP016,HUB-BLR,SKU0479,98,2022-06-17,2022-06-21
INB00050,SUP013,HUB-DEL,SKU0194,63,2022-06-22,2022-06-22
INB00050,SUP013,HUB-DEL,SKU0233,75,2022-06-18,2022-06-22
INB00050,SUP013,HUB-DEL,SKU0417,58,2022-06-21,2022-06-22
INB00051,SUP016,HUB-BLR,SKU0172,95,2022-06-17,2022-06-22
INB00051,SUP016,HUB-BLR,SKU0175,106,2022-06-22,2022-06-22
INB00051,SUP016,HUB-BLR,SKU0229,110,2022-06-17,2022-06-22
INB00051,SUP016,HUB-BLR,SKU0357,113,2022-06-20,2022-06-22
INB00050,SUP013,HUB-DEL,SKU0286,67,2022-06-22,2022-06-23
INB00050,SUP013,HUB-DEL,SKU0308,62,2022-06-19,2022-06-23
INB00050,SUP013,HUB-DEL,SKU0462,64,2022-06-18,2022-06-23
INB00051,SUP016,HUB-BLR,SKU0169,95,2022-06-18,2022-06-23
INB00051,SUP016,HUB-BLR,SKU0409,107,2022-06-20,2022-06-23
INB00050,SUP013,HUB-DEL,SKU0390,68,2022-06-21,2022-06-24
INB00051,SUP016,HUB-BLR,SKU0258,109,2022-06-19,2022-06-24
INB00052,SUP001,HUB-BOM,SKU0136,37,2022-06-20,2022-06-24
INB00052,SUP001,HUB-BOM,SKU0160,39,2022-06-22,2022-06-25
INB00052,SUP001,HUB-BOM,SKU0263,40,2022-06-21,2022-06-25
INB00052,SUP001,HUB-BOM,SKU0300,37,2022-06-26,2022-06-26
INB00052,SUP001,HUB-BOM,SKU0331,45,2022-06-25,2022-06-26
INB00052,SUP001,HUB-BOM,SKU0085,45,2022-06-26,2022-06-27
INB00052,SUP001,HUB-BOM,SKU0330,37,2022-06-24,2022-06-27
INB00052,SUP001,HUB-BOM,SKU0350,40,2022-06-25,2022-06-27
INB00053,SUP013,HUB-DEL,SKU0027,63,2022-06-25,2022-06-27
INB00053,SUP013,HUB-DEL,SKU0036,70,2022-06-22,2022-06-27
INB00053,SUP013,HUB-DEL,SKU0092,63,2022-06-25,2022-06-27
INB00053,SUP013,HUB-DEL,SKU0133,74,2022-06-27,2022-06-27
INB00053,SUP013,HUB-DEL,SKU0459,60,2022-06-26,2022-06-27
INB00054,SUP018,HUB-BLR,SKU0050,96,2022-06-26,2022-06-27
INB00054,SUP018,HUB-BLR,SKU0309,103,2022-06-23,2022-06-27
INB00054,SUP018,HUB-BLR,SKU0366,101,2022-06-22,2022-06-27
INB00054,SUP018,HUB-BLR,SKU0472,108,2022-06-24,2022-06-27
INB00053,SUP013,HUB-DEL,SKU0277,77,2022-06-28,2022-06-28
INB00053,SUP013,HUB-DEL,SKU0393,67,2022-06-27,2022-06-28
INB00053,SUP013,HUB-DEL,SKU0498,62,2022-06-23,2022-06-28
INB00054,SUP018,HUB-BLR,SKU0081,124,2022-06-26,2022-06-28
INB00054,SUP018,HUB-BLR,SKU0244,106,2022-06-25,2022-06-28
INB00054,SUP018,HUB-BLR,SKU0492,110,2022-06-24,2022-06-28
INB00053,SUP013,HUB-DEL,SKU0267,63,2022-06-24,2022-06-29
INB00053,SUP013,HUB-DEL,SKU0356,77,2022-06-25,2022-06-29
INB00053,SUP013,HUB-DEL,SKU0453,65,2022-06-24,2022-06-29
INB00054,SUP018,HUB-BLR,SKU0004,106,2022-06-26,2022-06-29
INB00054,SUP018,HUB-BLR,SKU0153,104,2022-06-29,2022-06-29
INB00054,SUP018,HUB-BLR,SKU0418,94,2022-06-27,2022-06-29
INB00054,SUP018,HUB-BLR,SKU0440,107,2022-06-24,2022-06-29
INB00053,SUP013,HUB-DEL,SKU0095,82,2022-06-27,2022-06-30
INB00053,SUP013,HUB-DEL,SKU0235,62,2022-06-29,2022-06-30
INB00053,SUP013,HUB-DEL,SKU0284,71,2022-06-26,2022-06-30
INB00053,SUP013,HUB-DEL,SKU0334,64,2022-06-30,2022-06-30
INB00053,SUP013,HUB-DEL,SKU0439,58,2022-06-28,2022-06-30
INB00053,SUP013,HUB-DEL,SKU0497,71,2022-06-29,2022-06-30
INB00054,SUP018,HUB-BLR,SKU0247,101,2022-06-25,2022-06-30
INB00054,SUP018,HUB-BLR,SKU0251,94,2022-06-27,2022-06-30
INB00054,SUP018,HUB-BLR,SKU0336,100,2022-06-25,2022-06-30
INB00054,SUP018,HUB-BLR,SKU0352,111,2022-06-29,2022-06-30
INB00054,SUP018,HUB-BLR,SKU0368,117,2022-06-27,2022-06-30
INB00054,SUP018,HUB-BLR,SKU0435,96,2022-06-30,2022-06-30
INB00053,SUP013,HUB-DEL,SKU0039,89,2022-06-28,2022-07-01
INB00053,SUP013,HUB-DEL,SKU0187,78,2022-06-26,2022-07-01
INB00053,SUP013,HUB-DEL,SKU0249,74,2022-06-29,2022-07-01
INB00053,SUP013,HUB-DEL,SKU0264,58,2022-06-26,2022-07-01
INB00053,SUP013,HUB-DEL,SKU0321,62,2022-07-01,2022-07-01
INB00053,SUP013,HUB-DEL,SKU0341,65,2022-06-30,2022-07-01
INB00053,SUP013,HUB-DEL,SKU0379,65,2022-06-30,2022-07-01
INB00053,SUP013,HUB-DEL,SKU0455,65,2022-07-01,2022-07-01
INB00053,SUP013,HUB-DEL,SKU0478,65,2022-06-26,2022-07-01
INB00053,SUP013,HUB-DEL,SKU0491,72,2022-06-30,2022-07-01
INB00054,SUP018,HUB-BLR,SKU0041,102,2022-06-26,2022-07-01
INB00054,SUP018,HUB-BLR,SKU0143,95,2022-06-29,2022-07-01
INB00054,SUP018,HUB-BLR,SKU0224,106,2022-06-30,2022-07-01
INB00055,SUP009,HUB-BOM,SKU0177,37,2022-06-26,2022-07-01
INB00055,SUP009,HUB-BOM,SKU0428,37,2022-06-30,2022-07-01
INB00053,SUP013,HUB-DEL,SKU0052,57,2022-07-02,2022-07-02
INB00053,SUP013,HUB-DEL,SKU0141,65,2022-06-28,2022-07-02
INB00053,SUP013,HUB-DEL,SKU0245,58,2022-06-27,2022-07-02
INB00053,SUP013,HUB-DEL,SKU0427,64,2022-07-01,2022-07-02
INB00054,SUP018,HUB-BLR,SKU0016,96,2022-06-29,2022-07-02
INB00054,SUP018,HUB-BLR,SKU0222,109,2022-06-27,2022-07-02
INB00054,SUP018,HUB-BLR,SKU0304,158,2022-06-30,2022-07-02
INB00053,SUP013,HUB-DEL,SKU0382,83,2022-07-01,2022-07-03
INB00054,SUP018,HUB-BLR,SKU0167,99,2022-07-02,2022-07-03
INB00054,SUP018,HUB-BLR,SKU0211,121,2022-06-30,2022-07-03
INB00054,SUP018,HUB-BLR,SKU0493,113,2022-06-28,2022-07-03
INB00055,SUP009,HUB-BOM,SKU0022,38,2022-07-01,2022-07-03
INB00055,SUP009,HUB-BOM,SKU0260,38,2022-07-01,2022-07-03
INB00055,SUP009,HUB-BOM,SKU0490,39,2022-06-28,2022-07-03
INB00054,SUP018,HUB-BLR,SKU0131,108,2022-07-02,2022-07-04
INB00055,SUP009,HUB-BOM,SKU0054,37,2022-07-04,2022-07-04
INB00055,SUP009,HUB-BOM,SKU0496,39,2022-06-30,2022-07-04
INB00055,SUP009,HUB-BOM,SKU0028,42,2022-07-02,2022-07-06
INB00056,SUP014,HUB-DEL,SKU0499,57,2022-07-02,2022-07-06
INB00057,SUP007,HUB-BLR,SKU0234,111,2022-07-05,2022-07-07
INB00057,SUP007,HUB-BLR,SKU0326,115,2022-07-04,2022-07-07
INB00057,SUP007,HUB-BLR,SKU0423,111,2022-07-02,2022-07-07
INB00056,SUP014,HUB-DEL,SKU0007,68,2022-07-08,2022-07-08
INB00056,SUP014,HUB-DEL,SKU0031,66,2022-07-08,2022-07-08
INB00056,SUP014,HUB-DEL,SKU0134,62,2022-07-05,2022-07-08
INB00056,SUP014,HUB-DEL,SKU0208,61,2022-07-07,2022-07-08
INB00056,SUP014,HUB-DEL,SKU0215,60,2022-07-03,2022-07-08
INB00057,SUP007,HUB-BLR,SKU0044,126,2022-07-03,2022-07-08
INB00057,SUP007,HUB-BLR,SKU0079,107,2022-07-08,2022-07-08
INB00057,SUP007,HUB-BLR,SKU0082,141,2022-07-04,2022-07-08
INB00057,SUP007,HUB-BLR,SKU0377,118,2022-07-04,2022-07-08
INB00057,SUP007,HUB-BLR,SKU0494,133,2022-07-08,2022-07-08
INB00056,SUP014,HUB-DEL,SKU0068,67,2022-07-06,2022-07-09
INB00057,SUP007,HUB-BLR,SKU0165,116,2022-07-09,2022-07-09
INB00057,SUP007,HUB-BLR,SKU0313,97,2022-07-09,2022-07-09
INB00057,SUP007,HUB-BLR,SKU0360,100,2022-07-06,2022-07-09
INB00057,SUP007,HUB-BLR,SKU0363,132,2022-07-04,2022-07-09
INB00056,SUP014,HUB-DEL,SKU0342,65,2022-07-07,2022-07-10
INB00057,SUP007,HUB-BLR,SKU0061,100,2022-07-05,2022-07-10
INB00057,SUP007,HUB-BLR,SKU0237,100,2022-07-05,2022-07-10
INB00057,SUP007,HUB-BLR,SKU0332,97,2022-07-06,2022-07-10
INB00057,SUP007,HUB-BLR,SKU0480,99,2022-07-07,2022-07-10
INB00057,SUP007,HUB-BLR,SKU0495,141,2022-07-06,2022-07-10
INB00058,SUP006,HUB-BOM,SKU0474,46,2022-07-10,2022-07-10
INB00056,SUP014,HUB-DEL,SKU0447,62,2022-07-09,2022-07-11
INB00057,SUP007,HUB-BLR,SKU0023,108,2022-07-06,2022-07-11
INB00057,SUP007,HUB-BLR,SKU0074,110,2022-07-07,2022-07-11
INB00057,SUP007,HUB-BLR,SKU0120,106,2022-07-10,2022-07-11
INB00057,SUP007,HUB-BLR,SKU0122,147,2022-07-10,2022-07-11
INB00057,SUP007,HUB-BLR,SKU0162,94,2022-07-06,2022-07-11
INB00057,SUP007,HUB-BLR,SKU0327,113,2022-07-09,2022-07-11
INB00057,SUP007,HUB-BLR,SKU0433,101,2022-07-10,2022-07-11
INB00057,SUP007,HUB-BLR,SKU0460,114,2022-07-11,2022-07-11
INB00058,SUP006,HUB-BOM,SKU0088,39,2022-07-07,2022-07-11
INB00058,SUP006,HUB-BOM,SKU0476,40,2022-07-10,2022-07-11
INB00056,SUP014,HUB-DEL,SKU0142,64,2022-07-09,2022-07-12
INB00056,SUP014,HUB-DEL,SKU0196,64,2022-07-09,2022-07-12
INB00056,SUP014,HUB-DEL,SKU0297,75,2022-07-11,2022-07-12
INB00057,SUP007,HUB-BLR,SKU0012,93,2022-07-11,2022-07-12
INB00057,SUP007,HUB-BLR,SKU0026,106,2022-07-11,2022-07-12
INB00057,SUP007,HUB-BLR,SKU0182,118,2022-07-08,2022-07-12
INB00057,SUP007,HUB-BLR,SKU0333,100,2022-07-07,2022-07-12
INB00058,SUP006,HUB-BOM,SKU0343,46,2022-07-08,2022-07-12
INB00056,SUP014,HUB-DEL,SKU0125,63,2022-07-09,2022-07-13
INB00056,SUP014,HUB-DEL,SKU0424,60,2022-07-10,2022-07-13
INB00057,SUP007,HUB-BLR,SKU0112,99,2022-07-10,2022-07-13
INB00057,SUP007,HUB-BLR,SKU0121,104,2022-07-11,2022-07-13
INB00057,SUP007,HUB-BLR,SKU0183,106,2022-07-09,2022-07-13
INB00057,SUP007,HUB-BLR,SKU0388,104,2022-07-09,2022-07-13
INB00058,SUP006,HUB-BOM,SKU0067,47,2022-07-11,2022-07-13
INB00058,SUP006,HUB-BOM,SKU0278,38,2022-07-13,2022-07-13
INB00058,SUP006,HUB-BOM,SKU0347,47,2022-07-12,2022-07-13
INB00058,SUP006,HUB-BOM,SKU0400,42,2022-07-10,2022-07-13
INB00058,SUP006,HUB-BOM,SKU0471,40,2022-07-13,2022-07-13
INB00057,SUP007,HUB-BLR,SKU0021,128,2022-07-10,2022-07-14
INB00057,SUP007,HUB-BLR,SKU0169,105,2022-07-10,2022-07-14
INB00057,SUP007,HUB-BLR,SKU0489,129,2022-07-14,2022-07-14
INB00058,SUP006,HUB-BOM,SKU0058,41,2022-07-10,2022-07-14
INB00058,SUP006,HUB-BOM,SKU0195,46,2022-07-14,2022-07-14
INB00056,SUP014,HUB-DEL,SKU0157,76,2022-07-11,2022-07-15
INB00057,SUP007,HUB-BLR,SKU0458,109,2022-07-11,2022-07-15
INB00058,SUP006,HUB-BOM,SKU0151,37,2022-07-15,2022-07-15
INB00058,SUP006,HUB-BOM,SKU0176,37,2022-07-10,2022-07-15
INB00058,SUP006,HUB-BOM,SKU0275,42,2022-07-12,2022-07-15
INB00058,SUP006,HUB-BOM,SKU0477,52,2022-07-10,2022-07-15
INB00057,SUP007,HUB-BLR,SKU0359,117,2022-07-16,2022-07-16
INB00058,SUP006,HUB-BOM,SKU0311,39,2022-07-15,2022-07-16
INB00059,SUP014,HUB-DEL,SKU0042,67,2022-07-18,2022-07-19
INB00059,SUP014,HUB-DEL,SKU0225,66,2022-07-19,2022-07-19
INB00061,SUP003,HUB-BLR,SKU0099,101,2022-07-15,2022-07-19
INB00061,SUP003,HUB-BLR,SKU0232,169,2022-07-19,2022-07-19
INB00061,SUP003,HUB-BLR,SKU0285,105,2022-07-14,2022-07-19
INB00059,SUP014,HUB-DEL,SKU0190,62,2022-07-19,2022-07-20
INB00060,SUP006,HUB-BOM,SKU0146,40,2022-07-18,2022-07-20
INB00060,SUP006,HUB-BOM,SKU0189,40,2022-07-20,2022-07-20
INB00060,SUP006,HUB-BOM,SKU0213,42,2022-07-20,2022-07-20
INB00061,SUP003,HUB-BLR,SKU0089,119,2022-07-20,2022-07-20
INB00061,SUP003,HUB-BLR,SKU0236,171,2022-07-19,2022-07-20
INB00061,SUP003,HUB-BLR,SKU0242,145,2022-07-17,2022-07-20
INB00061,SUP003,HUB-BLR,SKU0324,138,2022-07-20,2022-07-20
INB00061,SUP003,HUB-BLR,SKU0326,111,2022-07-19,2022-07-20
INB00061,SUP003,HUB-BLR,SKU0344,139,2022-07-16,2022-07-20
INB00061,SUP003,HUB-BLR,SKU0466,125,2022-07-19,2022-07-20
INB00061,SUP003,HUB-BLR,SKU0475,119,2022-07-17,2022-07-20
INB00059,SUP014,HUB-DEL,SKU0173,61,2022-07-16,2022-07-21
INB00059,SUP014,HUB-DEL,SKU0325,61,2022-07-19,2022-07-21
INB00059,SUP014,HUB-DEL,SKU0346,71,2022-07-19,2022-07-21
INB00059,SUP014,HUB-DEL,SKU0399,78,2022-07-20,2022-07-21
INB00060,SUP006,HUB-BOM,SKU0228,50,2022-07-18,2022-07-21
INB00060,SUP006,HUB-BOM,SKU0402,44,2022-07-19,2022-07-21
INB00061,SUP003,HUB-BLR,SKU0033,131,2022-07-18,2022-07-21
INB00061,SUP003,HUB-BLR,SKU0038,158,2022-07-21,2022-07-21
INB00061,SUP003,HUB-BLR,SKU0087,94,2022-07-16,2022-07-21
INB00061,SUP003,HUB-BLR,SKU0140,112,2022-07-19,2022-07-21
INB00061,SUP003,HUB-BLR,SKU0197,119,2022-07-17,2022-07-21
INB00061,SUP003,HUB-BLR,SKU0206,139,2022-07-20,2022-07-21
INB00061,SUP003,HUB-BLR,SKU0247,117,2022-07-18,2022-07-21
INB00061,SUP003,HUB-BLR,SKU0320,105,2022-07-20,2022-07-21
INB00061,SUP003,HUB-BLR,SKU0323,136,2022-07-19,2022-07-21
INB00061,SUP003,HUB-BLR,SKU0329,132,2022-07-19,2022-07-21
INB00061,SUP003,HUB-BLR,SKU0345,122,2022-07-21,2022-07-21
INB00061,SUP003,HUB-BLR,SKU0361,107,2022-07-18,2022-07-21
INB00061,SUP003,HUB-BLR,SKU0397,130,2022-07-16,2022-07-21
INB00061,SUP003,HUB-BLR,SKU0413,138,2022-07-20,2022-07-21
INB00061,SUP003,HUB-BLR,SKU0450,151,2022-07-19,2022-07-21
INB00061,SUP003,HUB-BLR,SKU0488,159,2022-07-18,2022-07-21
INB00059,SUP014,HUB-DEL,SKU0060,58,2022-07-21,2022-07-22
INB00059,SUP014,HUB-DEL,SKU0212,73,2022-07-17,2022-07-22
INB00060,SUP006,HUB-BOM,SKU0461,41,2022-07-17,2022-07-22
INB00060,SUP006,HUB-BOM,SKU0465,40,2022-07-21,2022-07-22
INB00061,SUP003,HUB-BLR,SKU0105,121,2022-07-19,2022-07-22
INB00061,SUP003,HUB-BLR,SKU0148,179,2022-07-20,2022-07-22
INB00061,SUP003,HUB-BLR,SKU0156,196,2022-07-20,2022-07-22
INB00061,SUP003,HUB-BLR,SKU0227,101,2022-07-20,2022-07-22
INB00061,SUP003,HUB-BLR,SKU0258,99,2022-07-20,2022-07-22
INB00061,SUP003,HUB-BLR,SKU0269,106,2022-07-21,2022-07-22
INB00061,SUP003,HUB-BLR,SKU0288,102,2022-07-18,2022-07-22
INB00061,SUP003,HUB-BLR,SKU0335,108,2022-07-18,2022-07-22
INB00061,SUP003,HUB-BLR,SKU0418,107,2022-07-17,2022-07-22
INB00061,SUP003,HUB-BLR,SKU0492,107,2022-07-22,2022-07-22
INB00060,SUP006,HUB-BOM,SKU0164,46,2022-07-23,2022-07-23
INB00060,SUP006,HUB-BOM,SKU0255,41,2022-07-19,2022-07-23
INB00060,SUP006,HUB-BOM,SKU0319,45,2022-07-22,2022-07-23
INB00060,SUP006,HUB-BOM,SKU0443,53,2022-07-23,2022-07-23
INB00060,SUP006,HUB-BOM,SKU0483,38,2022-07-22,2022-07-23
INB00061,SUP003,HUB-BLR,SKU0004,98,2022-07-18,2022-07-23
INB00061,SUP003,HUB-BLR,SKU0044,157,2022-07-21,2022-07-23
INB00061,SUP003,HUB-BLR,SKU0069,127,2022-07-22,2022-07-23
INB00061,SUP003,HUB-BLR,SKU0072,106,2022-07-18,2022-07-23
INB00061,SUP003,HUB-BLR,SKU0094,116,2022-07-22,2022-07-23
INB00061,SUP003,HUB-BLR,SKU0110,126,2022-07-20,2022-07-23
INB00061,SUP003,HUB-BLR,SKU0153,97,2022-07-21,2022-07-23
INB00061,SUP003,HUB-BLR,SKU0185,169,2022-07-22,2022-07-23
INB00061,SUP003,HUB-BLR,SKU0270,120,2022-07-21,2022-07-23
INB00061,SUP003,HUB-BLR,SKU0303,106,2022-07-21,2022-07-23
INB00061,SUP003,HUB-BLR,SKU0305,107,2022-07-18,2022-07-23
INB00061,SUP003,HUB-BLR,SKU0322,153,2022-07-18,2022-07-23
INB00061,SUP003,HUB-BLR,SKU0357,121,2022-07-23,2022-07-23
INB00061,SUP003,HUB-BLR,SKU0441,132,2022-07-20,2022-07-23
INB00061,SUP003,HUB-BLR,SKU0445,101,2022-07-18,2022-07-23
INB00061,SUP003,HUB-BLR,SKU0484,104,2022-07-21,2022-07-23
INB00059,SUP014,HUB-DEL,SKU0062,59,2022-07-20,2022-07-24
INB00059,SUP014,HUB-DEL,SKU0281,61,2022-07-23,2022-07-24
INB00059,SUP014,HUB-DEL,SKU0289,72,2022-07-21,2022-07-24
INB00059,SUP014,HUB-DEL,SKU0412,58,2022-07-24,2022-07-24
INB00060,SUP006,HUB-BOM,SKU0090,37,2022-07-19,2022-07-24
INB00060,SUP006,HUB-BOM,SKU0252,48,2022-07-22,2022-07-24
INB00060,SUP006,HUB-BOM,SKU0280,42,2022-07-20,2022-07-24
INB00060,SUP006,HUB-BOM,SKU0287,46,2022-07-24,2022-07-24
INB00061,SUP003,HUB-BLR,SKU0035,117,2022-07-21,2022-07-24
INB00061,SUP003,HUB-BLR,SKU0109,98,2022-07-20,2022-07-24
INB00061,SUP003,HUB-BLR,SKU0132,157,2022-07-23,2022-07-24
INB00061,SUP003,HUB-BLR,SKU0239,141,2022-07-23,2022-07-24
INB00061,SUP003,HUB-BLR,SKU0271,112,2022-07-20,2022-07-24
INB00061,SUP003,HUB-BLR,SKU0294,141,2022-07-19,2022-07-24
INB00061,SUP003,HUB-BLR,SKU0332,115,2022-07-19,2022-07-24
INB00061,SUP003,HUB-BLR,SKU0333,96,2022-07-24,2022-07-24
INB00061,SUP003,HUB-BLR,SKU0354,135,2022-07-20,2022-07-24
INB00061,SUP003,HUB-BLR,SKU0367,125,2022-07-24,2022-07-24
INB00061,SUP003,HUB-BLR,SKU0394,93,2022-07-22,2022-07-24
INB00061,SUP003,HUB-BLR,SKU0430,148,2022-07-23,2022-07-24
INB00060,SUP006,HUB-BOM,SKU0428,43,2022-07-21,2022-07-25
INB00061,SUP003,HUB-BLR,SKU0143,139,2022-07-21,2022-07-25
INB00061,SUP003,HUB-BLR,SKU0348,106,2022-07-20,2022-07-25
INB00061,SUP003,HUB-BLR,SKU0371,97,2022-07-21,2022-07-25
INB00061,SUP003,HUB-BLR,SKU0383,132,2022-07-21,2022-07-25
INB00061,SUP003,HUB-BLR,SKU0419,122,2022-07-21,2022-07-25
INB00061,SUP003,HUB-BLR,SKU0205,131,2022-07-25,2022-07-27
INB00061,SUP003,HUB-BLR,SKU0429,107,2022-07-26,2022-07-27
INB00062,SUP012,HUB-DEL,SKU0057,70,2022-07-22,2022-07-27
INB00062,SUP012,HUB-DEL,SKU0102,68,2022-07-26,2022-07-27
INB00062,SUP012,HUB-DEL,SKU0128,58,2022-07-27,2022-07-27
INB00061,SUP003,HUB-BLR,SKU0018,110,2022-07-28,2022-07-28
INB00062,SUP012,HUB-DEL,SKU0381,62,2022-07-28,2022-07-28
INB00063,SUP015,HUB-BOM,SKU0292,41,2022-07-25,2022-07-28
INB00063,SUP015,HUB-BOM,SKU0473,42,2022-07-26,2022-07-28
INB00062,SUP012,HUB-DEL,SKU0052,66,2022-07-26,2022-07-29
INB00062,SUP012,HUB-DEL,SKU0111,57,2022-07-24,2022-07-29
INB00062,SUP012,HUB-DEL,SKU0240,58,2022-07-24,2022-07-29
INB00062,SUP012,HUB-DEL,SKU0422,58,2022-07-26,2022-07-29
INB00063,SUP015,HUB-BOM,SKU0302,40,2022-07-28,2022-07-29
INB00063,SUP015,HUB-BOM,SKU0420,53,2022-07-26,2022-07-29
INB00063,SUP015,HUB-BOM,SKU0432,44,2022-07-29,2022-07-29
INB00062,SUP012,HUB-DEL,SKU0029,62,2022-07-27,2022-07-30
INB00062,SUP012,HUB-DEL,SKU0053,64,2022-07-28,2022-07-30
INB00062,SUP012,HUB-DEL,SKU0103,64,2022-07-26,2022-07-30
INB00062,SUP012,HUB-DEL,SKU0253,74,2022-07-29,2022-07-30
INB00062,SUP012,HUB-DEL,SKU0417,69,2022-07-28,2022-07-30
INB00063,SUP015,HUB-BOM,SKU0209,44,2022-07-26,2022-07-30
INB00063,SUP015,HUB-BOM,SKU0456,39,2022-07-26,2022-07-30
INB00062,SUP012,HUB-DEL,SKU0188,68,2022-07-28,2022-07-31
INB00062,SUP012,HUB-DEL,SKU0282,77,2022-07-28,2022-07-31
INB00062,SUP012,HUB-DEL,SKU0376,60,2022-07-30,2022-07-31
INB00062,SUP012,HUB-DEL,SKU0449,62,2022-07-28,2022-07-31
INB00063,SUP015,HUB-BOM,SKU0136,47,2022-07-27,2022-07-31
INB00063,SUP015,HUB-BOM,SKU0210,39,2022-07-27,2022-07-31
INB00064,SUP019,HUB-BLR,SKU0013,122,2022-07-31,2022-07-31
INB00064,SUP019,HUB-BLR,SKU0026,149,2022-07-28,2022-07-31
INB00064,SUP019,HUB-BLR,SKU0093,112,2022-07-31,2022-07-31
INB00064,SUP019,HUB-BLR,SKU0121,99,2022-07-31,2022-07-31
INB00064,SUP019,HUB-BLR,SKU0122,95,2022-07-28,2022-07-31
INB00064,SUP019,HUB-BLR,SKU0304,105,2022-07-28,2022-07-31
INB00064,SUP019,HUB-BLR,SKU0352,143,2022-07-29,2022-07-31
INB00064,SUP019,HUB-BLR,SKU0401,166,2022-07-27,2022-07-31
INB00064,SUP019,HUB-BLR,SKU0433,126,2022-07-27,2022-07-31
INB00064,SUP019,HUB-BLR,SKU0435,168,2022-07-27,2022-07-31
INB00064,SUP019,HUB-BLR,SKU0480,165,2022-07-28,2022-07-31
INB00062,SUP012,HUB-DEL,SKU0030,58,2022-07-29,2022-08-01
INB00062,SUP012,HUB-DEL,SKU0149,64,2022-07-31,2022-08-01
INB00062,SUP012,HUB-DEL,SKU0416,63,2022-07-29,2022-08-01
INB00063,SUP015,HUB-BOM,SKU0009,38,2022-08-01,2022-08-01
INB00063,SUP015,HUB-BOM,SKU0174,40,2022-07-30,2022-08-01
INB00063,SUP015,HUB-BOM,SKU0391,37,2022-08-01,2022-08-01
INB00064,SUP019,HUB-BLR,SKU0051,101,2022-07-29,2022-08-01
INB00064,SUP019,HUB-BLR,SKU0167,103,2022-07-28,2022-08-01
INB00064,SUP019,HUB-BLR,SKU0179,140,2022-07-28,2022-08-01
INB00064,SUP019,HUB-BLR,SKU0198,122,2022-07-30,2022-08-01
INB00064,SUP019,HUB-BLR,SKU0217,146,2022-07-31,2022-08-01
INB00064,SUP019,HUB-BLR,SKU0295,125,2022-07-29,2022-08-01
INB00064,SUP019,HUB-BLR,SKU0405,127,2022-07-27,2022-08-01
INB00063,SUP015,HUB-BOM,SKU0032,50,2022-07-31,2022-08-02
INB00063,SUP015,HUB-BOM,SKU0200,44,2022-07-31,2022-08-02
INB00063,SUP015,HUB-BOM,SKU0380,37,2022-08-01,2022-08-02
INB00064,SUP019,HUB-BLR,SKU0137,140,2022-08-01,2022-08-02
INB00064,SUP019,HUB-BLR,SKU0165,142,2022-07-29,2022-08-02
INB00064,SUP019,HUB-BLR,SKU0166,97,2022-07-28,2022-08-02
INB00064,SUP019,HUB-BLR,SKU0291,128,2022-07-31,2022-08-02
INB00064,SUP019,HUB-BLR,SKU0362,93,2022-08-01,2022-08-02
INB00064,SUP019,HUB-BLR,SKU0407,151,2022-07-30,2022-08-02
INB00064,SUP019,HUB-BLR,SKU0409,95,2022-07-28,2022-08-02
INB00064,SUP019,HUB-BLR,SKU0500,187,2022-07-30,2022-08-02
INB00062,SUP012,HUB-DEL,SKU0046,66,2022-08-02,2022-08-03
INB00063,SUP015,HUB-BOM,SKU0154,51,2022-07-31,2022-08-03
INB00063,SUP015,HUB-BOM,SKU0338,38,2022-08-02,2022-08-03
INB00063,SUP015,HUB-BOM,SKU0434,38,2022-07-29,2022-08-03
INB00063,SUP015,HUB-BOM,SKU0448,47,2022-07-30,2022-08-03
INB00064,SUP019,HUB-BLR,SKU0005,145,2022-08-03,2022-08-03
INB00064,SUP019,HUB-BLR,SKU0091,159,2022-08-01,2022-08-03
INB00064,SUP019,HUB-BLR,SKU0172,184,2022-08-03,2022-08-03
INB00064,SUP019,HUB-BLR,SKU0203,120,2022-07-31,2022-08-03
INB00064,SUP019,HUB-BLR,SKU0229,154,2022-07-29,2022-08-03
INB00064,SUP019,HUB-BLR,SKU0283,107,2022-08-02,2022-08-03
INB00064,SUP019,HUB-BLR,SKU0377,97,2022-08-03,2022-08-03
INB00064,SUP019,HUB-BLR,SKU0404,161,2022-08-02,2022-08-03
INB00064,SUP019,HUB-BLR,SKU0458,126,2022-08-03,2022-08-03
INB00064,SUP019,HUB-BLR,SKU0472,136,2022-08-01,2022-08-03
INB00064,SUP019,HUB-BLR,SKU0475,104,2022-07-31,2022-08-03
INB00064,SUP019,HUB-BLR,SKU0073,141,2022-08-04,2022-08-04
INB00064,SUP019,HUB-BLR,SKU0101,101,2022-08-03,2022-08-04
INB00064,SUP019,HUB-BLR,SKU0132,94,2022-07-30,2022-08-04
INB00064,SUP019,HUB-BLR,SKU0162,183,2022-07-30,2022-08-04
INB00064,SUP019,HUB-BLR,SKU0234,118,2022-07-31,2022-08-04
INB00064,SUP019,HUB-BLR,SKU0237,119,2022-07-31,2022-08-04
INB00064,SUP019,HUB-BLR,SKU0369,118,2022-08-04,2022-08-04
INB00064,SUP019,HUB-BLR,SKU0444,154,2022-07-31,2022-08-04
INB00063,SUP015,HUB-BOM,SKU0353,41,2022-08-02,2022-08-05
INB00064,SUP019,HUB-BLR,SKU0120,149,2022-08-04,2022-08-05
INB00064,SUP019,HUB-BLR,SKU0145,109,2022-07-31,2022-08-05
INB00064,SUP019,HUB-BLR,SKU0158,180,2022-08-02,2022-08-05
INB00064,SUP019,HUB-BLR,SKU0211,111,2022-08-03,2022-08-05
INB00064,SUP019,HUB-BLR,SKU0290,143,2022-08-01,2022-08-05
INB00064,SUP019,HUB-BLR,SKU0299,141,2022-08-02,2022-08-05
INB00064,SUP019,HUB-BLR,SKU0327,96,2022-08-03,2022-08-05
INB00064,SUP019,HUB-BLR,SKU0385,109,2022-07-31,2022-08-05
INB00064,SUP019,HUB-BLR,SKU0440,121,2022-08-02,2022-08-05
INB00064,SUP019,HUB-BLR,SKU0454,215,2022-07-31,2022-08-05
INB00064,SUP019,HUB-BLR,SKU0074,106,2022-08-04,2022-08-06
INB00064,SUP019,HUB-BLR,SKU0081,156,2022-08-02,2022-08-06
INB00064,SUP019,HUB-BLR,SKU0131,189,2022-08-03,2022-08-06
INB00064,SUP019,HUB-BLR,SKU0201,134,2022-08-04,2022-08-06
INB00064,SUP019,HUB-BLR,SKU0248,172,2022-08-06,2022-08-06
INB00064,SUP019,HUB-BLR,SKU0251,104,2022-08-04,2022-08-06
INB00064,SUP019,HUB-BLR,SKU0489,103,2022-08-01,2022-08-06
INB00065,SUP011,HUB-DEL,SKU0034,69,2022-08-02,2022-08-06
INB00065,SUP011,HUB-DEL,SKU0316,64,2022-08-06,2022-08-06
INB00065,SUP011,HUB-DEL,SKU0487,66,2022-08-02,2022-08-06
INB00064,SUP019,HUB-BLR,SKU0071,177,2022-08-03,2022-08-07
INB00064,SUP019,HUB-BLR,SKU0368,145,2022-08-05,2022-08-07
INB00065,SUP011,HUB-DEL,SKU0306,57,2022-08-03,2022-08-07
INB00064,SUP019,HUB-BLR,SKU0450,95,2022-08-07,2022-08-08
INB00065,SUP011,HUB-DEL,SKU0002,79,2022-08-07,2022-08-08
INB00065,SUP011,HUB-DEL,SKU0080,71,2022-08-05,2022-08-08
INB00065,SUP011,HUB-DEL,SKU0298,65,2022-08-08,2022-08-08
INB00065,SUP011,HUB-DEL,SKU0312,71,2022-08-08,2022-08-08
INB00066,SUP009,HUB-BOM,SKU0054,45,2022-08-03,2022-08-08
INB00066,SUP009,HUB-BOM,SKU0180,48,2022-08-06,2022-08-08
INB00066,SUP009,HUB-BOM,SKU0470,37,2022-08-03,2022-08-08
INB00065,SUP011,HUB-DEL,SKU0144,72,2022-08-05,2022-08-09
INB00065,SUP011,HUB-DEL,SKU0277,65,2022-08-04,2022-08-09
INB00065,SUP011,HUB-DEL,SKU0393,59,2022-08-04,2022-08-09
INB00065,SUP011,HUB-DEL,SKU0398,57,2022-08-07,2022-08-09
INB00066,SUP009,HUB-BOM,SKU0066,42,2022-08-04,2022-08-09
INB00066,SUP009,HUB-BOM,SKU0181,39,2022-08-08,2022-08-09
INB00066,SUP009,HUB-BOM,SKU0216,44,2022-08-05,2022-08-09
INB00066,SUP009,HUB-BOM,SKU0411,44,2022-08-04,2022-08-09
INB00066,SUP009,HUB-BOM,SKU0496,45,2022-08-06,2022-08-09
INB00065,SUP011,HUB-DEL,SKU0113,60,2022-08-10,2022-08-10
INB00065,SUP011,HUB-DEL,SKU0286,58,2022-08-07,2022-08-10
INB00065,SUP011,HUB-DEL,SKU0467,70,2022-08-08,2022-08-10
INB00066,SUP009,HUB-BOM,SKU0471,58,2022-08-06,2022-08-10
INB00065,SUP011,HUB-DEL,SKU0003,72,2022-08-08,2022-08-11
INB00065,SUP011,HUB-DEL,SKU0184,57,2022-08-11,2022-08-11
INB00065,SUP011,HUB-DEL,SKU0455,65,2022-08-07,2022-08-11
INB00065,SUP011,HUB-DEL,SKU0464,61,2022-08-11,2022-08-11
INB00066,SUP009,HUB-BOM,SKU0058,38,2022-08-06,2022-08-11
INB00066,SUP009,HUB-BOM,SKU0331,37,2022-08-10,2022-08-11
INB00066,SUP009,HUB-BOM,SKU0378,41,2022-08-09,2022-08-11
INB00066,SUP009,HUB-BOM,SKU0461,37,2022-08-06,2022-08-11
INB00067,SUP005,HUB-BLR,SKU0087,105,2022-08-11,2022-08-11
INB00067,SUP005,HUB-BLR,SKU0335,97,2022-08-06,2022-08-11
INB00067,SUP005,HUB-BLR,SKU0388,99,2022-08-07,2022-08-11
INB00067,SUP005,HUB-BLR,SKU0479,173,2022-08-07,2022-08-11
INB00067,SUP005,HUB-BLR,SKU0492,125,2022-08-10,2022-08-11
INB00065,SUP011,HUB-DEL,SKU0207,57,2022-08-10,2022-08-12
INB00065,SUP011,HUB-DEL,SKU0221,60,2022-08-08,2022-08-12
INB00066,SUP009,HUB-BOM,SKU0022,46,2022-08-11,2022-08-12
INB00066,SUP009,HUB-BOM,SKU0159,49,2022-08-07,2022-08-12
INB00066,SUP009,HUB-BOM,SKU0177,43,2022-08-11,2022-08-12
INB00066,SUP009,HUB-BOM,SKU0250,41,2022-08-08,2022-08-12
INB00066,SUP009,HUB-BOM,SKU0279,41,2022-08-11,2022-08-12
INB00066,SUP009,HUB-BOM,SKU0490,48,2022-08-09,2022-08-12
INB00067,SUP005,HUB-BLR,SKU0021,148,2022-08-10,2022-08-12
INB00067,SUP005,HUB-BLR,SKU0169,97,2022-08-07,2022-08-12
INB00067,SUP005,HUB-BLR,SKU0294,115,2022-08-12,2022-08-12
INB00067,SUP005,HUB-BLR,SKU0361,117,2022-08-09,2022-08-12
INB00067,SUP005,HUB-BLR,SKU0429,96,2022-08-09,2022-08-12
INB00067,SUP005,HUB-BLR,SKU0430,96,2022-08-12,2022-08-12
INB00065,SUP011,HUB-DEL,SKU0202,58,2022-08-13,2022-08-13
INB00066,SUP009,HUB-BOM,SKU0193,39,2022-08-10,2022-08-13
INB00066,SUP009,HUB-BOM,SKU0311,38,2022-08-08,2022-08-13
INB00066,SUP009,HUB-BOM,SKU0350,50,2022-08-12,2022-08-13
INB00067,SUP005,HUB-BLR,SKU0065,137,2022-08-09,2022-08-13
INB00067,SUP005,HUB-BLR,SKU0069,149,2022-08-11,2022-08-13
INB00067,SUP005,HUB-BLR,SKU0192,122,2022-08-10,2022-08-13
INB00067,SUP005,HUB-BLR,SKU0309,143,2022-08-08,2022-08-13
INB00067,SUP005,HUB-BLR,SKU0313,93,2022-08-08,2022-08-13
INB00065,SUP011,HUB-DEL,SKU0036,61,2022-08-11,2022-08-14
INB00066,SUP009,HUB-BOM,SKU0025,38,2022-08-14,2022-08-14
INB00066,SUP009,HUB-BOM,SKU0178,37,2022-08-09,2022-08-14
INB00066,SUP009,HUB-BOM,SKU0330,41,2022-08-14,2022-08-14
INB00066,SUP009,HUB-BOM,SKU0337,39,2022-08-09,2022-08-14
INB00067,SUP005,HUB-BLR,SKU0041,135,2022-08-13,2022-08-14
INB00067,SUP005,HUB-BLR,SKU0063,117,2022-08-10,2022-08-14
INB00067,SUP005,HUB-BLR,SKU0244,94,2022-08-14,2022-08-14
INB00067,SUP005,HUB-BLR,SKU0324,115,2022-08-13,2022-08-14
INB00067,SUP005,HUB-BLR,SKU0352,106,2022-08-13,2022-08-14
INB00067,SUP005,HUB-BLR,SKU0357,128,2022-08-10,2022-08-14
INB00067,SUP005,HUB-BLR,SKU0360,93,2022-08-13,2022-08-14
INB00066,SUP009,HUB-BOM,SKU0088,37,2022-08-11,2022-08-15
INB00067,SUP005,HUB-BLR,SKU0094,156,2022-08-14,2022-08-15
INB00067,SUP005,HUB-BLR,SKU0206,136,2022-08-15,2022-08-15
INB00067,SUP005,HUB-BLR,SKU0224,124,2022-08-12,2022-08-15
INB00067,SUP005,HUB-BLR,SKU0242,94,2022-08-11,2022-08-15
INB00067,SUP005,HUB-BLR,SKU0371,100,2022-08-15,2022-08-15
INB00067,SUP005,HUB-BLR,SKU0023,126,2022-08-14,2022-08-16
INB00067,SUP005,HUB-BLR,SKU0153,111,2022-08-13,2022-08-16
INB00067,SUP005,HUB-BLR,SKU0222,96,2022-08-16,2022-08-16
INB00067,SUP005,HUB-BLR,SKU0271,114,2022-08-13,2022-08-16
INB00067,SUP005,HUB-BLR,SKU0336,130,2022-08-13,2022-08-16
INB00067,SUP005,HUB-BLR,SKU0359,115,2022-08-16,2022-08-16
INB00067,SUP005,HUB-BLR,SKU0423,134,2022-08-12,2022-08-16
INB00067,SUP005,HUB-BLR,SKU0488,95,2022-08-15,2022-08-16
INB00067,SUP005,HUB-BLR,SKU0175,139,2022-08-14,2022-08-17
INB00067,SUP005,HUB-BLR,SKU0183,151,2022-08-17,2022-08-17
INB00067,SUP005,HUB-BLR,SKU0205,145,2022-08-14,2022-08-17
INB00067,SUP005,HUB-BLR,SKU0236,130,2022-08-13,2022-08-17
INB00067,SUP005,HUB-BLR,SKU0258,199,2022-08-14,2022-08-17
INB00067,SUP005,HUB-BLR,SKU0348,95,2022-08-13,2022-08-17
INB00067,SUP005,HUB-BLR,SKU0475,108,2022-08-16,2022-08-17
INB00068,SUP020,HUB-DEL,SKU0008,57,2022-08-14,2022-08-17
INB00068,SUP020,HUB-DEL,SKU0204,61,2022-08-16,2022-08-17
INB00068,SUP020,HUB-DEL,SKU0386,70,2022-08-13,2022-08-17
INB00067,SUP005,HUB-BLR,SKU0185,122,2022-08-17,2022-08-18
INB00069,SUP015,HUB-BOM,SKU0150,37,2022-08-15,2022-08-18
INB00069,SUP015,HUB-BOM,SKU0280,37,2022-08-15,2022-08-18
INB00067,SUP005,HUB-BLR,SKU0109,95,2022-08-14,2022-08-19
INB00068,SUP020,HUB-DEL,SKU0095,66,2022-08-17,2022-08-19
INB00068,SUP020,HUB-DEL,SKU0491,62,2022-08-19,2022-08-19
INB00069,SUP015,HUB-BOM,SKU0160,44,2022-08-17,2022-08-19
INB00069,SUP015,HUB-BOM,SKU0402,40,2022-08-19,2022-08-19
INB00068,SUP020,HUB-DEL,SKU0031,66,2022-08-20,2022-08-20
INB00068,SUP020,HUB-DEL,SKU0039,66,2022-08-18,2022-08-20
INB00068,SUP020,HUB-DEL,SKU0135,57,2022-08-18,2022-08-20
INB00068,SUP020,HUB-DEL,SKU0439,69,2022-08-19,2022-08-20
INB00069,SUP015,HUB-BOM,SKU0090,38,2022-08-16,2022-08-20
INB00069,SUP015,HUB-BOM,SKU0176,50,2022-08-20,2022-08-20
INB00069,SUP015,HUB-BOM,SKU0300,39,2022-08-18,2022-08-20
INB00069,SUP015,HUB-BOM,SKU0302,43,2022-08-17,2022-08-20
INB00069,SUP015,HUB-BOM,SKU0400,37,2022-08-19,2022-08-20
INB00068,SUP020,HUB-DEL,SKU0055,58,2022-08-17,2022-08-21
INB00068,SUP020,HUB-DEL,SKU0138,64,2022-08-21,2022-08-22
INB00069,SUP015,HUB-BOM,SKU0085,53,2022-08-19,2022-08-22
INB00069,SUP015,HUB-BOM,SKU0161,43,2022-08-20,2022-08-22
INB00069,SUP015,HUB-BOM,SKU0170,49,2022-08-17,2022-08-22
INB00069,SUP015,HUB-BOM,SKU0195,51,2022-08-21,2022-08-22
INB00069,SUP015,HUB-BOM,SKU0358,48,2022-08-18,2022-08-22
INB00070,SUP003,HUB-BLR,SKU0016,102,2022-08-17,2022-08-22
INB00070,SUP003,HUB-BLR,SKU0305,145,2022-08-19,2022-08-22
INB00070,SUP003,HUB-BLR,SKU0413,106,2022-08-20,2022-08-22
INB00070,SUP003,HUB-BLR,SKU0458,98,2022-08-17,2022-08-22
INB00070,SUP003,HUB-BLR,SKU0466,94,2022-08-22,2022-08-22
INB00070,SUP003,HUB-BLR,SKU0486,120,2022-08-17,2022-08-22
INB00068,SUP020,HUB-DEL,SKU0249,58,2022-08-18,2022-08-23
INB00068,SUP020,HUB-DEL,SKU0267,61,2022-08-23,2022-08-23
INB00068,SUP020,HUB-DEL,SKU0334,69,2022-08-20,2022-08-23
INB00069,SUP015,HUB-BOM,SKU0218,48,2022-08-20,2022-08-23
INB00069,SUP015,HUB-BOM,SKU0260,37,2022-08-19,2022-08-23
INB00069,SUP015,HUB-BOM,SKU0452,47,2022-08-18,2022-08-23
INB00070,SUP003,HUB-BLR,SKU0148,94,2022-08-18,2022-08-23
INB00070,SUP003,HUB-BLR,SKU0322,121,2022-08-23,2022-08-23
INB00070,SUP003,HUB-BLR,SKU0394,100,2022-08-23,2022-08-23
INB00070,SUP003,HUB-BLR,SKU0441,125,2022-08-22,2022-08-23
INB00070,SUP003,HUB-BLR,SKU0494,182,2022-08-20,2022-08-23
INB00068,SUP020,HUB-DEL,SKU0265,60,2022-08-23,2022-08-24
INB00068,SUP020,HUB-DEL,SKU0463,66,2022-08-23,2022-08-24
INB00069,SUP015,HUB-BOM,SKU0392,41,2022-08-19,2022-08-24
INB00069,SUP015,HUB-BOM,SKU0457,44,2022-08-23,2022-08-24
INB00070,SUP003,HUB-BLR,SKU0110,98,2022-08-19,2022-08-24
INB00070,SUP003,HUB-BLR,SKU0130,142,2022-08-23,2022-08-24
INB00070,SUP003,HUB-BLR,SKU0197,118,2022-08-20,2022-08-24
INB00070,SUP003,HUB-BLR,SKU0251,97,2022-08-24,2022-08-24
INB00070,SUP003,HUB-BLR,SKU0320,101,2022-08-22,2022-08-24
INB00070,SUP003,HUB-BLR,SKU0344,93,2022-08-22,2022-08-24
INB00070,SUP003,HUB-BLR,SKU0363,130,2022-08-19,2022-08-24
INB00070,SUP003,HUB-BLR,SKU0385,135,2022-08-22,2022-08-24
INB00070,SUP003,HUB-BLR,SKU0472,106,2022-08-24,2022-08-24
INB00070,SUP003,HUB-BLR,SKU0475,147,2022-08-23,2022-08-24
INB00070,SUP003,HUB-BLR,SKU0484,117,2022-08-22,2022-08-24
INB00070,SUP003,HUB-BLR,SKU0500,105,2022-08-21,2022-08-24
INB00068,SUP020,HUB-DEL,SKU0125,63,2022-08-24,2022-08-25
INB00070,SUP003,HUB-BLR,SKU0099,103,2022-08-20,2022-08-25
INB00070,SUP003,HUB-BLR,SKU0112,120,2022-08-25,2022-08-25
INB00070,SUP003,HUB-BLR,SKU0132,111,2022-08-20,2022-08-25
INB00070,SUP003,HUB-BLR,SKU0288,140,2022-08-21,2022-08-25
INB00070,SUP003,HUB-BLR,SKU0366,113,2022-08-25,2022-08-25
INB00068,SUP020,HUB-DEL,SKU0314,66,2022-08-23,2022-08-26
INB00070,SUP003,HUB-BLR,SKU0033,112,2022-08-23,2022-08-26
INB00070,SUP003,HUB-BLR,SKU0089,95,2022-08-25,2022-08-26
INB00070,SUP003,HUB-BLR,SKU0122,96,2022-08-25,2022-08-26
INB00070,SUP003,HUB-BLR,SKU0227,108,2022-08-22,2022-08-26
INB00070,SUP003,HUB-BLR,SKU0270,100,2022-08-22,2022-08-26
INB00070,SUP003,HUB-BLR,SKU0299,129,2022-08-23,2022-08-26
INB00070,SUP003,HUB-BLR,SKU0012,95,2022-08-24,2022-08-27
INB00070,SUP003,HUB-BLR,SKU0013,115,2022-08-23,2022-08-27
INB00070,SUP003,HUB-BLR,SKU0018,172,2022-08-26,2022-08-27
INB00070,SUP003,HUB-BLR,SKU0044,101,2022-08-24,2022-08-27
INB00070,SUP003,HUB-BLR,SKU0071,178,2022-08-23,2022-08-27
INB00070,SUP003,HUB-BLR,SKU0121,115,2022-08-27,2022-08-27
INB00070,SUP003,HUB-BLR,SKU0229,107,2022-08-25,2022-08-27
INB00070,SUP003,HUB-BLR,SKU0234,174,2022-08-26,2022-08-27
INB00070,SUP003,HUB-BLR,SKU0242,104,2022-08-24,2022-08-27
INB00070,SUP003,HUB-BLR,SKU0332,112,2022-08-23,2022-08-27
INB00070,SUP003,HUB-BLR,SKU0354,163,2022-08-27,2022-08-27
INB00070,SUP003,HUB-BLR,SKU0367,94,2022-08-26,2022-08-27
INB00070,SUP003,HUB-BLR,SKU0383,101,2022-08-22,2022-08-27
INB00070,SUP003,HUB-BLR,SKU0419,125,2022-08-24,2022-08-27
INB00070,SUP003,HUB-BLR,SKU0493,137,2022-08-24,2022-08-27
INB00070,SUP003,HUB-BLR,SKU0495,106,2022-08-26,2022-08-27
INB00070,SUP003,HUB-BLR,SKU0023,124,2022-08-27,2022-08-28
INB00070,SUP003,HUB-BLR,SKU0050,113,2022-08-28,2022-08-28
INB00070,SUP003,HUB-BLR,SKU0061,101,2022-08-28,2022-08-28
INB00070,SUP003,HUB-BLR,SKU0140,108,2022-08-24,2022-08-28
INB00070,SUP003,HUB-BLR,SKU0198,103,2022-08-23,2022-08-28
INB00070,SUP003,HUB-BLR,SKU0285,118,2022-08-23,2022-08-28
INB00070,SUP003,HUB-BLR,SKU0333,135,2022-08-25,2022-08-28
INB00070,SUP003,HUB-BLR,SKU0345,133,2022-08-27,2022-08-28
INB00071,SUP002,HUB-BOM,SKU0164,45,2022-08-25,2022-08-28
INB00070,SUP003,HUB-BLR,SKU0239,135,2022-08-26,2022-08-29
INB00070,SUP003,HUB-BLR,SKU0329,171,2022-08-24,2022-08-29
INB00071,SUP002,HUB-BOM,SKU0263,44,2022-08-29,2022-08-29
INB00071,SUP002,HUB-BOM,SKU0372,42,2022-08-28,2022-08-29
INB00072,SUP020,HUB-DEL,SKU0100,60,2022-08-26,2022-08-29
INB00072,SUP020,HUB-DEL,SKU0230,59,2022-08-24,2022-08-29
INB00072,SUP020,HUB-DEL,SKU0321,64,2022-08-28,2022-08-29
INB00072,SUP020,HUB-DEL,SKU0497,59,2022-08-26,2022-08-29
INB00071,SUP002,HUB-BOM,SKU0083,45,2022-08-30,2022-08-30
INB00071,SUP002,HUB-BOM,SKU0252,39,2022-08-30,2022-08-30
INB00072,SUP020,HUB-DEL,SKU0043,60,2022-08-27,2022-08-30
INB00072,SUP020,HUB-DEL,SKU0104,60,2022-08-29,2022-08-30
INB00072,SUP020,HUB-DEL,SKU0133,61,2022-08-27,2022-08-30
INB00072,SUP020,HUB-DEL,SKU0301,62,2022-08-29,2022-08-30
INB00072,SUP020,HUB-DEL,SKU0390,70,2022-08-26,2022-08-30
INB00071,SUP002,HUB-BOM,SKU0049,40,2022-08-31,2022-08-31
INB00071,SUP002,HUB-BOM,SKU0067,49,2022-08-28,2022-08-31
INB00071,SUP002,HUB-BOM,SKU0477,39,2022-08-27,2022-08-31
INB00072,SUP020,HUB-DEL,SKU0233,58,2022-08-30,2022-08-31
INB00072,SUP020,HUB-DEL,SKU0382,66,2022-08-26,2022-08-31
INB00071,SUP002,HUB-BOM,SKU0189,51,2022-08-27,2022-09-01
INB00071,SUP002,HUB-BOM,SKU0223,40,2022-08-29,2022-09-01
INB00071,SUP002,HUB-BOM,SKU0228,37,2022-08-28,2022-09-01
INB00071,SUP002,HUB-BOM,SKU0474,37,2022-09-01,2022-09-01
INB00071,SUP002,HUB-BOM,SKU0476,51,2022-08-29,2022-09-01
INB00072,SUP020,HUB-DEL,SKU0342,64,2022-08-28,2022-09-01
INB00072,SUP020,HUB-DEL,SKU0442,63,2022-08-27,2022-09-01
INB00072,SUP020,HUB-DEL,SKU0468,62,2022-08-28,2022-09-01
INB00073,SUP007,HUB-BLR,SKU0162,112,2022-08-27,2022-09-01
INB00073,SUP007,HUB-BLR,SKU0362,125,2022-08-30,2022-09-01
INB00073,SUP007,HUB-BLR,SKU0454,103,2022-08-27,2022-09-01
INB00072,SUP020,HUB-DEL,SKU0011,66,2022-08-28,2022-09-02
INB00072,SUP020,HUB-DEL,SKU0231,74,2022-08-28,2022-09-02
INB00072,SUP020,HUB-DEL,SKU0426,75,2022-08-30,2022-09-02
INB00073,SUP007,HUB-BLR,SKU0361,143,2022-09-02,2022-09-02
INB00071,SUP002,HUB-BOM,SKU0025,42,2022-08-30,2022-09-03
INB00071,SUP002,HUB-BOM,SKU0266,51,2022-08-31,2022-09-03
INB00072,SUP020,HUB-DEL,SKU0215,64,2022-09-02,2022-09-03
INB00072,SUP020,HUB-DEL,SKU0261,63,2022-08-31,2022-09-03
INB00072,SUP020,HUB-DEL,SKU0284,67,2022-08-30,2022-09-03
INB00072,SUP020,HUB-DEL,SKU0427,63,2022-09-02,2022-09-03
INB00073,SUP007,HUB-BLR,SKU0121,125,2022-09-01,2022-09-03
INB00073,SUP007,HUB-BLR,SKU0295,148,2022-09-03,2022-09-03
INB00073,SUP007,HUB-BLR,SKU0304,164,2022-09-01,2022-09-03
INB00072,SUP020,HUB-DEL,SKU0092,62,2022-09-04,2022-09-04
INB00072,SUP020,HUB-DEL,SKU0308,59,2022-09-02,2022-09-04
INB00072,SUP020,HUB-DEL,SKU0339,58,2022-09-04,2022-09-04
INB00073,SUP007,HUB-BLR,SKU0004,100,2022-09-03,2022-09-04
INB00073,SUP007,HUB-BLR,SKU0158,103,2022-09-01,2022-09-04
INB00073,SUP007,HUB-BLR,SKU0182,135,2022-09-01,2022-09-04
INB00073,SUP007,HUB-BLR,SKU0222,97,2022-09-01,2022-09-04
INB00073,SUP007,HUB-BLR,SKU0248,107,2022-09-02,2022-09-04
INB00073,SUP007,HUB-BLR,SKU0269,96,2022-08-31,2022-09-04
INB00073,SUP007,HUB-BLR,SKU0290,166,2022-09-03,2022-09-04
INB00073,SUP007,HUB-BLR,SKU0404,138,2022-09-02,2022-09-04
INB00073,SUP007,HUB-BLR,SKU0405,94,2022-09-03,2022-09-04
INB00073,SUP007,HUB-BLR,SKU0435,132,2022-09-04,2022-09-04
INB00072,SUP020,HUB-DEL,SKU0328,59,2022-09-01,2022-09-05
INB00073,SUP007,HUB-BLR,SKU0093,102,2022-09-03,2022-09-05
INB00073,SUP007,HUB-BLR,SKU0156,101,2022-09-04,2022-09-05
INB00073,SUP007,HUB-BLR,SKU0236,98,2022-09-03,2022-09-05
INB00073,SUP007,HUB-BLR,SKU0348,104,2022-08-31,2022-09-05
INB00073,SUP007,HUB-BLR,SKU0360,167,2022-09-05,2022-09-05
INB00073,SUP007,HUB-BLR,SKU0460,105,2022-09-01,2022-09-05
INB00073,SUP007,HUB-BLR,SKU0035,131,2022-09-03,2022-09-06
INB00073,SUP007,HUB-BLR,SKU0082,107,2022-09-04,2022-09-06
INB00073,SUP007,HUB-BLR,SKU0211,114,2022-09-04,2022-09-06
INB00073,SUP007,HUB-BLR,SKU0444,135,2022-09-04,2022-09-06
INB00073,SUP007,HUB-BLR,SKU0065,155,2022-09-03,2022-09-07
INB00073,SUP007,HUB-BLR,SKU0445,122,2022-09-04,2022-09-07
INB00073,SUP007,HUB-BLR,SKU0450,122,2022-09-03,2022-09-07
INB00074,SUP015,HUB-BOM,SKU0054,41,2022-09-04,2022-09-07
INB00073,SUP007,HUB-BLR,SKU0326,115,2022-09-08,2022-09-08
INB00074,SUP015,HUB-BOM,SKU0097,45,2022-09-03,2022-09-08
INB00074,SUP015,HUB-BOM,SKU0276,39,2022-09-05,2022-09-08
INB00074,SUP015,HUB-BOM,SKU0292,42,2022-09-06,2022-09-08
INB00074,SUP015,HUB-BOM,SKU0349,45,2022-09-03,2022-09-08
INB00074,SUP015,HUB-BOM,SKU0146,38,2022-09-08,2022-09-09
INB00074,SUP015,HUB-BOM,SKU0374,37,2022-09-08,2022-09-09
INB00075,SUP011,HUB-DEL,SKU0459,58,2022-09-05,2022-09-09
INB00073,SUP007,HUB-BLR,SKU0081,108,2022-09-07,2022-09-10
INB00074,SUP015,HUB-BOM,SKU0343,38,2022-09-05,2022-09-10
INB00074,SUP015,HUB-BOM,SKU0421,38,2022-09-09,2022-09-10
INB00075,SUP011,HUB-DEL,SKU0115,74,2022-09-07,2022-09-10
INB00075,SUP011,HUB-DEL,SKU0498,59,2022-09-07,2022-09-10
INB00074,SUP015,HUB-BOM,SKU0058,47,2022-09-07,2022-09-11
INB00074,SUP015,HUB-BOM,SKU0278,41,2022-09-08,2022-09-11
INB00074,SUP015,HUB-BOM,SKU0473,39,2022-09-07,2022-09-11
INB00075,SUP011,HUB-DEL,SKU0017,74,2022-09-06,2022-09-11
INB00075,SUP011,HUB-DEL,SKU0235,58,2022-09-08,2022-09-11
INB00075,SUP011,HUB-DEL,SKU0243,58,2022-09-09,2022-09-11
INB00075,SUP011,HUB-DEL,SKU0256,62,2022-09-06,2022-09-11
INB00075,SUP011,HUB-DEL,SKU0462,65,2022-09-10,2022-09-11
INB00075,SUP011,HUB-DEL,SKU0098,60,2022-09-07,2022-09-12
INB00075,SUP011,HUB-DEL,SKU0142,69,2022-09-12,2022-09-12
INB00075,SUP011,HUB-DEL,SKU0289,60,2022-09-12,2022-09-12
INB00075,SUP011,HUB-DEL,SKU0318,71,2022-09-09,2022-09-12
INB00075,SUP011,HUB-DEL,SKU0478,69,2022-09-10,2022-09-12
INB00074,SUP015,HUB-BOM,SKU0151,40,2022-09-08,2022-09-13
INB00074,SUP015,HUB-BOM,SKU0311,52,2022-09-09,2022-09-13
INB00075,SUP011,HUB-DEL,SKU0424,62,2022-09-08,2022-09-13
INB00076,SUP010,HUB-BLR,SKU0044,100,2022-09-09,2022-09-13
INB00076,SUP010,HUB-BLR,SKU0079,96,2022-09-09,2022-09-13
INB00076,SUP010,HUB-BLR,SKU0175,140,2022-09-10,2022-09-13
INB00076,SUP010,HUB-BLR,SKU0203,116,2022-09-12,2022-09-13
INB00076,SUP010,HUB-BLR,SKU0239,140,2022-09-08,2022-09-13
INB00076,SUP010,HUB-BLR,SKU0332,186,2022-09-11,2022-09-13
INB00076,SUP010,HUB-BLR,SKU0458,105,2022-09-09,2022-09-13
INB00075,SUP011,HUB-DEL,SKU0317,59,2022-09-11,2022-09-14
INB00075,SUP011,HUB-DEL,SKU0356,65,2022-09-11,2022-09-14
INB00075,SUP011,HUB-DEL,SKU0499,66,2022-09-12,2022-09-14
INB00076,SUP010,HUB-BLR,SKU0063,144,2022-09-13,2022-09-14
INB00076,SUP010,HUB-BLR,SKU0073,119,2022-09-10,2022-09-14
INB00076,SUP010,HUB-BLR,SKU0145,98,2022-09-13,2022-09-14
INB00076,SUP010,HUB-BLR,SKU0430,149,2022-09-13,2022-09-14
INB00074,SUP015,HUB-BOM,SKU0428,42,2022-09-13,2022-09-15
INB00075,SUP011,HUB-DEL,SKU0117,58,2022-09-13,2022-09-15
INB00075,SUP011,HUB-DEL,SKU0399,58,2022-09-10,2022-09-15
INB00076,SUP010,HUB-BLR,SKU0033,137,2022-09-12,2022-09-15
INB00076,SUP010,HUB-BLR,SKU0071,102,2022-09-14,2022-09-15
INB00076,SUP010,HUB-BLR,SKU0120,135,2022-09-14,2022-09-15
INB00076,SUP010,HUB-BLR,SKU0130,115,2022-09-13,2022-09-15
INB00076,SUP010,HUB-BLR,SKU0169,104,2022-09-15,2022-09-15
INB00076,SUP010,HUB-BLR,SKU0201,117,2022-09-15,2022-09-15
INB00076,SUP010,HUB-BLR,SKU0205,102,2022-09-12,2022-09-15
INB00076,SUP010,HUB-BLR,SKU0217,115,2022-09-12,2022-09-15
INB00076,SUP010,HUB-BLR,SKU0377,106,2022-09-12,2022-09-15
INB00076,SUP010,HUB-BLR,SKU0433,101,2022-09-11,2022-09-15
INB00076,SUP010,HUB-BLR,SKU0466,123,2022-09-15,2022-09-15
INB00076,SUP010,HUB-BLR,SKU0489,138,2022-09-15,2022-09-15
INB00076,SUP010,HUB-BLR,SKU0021,123,2022-09-11,2022-09-16
INB00076,SUP010,HUB-BLR,SKU0026,116,2022-09-15,2022-09-16
INB00076,SUP010,HUB-BLR,SKU0137,96,2022-09-11,2022-09-16
INB00076,SUP010,HUB-BLR,SKU0166,125,2022-09-15,2022-09-16
INB00076,SUP010,HUB-BLR,SKU0224,98,2022-09-11,2022-09-16
INB00076,SUP010,HUB-BLR,SKU0244,99,2022-09-15,2022-09-16
INB00076,SUP010,HUB-BLR,SKU0352,99,2022-09-16,2022-09-16
INB00076,SUP010,HUB-BLR,SKU0401,143,2022-09-11,2022-09-16
INB00076,SUP010,HUB-BLR,SKU0413,103,2022-09-16,2022-09-16
INB00076,SUP010,HUB-BLR,SKU0038,109,2022-09-14,2022-09-17
INB00076,SUP010,HUB-BLR,SKU0072,160,2022-09-14,2022-09-17
INB00076,SUP010,HUB-BLR,SKU0087,156,2022-09-16,2022-09-17
INB00076,SUP010,HUB-BLR,SKU0089,119,2022-09-13,2022-09-17
INB00076,SUP010,HUB-BLR,SKU0091,120,2022-09-15,2022-09-17
INB00076,SUP010,HUB-BLR,SKU0197,96,2022-09-17,2022-09-17
INB00076,SUP010,HUB-BLR,SKU0227,116,2022-09-17,2022-09-17
INB00076,SUP010,HUB-BLR,SKU0271,94,2022-09-16,2022-09-17
INB00076,SUP010,HUB-BLR,SKU0299,104,2022-09-16,2022-09-17
INB00076,SUP010,HUB-BLR,SKU0305,102,2022-09-13,2022-09-17
INB00076,SUP010,HUB-BLR,SKU0327,165,2022-09-12,2022-09-17
INB00076,SUP010,HUB-BLR,SKU0336,131,2022-09-13,2022-09-17
INB00076,SUP010,HUB-BLR,SKU0388,98,2022-09-12,2022-09-17
INB00076,SUP010,HUB-BLR,SKU0440,97,2022-09-13,2022-09-17
INB00076,SUP010,HUB-BLR,SKU0445,99,2022-09-13,2022-09-17
INB00076,SUP010,HUB-BLR,SKU0105,149,2022-09-17,2022-09-18
INB00076,SUP010,HUB-BLR,SKU0143,120,2022-09-16,2022-09-18
INB00076,SUP010,HUB-BLR,SKU0179,101,2022-09-18,2022-09-18
INB00076,SUP010,HUB-BLR,SKU0247,178,2022-09-15,2022-09-18
INB00076,SUP010,HUB-BLR,SKU0313,154,2022-09-17,2022-09-18
INB00076,SUP010,HUB-BLR,SKU0324,118,2022-09-17,2022-09-18
INB00076,SUP010,HUB-BLR,SKU0368,144,2022-09-17,2022-09-18
INB00076,SUP010,HUB-BLR,SKU0369,93,2022-09-13,2022-09-18
INB00076,SUP010,HUB-BLR,SKU0371,105,2022-09-17,2022-09-18
INB00076,SUP010,HUB-BLR,SKU0397,134,2022-09-18,2022-09-18
INB00076,SUP010,HUB-BLR,SKU0407,107,2022-09-14,2022-09-18
INB00076,SUP010,HUB-BLR,SKU0479,121,2022-09-15,2022-09-18
INB00078,SUP004,HUB-BOM,SKU0275,44,2022-09-17,2022-09-18
INB00078,SUP004,HUB-BOM,SKU0443,49,2022-09-16,2022-09-18
INB00076,SUP010,HUB-BLR,SKU0101,116,2022-09-18,2022-09-19
INB00076,SUP010,HUB-BLR,SKU0112,106,2022-09-15,2022-09-19
INB00076,SUP010,HUB-BLR,SKU0165,153,2022-09-16,2022-09-19
INB00076,SUP010,HUB-BLR,SKU0183,127,2022-09-17,2022-09-19
INB00076,SUP010,HUB-BLR,SKU0237,111,2022-09-16,2022-09-19
INB00076,SUP010,HUB-BLR,SKU0357,116,2022-09-16,2022-09-19
INB00076,SUP010,HUB-BLR,SKU0367,192,2022-09-18,2022-09-19
INB00076,SUP010,HUB-BLR,SKU0480,122,2022-09-18,2022-09-19
INB00077,SUP014,HUB-DEL,SKU0052,63,2022-09-19,2022-09-19
INB00077,SUP014,HUB-DEL,SKU0086,63,2022-09-16,2022-09-19
INB00077,SUP014,HUB-DEL,SKU0187,65,2022-09-15,2022-09-19
INB00078,SUP004,HUB-BOM,SKU0066,38,2022-09-19,2022-09-19
INB00078,SUP004,HUB-BOM,SKU0432,41,2022-09-18,2022-09-19
INB00076,SUP010,HUB-BLR,SKU0309,109,2022-09-19,2022-09-20
INB00076,SUP010,HUB-BLR,SKU0323,135,2022-09-18,2022-09-20
INB00077,SUP014,HUB-DEL,SKU0068,63,2022-09-20,2022-09-20
INB00077,SUP014,HUB-DEL,SKU0128,66,2022-09-18,2022-09-20
INB00078,SUP004,HUB-BOM,SKU0022,42,2022-09-18,2022-09-20
INB00078,SUP004,HUB-BOM,SKU0155,42,2022-09-15,2022-09-20
INB00078,SUP004,HUB-BOM,SKU0338,42,2022-09-15,2022-09-20
INB00077,SUP014,HUB-DEL,SKU0002,58,2022-09-21,2022-09-21
INB00077,SUP014,HUB-DEL,SKU0208,57,2022-09-18,2022-09-21
INB00077,SUP014,HUB-DEL,SKU0417,70,2022-09-21,2022-09-21
INB00078,SUP004,HUB-BOM,SKU0028,46,2022-09-20,2022-09-21
INB00078,SUP004,HUB-BOM,SKU0076,37,2022-09-21,2022-09-21
INB00078,SUP004,HUB-BOM,SKU0123,41,2022-09-21,2022-09-21
INB00078,SUP004,HUB-BOM,SKU0300,38,2022-09-18,2022-09-21
INB00078,SUP004,HUB-BOM,SKU0347,47,2022-09-18,2022-09-21
INB00078,SUP004,HUB-BOM,SKU0353,40,2022-09-21,2022-09-21
INB00077,SUP014,HUB-DEL,SKU0007,59,2022-09-21,2022-09-22
INB00077,SUP014,HUB-DEL,SKU0212,66,2022-09-17,2022-09-22
INB00078,SUP004,HUB-BOM,SKU0009,51,2022-09-20,2022-09-22
INB00078,SUP004,HUB-BOM,SKU0136,42,2022-09-19,2022-09-22
INB00078,SUP004,HUB-BOM,SKU0170,38,2022-09-17,2022-09-22
INB00078,SUP004,HUB-BOM,SKU0177,39,2022-09-19,2022-09-22
INB00078,SUP004,HUB-BOM,SKU0216,43,2022-09-21,2022-09-22
INB00078,SUP004,HUB-BOM,SKU0380,43,2022-09-19,2022-09-22
INB00078,SUP004,HUB-BOM,SKU0456,51,2022-09-21,2022-09-22
INB00078,SUP004,HUB-BOM,SKU0465,41,2022-09-17,2022-09-22
INB00077,SUP014,HUB-DEL,SKU0075,66,2022-09-22,2022-09-23
INB00077,SUP014,HUB-DEL,SKU0467,61,2022-09-23,2022-09-23
INB00078,SUP004,HUB-BOM,SKU0118,48,2022-09-19,2022-09-23
INB00078,SUP004,HUB-BOM,SKU0448,46,2022-09-18,2022-09-23
INB00079,SUP019,HUB-BLR,SKU0050,103,2022-09-23,2022-09-23
INB00079,SUP019,HUB-BLR,SKU0122,119,2022-09-19,2022-09-23
INB00079,SUP019,HUB-BLR,SKU0167,103,2022-09-18,2022-09-23
INB00079,SUP019,HUB-BLR,SKU0229,104,2022-09-18,2022-09-23
INB00078,SUP004,HUB-BOM,SKU0090,59,2022-09-23,2022-09-24
INB00078,SUP004,HUB-BOM,SKU0171,43,2022-09-24,2022-09-24
INB00079,SUP019,HUB-BLR,SKU0094,113,2022-09-24,2022-09-24
INB00079,SUP019,HUB-BLR,SKU0131,144,2022-09-23,2022-09-24
INB00079,SUP019,HUB-BLR,SKU0344,109,2022-09-23,2022-09-24
INB00079,SUP019,HUB-BLR,SKU0488,95,2022-09-23,2022-09-24
INB00079,SUP019,HUB-BLR,SKU0494,117,2022-09-20,2022-09-24
INB00079,SUP019,HUB-BLR,SKU0110,94,2022-09-25,2022-09-25
INB00079,SUP019,HUB-BLR,SKU0192,98,2022-09-21,2022-09-25
INB00079,SUP019,HUB-BLR,SKU0270,98,2022-09-25,2022-09-25
INB00079,SUP019,HUB-BLR,SKU0294,136,2022-09-25,2022-09-25
INB00079,SUP019,HUB-BLR,SKU0251,107,2022-09-22,2022-09-26
INB00079,SUP019,HUB-BLR,SKU0258,119,2022-09-25,2022-09-26
INB00079,SUP019,HUB-BLR,SKU0288,102,2022-09-25,2022-09-26
INB00079,SUP019,HUB-BLR,SKU0304,100,2022-09-26,2022-09-26
INB00079,SUP019,HUB-BLR,SKU0383,100,2022-09-25,2022-09-26
INB00079,SUP019,HUB-BLR,SKU0454,109,2022-09-22,2022-09-26
INB00079,SUP019,HUB-BLR,SKU0495,104,2022-09-24,2022-09-26
INB00079,SUP019,HUB-BLR,SKU0132,110,2022-09-27,2022-09-27
INB00079,SUP019,HUB-BLR,SKU0222,141,2022-09-23,2022-09-27
INB00079,SUP019,HUB-BLR,SKU0283,115,2022-09-22,2022-09-27
INB00079,SUP019,HUB-BLR,SKU0291,97,2022-09-27,2022-09-27
INB00079,SUP019,HUB-BLR,SKU0335,105,2022-09-25,2022-09-27
INB00079,SUP019,HUB-BLR,SKU0348,151,2022-09-26,2022-09-27
INB00079,SUP019,HUB-BLR,SKU0492,122,2022-09-23,2022-09-27
INB00079,SUP019,HUB-BLR,SKU0493,101,2022-09-22,2022-09-27
INB00080,SUP020,HUB-DEL,SKU0027,62,2022-09-22,2022-09-27
INB00080,SUP020,HUB-DEL,SKU0225,59,2022-09-26,2022-09-27
INB00081,SUP006,HUB-BOM,SKU0077,46,2022-09-23,2022-09-27
INB00081,SUP006,HUB-BOM,SKU0213,41,2022-09-24,2022-09-27
INB00079,SUP019,HUB-BLR,SKU0005,103,2022-09-24,2022-09-28
INB00079,SUP019,HUB-BLR,SKU0099,130,2022-09-28,2022-09-28
INB00079,SUP019,HUB-BLR,SKU0185,123,2022-09-23,2022-09-28
INB00079,SUP019,HUB-BLR,SKU0409,119,2022-09-23,2022-09-28
INB00079,SUP019,HUB-BLR,SKU0429,99,2022-09-26,2022-09-28
INB00079,SUP019,HUB-BLR,SKU0441,113,2022-09-26,2022-09-28
INB00080,SUP020,HUB-DEL,SKU0282,60,2022-09-23,2022-09-28
INB00080,SUP020,HUB-DEL,SKU0379,63,2022-09-25,2022-09-28
INB00081,SUP006,HUB-BOM,SKU0287,39,2022-09-25,2022-09-28
INB00081,SUP006,HUB-BOM,SKU0434,46,2022-09-23,2022-09-28
INB00079,SUP019,HUB-BLR,SKU0051,115,2022-09-24,2022-09-29
INB00079,SUP019,HUB-BLR,SKU0232,107,2022-09-24,2022-09-29
INB00079,SUP019,HUB-BLR,SKU0418,125,2022-09-28,2022-09-29
INB00079,SUP019,HUB-BLR,SKU0435,101,2022-09-24,2022-09-29
INB00079,SUP019,HUB-BLR,SKU0486,147,2022-09-28,2022-09-29
INB00080,SUP020,HUB-DEL,SKU0173,60,2022-09-26,2022-09-29
INB00080,SUP020,HUB-DEL,SKU0245,61,2022-09-28,2022-09-29
INB00080,SUP020,HUB-DEL,SKU0293,60,2022-09-26,2022-09-29
INB00080,SUP020,HUB-DEL,SKU0381,65,2022-09-26,2022-09-29
INB00080,SUP020,HUB-DEL,SKU0414,57,2022-09-24,2022-09-29
INB00080,SUP020,HUB-DEL,SKU0449,57,2022-09-29,2022-09-29
INB00081,SUP006,HUB-BOM,SKU0032,38,2022-09-24,2022-09-29
INB00081,SUP006,HUB-BOM,SKU0470,38,2022-09-24,2022-09-29
INB00079,SUP019,HUB-BLR,SKU0074,105,2022-09-30,2022-09-30
INB00079,SUP019,HUB-BLR,SKU0361,96,2022-09-28,2022-09-30
INB00079,SUP019,HUB-BLR,SKU0472,130,2022-09-29,2022-09-30
INB00080,SUP020,HUB-DEL,SKU0080,57,2022-09-26,2022-09-30
INB00080,SUP020,HUB-DEL,SKU0297,58,2022-09-25,2022-09-30
INB00080,SUP020,HUB-DEL,SKU0301,57,2022-09-27,2022-09-30
INB00081,SUP006,HUB-BOM,SKU0106,46,2022-09-28,2022-09-30
INB00081,SUP006,HUB-BOM,SKU0161,47,2022-09-27,2022-09-30
INB00081,SUP006,HUB-BOM,SKU0180,39,2022-09-27,2022-09-30
INB00081,SUP006,HUB-BOM,SKU0259,39,2022-09-29,2022-09-30
INB00081,SUP006,HUB-BOM,SKU0387,42,2022-09-27,2022-09-30
INB00081,SUP006,HUB-BOM,SKU0391,52,2022-09-29,2022-09-30
INB00080,SUP020,HUB-DEL,SKU0194,65,2022-10-01,2022-10-01
INB00080,SUP020,HUB-DEL,SKU0306,59,2022-09-30,2022-10-01
INB00080,SUP020,HUB-DEL,SKU0463,58,2022-10-01,2022-10-01
INB00081,SUP006,HUB-BOM,SKU0088,42,2022-09-30,2022-10-01
INB00081,SUP006,HUB-BOM,SKU0496,39,2022-09-29,2022-10-01
INB00080,SUP020,HUB-DEL,SKU0078,57,2022-10-02,2022-10-02
INB00080,SUP020,HUB-DEL,SKU0281,61,2022-09-27,2022-10-02
INB00080,SUP020,HUB-DEL,SKU0341,57,2022-09-29,2022-10-02
INB00081,SUP006,HUB-BOM,SKU0154,40,2022-09-27,2022-10-02
INB00081,SUP006,HUB-BOM,SKU0159,43,2022-09-28,2022-10-02
INB00081,SUP006,HUB-BOM,SKU0252,42,2022-09-27,2022-10-02
INB00081,SUP006,HUB-BOM,SKU0402,39,2022-09-28,2022-10-02
INB00081,SUP006,HUB-BOM,SKU0019,41,2022-09-30,2022-10-03
INB00081,SUP006,HUB-BOM,SKU0056,39,2022-09-28,2022-10-03
INB00081,SUP006,HUB-BOM,SKU0358,46,2022-09-30,2022-10-03
INB00081,SUP006,HUB-BOM,SKU0420,43,2022-10-01,2022-10-03
INB00082,SUP010,HUB-BLR,SKU0013,132,2022-10-02,2022-10-03
INB00082,SUP010,HUB-BLR,SKU0021,94,2022-10-02,2022-10-03
INB00082,SUP010,HUB-BLR,SKU0203,130,2022-10-01,2022-10-03
INB00082,SUP010,HUB-BLR,SKU0299,101,2022-09-30,2022-10-03
INB00082,SUP010,HUB-BLR,SKU0336,94,2022-10-03,2022-10-03
INB00082,SUP010,HUB-BLR,SKU0475,119,2022-09-30,2022-10-03
INB00082,SUP010,HUB-BLR,SKU0484,104,2022-10-02,2022-10-03
INB00081,SUP006,HUB-BOM,SKU0457,38,2022-10-03,2022-10-04
INB00082,SUP010,HUB-BLR,SKU0198,100,2022-10-04,2022-10-04
INB00082,SUP010,HUB-BLR,SKU0407,102,2022-10-04,2022-10-04
INB00082,SUP010,HUB-BLR,SKU0413,94,2022-10-01,2022-10-04
INB00082,SUP010,HUB-BLR,SKU0061,110,2022-09-30,2022-10-05
INB00082,SUP010,HUB-BLR,SKU0172,93,2022-10-04,2022-10-05
INB00082,SUP010,HUB-BLR,SKU0269,175,2022-10-04,2022-10-05
INB00082,SUP010,HUB-BLR,SKU0357,120,2022-10-03,2022-10-05
INB00082,SUP010,HUB-BLR,SKU0368,94,2022-09-30,2022-10-05
INB00082,SUP010,HUB-BLR,SKU0460,103,2022-10-03,2022-10-05
INB00083,SUP020,HUB-DEL,SKU0068,58,2022-10-01,2022-10-05
INB00083,SUP020,HUB-DEL,SKU0277,67,2022-09-30,2022-10-05
INB00083,SUP020,HUB-DEL,SKU0416,61,2022-10-04,2022-10-05
INB00082,SUP010,HUB-BLR,SKU0033,102,2022-10-03,2022-10-06
INB00082,SUP010,HUB-BLR,SKU0239,114,2022-10-01,2022-10-06
INB00082,SUP010,HUB-BLR,SKU0327,100,2022-10-01,2022-10-06
INB00082,SUP010,HUB-BLR,SKU0354,98,2022-10-02,2022-10-06
INB00082,SUP010,HUB-BLR,SKU0362,143,2022-10-05,2022-10-06
INB00082,SUP010,HUB-BLR,SKU0500,95,2022-10-05,2022-10-06
INB00083,SUP020,HUB-DEL,SKU0057,76,2022-10-02,2022-10-06
INB00083,SUP020,HUB-DEL,SKU0312,73,2022-10-02,2022-10-06
INB00082,SUP010,HUB-BLR,SKU0041,111,2022-10-06,2022-10-07
INB00082,SUP010,HUB-BLR,SKU0069,100,2022-10-06,2022-10-07
INB00082,SUP010,HUB-BLR,SKU0121,142,2022-10-04,2022-10-07
INB00082,SUP010,HUB-BLR,SKU0247,128,2022-10-05,2022-10-07
INB00082,SUP010,HUB-BLR,SKU0248,99,2022-10-05,2022-10-07
INB00082,SUP010,HUB-BLR,SKU0322,121,2022-10-04,2022-10-07
INB00082,SUP010,HUB-BLR,SKU0360,109,2022-10-03,2022-10-07
INB00082,SUP010,HUB-BLR,SKU0405,104,2022-10-05,2022-10-07
INB00083,SUP020,HUB-DEL,SKU0045,62,2022-10-04,2022-10-07
INB00083,SUP020,HUB-DEL,SKU0046,61,2022-10-05,2022-10-07
INB00083,SUP020,HUB-DEL,SKU0149,68,2022-10-03,2022-10-07
INB00083,SUP020,HUB-DEL,SKU0163,58,2022-10-07,2022-10-07
INB00083,SUP020,HUB-DEL,SKU0281,61,2022-10-06,2022-10-07
INB00083,SUP020,HUB-DEL,SKU0328,65,2022-10-05,2022-10-07
INB00083,SUP020,HUB-DEL,SKU0334,77,2022-10-07,2022-10-07
INB00083,SUP020,HUB-DEL,SKU0376,74,2022-10-04,2022-10-07
INB00084,SUP001,HUB-BOM,SKU0083,39,2022-10-04,2022-10-07
INB00084,SUP001,HUB-BOM,SKU0085,45,2022-10-06,2022-10-07
INB00084,SUP001,HUB-BOM,SKU0209,38,2022-10-02,2022-10-07
INB00084,SUP001,HUB-BOM,SKU0218,59,2022-10-02,2022-10-07
INB00084,SUP001,HUB-BOM,SKU0250,45,2022-10-03,2022-10-07
INB00084,SUP001,HUB-BOM,SKU0372,49,2022-10-02,2022-10-07
INB00082,SUP010,HUB-BLR,SKU0148,122,2022-10-05,2022-10-08
INB00082,SUP010,HUB-BLR,SKU0206,96,2022-10-08,2022-10-08
INB00082,SUP010,HUB-BLR,SKU0211,120,2022-10-03,2022-10-08
INB00082,SUP010,HUB-BLR,SKU0271,95,2022-10-08,2022-10-08
INB00082,SUP010,HUB-BLR,SKU0359,99,2022-10-08,2022-10-08
INB00082,SUP010,HUB-BLR,SKU0433,102,2022-10-03,2022-10-08
INB00083,SUP020,HUB-DEL,SKU0030,76,2022-10-07,2022-10-08
INB00083,SUP020,HUB-DEL,SKU0034,78,2022-10-08,2022-10-08
INB00083,SUP020,HUB-DEL,SKU0059,71,2022-10-04,2022-10-08
INB00083,SUP020,HUB-DEL,SKU0190,58,2022-10-05,2022-10-08
INB00083,SUP020,HUB-DEL,SKU0308,77,2022-10-05,2022-10-08
INB00083,SUP020,HUB-DEL,SKU0314,59,2022-10-03,2022-10-08
INB00084,SUP001,HUB-BOM,SKU0097,44,2022-10-03,2022-10-08
INB00084,SUP001,HUB-BOM,SKU0319,42,2022-10-03,2022-10-08
INB00082,SUP010,HUB-BLR,SKU0081,107,2022-10-04,2022-10-09
INB00082,SUP010,HUB-BLR,SKU0234,144,2022-10-04,2022-10-09
INB00082,SUP010,HUB-BLR,SKU0242,99,2022-10-08,2022-10-09
INB00083,SUP020,HUB-DEL,SKU0047,66,2022-10-05,2022-10-09
INB00083,SUP020,HUB-DEL,SKU0111,78,2022-10-04,2022-10-09
INB00083,SUP020,HUB-DEL,SKU0264,88,2022-10-04,2022-10-09
INB00083,SUP020,HUB-DEL,SKU0384,71,2022-10-08,2022-10-09
INB00084,SUP001,HUB-BOM,SKU0147,45,2022-10-05,2022-10-09
INB00084,SUP001,HUB-BOM,SKU0200,45,2022-10-08,2022-10-09
INB00084,SUP001,HUB-BOM,SKU0400,39,2022-10-07,2022-10-09
INB00084,SUP001,HUB-BOM,SKU0415,53,2022-10-08,2022-10-09
INB00082,SUP010,HUB-BLR,SKU0026,144,2022-10-10,2022-10-10
INB00082,SUP010,HUB-BLR,SKU0175,130,2022-10-10,2022-10-10
INB00083,SUP020,HUB-DEL,SKU0102,61,2022-10-08,2022-10-10
INB00083,SUP020,HUB-DEL,SKU0113,62,2022-10-09,2022-10-10
INB00083,SUP020,HUB-DEL,SKU0196,60,2022-10-10,2022-10-10
INB00083,SUP020,HUB-DEL,SKU0253,61,2022-10-07,2022-10-10
INB00083,SUP020,HUB-DEL,SKU0261,64,2022-10-09,2022-10-10
INB00083,SUP020,HUB-DEL,SKU0286,79,2022-10-06,2022-10-10
INB00083,SUP020,HUB-DEL,SKU0398,71,2022-10-08,2022-10-10
INB00084,SUP001,HUB-BOM,SKU0025,37,2022-10-05,2022-10-10
INB00084,SUP001,HUB-BOM,SKU0273,40,2022-10-06,2022-10-10
INB00084,SUP001,HUB-BOM,SKU0279,43,2022-10-06,2022-10-10
INB00084,SUP001,HUB-BOM,SKU0471,49,2022-10-06,2022-10-10
INB00084,SUP001,HUB-BOM,SKU0477,38,2022-10-06,2022-10-10
INB00082,SUP010,HUB-BLR,SKU0197,101,2022-10-09,2022-10-11
INB00083,SUP020,HUB-DEL,SKU0042,57,2022-10-08,2022-10-11
INB00083,SUP020,HUB-DEL,SKU0157,69,2022-10-10,2022-10-11
INB00083,SUP020,HUB-DEL,SKU0464,88,2022-10-09,2022-10-11
INB00084,SUP001,HUB-BOM,SKU0067,37,2022-10-06,2022-10-11
INB00084,SUP001,HUB-BOM,SKU0181,43,2022-10-08,2022-10-11
INB00084,SUP001,HUB-BOM,SKU0337,43,2022-10-06,2022-10-11
INB00084,SUP001,HUB-BOM,SKU0350,39,2022-10-11,2022-10-11
INB00084,SUP001,HUB-BOM,SKU0411,42,2022-10-09,2022-10-11
INB00084,SUP001,HUB-BOM,SKU0483,49,2022-10-11,2022-10-11
INB00083,SUP020,HUB-DEL,SKU0003,58,2022-10-10,2022-10-12
INB00083,SUP020,HUB-DEL,SKU0031,87,2022-10-09,2022-10-12
INB00083,SUP020,HUB-DEL,SKU0141,87,2022-10-12,2022-10-12
INB00084,SUP001,HUB-BOM,SKU0124,67,2022-10-08,2022-10-12
INB00084,SUP001,HUB-BOM,SKU0210,43,2022-10-07,2022-10-12
INB00084,SUP001,HUB-BOM,SKU0255,44,2022-10-11,2022-10-12
INB00084,SUP001,HUB-BOM,SKU0302,41,2022-10-11,2022-10-12
INB00084,SUP001,HUB-BOM,SKU0150,37,2022-10-13,2022-10-13
INB00084,SUP001,HUB-BOM,SKU0193,53,2022-10-09,2022-10-13
INB00085,SUP003,HUB-BLR,SKU0073,106,2022-10-14,2022-10-14
INB00085,SUP003,HUB-BLR,SKU0087,116,2022-10-13,2022-10-14
INB00084,SUP001,HUB-BOM,SKU0451,40,2022-10-12,2022-10-15
INB00085,SUP003,HUB-BLR,SKU0367,101,2022-10-14,2022-10-15
INB00086,SUP012,HUB-DEL,SKU0017,76,2022-10-10,2022-10-15
INB00086,SUP012,HUB-DEL,SKU0202,70,2022-10-12,2022-10-15
INB00086,SUP012,HUB-DEL,SKU0221,58,2022-10-15,2022-10-15
INB00086,SUP012,HUB-DEL,SKU0497,94,2022-10-13,2022-10-15
INB00086,SUP012,HUB-DEL,SKU0498,69,2022-10-15,2022-10-15
INB00085,SUP003,HUB-BLR,SKU0071,136,2022-10-14,2022-10-16
INB00085,SUP003,HUB-BLR,SKU0105,94,2022-10-12,2022-10-16
INB00085,SUP003,HUB-BLR,SKU0153,119,2022-10-14,2022-10-16
INB00085,SUP003,HUB-BLR,SKU0156,141,2022-10-16,2022-10-16
INB00085,SUP003,HUB-BLR,SKU0166,153,2022-10-16,2022-10-16
INB00085,SUP003,HUB-BLR,SKU0182,130,2022-10-16,2022-10-16
INB00085,SUP003,HUB-BLR,SKU0192,93,2022-10-12,2022-10-16
INB00085,SUP003,HUB-BLR,SKU0201,158,2022-10-14,2022-10-16
INB00085,SUP003,HUB-BLR,SKU0236,99,2022-10-11,2022-10-16
INB00085,SUP003,HUB-BLR,SKU0291,116,2022-10-13,2022-10-16
INB00085,SUP003,HUB-BLR,SKU0295,102,2022-10-12,2022-10-16
INB00085,SUP003,HUB-BLR,SKU0303,101,2022-10-11,2022-10-16
INB00085,SUP003,HUB-BLR,SKU0324,96,2022-10-15,2022-10-16
INB00085,SUP003,HUB-BLR,SKU0366,136,2022-10-12,2022-10-16
INB00085,SUP003,HUB-BLR,SKU0385,164,2022-10-16,2022-10-16
INB00085,SUP003,HUB-BLR,SKU0388,201,2022-10-12,2022-10-16
INB00085,SUP003,HUB-BLR,SKU0460,134,2022-10-14,2022-10-16
INB00085,SUP003,HUB-BLR,SKU0500,97,2022-10-15,2022-10-16
INB00086,SUP012,HUB-DEL,SKU0062,105,2022-10-11,2022-10-16
INB00086,SUP012,HUB-DEL,SKU0133,80,2022-10-11,2022-10-16
INB00086,SUP012,HUB-DEL,SKU0264,69,2022-10-12,2022-10-16
INB00086,SUP012,HUB-DEL,SKU0296,68,2022-10-15,2022-10-16
INB00086,SUP012,HUB-DEL,SKU0382,60,2022-10-16,2022-10-16
INB00086,SUP012,HUB-DEL,SKU0439,109,2022-10-13,2022-10-16
INB00086,SUP012,HUB-DEL,SKU0447,81,2022-10-16,2022-10-16
INB00086,SUP012,HUB-DEL,SKU0468,63,2022-10-15,2022-10-16
INB00085,SUP003,HUB-BLR,SKU0065,194,2022-10-12,2022-10-17
INB00085,SUP003,HUB-BLR,SKU0112,116,2022-10-12,2022-10-17
INB00085,SUP003,HUB-BLR,SKU0132,93,2022-10-14,2022-10-17
INB00085,SUP003,HUB-BLR,SKU0165,122,2022-10-12,2022-10-17
INB00085,SUP003,HUB-BLR,SKU0229,118,2022-10-12,2022-10-17
INB00085,SUP003,HUB-BLR,SKU0270,102,2022-10-13,2022-10-17
INB00085,SUP003,HUB-BLR,SKU0363,149,2022-10-13,2022-10-17
INB00085,SUP003,HUB-BLR,SKU0404,103,2022-10-16,2022-10-17
INB00085,SUP003,HUB-BLR,SKU0440,97,2022-10-14,2022-10-17
INB00085,SUP003,HUB-BLR,SKU0445,111,2022-10-15,2022-10-17
INB00086,SUP012,HUB-DEL,SKU0008,109,2022-10-15,2022-10-17
INB00086,SUP012,HUB-DEL,SKU0039,63,2022-10-12,2022-10-17
INB00086,SUP012,HUB-DEL,SKU0092,77,2022-10-16,2022-10-17
INB00086,SUP012,HUB-DEL,SKU0138,94,2022-10-16,2022-10-17
INB00086,SUP012,HUB-DEL,SKU0212,87,2022-10-12,2022-10-17
INB00086,SUP012,HUB-DEL,SKU0238,66,2022-10-17,2022-10-17
INB00086,SUP012,HUB-DEL,SKU0301,64,2022-10-17,2022-10-17
INB00086,SUP012,HUB-DEL,SKU0317,67,2022-10-14,2022-10-17
INB00086,SUP012,HUB-DEL,SKU0412,88,2022-10-16,2022-10-17
INB00085,SUP003,HUB-BLR,SKU0018,107,2022-10-15,2022-10-18
INB00085,SUP003,HUB-BLR,SKU0044,144,2022-10-17,2022-10-18
INB00085,SUP003,HUB-BLR,SKU0140,128,2022-10-14,2022-10-18
INB00085,SUP003,HUB-BLR,SKU0232,117,2022-10-17,2022-10-18
INB00085,SUP003,HUB-BLR,SKU0234,115,2022-10-15,2022-10-18
INB00085,SUP003,HUB-BLR,SKU0419,107,2022-10-16,2022-10-18
INB00085,SUP003,HUB-BLR,SKU0450,133,2022-10-13,2022-10-18
INB00086,SUP012,HUB-DEL,SKU0029,71,2022-10-13,2022-10-18
INB00086,SUP012,HUB-DEL,SKU0048,57,2022-10-15,2022-10-18
INB00086,SUP012,HUB-DEL,SKU0115,95,2022-10-18,2022-10-18
INB00086,SUP012,HUB-DEL,SKU0134,80,2022-10-18,2022-10-18
INB00086,SUP012,HUB-DEL,SKU0240,103,2022-10-14,2022-10-18
INB00086,SUP012,HUB-DEL,SKU0286,59,2022-10-14,2022-10-18
INB00086,SUP012,HUB-DEL,SKU0289,74,2022-10-18,2022-10-18
INB00086,SUP012,HUB-DEL,SKU0297,68,2022-10-15,2022-10-18
INB00086,SUP012,HUB-DEL,SKU0381,75,2022-10-17,2022-10-18
INB00086,SUP012,HUB-DEL,SKU0386,68,2022-10-17,2022-10-18
INB00086,SUP012,HUB-DEL,SKU0414,67,2022-10-17,2022-10-18
INB00086,SUP012,HUB-DEL,SKU0442,86,2022-10-17,2022-10-18
INB00086,SUP012,HUB-DEL,SKU0453,61,2022-10-15,2022-10-18
INB00086,SUP012,HUB-DEL,SKU0478,97,2022-10-13,2022-10-18
INB00087,SUP004,HUB-BOM,SKU0278,38,2022-10-17,2022-10-18
INB00087,SUP004,HUB-BOM,SKU0378,44,2022-10-16,2022-10-18
INB00085,SUP003,HUB-BLR,SKU0004,112,2022-10-18,2022-10-19
INB00085,SUP003,HUB-BLR,SKU0012,173,2022-10-18,2022-10-19
INB00085,SUP003,HUB-BLR,SKU0035,139,2022-10-14,2022-10-19
INB00085,SUP003,HUB-BLR,SKU0082,124,2022-10-14,2022-10-19
INB00085,SUP003,HUB-BLR,SKU0329,126,2022-10-19,2022-10-19
INB00085,SUP003,HUB-BLR,SKU0344,138,2022-10-16,2022-10-19
INB00085,SUP003,HUB-BLR,SKU0369,93,2022-10-19,2022-10-19
INB00085,SUP003,HUB-BLR,SKU0371,146,2022-10-19,2022-10-19
INB00085,SUP003,HUB-BLR,SKU0444,111,2022-10-16,2022-10-19
INB00085,SUP003,HUB-BLR,SKU0479,141,2022-10-19,2022-10-19
INB00086,SUP012,HUB-DEL,SKU0036,82,2022-10-16,2022-10-19
INB00086,SUP012,HUB-DEL,SKU0055,86,2022-10-19,2022-10-19
INB00086,SUP012,HUB-DEL,SKU0117,84,2022-10-15,2022-10-19
INB00086,SUP012,HUB-DEL,SKU0125,125,2022-10-17,2022-10-19
INB00086,SUP012,HUB-DEL,SKU0230,62,2022-10-19,2022-10-19
INB00086,SUP012,HUB-DEL,SKU0249,81,2022-10-14,2022-10-19
INB00086,SUP012,HUB-DEL,SKU0268,80,2022-10-14,2022-10-19
INB00086,SUP012,HUB-DEL,SKU0277,95,2022-10-16,2022-10-19
INB00086,SUP012,HUB-DEL,SKU0284,113,2022-10-16,2022-10-19
INB00086,SUP012,HUB-DEL,SKU0316,84,2022-10-16,2022-10-19
INB00086,SUP012,HUB-DEL,SKU0318,79,2022-10-15,2022-10-19
INB00086,SUP012,HUB-DEL,SKU0398,88,2022-10-19,2022-10-19
INB00086,SUP012,HUB-DEL,SKU0426,60,2022-10-15,2022-10-19
INB00086,SUP012,HUB-DEL,SKU0427,121,2022-10-14,2022-10-19
INB00086,SUP012,HUB-DEL,SKU0455,83,2022-10-14,2022-10-19
INB00086,SUP012,HUB-DEL,SKU0462,60,2022-10-17,2022-10-19
INB00086,SUP012,HUB-DEL,SKU0487,71,2022-10-17,2022-10-19
INB00086,SUP012,HUB-DEL,SKU0491,66,2022-10-16,2022-10-19
INB00087,SUP004,HUB-BOM,SKU0260,37,2022-10-18,2022-10-19
INB00085,SUP003,HUB-BLR,SKU0079,140,2022-10-18,2022-10-20
INB00085,SUP003,HUB-BLR,SKU0143,127,2022-10-15,2022-10-20
INB00085,SUP003,HUB-BLR,SKU0162,140,2022-10-17,2022-10-20
INB00085,SUP003,HUB-BLR,SKU0217,100,2022-10-19,2022-10-20
INB00085,SUP003,HUB-BLR,SKU0333,131,2022-10-18,2022-10-20
INB00085,SUP003,HUB-BLR,SKU0352,111,2022-10-18,2022-10-20
INB00086,SUP012,HUB-DEL,SKU0011,68,2022-10-18,2022-10-20
INB00086,SUP012,HUB-DEL,SKU0075,57,2022-10-15,2022-10-20
INB00086,SUP012,HUB-DEL,SKU0103,62,2022-10-17,2022-10-20
INB00086,SUP012,HUB-DEL,SKU0142,60,2022-10-19,2022-10-20
INB00086,SUP012,HUB-DEL,SKU0204,98,2022-10-17,2022-10-20
INB00086,SUP012,HUB-DEL,SKU0207,60,2022-10-19,2022-10-20
INB00086,SUP012,HUB-DEL,SKU0341,76,2022-10-16,2022-10-20
INB00086,SUP012,HUB-DEL,SKU0356,67,2022-10-19,2022-10-20
INB00086,SUP012,HUB-DEL,SKU0393,65,2022-10-16,2022-10-20
INB00086,SUP012,HUB-DEL,SKU0417,92,2022-10-16,2022-10-20
INB00086,SUP012,HUB-DEL,SKU0499,67,2022-10-19,2022-10-20
INB00087,SUP004,HUB-BOM,SKU0171,43,2022-10-20,2022-10-20
INB00087,SUP004,HUB-BOM,SKU0392,37,2022-10-19,2022-10-20
INB00087,SUP004,HUB-BOM,SKU0421,40,2022-10-20,2022-10-20
INB00087,SUP004,HUB-BOM,SKU0452,40,2022-10-19,2022-10-20
INB00085,SUP003,HUB-BLR,SKU0244,149,2022-10-17,2022-10-21
INB00086,SUP012,HUB-DEL,SKU0037,85,2022-10-19,2022-10-21
INB00086,SUP012,HUB-DEL,SKU0100,96,2022-10-18,2022-10-21
INB00086,SUP012,HUB-DEL,SKU0135,83,2022-10-19,2022-10-21
INB00086,SUP012,HUB-DEL,SKU0265,68,2022-10-18,2022-10-21
INB00086,SUP012,HUB-DEL,SKU0312,69,2022-10-16,2022-10-21
INB00086,SUP012,HUB-DEL,SKU0346,59,2022-10-19,2022-10-21
INB00086,SUP012,HUB-DEL,SKU0390,60,2022-10-20,2022-10-21
INB00086,SUP012,HUB-DEL,SKU0399,105,2022-10-16,2022-10-21
INB00086,SUP012,HUB-DEL,SKU0422,71,2022-10-21,2022-10-21
INB00086,SUP012,HUB-DEL,SKU0424,99,2022-10-21,2022-10-21
INB00087,SUP004,HUB-BOM,SKU0009,39,2022-10-21,2022-10-21
INB00087,SUP004,HUB-BOM,SKU0174,43,2022-10-21,2022-10-21
INB00087,SUP004,HUB-BOM,SKU0177,51,2022-10-16,2022-10-21
INB00087,SUP004,HUB-BOM,SKU0178,48,2022-10-20,2022-10-21
INB00087,SUP004,HUB-BOM,SKU0276,46,2022-10-17,2022-10-21
INB00087,SUP004,HUB-BOM,SKU0456,37,2022-10-21,2022-10-21
INB00085,SUP003,HUB-BLR,SKU0320,162,2022-10-22,2022-10-22
INB00087,SUP004,HUB-BOM,SKU0195,59,2022-10-18,2022-10-22
INB00087,SUP004,HUB-BOM,SKU0228,49,2022-10-22,2022-10-22
INB00087,SUP004,HUB-BOM,SKU0263,39,2022-10-18,2022-10-22
INB00087,SUP004,HUB-BOM,SKU0266,43,2022-10-18,2022-10-22
INB00087,SUP004,HUB-BOM,SKU0300,43,2022-10-21,2022-10-22
INB00086,SUP012,HUB-DEL,SKU0245,64,2022-10-22,2022-10-23
INB00087,SUP004,HUB-BOM,SKU0107,41,2022-10-21,2022-10-23
INB00087,SUP004,HUB-BOM,SKU0154,38,2022-10-21,2022-10-23
INB00087,SUP004,HUB-BOM,SKU0428,44,2022-10-19,2022-10-23
INB00087,SUP004,HUB-BOM,SKU0457,38,2022-10-21,2022-10-23
INB00087,SUP004,HUB-BOM,SKU0481,44,2022-10-22,2022-10-23
INB00086,SUP012,HUB-DEL,SKU0184,68,2022-10-24,2022-10-24
INB00087,SUP004,HUB-BOM,SKU0331,44,2022-10-22,2022-10-24
INB00087,SUP004,HUB-BOM,SKU0374,59,2022-10-23,2022-10-24
INB00087,SUP004,HUB-BOM,SKU0482,44,2022-10-24,2022-10-24
INB00087,SUP004,HUB-BOM,SKU0349,49,2022-10-24,2022-10-25
INB00088,SUP016,HUB-BLR,SKU0091,100,2022-10-20,2022-10-25
INB00088,SUP016,HUB-BLR,SKU0179,103,2022-10-23,2022-10-25
INB00088,SUP016,HUB-BLR,SKU0185,93,2022-10-22,2022-10-25
INB00088,SUP016,HUB-BLR,SKU0326,128,2022-10-24,2022-10-25
INB00088,SUP016,HUB-BLR,SKU0409,126,2022-10-22,2022-10-25
INB00088,SUP016,HUB-BLR,SKU0418,109,2022-10-20,2022-10-25
INB00088,SUP016,HUB-BLR,SKU0486,110,2022-10-24,2022-10-25
INB00087,SUP004,HUB-BOM,SKU0151,44,2022-10-25,2022-10-26
INB00088,SUP016,HUB-BLR,SKU0016,94,2022-10-21,2022-10-26
INB00088,SUP016,HUB-BLR,SKU0294,104,2022-10-22,2022-10-26
INB00088,SUP016,HUB-BLR,SKU0377,123,2022-10-25,2022-10-26
INB00088,SUP016,HUB-BLR,SKU0433,114,2022-10-25,2022-10-26
INB00088,SUP016,HUB-BLR,SKU0050,151,2022-10-25,2022-10-27
INB00088,SUP016,HUB-BLR,SKU0109,154,2022-10-24,2022-10-27
INB00088,SUP016,HUB-BLR,SKU0122,107,2022-10-23,2022-10-27
INB00088,SUP016,HUB-BLR,SKU0198,93,2022-10-22,2022-10-27
INB00088,SUP016,HUB-BLR,SKU0247,105,2022-10-27,2022-10-27
INB00088,SUP016,HUB-BLR,SKU0304,112,2022-10-27,2022-10-27
INB00088,SUP016,HUB-BLR,SKU0305,121,2022-10-22,2022-10-27
INB00088,SUP016,HUB-BLR,SKU0313,100,2022-10-23,2022-10-27
INB00088,SUP016,HUB-BLR,SKU0332,122,2022-10-23,2022-10-27
INB00088,SUP016,HUB-BLR,SKU0466,98,2022-10-27,2022-10-27
INB00089,SUP014,HUB-DEL,SKU0060,108,2022-10-23,2022-10-27
INB00089,SUP014,HUB-DEL,SKU0306,67,2022-10-26,2022-10-27
INB00089,SUP014,HUB-DEL,SKU0379,104,2022-10-23,2022-10-27
INB00088,SUP016,HUB-BLR,SKU0074,100,2022-10-26,2022-10-28
INB00088,SUP016,HUB-BLR,SKU0089,95,2022-10-25,2022-10-28
INB00088,SUP016,HUB-BLR,SKU0158,100,2022-10-26,2022-10-28
INB00088,SUP016,HUB-BLR,SKU0203,99,2022-10-25,2022-10-28
INB00088,SUP016,HUB-BLR,SKU0283,109,2022-10-26,2022-10-28
INB00088,SUP016,HUB-BLR,SKU0290,122,2022-10-24,2022-10-28
INB00088,SUP016,HUB-BLR,SKU0348,109,2022-10-25,2022-10-28
INB00088,SUP016,HUB-BLR,SKU0413,116,2022-10-27,2022-10-28
INB00088,SUP016,HUB-BLR,SKU0430,119,2022-10-25,2022-10-28
INB00088,SUP016,HUB-BLR,SKU0458,134,2022-10-23,2022-10-28
INB00088,SUP016,HUB-BLR,SKU0480,119,2022-10-25,2022-10-28
INB00088,SUP016,HUB-BLR,SKU0488,119,2022-10-27,2022-10-28
INB00088,SUP016,HUB-BLR,SKU0489,133,2022-10-24,2022-10-28
INB00088,SUP016,HUB-BLR,SKU0493,114,2022-10-27,2022-10-28
INB00088,SUP016,HUB-BLR,SKU0495,107,2022-10-23,2022-10-28
INB00089,SUP014,HUB-DEL,SKU0045,130,2022-10-26,2022-10-28
INB00089,SUP014,HUB-DEL,SKU0052,93,2022-10-28,2022-10-28
INB00089,SUP014,HUB-DEL,SKU0293,138,2022-10-25,2022-10-28
INB00089,SUP014,HUB-DEL,SKU0308,113,2022-10-23,2022-10-28
INB00088,SUP016,HUB-BLR,SKU0093,124,2022-10-28,2022-10-29
INB00088,SUP016,HUB-BLR,SKU0175,97,2022-10-25,2022-10-29
INB00088,SUP016,HUB-BLR,SKU0239,94,2022-10-25,2022-10-29
INB00088,SUP016,HUB-BLR,SKU0299,142,2022-10-26,2022-10-29
INB00088,SUP016,HUB-BLR,SKU0335,139,2022-10-29,2022-10-29
INB00088,SUP016,HUB-BLR,SKU0357,111,2022-10-26,2022-10-29
INB00088,SUP016,HUB-BLR,SKU0361,105,2022-10-24,2022-10-29
INB00088,SUP016,HUB-BLR,SKU0492,108,2022-10-26,2022-10-29
INB00088,SUP016,HUB-BLR,SKU0494,118,2022-10-26,2022-10-29
INB00089,SUP014,HUB-DEL,SKU0042,104,2022-10-25,2022-10-29
INB00089,SUP014,HUB-DEL,SKU0059,81,2022-10-28,2022-10-29
INB00089,SUP014,HUB-DEL,SKU0062,70,2022-10-24,2022-10-29
INB00089,SUP014,HUB-DEL,SKU0098,75,2022-10-26,2022-10-29
INB00089,SUP014,HUB-DEL,SKU0128,59,2022-10-25,2022-10-29
INB00089,SUP014,HUB-DEL,SKU0135,57,2022-10-25,2022-10-29
INB00089,SUP014,HUB-DEL,SKU0187,85,2022-10-25,2022-10-29
INB00089,SUP014,HUB-DEL,SKU0188,61,2022-10-25,2022-10-29
INB00089,SUP014,HUB-DEL,SKU0204,80,2022-10-29,2022-10-29
INB00089,SUP014,HUB-DEL,SKU0208,92,2022-10-28,2022-10-29
INB00089,SUP014,HUB-DEL,SKU0282,83,2022-10-24,2022-10-29
INB00089,SUP014,HUB-DEL,SKU0364,131,2022-10-28,2022-10-29
INB00089,SUP014,HUB-DEL,SKU0403,113,2022-10-28,2022-10-29
INB00089,SUP014,HUB-DEL,SKU0459,74,2022-10-25,2022-10-29
INB00090,SUP004,HUB-BOM,SKU0189,48,2022-10-28,2022-10-29
INB00088,SUP016,HUB-BLR,SKU0063,111,2022-10-29,2022-10-30
INB00088,SUP016,HUB-BLR,SKU0072,157,2022-10-28,2022-10-30
INB00088,SUP016,HUB-BLR,SKU0110,102,2022-10-30,2022-10-30
INB00088,SUP016,HUB-BLR,SKU0137,134,2022-10-26,2022-10-30
INB00088,SUP016,HUB-BLR,SKU0145,122,2022-10-25,2022-10-30
INB00088,SUP016,HUB-BLR,SKU0237,94,2022-10-27,2022-10-30
INB00088,SUP016,HUB-BLR,SKU0309,98,2022-10-29,2022-10-30
INB00088,SUP016,HUB-BLR,SKU0327,103,2022-10-25,2022-10-30
INB00088,SUP016,HUB-BLR,SKU0423,168,2022-10-29,2022-10-30
INB00089,SUP014,HUB-DEL,SKU0015,84,2022-10-28,2022-10-30
INB00089,SUP014,HUB-DEL,SKU0043,64,2022-10-29,2022-10-30
INB00089,SUP014,HUB-DEL,SKU0095,95,2022-10-28,2022-10-30
INB00089,SUP014,HUB-DEL,SKU0102,70,2022-10-27,2022-10-30
INB00089,SUP014,HUB-DEL,SKU0141,91,2022-10-29,2022-10-30
INB00089,SUP014,HUB-DEL,SKU0144,72,2022-10-30,2022-10-30
INB00089,SUP014,HUB-DEL,SKU0215,86,2022-10-25,2022-10-30
INB00089,SUP014,HUB-DEL,SKU0221,97,2022-10-26,2022-10-30
INB00089,SUP014,HUB-DEL,SKU0225,59,2022-10-29,2022-10-30
INB00089,SUP014,HUB-DEL,SKU0298,63,2022-10-26,2022-10-30
INB00089,SUP014,HUB-DEL,SKU0314,129,2022-10-28,2022-10-30
INB00089,SUP014,HUB-DEL,SKU0325,138,2022-10-25,2022-10-30
INB00089,SUP014,HUB-DEL,SKU0339,114,2022-10-30,2022-10-30
INB00089,SUP014,HUB-DEL,SKU0341,60,2022-10-29,2022-10-30
INB00090,SUP004,HUB-BOM,SKU0054,44,2022-10-27,2022-10-30
INB00090,SUP004,HUB-BOM,SKU0343,55,2022-10-29,2022-10-30
INB00088,SUP016,HUB-BLR,SKU0061,188,2022-10-30,2022-10-31
INB00088,SUP016,HUB-BLR,SKU0169,135,2022-10-28,2022-10-31
INB00088,SUP016,HUB-BLR,SKU0401,109,2022-10-31,2022-10-31
INB00089,SUP014,HUB-DEL,SKU0008,82,2022-10-26,2022-10-31
INB00089,SUP014,HUB-DEL,SKU0068,68,2022-10-26,2022-10-31
INB00089,SUP014,HUB-DEL,SKU0080,138,2022-10-27,2022-10-31
INB00089,SUP014,HUB-DEL,SKU0103,93,2022-10-28,2022-10-31
INB00089,SUP014,HUB-DEL,SKU0104,88,2022-10-26,2022-10-31
INB00089,SUP014,HUB-DEL,SKU0316,69,2022-10-26,2022-10-31
INB00089,SUP014,HUB-DEL,SKU0317,62,2022-10-31,2022-10-31
INB00089,SUP014,HUB-DEL,SKU0318,110,2022-10-29,2022-10-31
INB00089,SUP014,HUB-DEL,SKU0342,76,2022-10-29,2022-10-31
INB00089,SUP014,HUB-DEL,SKU0416,79,2022-10-30,2022-10-31
INB00090,SUP004,HUB-BOM,SKU0123,46,2022-10-30,2022-10-31
INB00090,SUP004,HUB-BOM,SKU0146,41,2022-10-29,2022-10-31
INB00090,SUP004,HUB-BOM,SKU0353,38,2022-10-28,2022-10-31
INB00090,SUP004,HUB-BOM,SKU0406,39,2022-10-28,2022-10-31
INB00089,SUP014,HUB-DEL,SKU0006,107,2022-10-27,2022-11-01
INB00089,SUP014,HUB-DEL,SKU0230,80,2022-10-29,2022-11-01
INB00089,SUP014,HUB-DEL,SKU0233,73,2022-10-31,2022-11-01
INB00089,SUP014,HUB-DEL,SKU0253,67,2022-11-01,2022-11-01
INB00089,SUP014,HUB-DEL,SKU0267,75,2022-11-01,2022-11-01
INB00089,SUP014,HUB-DEL,SKU0301,71,2022-10-31,2022-11-01
INB00089,SUP014,HUB-DEL,SKU0321,67,2022-10-30,2022-11-01
INB00089,SUP014,HUB-DEL,SKU0390,72,2022-10-30,2022-11-01
INB00089,SUP014,HUB-DEL,SKU0417,78,2022-10-27,2022-11-01
INB00090,SUP004,HUB-BOM,SKU0164,42,2022-10-29,2022-11-01
INB00090,SUP004,HUB-BOM,SKU0176,43,2022-10-31,2022-11-01
INB00090,SUP004,HUB-BOM,SKU0186,40,2022-10-28,2022-11-01
INB00090,SUP004,HUB-BOM,SKU0223,39,2022-11-01,2022-11-01
INB00090,SUP004,HUB-BOM,SKU0474,51,2022-10-31,2022-11-01
INB00088,SUP016,HUB-BLR,SKU0405,115,2022-11-01,2022-11-02
INB00089,SUP014,HUB-DEL,SKU0027,66,2022-11-01,2022-11-02
INB00089,SUP014,HUB-DEL,SKU0031,67,2022-10-31,2022-11-02
INB00089,SUP014,HUB-DEL,SKU0047,78,2022-11-02,2022-11-02
INB00089,SUP014,HUB-DEL,SKU0053,75,2022-10-31,2022-11-02
INB00089,SUP014,HUB-DEL,SKU0163,68,2022-10-28,2022-11-02
INB00089,SUP014,HUB-DEL,SKU0194,70,2022-11-02,2022-11-02
INB00089,SUP014,HUB-DEL,SKU0231,86,2022-10-29,2022-11-02
INB00089,SUP014,HUB-DEL,SKU0376,107,2022-10-28,2022-11-02
INB00089,SUP014,HUB-DEL,SKU0463,110,2022-10-31,2022-11-02
INB00090,SUP004,HUB-BOM,SKU0088,37,2022-11-01,2022-11-02
INB00090,SUP004,HUB-BOM,SKU0200,39,2022-11-02,2022-11-02
INB00090,SUP004,HUB-BOM,SKU0347,64,2022-11-01,2022-11-02
INB00090,SUP004,HUB-BOM,SKU0380,43,2022-10-29,2022-11-02
INB00090,SUP004,HUB-BOM,SKU0400,44,2022-11-02,2022-11-02
INB00090,SUP004,HUB-BOM,SKU0473,62,2022-10-29,2022-11-02
INB00089,SUP014,HUB-DEL,SKU0133,68,2022-10-31,2022-11-03
INB00089,SUP014,HUB-DEL,SKU0449,97,2022-10-31,2022-11-03
INB00090,SUP004,HUB-BOM,SKU0010,41,2022-10-30,2022-11-03
INB00090,SUP004,HUB-BOM,SKU0259,43,2022-10-29,2022-11-03
INB00090,SUP004,HUB-BOM,SKU0389,45,2022-11-02,2022-11-03
INB00090,SUP004,HUB-BOM,SKU0438,39,2022-11-02,2022-11-03
INB00090,SUP004,HUB-BOM,SKU0443,46,2022-11-02,2022-11-03
INB00089,SUP014,HUB-DEL,SKU0256,100,2022-11-03,2022-11-04
INB00089,SUP014,HUB-DEL,SKU0497,101,2022-11-04,2022-11-04
INB00090,SUP004,HUB-BOM,SKU0114,38,2022-10-30,2022-11-04
INB00089,SUP014,HUB-DEL,SKU0034,77,2022-11-04,2022-11-05
INB00090,SUP004,HUB-BOM,SKU0461,54,2022-10-31,2022-11-05
INB00091,SUP003,HUB-BLR,SKU0094,128,2022-10-31,2022-11-05
INB00091,SUP003,HUB-BLR,SKU0099,137,2022-11-04,2022-11-05
INB00091,SUP003,HUB-BLR,SKU0101,137,2022-11-03,2022-11-05
INB00091,SUP003,HUB-BLR,SKU0285,102,2022-11-03,2022-11-05
INB00091,SUP003,HUB-BLR,SKU0369,98,2022-11-03,2022-11-05
INB00091,SUP003,HUB-BLR,SKU0454,121,2022-11-05,2022-11-05
INB00091,SUP003,HUB-BLR,SKU0484,118,2022-11-05,2022-11-05
INB00090,SUP004,HUB-BOM,SKU0084,51,2022-11-06,2022-11-06
INB00091,SUP003,HUB-BLR,SKU0033,106,2022-11-04,2022-11-06
INB00091,SUP003,HUB-BLR,SKU0081,101,2022-11-06,2022-11-06
INB00091,SUP003,HUB-BLR,SKU0385,100,2022-11-02,2022-11-06
INB00091,SUP003,HUB-BLR,SKU0435,116,2022-11-06,2022-11-06
INB00091,SUP003,HUB-BLR,SKU0440,96,2022-11-01,2022-11-06
INB00091,SUP003,HUB-BLR,SKU0038,130,2022-11-07,2022-11-07
INB00091,SUP003,HUB-BLR,SKU0182,115,2022-11-04,2022-11-07
INB00091,SUP003,HUB-BLR,SKU0323,108,2022-11-03,2022-11-07
INB00091,SUP003,HUB-BLR,SKU0345,148,2022-11-06,2022-11-07
INB00091,SUP003,HUB-BLR,SKU0354,155,2022-11-04,2022-11-07
INB00091,SUP003,HUB-BLR,SKU0368,124,2022-11-03,2022-11-07
INB00091,SUP003,HUB-BLR,SKU0394,105,2022-11-06,2022-11-07
INB00091,SUP003,HUB-BLR,SKU0004,104,2022-11-03,2022-11-08
INB00091,SUP003,HUB-BLR,SKU0023,114,2022-11-07,2022-11-08
INB00091,SUP003,HUB-BLR,SKU0079,158,2022-11-08,2022-11-08
INB00091,SUP003,HUB-BLR,SKU0120,94,2022-11-07,2022-11-08
INB00091,SUP003,HUB-BLR,SKU0183,107,2022-11-04,2022-11-08
INB00091,SUP003,HUB-BLR,SKU0205,99,2022-11-04,2022-11-08
INB00091,SUP003,HUB-BLR,SKU0222,171,2022-11-03,2022-11-08
INB00091,SUP003,HUB-BLR,SKU0258,187,2022-11-06,2022-11-08
INB00091,SUP003,HUB-BLR,SKU0336,118,2022-11-04,2022-11-08
INB00091,SUP003,HUB-BLR,SKU0397,109,2022-11-06,2022-11-08
INB00092,SUP020,HUB-DEL,SKU0078,73,2022-11-03,2022-11-08
INB00092,SUP020,HUB-DEL,SKU0212,64,2022-11-07,2022-11-08
INB00092,SUP020,HUB-DEL,SKU0245,88,2022-11-06,2022-11-08
INB00091,SUP003,HUB-BLR,SKU0044,115,2022-11-04,2022-11-09
INB00091,SUP003,HUB-BLR,SKU0073,101,2022-11-04,2022-11-09
INB00091,SUP003,HUB-BLR,SKU0131,99,2022-11-05,2022-11-09
INB00091,SUP003,HUB-BLR,SKU0148,120,2022-11-07,2022-11-09
INB00091,SUP003,HUB-BLR,SKU0169,101,2022-11-04,2022-11-09
INB00091,SUP003,HUB-BLR,SKU0197,95,2022-11-07,2022-11-09
INB00091,SUP003,HUB-BLR,SKU0224,94,2022-11-07,2022-11-09
INB00091,SUP003,HUB-BLR,SKU0244,101,2022-11-04,2022-11-09
INB00091,SUP003,HUB-BLR,SKU0322,103,2022-11-08,2022-11-09
INB00091,SUP003,HUB-BLR,SKU0362,144,2022-11-09,2022-11-09
INB00091,SUP003,HUB-BLR,SKU0366,119,2022-11-07,2022-11-09
INB00091,SUP003,HUB-BLR,SKU0429,136,2022-11-08,2022-11-09
INB00092,SUP020,HUB-DEL,SKU0046,132,2022-11-04,2022-11-09
INB00092,SUP020,HUB-DEL,SKU0098,79,2022-11-08,2022-11-09
INB00092,SUP020,HUB-DEL,SKU0113,66,2022-11-05,2022-11-09
INB00092,SUP020,HUB-DEL,SKU0125,91,2022-11-07,2022-11-09
INB00092,SUP020,HUB-DEL,SKU0268,106,2022-11-04,2022-11-09
INB00092,SUP020,HUB-DEL,SKU0321,74,2022-11-08,2022-11-09
INB00092,SUP020,HUB-DEL,SKU0424,65,2022-11-05,2022-11-09
INB00092,SUP020,HUB-DEL,SKU0497,62,2022-11-07,2022-11-09
INB00093,SUP001,HUB-BOM,SKU0338,46,2022-11-05,2022-11-09
INB00093,SUP001,HUB-BOM,SKU0432,38,2022-11-06,2022-11-09
INB00093,SUP001,HUB-BOM,SKU0470,37,2022-11-05,2022-11-09
INB00091,SUP003,HUB-BLR,SKU0162,102,2022-11-10,2022-11-10
INB00091,SUP003,HUB-BLR,SKU0291,187,2022-11-07,2022-11-10
INB00091,SUP003,HUB-BLR,SKU0333,96,2022-11-08,2022-11-10
INB00091,SUP003,HUB-BLR,SKU0352,130,2022-11-07,2022-11-10
INB00091,SUP003,HUB-BLR,SKU0367,115,2022-11-06,2022-11-10
INB00091,SUP003,HUB-BLR,SKU0407,118,2022-11-09,2022-11-10
INB00091,SUP003,HUB-BLR,SKU0441,127,2022-11-08,2022-11-10
INB00092,SUP020,HUB-DEL,SKU0036,70,2022-11-08,2022-11-10
INB00092,SUP020,HUB-DEL,SKU0047,77,2022-11-09,2022-11-10
INB00092,SUP020,HUB-DEL,SKU0062,91,2022-11-10,2022-11-10
INB00092,SUP020,HUB-DEL,SKU0111,138,2022-11-10,2022-11-10
INB00092,SUP020,HUB-DEL,SKU0134,90,2022-11-05,2022-11-10
INB00092,SUP020,HUB-DEL,SKU0196,104,2022-11-08,2022-11-10
INB00092,SUP020,HUB-DEL,SKU0226,63,2022-11-10,2022-11-10
INB00092,SUP020,HUB-DEL,SKU0235,72,2022-11-05,2022-11-10
INB00092,SUP020,HUB-DEL,SKU0284,119,2022-11-10,2022-11-10
INB00092,SUP020,HUB-DEL,SKU0298,113,2022-11-07,2022-11-10
INB00092,SUP020,HUB-DEL,SKU0317,74,2022-11-10,2022-11-10
INB00092,SUP020,HUB-DEL,SKU0334,64,2022-11-07,2022-11-10
INB00092,SUP020,HUB-DEL,SKU0442,109,2022-11-10,2022-11-10
INB00092,SUP020,HUB-DEL,SKU0462,61,2022-11-06,2022-11-10
INB00091,SUP003,HUB-BLR,SKU0041,102,2022-11-10,2022-11-11
INB00091,SUP003,HUB-BLR,SKU0143,94,2022-11-07,2022-11-11
INB00091,SUP003,HUB-BLR,SKU0211,127,2022-11-08,2022-11-11
INB00091,SUP003,HUB-BLR,SKU0242,128,2022-11-08,2022-11-11
INB00091,SUP003,HUB-BLR,SKU0251,122,2022-11-07,2022-11-11
INB00091,SUP003,HUB-BLR,SKU0359,112,2022-11-11,2022-11-11
INB00091,SUP003,HUB-BLR,SKU0445,110,2022-11-07,2022-11-11
INB00092,SUP020,HUB-DEL,SKU0003,63,2022-11-10,2022-11-11
INB00092,SUP020,HUB-DEL,SKU0030,93,2022-11-07,2022-11-11
INB00092,SUP020,HUB-DEL,SKU0086,91,2022-11-07,2022-11-11
INB00092,SUP020,HUB-DEL,SKU0117,71,2022-11-09,2022-11-11
INB00092,SUP020,HUB-DEL,SKU0138,63,2022-11-06,2022-11-11
INB00092,SUP020,HUB-DEL,SKU0144,61,2022-11-09,2022-11-11
INB00092,SUP020,HUB-DEL,SKU0163,57,2022-11-09,2022-11-11
INB00092,SUP020,HUB-DEL,SKU0173,69,2022-11-07,2022-11-11
INB00092,SUP020,HUB-DEL,SKU0194,67,2022-11-11,2022-11-11
INB00092,SUP020,HUB-DEL,SKU0207,93,2022-11-06,2022-11-11
INB00092,SUP020,HUB-DEL,SKU0238,109,2022-11-10,2022-11-11
INB00092,SUP020,HUB-DEL,SKU0289,72,2022-11-11,2022-11-11
INB00092,SUP020,HUB-DEL,SKU0382,79,2022-11-10,2022-11-11
INB00092,SUP020,HUB-DEL,SKU0386,92,2022-11-08,2022-11-11
INB00092,SUP020,HUB-DEL,SKU0393,61,2022-11-06,2022-11-11
INB00092,SUP020,HUB-DEL,SKU0426,69,2022-11-11,2022-11-11
INB00092,SUP020,HUB-DEL,SKU0459,64,2022-11-08,2022-11-11
INB00093,SUP001,HUB-BOM,SKU0022,40,2022-11-09,2022-11-11
INB00093,SUP001,HUB-BOM,SKU0058,37,2022-11-08,2022-11-11
INB00093,SUP001,HUB-BOM,SKU0147,37,2022-11-06,2022-11-11
INB00093,SUP001,HUB-BOM,SKU0180,53,2022-11-07,2022-11-11
INB00093,SUP001,HUB-BOM,SKU0250,46,2022-11-09,2022-11-11
INB00093,SUP001,HUB-BOM,SKU0257,48,2022-11-10,2022-11-11
INB00093,SUP001,HUB-BOM,SKU0496,49,2022-11-07,2022-11-11
INB00091,SUP003,HUB-BLR,SKU0383,101,2022-11-07,2022-11-12
INB00092,SUP020,HUB-DEL,SKU0008,86,2022-11-11,2022-11-12
INB00092,SUP020,HUB-DEL,SKU0037,57,2022-11-07,2022-11-12
INB00092,SUP020,HUB-DEL,SKU0043,69,2022-11-07,2022-11-12
INB00092,SUP020,HUB-DEL,SKU0128,80,2022-11-10,2022-11-12
INB00092,SUP020,HUB-DEL,SKU0204,66,2022-11-12,2022-11-12
INB00092,SUP020,HUB-DEL,SKU0253,71,2022-11-11,2022-11-12
INB00092,SUP020,HUB-DEL,SKU0261,101,2022-11-09,2022-11-12
INB00092,SUP020,HUB-DEL,SKU0281,67,2022-11-11,2022-11-12
INB00092,SUP020,HUB-DEL,SKU0342,61,2022-11-09,2022-11-12
INB00092,SUP020,HUB-DEL,SKU0384,66,2022-11-12,2022-11-12
INB00092,SUP020,HUB-DEL,SKU0390,97,2022-11-09,2022-11-12
INB00092,SUP020,HUB-DEL,SKU0398,70,2022-11-11,2022-11-12
INB00092,SUP020,HUB-DEL,SKU0464,71,2022-11-10,2022-11-12
INB00093,SUP001,HUB-BOM,SKU0056,41,2022-11-12,2022-11-12
INB00093,SUP001,HUB-BOM,SKU0168,45,2022-11-10,2022-11-12
INB00093,SUP001,HUB-BOM,SKU0490,47,2022-11-12,2022-11-12
INB00091,SUP003,HUB-BLR,SKU0065,135,2022-11-11,2022-11-13
INB00092,SUP020,HUB-DEL,SKU0029,88,2022-11-10,2022-11-13
INB00092,SUP020,HUB-DEL,SKU0075,82,2022-11-10,2022-11-13
INB00092,SUP020,HUB-DEL,SKU0115,131,2022-11-09,2022-11-13
INB00092,SUP020,HUB-DEL,SKU0149,77,2022-11-12,2022-11-13
INB00092,SUP020,HUB-DEL,SKU0233,76,2022-11-12,2022-11-13
INB00092,SUP020,HUB-DEL,SKU0240,97,2022-11-10,2022-11-13
INB00092,SUP020,HUB-DEL,SKU0243,74,2022-11-08,2022-11-13
INB00092,SUP020,HUB-DEL,SKU0249,77,2022-11-11,2022-11-13
INB00092,SUP020,HUB-DEL,SKU0264,57,2022-11-13,2022-11-13
INB00092,SUP020,HUB-DEL,SKU0265,79,2022-11-08,2022-11-13
INB00092,SUP020,HUB-DEL,SKU0346,107,2022-11-12,2022-11-13
INB00092,SUP020,HUB-DEL,SKU0416,72,2022-11-13,2022-11-13
INB00092,SUP020,HUB-DEL,SKU0478,122,2022-11-08,2022-11-13
INB00092,SUP020,HUB-DEL,SKU0499,114,2022-11-09,2022-11-13
INB00093,SUP001,HUB-BOM,SKU0077,45,2022-11-12,2022-11-13
INB00093,SUP001,HUB-BOM,SKU0118,38,2022-11-11,2022-11-13
INB00093,SUP001,HUB-BOM,SKU0136,38,2022-11-12,2022-11-13
INB00093,SUP001,HUB-BOM,SKU0159,41,2022-11-09,2022-11-13
INB00093,SUP001,HUB-BOM,SKU0391,41,2022-11-13,2022-11-13
INB00091,SUP003,HUB-BLR,SKU0271,130,2022-11-14,2022-11-14
INB00092,SUP020,HUB-DEL,SKU0002,89,2022-11-14,2022-11-14
INB00092,SUP020,HUB-DEL,SKU0011,62,2022-11-13,2022-11-14
INB00092,SUP020,HUB-DEL,SKU0034,61,2022-11-12,2022-11-14
INB00092,SUP020,HUB-DEL,SKU0048,63,2022-11-11,2022-11-14
INB00092,SUP020,HUB-DEL,SKU0057,61,2022-11-12,2022-11-14
INB00092,SUP020,HUB-DEL,SKU0356,125,2022-11-11,2022-11-14
INB00092,SUP020,HUB-DEL,SKU0403,95,2022-11-13,2022-11-14
INB00092,SUP020,HUB-DEL,SKU0453,68,2022-11-14,2022-11-14
INB00092,SUP020,HUB-DEL,SKU0491,83,2022-11-09,2022-11-14
INB00093,SUP001,HUB-BOM,SKU0066,48,2022-11-14,2022-11-14
INB00093,SUP001,HUB-BOM,SKU0139,41,2022-11-13,2022-11-14
INB00093,SUP001,HUB-BOM,SKU0160,38,2022-11-14,2022-11-14
INB00093,SUP001,HUB-BOM,SKU0177,52,2022-11-14,2022-11-14
INB00093,SUP001,HUB-BOM,SKU0273,44,2022-11-10,2022-11-14
INB00093,SUP001,HUB-BOM,SKU0446,39,2022-11-11,2022-11-14
INB00091,SUP003,HUB-BLR,SKU0112,134,2022-11-10,2022-11-15
INB00092,SUP020,HUB-DEL,SKU0142,85,2022-11-14,2022-11-15
INB00092,SUP020,HUB-DEL,SKU0296,68,2022-11-14,2022-11-15
INB00092,SUP020,HUB-DEL,SKU0328,131,2022-11-10,2022-11-15
INB00092,SUP020,HUB-DEL,SKU0422,92,2022-11-13,2022-11-15
INB00093,SUP001,HUB-BOM,SKU0275,42,2022-11-11,2022-11-15
INB00092,SUP020,HUB-DEL,SKU0039,100,2022-11-16,2022-11-16
INB00092,SUP020,HUB-DEL,SKU0455,76,2022-11-16,2022-11-16
INB00092,SUP020,HUB-DEL,SKU0202,72,2022-11-12,2022-11-17
INB00094,SUP015,HUB-BOM,SKU0076,39,2022-11-13,2022-11-18
INB00094,SUP015,HUB-BOM,SKU0209,45,2022-11-15,2022-11-18
INB00094,SUP015,HUB-BOM,SKU0465,42,2022-11-18,2022-11-18
INB00095,SUP008,HUB-BLR,SKU0063,165,2022-11-17,2022-11-18
INB00095,SUP008,HUB-BLR,SKU0110,131,2022-11-16,2022-11-18
INB00095,SUP008,HUB-BLR,SKU0450,113,2022-11-15,2022-11-18
INB00094,SUP015,HUB-BOM,SKU0106,50,2022-11-14,2022-11-19
INB00095,SUP008,HUB-BLR,SKU0167,118,2022-11-19,2022-11-19
INB00095,SUP008,HUB-BLR,SKU0172,150,2022-11-18,2022-11-19
INB00095,SUP008,HUB-BLR,SKU0371,95,2022-11-17,2022-11-19
INB00095,SUP008,HUB-BLR,SKU0423,129,2022-11-19,2022-11-19
INB00094,SUP015,HUB-BOM,SKU0025,38,2022-11-16,2022-11-20
INB00094,SUP015,HUB-BOM,SKU0220,39,2022-11-15,2022-11-20
INB00094,SUP015,HUB-BOM,SKU0311,39,2022-11-15,2022-11-20
INB00094,SUP015,HUB-BOM,SKU0350,44,2022-11-16,2022-11-20
INB00094,SUP015,HUB-BOM,SKU0476,51,2022-11-18,2022-11-20
INB00095,SUP008,HUB-BLR,SKU0012,117,2022-11-18,2022-11-20
INB00095,SUP008,HUB-BLR,SKU0165,123,2022-11-17,2022-11-20
INB00095,SUP008,HUB-BLR,SKU0206,120,2022-11-16,2022-11-20
INB00095,SUP008,HUB-BLR,SKU0295,149,2022-11-19,2022-11-20
INB00095,SUP008,HUB-BLR,SKU0320,128,2022-11-16,2022-11-20
INB00095,SUP008,HUB-BLR,SKU0329,112,2022-11-15,2022-11-20
INB00095,SUP008,HUB-BLR,SKU0480,108,2022-11-20,2022-11-20
INB00096,SUP017,HUB-DEL,SKU0031,78,2022-11-16,2022-11-20
INB00096,SUP017,HUB-DEL,SKU0059,91,2022-11-18,2022-11-20
INB00096,SUP017,HUB-DEL,SKU0286,66,2022-11-18,2022-11-20
INB00096,SUP017,HUB-DEL,SKU0364,61,2022-11-20,2022-11-20
INB00094,SUP015,HUB-BOM,SKU0213,38,2022-11-20,2022-11-21
INB00094,SUP015,HUB-BOM,SKU0218,47,2022-11-19,2022-11-21
INB00094,SUP015,HUB-BOM,SKU0402,39,2022-11-17,2022-11-21
INB00094,SUP015,HUB-BOM,SKU0420,45,2022-11-19,2022-11-21
INB00095,SUP008,HUB-BLR,SKU0021,109,2022-11-18,2022-11-21
INB00095,SUP008,HUB-BLR,SKU0120,119,2022-11-18,2022-11-21
INB00095,SUP008,HUB-BLR,SKU0140,205,2022-11-17,2022-11-21
INB00095,SUP008,HUB-BLR,SKU0201,109,2022-11-17,2022-11-21
INB00095,SUP008,HUB-BLR,SKU0269,93,2022-11-17,2022-11-21
INB00095,SUP008,HUB-BLR,SKU0270,101,2022-11-16,2022-11-21
INB00095,SUP008,HUB-BLR,SKU0288,177,2022-11-16,2022-11-21
INB00095,SUP008,HUB-BLR,SKU0290,193,2022-11-19,2022-11-21
INB00095,SUP008,HUB-BLR,SKU0472,114,2022-11-18,2022-11-21
INB00095,SUP008,HUB-BLR,SKU0495,104,2022-11-17,2022-11-21
INB00096,SUP017,HUB-DEL,SKU0100,96,2022-11-20,2022-11-21
INB00096,SUP017,HUB-DEL,SKU0102,72,2022-11-20,2022-11-21
INB00096,SUP017,HUB-DEL,SKU0215,113,2022-11-18,2022-11-21
INB00096,SUP017,HUB-DEL,SKU0301,63,2022-11-17,2022-11-21
INB00096,SUP017,HUB-DEL,SKU0447,72,2022-11-18,2022-11-21
INB00094,SUP015,HUB-BOM,SKU0216,40,2022-11-18,2022-11-22
INB00094,SUP015,HUB-BOM,SKU0319,40,2022-11-19,2022-11-22
INB00094,SUP015,HUB-BOM,SKU0457,46,2022-11-22,2022-11-22
INB00095,SUP008,HUB-BLR,SKU0026,144,2022-11-19,2022-11-22
INB00095,SUP008,HUB-BLR,SKU0050,108,2022-11-18,2022-11-22
INB00095,SUP008,HUB-BLR,SKU0051,130,2022-11-20,2022-11-22
INB00095,SUP008,HUB-BLR,SKU0089,146,2022-11-20,2022-11-22
INB00095,SUP008,HUB-BLR,SKU0166,109,2022-11-17,2022-11-22
INB00095,SUP008,HUB-BLR,SKU0198,98,2022-11-18,2022-11-22
INB00095,SUP008,HUB-BLR,SKU0227,145,2022-11-17,2022-11-22
INB00095,SUP008,HUB-BLR,SKU0335,142,2022-11-18,2022-11-22
INB00095,SUP008,HUB-BLR,SKU0475,129,2022-11-22,2022-11-22
INB00095,SUP008,HUB-BLR,SKU0500,93,2022-11-18,2022-11-22
INB00096,SUP017,HUB-DEL,SKU0042,91,2022-11-21,2022-11-22
INB00096,SUP017,HUB-DEL,SKU0045,64,2022-11-20,2022-11-22
INB00096,SUP017,HUB-DEL,SKU0048,61,2022-11-20,2022-11-22
INB00096,SUP017,HUB-DEL,SKU0190,138,2022-11-22,2022-11-22
INB00096,SUP017,HUB-DEL,SKU0289,85,2022-11-21,2022-11-22
INB00096,SUP017,HUB-DEL,SKU0316,73,2022-11-21,2022-11-22
INB00096,SUP017,HUB-DEL,SKU0463,81,2022-11-19,2022-11-22
INB00096,SUP017,HUB-DEL,SKU0498,68,2022-11-19,2022-11-22
INB00094,SUP015,HUB-BOM,SKU0049,41,2022-11-21,2022-11-23
INB00094,SUP015,HUB-BOM,SKU0124,38,2022-11-20,2022-11-23
INB00094,SUP015,HUB-BOM,SKU0154,41,2022-11-18,2022-11-23
INB00094,SUP015,HUB-BOM,SKU0155,37,2022-11-18,2022-11-23
INB00094,SUP015,HUB-BOM,SKU0170,39,2022-11-22,2022-11-23
INB00094,SUP015,HUB-BOM,SKU0254,41,2022-11-22,2022-11-23
INB00094,SUP015,HUB-BOM,SKU0330,41,2022-11-23,2022-11-23
INB00094,SUP015,HUB-BOM,SKU0485,38,2022-11-23,2022-11-23
INB00095,SUP008,HUB-BLR,SKU0069,165,2022-11-18,2022-11-23
INB00095,SUP008,HUB-BLR,SKU0105,108,2022-11-18,2022-11-23
INB00095,SUP008,HUB-BLR,SKU0121,122,2022-11-21,2022-11-23
INB00095,SUP008,HUB-BLR,SKU0153,154,2022-11-20,2022-11-23
INB00095,SUP008,HUB-BLR,SKU0217,114,2022-11-23,2022-11-23
INB00095,SUP008,HUB-BLR,SKU0234,95,2022-11-19,2022-11-23
INB00095,SUP008,HUB-BLR,SKU0303,102,2022-11-19,2022-11-23
INB00095,SUP008,HUB-BLR,SKU0324,143,2022-11-21,2022-11-23
INB00095,SUP008,HUB-BLR,SKU0360,164,2022-11-23,2022-11-23
INB00095,SUP008,HUB-BLR,SKU0404,115,2022-11-23,2022-11-23
INB00095,SUP008,HUB-BLR,SKU0405,115,2022-11-23,2022-11-23
INB00096,SUP017,HUB-DEL,SKU0052,79,2022-11-22,2022-11-23
INB00096,SUP017,HUB-DEL,SKU0086,63,2022-11-18,2022-11-23
INB00096,SUP017,HUB-DEL,SKU0092,100,2022-11-18,2022-11-23
INB00096,SUP017,HUB-DEL,SKU0157,102,2022-11-20,2022-11-23
INB00096,SUP017,HUB-DEL,SKU0202,61,2022-11-22,2022-11-23
INB00096,SUP017,HUB-DEL,SKU0261,61,2022-11-19,2022-11-23
INB00096,SUP017,HUB-DEL,SKU0281,58,2022-11-20,2022-11-23
INB00096,SUP017,HUB-DEL,SKU0297,84,2022-11-22,2022-11-23
INB00096,SUP017,HUB-DEL,SKU0312,79,2022-11-23,2022-11-23
INB00096,SUP017,HUB-DEL,SKU0412,76,2022-11-22,2022-11-23
INB00096,SUP017,HUB-DEL,SKU0439,70,2022-11-18,2022-11-23
INB00095,SUP008,HUB-BLR,SKU0486,184,2022-11-19,2022-11-24
INB00096,SUP017,HUB-DEL,SKU0053,62,2022-11-21,2022-11-24
INB00096,SUP017,HUB-DEL,SKU0055,82,2022-11-23,2022-11-24
INB00096,SUP017,HUB-DEL,SKU0133,94,2022-11-23,2022-11-24
INB00096,SUP017,HUB-DEL,SKU0138,74,2022-11-21,2022-11-24
INB00096,SUP017,HUB-DEL,SKU0184,79,2022-11-19,2022-11-24
INB00096,SUP017,HUB-DEL,SKU0188,62,2022-11-22,2022-11-24
INB00096,SUP017,HUB-DEL,SKU0207,70,2022-11-20,2022-11-24
INB00096,SUP017,HUB-DEL,SKU0235,100,2022-11-19,2022-11-24
INB00096,SUP017,HUB-DEL,SKU0379,84,2022-11-21,2022-11-24
INB00096,SUP017,HUB-DEL,SKU0399,132,2022-11-21,2022-11-24
INB00096,SUP017,HUB-DEL,SKU0414,110,2022-11-22,2022-11-24
INB00096,SUP017,HUB-DEL,SKU0467,110,2022-11-20,2022-11-24
INB00094,SUP015,HUB-BOM,SKU0084,38,2022-11-23,2022-11-25
INB00094,SUP015,HUB-BOM,SKU0302,37,2022-11-22,2022-11-25
INB00095,SUP008,HUB-BLR,SKU0211,103,2022-11-24,2022-11-25
INB00095,SUP008,HUB-BLR,SKU0332,94,2022-11-24,2022-11-25
INB00095,SUP008,HUB-BLR,SKU0419,93,2022-11-20,2022-11-25
INB00095,SUP008,HUB-BLR,SKU0466,106,2022-11-25,2022-11-25
INB00095,SUP008,HUB-BLR,SKU0479,165,2022-11-21,2022-11-25
INB00096,SUP017,HUB-DEL,SKU0075,68,2022-11-23,2022-11-25
INB00096,SUP017,HUB-DEL,SKU0196,59,2022-11-20,2022-11-25
INB00096,SUP017,HUB-DEL,SKU0277,100,2022-11-21,2022-11-25
INB00096,SUP017,HUB-DEL,SKU0306,63,2022-11-23,2022-11-25
INB00096,SUP017,HUB-DEL,SKU0314,66,2022-11-24,2022-11-25
INB00096,SUP017,HUB-DEL,SKU0318,77,2022-11-22,2022-11-25
INB00096,SUP017,HUB-DEL,SKU0427,71,2022-11-23,2022-11-25
INB00094,SUP015,HUB-BOM,SKU0340,37,2022-11-24,2022-11-26
INB00095,SUP008,HUB-BLR,SKU0071,124,2022-11-21,2022-11-26
INB00095,SUP008,HUB-BLR,SKU0309,155,2022-11-21,2022-11-26
INB00096,SUP017,HUB-DEL,SKU0047,60,2022-11-21,2022-11-26
INB00096,SUP017,HUB-DEL,SKU0144,93,2022-11-24,2022-11-26
INB00096,SUP017,HUB-DEL,SKU0256,80,2022-11-21,2022-11-26
INB00096,SUP017,HUB-DEL,SKU0308,72,2022-11-25,2022-11-26
INB00096,SUP017,HUB-DEL,SKU0417,135,2022-11-24,2022-11-26
INB00096,SUP017,HUB-DEL,SKU0478,61,2022-11-21,2022-11-26
INB00096,SUP017,HUB-DEL,SKU0487,65,2022-11-22,2022-11-26
INB00096,SUP017,HUB-DEL,SKU0225,75,2022-11-22,2022-11-27
INB00097,SUP006,HUB-BOM,SKU0171,41,2022-11-26,2022-11-29
INB00098,SUP008,HUB-BLR,SKU0016,116,2022-11-26,2022-11-29
INB00098,SUP008,HUB-BLR,SKU0137,116,2022-11-28,2022-11-29
INB00098,SUP008,HUB-BLR,SKU0258,117,2022-11-29,2022-11-29
INB00098,SUP008,HUB-BLR,SKU0454,153,2022-11-24,2022-11-29
INB00098,SUP008,HUB-BLR,SKU0472,96,2022-11-29,2022-11-29
INB00096,SUP017,HUB-DEL,SKU0149,62,2022-11-25,2022-11-30
INB00097,SUP006,HUB-BOM,SKU0032,37,2022-11-25,2022-11-30
INB00097,SUP006,HUB-BOM,SKU0116,39,2022-11-30,2022-11-30
INB00097,SUP006,HUB-BOM,SKU0195,51,2022-11-30,2022-11-30
INB00097,SUP006,HUB-BOM,SKU0300,40,2022-11-29,2022-11-30
INB00098,SUP008,HUB-BLR,SKU0004,97,2022-11-26,2022-11-30
INB00098,SUP008,HUB-BLR,SKU0065,114,2022-11-26,2022-11-30
INB00098,SUP008,HUB-BLR,SKU0130,137,2022-11-29,2022-11-30
INB00098,SUP008,HUB-BLR,SKU0357,121,2022-11-29,2022-11-30
INB00098,SUP008,HUB-BLR,SKU0429,96,2022-11-28,2022-11-30
INB00097,SUP006,HUB-BOM,SKU0028,38,2022-11-28,2022-12-01
INB00097,SUP006,HUB-BOM,SKU0151,45,2022-11-28,2022-12-01
INB00097,SUP006,HUB-BOM,SKU0280,42,2022-11-29,2022-12-01
INB00097,SUP006,HUB-BOM,SKU0421,37,2022-11-29,2022-12-01
INB00098,SUP008,HUB-BLR,SKU0005,132,2022-11-26,2022-12-01
INB00098,SUP008,HUB-BLR,SKU0131,122,2022-11-26,2022-12-01
INB00098,SUP008,HUB-BLR,SKU0205,93,2022-11-27,2022-12-01
INB00098,SUP008,HUB-BLR,SKU0236,96,2022-11-30,2022-12-01
INB00098,SUP008,HUB-BLR,SKU0304,106,2022-11-29,2022-12-01
INB00098,SUP008,HUB-BLR,SKU0397,98,2022-11-28,2022-12-01
INB00098,SUP008,HUB-BLR,SKU0401,122,2022-11-26,2022-12-01
INB00098,SUP008,HUB-BLR,SKU0407,95,2022-12-01,2022-12-01
INB00098,SUP008,HUB-BLR,SKU0493,111,2022-11-26,2022-12-01
INB00097,SUP006,HUB-BOM,SKU0161,42,2022-12-02,2022-12-02
INB00097,SUP006,HUB-BOM,SKU0210,41,2022-12-01,2022-12-02
INB00097,SUP006,HUB-BOM,SKU0228,39,2022-12-01,2022-12-02
INB00097,SUP006,HUB-BOM,SKU0292,53,2022-12-01,2022-12-02
INB00097,SUP006,HUB-BOM,SKU0349,37,2022-11-29,2022-12-02
INB00097,SUP006,HUB-BOM,SKU0374,45,2022-12-02,2022-12-02
INB00097,SUP006,HUB-BOM,SKU0395,41,2022-11-28,2022-12-02
INB00098,SUP008,HUB-BLR,SKU0072,122,2022-12-01,2022-12-02
INB00098,SUP008,HUB-BLR,SKU0081,99,2022-12-02,2022-12-02
INB00098,SUP008,HUB-BLR,SKU0091,94,2022-11-27,2022-12-02
INB00098,SUP008,HUB-BLR,SKU0112,95,2022-12-02,2022-12-02
INB00098,SUP008,HUB-BLR,SKU0156,112,2022-11-27,2022-12-02
INB00098,SUP008,HUB-BLR,SKU0197,135,2022-11-28,2022-12-02
INB00098,SUP008,HUB-BLR,SKU0232,133,2022-12-02,2022-12-02
INB00098,SUP008,HUB-BLR,SKU0283,98,2022-12-02,2022-12-02
INB00098,SUP008,HUB-BLR,SKU0313,130,2022-12-02,2022-12-02
INB00098,SUP008,HUB-BLR,SKU0327,100,2022-12-02,2022-12-02
INB00098,SUP008,HUB-BLR,SKU0336,96,2022-12-02,2022-12-02
INB00098,SUP008,HUB-BLR,SKU0458,117,2022-12-01,2022-12-02
INB00098,SUP008,HUB-BLR,SKU0492,129,2022-12-01,2022-12-02
INB00097,SUP006,HUB-BOM,SKU0088,40,2022-12-02,2022-12-03
INB00097,SUP006,HUB-BOM,SKU0090,40,2022-12-03,2022-12-03
INB00097,SUP006,HUB-BOM,SKU0278,43,2022-12-02,2022-12-03
INB00097,SUP006,HUB-BOM,SKU0415,39,2022-11-28,2022-12-03
INB00098,SUP008,HUB-BLR,SKU0013,153,2022-12-01,2022-12-03
INB00098,SUP008,HUB-BLR,SKU0175,120,2022-12-03,2022-12-03
INB00098,SUP008,HUB-BLR,SKU0229,99,2022-12-01,2022-12-03
INB00098,SUP008,HUB-BLR,SKU0237,135,2022-12-02,2022-12-03
INB00098,SUP008,HUB-BLR,SKU0247,94,2022-12-03,2022-12-03
INB00098,SUP008,HUB-BLR,SKU0251,100,2022-11-28,2022-12-03
INB00098,SUP008,HUB-BLR,SKU0299,101,2022-12-01,2022-12-03
INB00098,SUP008,HUB-BLR,SKU0361,121,2022-11-28,2022-12-03
INB00098,SUP008,HUB-BLR,SKU0475,101,2022-11-30,2022-12-03
INB00099,SUP017,HUB-DEL,SKU0053,61,2022-12-02,2022-12-03
INB00099,SUP017,HUB-DEL,SKU0068,60,2022-11-29,2022-12-03
INB00099,SUP017,HUB-DEL,SKU0113,90,2022-12-03,2022-12-03
INB00099,SUP017,HUB-DEL,SKU0134,77,2022-12-02,2022-12-03
INB00099,SUP017,HUB-DEL,SKU0194,75,2022-11-29,2022-12-03
INB00099,SUP017,HUB-DEL,SKU0384,60,2022-12-03,2022-12-03
INB00099,SUP017,HUB-DEL,SKU0442,121,2022-12-01,2022-12-03
INB00099,SUP017,HUB-DEL,SKU0449,80,2022-12-03,2022-12-03
INB00097,SUP006,HUB-BOM,SKU0164,38,2022-12-02,2022-12-04
INB00097,SUP006,HUB-BOM,SKU0186,41,2022-11-30,2022-12-04
INB00097,SUP006,HUB-BOM,SKU0193,37,2022-11-30,2022-12-04
INB00097,SUP006,HUB-BOM,SKU0358,38,2022-12-01,2022-12-04
INB00097,SUP006,HUB-BOM,SKU0392,38,2022-11-29,2022-12-04
INB00097,SUP006,HUB-BOM,SKU0451,44,2022-11-30,2022-12-04
INB00098,SUP008,HUB-BLR,SKU0041,95,2022-11-29,2022-12-04
INB00098,SUP008,HUB-BLR,SKU0087,105,2022-12-03,2022-12-04
INB00098,SUP008,HUB-BLR,SKU0294,114,2022-11-29,2022-12-04
INB00098,SUP008,HUB-BLR,SKU0326,118,2022-11-29,2022-12-04
INB00098,SUP008,HUB-BLR,SKU0333,98,2022-11-29,2022-12-04
INB00098,SUP008,HUB-BLR,SKU0418,156,2022-12-04,2022-12-04
INB00099,SUP017,HUB-DEL,SKU0003,71,2022-12-01,2022-12-04
INB00099,SUP017,HUB-DEL,SKU0046,68,2022-12-03,2022-12-04
INB00099,SUP017,HUB-DEL,SKU0221,80,2022-12-01,2022-12-04
INB00099,SUP017,HUB-DEL,SKU0230,97,2022-12-03,2022-12-04
INB00099,SUP017,HUB-DEL,SKU0245,83,2022-12-02,2022-12-04
INB00099,SUP017,HUB-DEL,SKU0468,89,2022-12-04,2022-12-04
INB00097,SUP006,HUB-BOM,SKU0434,44,2022-12-02,2022-12-05
INB00097,SUP006,HUB-BOM,SKU0483,40,2022-12-01,2022-12-05
INB00098,SUP008,HUB-BLR,SKU0082,107,2022-12-02,2022-12-05
INB00098,SUP008,HUB-BLR,SKU0345,135,2022-11-30,2022-12-05
INB00098,SUP008,HUB-BLR,SKU0388,104,2022-12-02,2022-12-05
INB00099,SUP017,HUB-DEL,SKU0015,94,2022-11-30,2022-12-05
INB00099,SUP017,HUB-DEL,SKU0017,110,2022-12-05,2022-12-05
INB00099,SUP017,HUB-DEL,SKU0036,83,2022-12-01,2022-12-05
INB00099,SUP017,HUB-DEL,SKU0095,58,2022-12-03,2022-12-05
INB00099,SUP017,HUB-DEL,SKU0163,74,2022-12-04,2022-12-05
INB00099,SUP017,HUB-DEL,SKU0196,63,2022-12-02,2022-12-05
INB00099,SUP017,HUB-DEL,SKU0208,60,2022-12-03,2022-12-05
INB00099,SUP017,HUB-DEL,SKU0293,90,2022-11-30,2022-12-05
INB00099,SUP017,HUB-DEL,SKU0376,96,2022-12-02,2022-12-05
INB00099,SUP017,HUB-DEL,SKU0422,67,2022-12-05,2022-12-05
INB00099,SUP017,HUB-DEL,SKU0453,60,2022-11-30,2022-12-05
INB00099,SUP017,HUB-DEL,SKU0455,67,2022-12-04,2022-12-05
INB00099,SUP017,HUB-DEL,SKU0491,120,2022-12-03,2022-12-05
INB00097,SUP006,HUB-BOM,SKU0287,38,2022-12-02,2022-12-06
INB00097,SUP006,HUB-BOM,SKU0448,41,2022-12-05,2022-12-06
INB00098,SUP008,HUB-BLR,SKU0101,113,2022-12-06,2022-12-06
INB00098,SUP008,HUB-BLR,SKU0489,126,2022-12-01,2022-12-06
INB00099,SUP017,HUB-DEL,SKU0007,99,2022-12-04,2022-12-06
INB00099,SUP017,HUB-DEL,SKU0042,58,2022-12-06,2022-12-06
INB00099,SUP017,HUB-DEL,SKU0043,76,2022-12-02,2022-12-06
INB00099,SUP017,HUB-DEL,SKU0078,90,2022-12-02,2022-12-06
INB00099,SUP017,HUB-DEL,SKU0104,83,2022-12-01,2022-12-06
INB00099,SUP017,HUB-DEL,SKU0117,74,2022-12-04,2022-12-06
INB00099,SUP017,HUB-DEL,SKU0125,75,2022-12-03,2022-12-06
INB00099,SUP017,HUB-DEL,SKU0141,57,2022-12-03,2022-12-06
INB00099,SUP017,HUB-DEL,SKU0149,61,2022-12-06,2022-12-06
INB00099,SUP017,HUB-DEL,SKU0212,62,2022-12-03,2022-12-06
INB00099,SUP017,HUB-DEL,SKU0235,85,2022-12-05,2022-12-06
INB00099,SUP017,HUB-DEL,SKU0240,83,2022-12-04,2022-12-06
INB00099,SUP017,HUB-DEL,SKU0298,114,2022-12-05,2022-12-06
INB00099,SUP017,HUB-DEL,SKU0312,65,2022-12-01,2022-12-06
INB00099,SUP017,HUB-DEL,SKU0317,74,2022-12-05,2022-12-06
INB00099,SUP017,HUB-DEL,SKU0325,75,2022-12-06,2022-12-06
INB00099,SUP017,HUB-DEL,SKU0381,77,2022-12-04,2022-12-06
INB00099,SUP017,HUB-DEL,SKU0386,96,2022-12-02,2022-12-06
INB00099,SUP017,HUB-DEL,SKU0416,58,2022-12-01,2022-12-06
INB00099,SUP017,HUB-DEL,SKU0478,80,2022-12-02,2022-12-06
INB00099,SUP017,HUB-DEL,SKU0029,78,2022-12-02,2022-12-07
INB00099,SUP017,HUB-DEL,SKU0062,108,2022-12-03,2022-12-07
INB00099,SUP017,HUB-DEL,SKU0115,66,2022-12-05,2022-12-07
INB00099,SUP017,HUB-DEL,SKU0135,92,2022-12-02,2022-12-07
INB00099,SUP017,HUB-DEL,SKU0142,60,2022-12-04,2022-12-07
INB00099,SUP017,HUB-DEL,SKU0187,63,2022-12-06,2022-12-07
INB00099,SUP017,HUB-DEL,SKU0282,92,2022-12-07,2022-12-07
INB00099,SUP017,HUB-DEL,SKU0339,125,2022-12-07,2022-12-07
INB00099,SUP017,HUB-DEL,SKU0342,77,2022-12-05,2022-12-07
INB00099,SUP017,HUB-DEL,SKU0393,83,2022-12-07,2022-12-07
INB00099,SUP017,HUB-DEL,SKU0057,71,2022-12-07,2022-12-08
INB00099,SUP017,HUB-DEL,SKU0103,81,2022-12-03,2022-12-08
INB00099,SUP017,HUB-DEL,SKU0128,108,2022-12-08,2022-12-08
INB00099,SUP017,HUB-DEL,SKU0296,71,2022-12-05,2022-12-08
INB00099,SUP017,HUB-DEL,SKU0424,83,2022-12-08,2022-12-08
INB00098,SUP008,HUB-BLR,SKU0132,145,2022-12-09,2022-12-09
INB00099,SUP017,HUB-DEL,SKU0111,67,2022-12-04,2022-12-09
INB00099,SUP017,HUB-DEL,SKU0204,58,2022-12-09,2022-12-09
INB00099,SUP017,HUB-DEL,SKU0267,76,2022-12-06,2022-12-09
INB00099,SUP017,HUB-DEL,SKU0316,65,2022-12-07,2022-12-09
INB00099,SUP017,HUB-DEL,SKU0039,62,2022-12-08,2022-12-10
INB00099,SUP017,HUB-DEL,SKU0048,58,2022-12-05,2022-12-10
INB00099,SUP017,HUB-DEL,SKU0226,76,2022-12-05,2022-12-10
INB00100,SUP009,HUB-BOM,SKU0174,55,2022-12-05,2022-12-10
INB00100,SUP009,HUB-BOM,SKU0337,38,2022-12-10,2022-12-10
INB00099,SUP017,HUB-DEL,SKU0100,61,2022-12-10,2022-12-11
INB00099,SUP017,HUB-DEL,SKU0238,76,2022-12-11,2022-12-11
INB00099,SUP017,HUB-DEL,SKU0462,90,2022-12-07,2022-12-11
INB00100,SUP009,HUB-BOM,SKU0150,38,2022-12-11,2022-12-11
INB00100,SUP009,HUB-BOM,SKU0378,44,2022-12-07,2022-12-11
INB00100,SUP009,HUB-BOM,SKU0471,38,2022-12-06,2022-12-11
INB00099,SUP017,HUB-DEL,SKU0398,69,2022-12-10,2022-12-12
INB00100,SUP009,HUB-BOM,SKU0009,50,2022-12-07,2022-12-12
INB00100,SUP009,HUB-BOM,SKU0085,40,2022-12-07,2022-12-12
INB00100,SUP009,HUB-BOM,SKU0250,45,2022-12-09,2022-12-12
INB00100,SUP009,HUB-BOM,SKU0255,39,2022-12-10,2022-12-12
INB00100,SUP009,HUB-BOM,SKU0260,40,2022-12-08,2022-12-12
INB00100,SUP009,HUB-BOM,SKU0387,44,2022-12-09,2022-12-12
INB00100,SUP009,HUB-BOM,SKU0452,41,2022-12-09,2022-12-12
INB00100,SUP009,HUB-BOM,SKU0477,43,2022-12-12,2022-12-12
INB00100,SUP009,HUB-BOM,SKU0496,39,2022-12-09,2022-12-12
INB00101,SUP016,HUB-BLR,SKU0079,131,2022-12-12,2022-12-12
INB00101,SUP016,HUB-BLR,SKU0366,127,2022-12-10,2022-12-12
INB00101,SUP016,HUB-BLR,SKU0460,94,2022-12-07,2022-12-12
INB00100,SUP009,HUB-BOM,SKU0054,40,2022-12-13,2022-12-13
INB00100,SUP009,HUB-BOM,SKU0083,37,2022-12-09,2022-12-13
INB00100,SUP009,HUB-BOM,SKU0176,46,2022-12-08,2022-12-13
INB00100,SUP009,HUB-BOM,SKU0181,46,2022-12-12,2022-12-13
INB00100,SUP009,HUB-BOM,SKU0200,39,2022-12-11,2022-12-13
INB00100,SUP009,HUB-BOM,SKU0252,38,2022-12-09,2022-12-13
INB00100,SUP009,HUB-BOM,SKU0266,44,2022-12-13,2022-12-13
INB00100,SUP009,HUB-BOM,SKU0446,42,2022-12-08,2022-12-13
INB00100,SUP009,HUB-BOM,SKU0473,39,2022-12-08,2022-12-13
INB00101,SUP016,HUB-BLR,SKU0038,121,2022-12-13,2022-12-13
INB00101,SUP016,HUB-BLR,SKU0073,148,2022-12-11,2022-12-13
INB00101,SUP016,HUB-BLR,SKU0162,126,2022-12-08,2022-12-13
INB00101,SUP016,HUB-BLR,SKU0166,107,2022-12-12,2022-12-13
INB00101,SUP016,HUB-BLR,SKU0192,135,2022-12-12,2022-12-13
INB00101,SUP016,HUB-BLR,SKU0269,106,2022-12-12,2022-12-13
INB00101,SUP016,HUB-BLR,SKU0271,112,2022-12-09,2022-12-13
INB00101,SUP016,HUB-BLR,SKU0444,139,2022-12-11,2022-12-13
INB00100,SUP009,HUB-BOM,SKU0019,48,2022-12-10,2022-12-14
INB00100,SUP009,HUB-BOM,SKU0058,52,2022-12-14,2022-12-14
INB00100,SUP009,HUB-BOM,SKU0191,38,2022-12-11,2022-12-14
INB00100,SUP009,HUB-BOM,SKU0263,53,2022-12-13,2022-12-14
INB00100,SUP009,HUB-BOM,SKU0272,43,2022-12-13,2022-12-14
INB00100,SUP009,HUB-BOM,SKU0279,43,2022-12-13,2022-12-14
INB00100,SUP009,HUB-BOM,SKU0456,40,2022-12-13,2022-12-14
INB00101,SUP016,HUB-BLR,SKU0005,97,2022-12-10,2022-12-14
INB00101,SUP016,HUB-BLR,SKU0026,94,2022-12-12,2022-12-14
INB00101,SUP016,HUB-BLR,SKU0099,108,2022-12-11,2022-12-14
INB00101,SUP016,HUB-BLR,SKU0165,112,2022-12-09,2022-12-14
INB00101,SUP016,HUB-BLR,SKU0242,110,2022-12-13,2022-12-14
INB00101,SUP016,HUB-BLR,SKU0248,126,2022-12-11,2022-12-14
INB00101,SUP016,HUB-BLR,SKU0322,119,2022-12-14,2022-12-14
INB00101,SUP016,HUB-BLR,SKU0344,107,2022-12-14,2022-12-14
INB00101,SUP016,HUB-BLR,SKU0348,152,2022-12-12,2022-12-14
INB00101,SUP016,HUB-BLR,SKU0385,157,2022-12-11,2022-12-14
INB00101,SUP016,HUB-BLR,SKU0112,116,2022-12-12,2022-12-15
INB00101,SUP016,HUB-BLR,SKU0179,109,2022-12-14,2022-12-15
INB00101,SUP016,HUB-BLR,SKU0182,118,2022-12-11,2022-12-15
INB00101,SUP016,HUB-BLR,SKU0354,112,2022-12-14,2022-12-15
INB00101,SUP016,HUB-BLR,SKU0359,136,2022-12-11,2022-12-15
INB00101,SUP016,HUB-BLR,SKU0383,98,2022-12-15,2022-12-15
INB00101,SUP016,HUB-BLR,SKU0404,126,2022-12-12,2022-12-15
INB00101,SUP016,HUB-BLR,SKU0413,101,2022-12-13,2022-12-15
INB00101,SUP016,HUB-BLR,SKU0441,93,2022-12-10,2022-12-15
INB00102,SUP017,HUB-DEL,SKU0281,65,2022-12-14,2022-12-15
INB00102,SUP017,HUB-DEL,SKU0427,66,2022-12-12,2022-12-15
INB00102,SUP017,HUB-DEL,SKU0463,78,2022-12-10,2022-12-15
INB00101,SUP016,HUB-BLR,SKU0061,96,2022-12-14,2022-12-16
INB00101,SUP016,HUB-BLR,SKU0063,103,2022-12-11,2022-12-16
INB00101,SUP016,HUB-BLR,SKU0089,124,2022-12-15,2022-12-16
INB00101,SUP016,HUB-BLR,SKU0094,110,2022-12-14,2022-12-16
INB00101,SUP016,HUB-BLR,SKU0185,124,2022-12-12,2022-12-16
INB00101,SUP016,HUB-BLR,SKU0363,99,2022-12-11,2022-12-16
INB00102,SUP017,HUB-DEL,SKU0231,71,2022-12-15,2022-12-16
INB00102,SUP017,HUB-DEL,SKU0334,77,2022-12-14,2022-12-16
INB00101,SUP016,HUB-BLR,SKU0023,134,2022-12-15,2022-12-17
INB00101,SUP016,HUB-BLR,SKU0405,106,2022-12-12,2022-12-17
INB00101,SUP016,HUB-BLR,SKU0430,93,2022-12-14,2022-12-17
INB00101,SUP016,HUB-BLR,SKU0494,132,2022-12-12,2022-12-17
INB00102,SUP017,HUB-DEL,SKU0027,93,2022-12-15,2022-12-17
INB00102,SUP017,HUB-DEL,SKU0030,76,2022-12-14,2022-12-17
INB00102,SUP017,HUB-DEL,SKU0055,70,2022-12-13,2022-12-17
INB00102,SUP017,HUB-DEL,SKU0060,84,2022-12-14,2022-12-17
INB00102,SUP017,HUB-DEL,SKU0080,81,2022-12-13,2022-12-17
INB00102,SUP017,HUB-DEL,SKU0249,90,2022-12-14,2022-12-17
INB00102,SUP017,HUB-DEL,SKU0364,76,2022-12-16,2022-12-17
INB00100,SUP009,HUB-BOM,SKU0343,39,2022-12-14,2022-12-18
INB00101,SUP016,HUB-BLR,SKU0143,98,2022-12-16,2022-12-18
INB00101,SUP016,HUB-BLR,SKU0183,108,2022-12-17,2022-12-18
INB00101,SUP016,HUB-BLR,SKU0234,127,2022-12-17,2022-12-18
INB00101,SUP016,HUB-BLR,SKU0303,110,2022-12-18,2022-12-18
INB00101,SUP016,HUB-BLR,SKU0305,116,2022-12-16,2022-12-18
INB00101,SUP016,HUB-BLR,SKU0352,103,2022-12-17,2022-12-18
INB00101,SUP016,HUB-BLR,SKU0433,149,2022-12-14,2022-12-18
INB00101,SUP016,HUB-BLR,SKU0445,93,2022-12-13,2022-12-18
INB00102,SUP017,HUB-DEL,SKU0011,113,2022-12-14,2022-12-18
INB00102,SUP017,HUB-DEL,SKU0046,83,2022-12-15,2022-12-18
INB00102,SUP017,HUB-DEL,SKU0059,62,2022-12-13,2022-12-18
INB00102,SUP017,HUB-DEL,SKU0188,60,2022-12-16,2022-12-18
INB00102,SUP017,HUB-DEL,SKU0190,73,2022-12-17,2022-12-18
INB00102,SUP017,HUB-DEL,SKU0202,64,2022-12-15,2022-12-18
INB00102,SUP017,HUB-DEL,SKU0253,60,2022-12-13,2022-12-18
INB00102,SUP017,HUB-DEL,SKU0286,74,2022-12-13,2022-12-18
INB00102,SUP017,HUB-DEL,SKU0424,62,2022-12-13,2022-12-18
INB00102,SUP017,HUB-DEL,SKU0439,62,2022-12-15,2022-12-18
INB00102,SUP017,HUB-DEL,SKU0498,64,2022-12-18,2022-12-18
INB00102,SUP017,HUB-DEL,SKU0499,85,2022-12-15,2022-12-18
INB00101,SUP016,HUB-BLR,SKU0201,95,2022-12-16,2022-12-19
INB00101,SUP016,HUB-BLR,SKU0203,97,2022-12-14,2022-12-19
INB00101,SUP016,HUB-BLR,SKU0239,134,2022-12-19,2022-12-19
INB00101,SUP016,HUB-BLR,SKU0367,122,2022-12-18,2022-12-19
INB00102,SUP017,HUB-DEL,SKU0002,100,2022-12-16,2022-12-19
INB00102,SUP017,HUB-DEL,SKU0007,58,2022-12-15,2022-12-19
INB00102,SUP017,HUB-DEL,SKU0144,86,2022-12-19,2022-12-19
INB00102,SUP017,HUB-DEL,SKU0157,87,2022-12-18,2022-12-19
INB00102,SUP017,HUB-DEL,SKU0173,81,2022-12-16,2022-12-19
INB00102,SUP017,HUB-DEL,SKU0215,94,2022-12-17,2022-12-19
INB00102,SUP017,HUB-DEL,SKU0233,58,2022-12-18,2022-12-19
INB00102,SUP017,HUB-DEL,SKU0238,83,2022-12-15,2022-12-19
INB00102,SUP017,HUB-DEL,SKU0243,75,2022-12-16,2022-12-19
INB00102,SUP017,HUB-DEL,SKU0341,64,2022-12-19,2022-12-19
INB00102,SUP017,HUB-DEL,SKU0346,95,2022-12-16,2022-12-19
INB00102,SUP017,HUB-DEL,SKU0379,66,2022-12-18,2022-12-19
INB00102,SUP017,HUB-DEL,SKU0403,95,2022-12-15,2022-12-19
INB00102,SUP017,HUB-DEL,SKU0426,72,2022-12-15,2022-12-19
INB00102,SUP017,HUB-DEL,SKU0487,68,2022-12-14,2022-12-19
INB00102,SUP017,HUB-DEL,SKU0006,94,2022-12-18,2022-12-20
INB00102,SUP017,HUB-DEL,SKU0008,67,2022-12-20,2022-12-20
INB00102,SUP017,HUB-DEL,SKU0037,71,2022-12-19,2022-12-20
INB00102,SUP017,HUB-DEL,SKU0075,90,2022-12-20,2022-12-20
INB00102,SUP017,HUB-DEL,SKU0265,83,2022-12-19,2022-12-20
INB00102,SUP017,HUB-DEL,SKU0301,72,2022-12-20,2022-12-20
INB00102,SUP017,HUB-DEL,SKU0356,104,2022-12-16,2022-12-20
INB00102,SUP017,HUB-DEL,SKU0399,84,2022-12-17,2022-12-20
INB00102,SUP017,HUB-DEL,SKU0045,59,2022-12-16,2022-12-21
INB00102,SUP017,HUB-DEL,SKU0163,65,2022-12-16,2022-12-21
INB00102,SUP017,HUB-DEL,SKU0187,66,2022-12-17,2022-12-21
INB00102,SUP017,HUB-DEL,SKU0256,92,2022-12-21,2022-12-21
INB00103,SUP001,HUB-BOM,SKU0443,49,2022-12-21,2022-12-21
INB00101,SUP016,HUB-BLR,SKU0122,109,2022-12-21,2022-12-22
INB00101,SUP016,HUB-BLR,SKU0488,111,2022-12-19,2022-12-22
INB00102,SUP017,HUB-DEL,SKU0098,76,2022-12-20,2022-12-22
INB00102,SUP017,HUB-DEL,SKU0284,97,2022-12-20,2022-12-22
INB00103,SUP001,HUB-BOM,SKU0136,39,2022-12-19,2022-12-22
INB00103,SUP001,HUB-BOM,SKU0431,47,2022-12-21,2022-12-22
INB00103,SUP001,HUB-BOM,SKU0106,40,2022-12-19,2022-12-23
INB00103,SUP001,HUB-BOM,SKU0331,45,2022-12-22,2022-12-23
INB00103,SUP001,HUB-BOM,SKU0406,37,2022-12-21,2022-12-23
INB00102,SUP017,HUB-DEL,SKU0414,59,2022-12-23,2022-12-24
INB00102,SUP017,HUB-DEL,SKU0447,67,2022-12-22,2022-12-24
INB00102,SUP017,HUB-DEL,SKU0467,61,2022-12-20,2022-12-24
INB00103,SUP001,HUB-BOM,SKU0097,43,2022-12-22,2022-12-24
INB00102,SUP017,HUB-DEL,SKU0382,90,2022-12-23,2022-12-25
INB00103,SUP001,HUB-BOM,SKU0159,37,2022-12-20,2022-12-25
INB00103,SUP001,HUB-BOM,SKU0259,40,2022-12-24,2022-12-25
INB00103,SUP001,HUB-BOM,SKU0315,44,2022-12-22,2022-12-25
INB00103,SUP001,HUB-BOM,SKU0411,40,2022-12-21,2022-12-25
INB00103,SUP001,HUB-BOM,SKU0474,39,2022-12-20,2022-12-25
INB00103,SUP001,HUB-BOM,SKU0481,38,2022-12-21,2022-12-25
INB00104,SUP008,HUB-BLR,SKU0093,111,2022-12-24,2022-12-25
INB00104,SUP008,HUB-BLR,SKU0110,128,2022-12-21,2022-12-25
INB00104,SUP008,HUB-BLR,SKU0121,98,2022-12-21,2022-12-25
INB00104,SUP008,HUB-BLR,SKU0205,102,2022-12-20,2022-12-25
INB00104,SUP008,HUB-BLR,SKU0486,96,2022-12-21,2022-12-25
INB00103,SUP001,HUB-BOM,SKU0129,40,2022-12-24,2022-12-26
INB00103,SUP001,HUB-BOM,SKU0373,45,2022-12-21,2022-12-26
INB00103,SUP001,HUB-BOM,SKU0432,51,2022-12-26,2022-12-26
INB00104,SUP008,HUB-BLR,SKU0332,124,2022-12-22,2022-12-26
INB00104,SUP008,HUB-BLR,SKU0360,116,2022-12-22,2022-12-26
INB00104,SUP008,HUB-BLR,SKU0368,115,2022-12-25,2022-12-26
INB00104,SUP008,HUB-BLR,SKU0377,145,2022-12-23,2022-12-26
INB00103,SUP001,HUB-BOM,SKU0273,48,2022-12-22,2022-12-27
INB00104,SUP008,HUB-BLR,SKU0018,98,2022-12-23,2022-12-27
INB00104,SUP008,HUB-BLR,SKU0169,94,2022-12-27,2022-12-27
INB00104,SUP008,HUB-BLR,SKU0224,95,2022-12-25,2022-12-27
INB00104,SUP008,HUB-BLR,SKU0285,124,2022-12-24,2022-12-27
INB00104,SUP008,HUB-BLR,SKU0288,109,2022-12-27,2022-12-27
INB00104,SUP008,HUB-BLR,SKU0295,100,2022-12-26,2022-12-27
INB00104,SUP008,HUB-BLR,SKU0323,104,2022-12-23,2022-12-27
INB00103,SUP001,HUB-BOM,SKU0178,42,2022-12-28,2022-12-28
INB00103,SUP001,HUB-BOM,SKU0400,39,2022-12-26,2022-12-28
INB00104,SUP008,HUB-BLR,SKU0222,113,2022-12-28,2022-12-28
INB00104,SUP008,HUB-BLR,SKU0335,97,2022-12-26,2022-12-28
INB00104,SUP008,HUB-BLR,SKU0362,100,2022-12-25,2022-12-28
INB00104,SUP008,HUB-BLR,SKU0397,93,2022-12-26,2022-12-28
INB00104,SUP008,HUB-BLR,SKU0466,96,2022-12-27,2022-12-28
INB00105,SUP012,HUB-DEL,SKU0015,86,2022-12-25,2022-12-28
INB00105,SUP012,HUB-DEL,SKU0225,80,2022-12-25,2022-12-28
INB00105,SUP012,HUB-DEL,SKU0339,83,2022-12-26,2022-12-28
INB00105,SUP012,HUB-DEL,SKU0398,68,2022-12-28,2022-12-28
INB00104,SUP008,HUB-BLR,SKU0105,100,2022-12-29,2022-12-29
INB00104,SUP008,HUB-BLR,SKU0120,119,2022-12-29,2022-12-29
INB00104,SUP008,HUB-BLR,SKU0131,116,2022-12-27,2022-12-29
INB00104,SUP008,HUB-BLR,SKU0145,115,2022-12-28,2022-12-29
INB00104,SUP008,HUB-BLR,SKU0148,94,2022-12-29,2022-12-29
INB00104,SUP008,HUB-BLR,SKU0153,98,2022-12-25,2022-12-29
INB00104,SUP008,HUB-BLR,SKU0197,110,2022-12-24,2022-12-29
INB00104,SUP008,HUB-BLR,SKU0244,99,2022-12-29,2022-12-29
INB00104,SUP008,HUB-BLR,SKU0401,108,2022-12-27,2022-12-29
INB00104,SUP008,HUB-BLR,SKU0454,94,2022-12-26,2022-12-29
INB00105,SUP012,HUB-DEL,SKU0052,85,2022-12-25,2022-12-29
INB00105,SUP012,HUB-DEL,SKU0187,78,2022-12-28,2022-12-29
INB00105,SUP012,HUB-DEL,SKU0196,62,2022-12-25,2022-12-29
INB00105,SUP012,HUB-DEL,SKU0212,126,2022-12-27,2022-12-29
INB00105,SUP012,HUB-DEL,SKU0296,116,2022-12-29,2022-12-29
INB00103,SUP001,HUB-BOM,SKU0485,37,2022-12-29,2022-12-30
INB00104,SUP008,HUB-BLR,SKU0071,99,2022-12-25,2022-12-30
INB00104,SUP008,HUB-BLR,SKU0198,108,2022-12-25,2022-12-30
INB00104,SUP008,HUB-BLR,SKU0211,114,2022-12-27,2022-12-30
INB00104,SUP008,HUB-BLR,SKU0217,137,2022-12-28,2022-12-30
INB00104,SUP008,HUB-BLR,SKU0232,96,2022-12-29,2022-12-30
INB00104,SUP008,HUB-BLR,SKU0270,113,2022-12-28,2022-12-30
INB00104,SUP008,HUB-BLR,SKU0291,139,2022-12-30,2022-12-30
INB00104,SUP008,HUB-BLR,SKU0313,95,2022-12-28,2022-12-30
INB00104,SUP008,HUB-BLR,SKU0369,103,2022-12-28,2022-12-30
INB00104,SUP008,HUB-BLR,SKU0409,96,2022-12-27,2022-12-30
INB00104,SUP008,HUB-BLR,SKU0423,98,2022-12-30,2022-12-30
INB00104,SUP008,HUB-BLR,SKU0440,114,2022-12-28,2022-12-30
INB00104,SUP008,HUB-BLR,SKU0479,133,2022-12-29,2022-12-30
INB00105,SUP012,HUB-DEL,SKU0103,115,2022-12-27,2022-12-30
INB00105,SUP012,HUB-DEL,SKU0226,78,2022-12-26,2022-12-30
INB00105,SUP012,HUB-DEL,SKU0268,95,2022-12-27,2022-12-30
INB00105,SUP012,HUB-DEL,SKU0282,72,2022-12-25,2022-12-30
INB00105,SUP012,HUB-DEL,SKU0384,65,2022-12-29,2022-12-30
INB00105,SUP012,HUB-DEL,SKU0497,86,2022-12-28,2022-12-30
INB00104,SUP008,HUB-BLR,SKU0044,125,2022-12-26,2022-12-31
INB00104,SUP008,HUB-BLR,SKU0109,104,2022-12-31,2022-12-31
INB00104,SUP008,HUB-BLR,SKU0158,121,2022-12-31,2022-12-31
INB00104,SUP008,HUB-BLR,SKU0500,109,2022-12-27,2022-12-31
INB00105,SUP012,HUB-DEL,SKU0043,65,2022-12-28,2022-12-31
INB00105,SUP012,HUB-DEL,SKU0047,68,2022-12-28,2022-12-31
INB00105,SUP012,HUB-DEL,SKU0053,70,2022-12-28,2022-12-31
INB00105,SUP012,HUB-DEL,SKU0113,105,2022-12-31,2022-12-31
INB00105,SUP012,HUB-DEL,SKU0115,80,2022-12-26,2022-12-31
INB00105,SUP012,HUB-DEL,SKU0128,87,2022-12-28,2022-12-31
INB00105,SUP012,HUB-DEL,SKU0134,71,2022-12-31,2022-12-31
INB00105,SUP012,HUB-DEL,SKU0149,77,2022-12-29,2022-12-31
INB00105,SUP012,HUB-DEL,SKU0308,78,2022-12-30,2022-12-31
INB00105,SUP012,HUB-DEL,SKU0321,94,2022-12-30,2022-12-31
INB00105,SUP012,HUB-DEL,SKU0468,91,2022-12-26,2022-12-31
INB00104,SUP008,HUB-BLR,SKU0069,105,2022-12-27,2023-01-01
INB00105,SUP012,HUB-DEL,SKU0011,63,2022-12-31,2023-01-01
INB00105,SUP012,HUB-DEL,SKU0029,96,2022-12-28,2023-01-01
INB00105,SUP012,HUB-DEL,SKU0031,64,2022-12-28,2023-01-01
INB00105,SUP012,HUB-DEL,SKU0042,84,2022-12-30,2023-01-01
INB00105,SUP012,HUB-DEL,SKU0086,68,2022-12-28,2023-01-01
INB00105,SUP012,HUB-DEL,SKU0125,85,2022-12-27,2023-01-01
INB00105,SUP012,HUB-DEL,SKU0194,72,2022-12-30,2023-01-01
INB00105,SUP012,HUB-DEL,SKU0207,62,2022-12-28,2023-01-01
INB00105,SUP012,HUB-DEL,SKU0267,83,2022-12-30,2023-01-01
INB00105,SUP012,HUB-DEL,SKU0306,72,2022-12-31,2023-01-01
INB00105,SUP012,HUB-DEL,SKU0314,138,2022-12-28,2023-01-01
INB00105,SUP012,HUB-DEL,SKU0317,82,2022-12-28,2023-01-01
INB00105,SUP012,HUB-DEL,SKU0376,115,2023-01-01,2023-01-01
INB00105,SUP012,HUB-DEL,SKU0403,58,2022-12-29,2023-01-01
INB00105,SUP012,HUB-DEL,SKU0453,68,2022-12-28,2023-01-01
INB00104,SUP008,HUB-BLR,SKU0091,126,2022-12-31,2023-01-02
INB00104,SUP008,HUB-BLR,SKU0258,112,2022-12-29,2023-01-02
INB00105,SUP012,HUB-DEL,SKU0003,88,2023-01-01,2023-01-02
INB00105,SUP012,HUB-DEL,SKU0036,74,2022-12-29,2023-01-02
INB00105,SUP012,HUB-DEL,SKU0039,65,2022-12-31,2023-01-02
INB00105,SUP012,HUB-DEL,SKU0102,74,2023-01-01,2023-01-02
INB00105,SUP012,HUB-DEL,SKU0135,122,2022-12-28,2023-01-02
INB00105,SUP012,HUB-DEL,SKU0231,62,2023-01-02,2023-01-02
INB00105,SUP012,HUB-DEL,SKU0240,67,2022-12-29,2023-01-02
INB00105,SUP012,HUB-DEL,SKU0312,67,2022-12-29,2023-01-02
INB00105,SUP012,HUB-DEL,SKU0325,105,2023-01-01,2023-01-02
INB00105,SUP012,HUB-DEL,SKU0390,76,2022-12-31,2023-01-02
INB00105,SUP012,HUB-DEL,SKU0393,69,2022-12-29,2023-01-02
INB00105,SUP012,HUB-DEL,SKU0462,112,2022-12-30,2023-01-02
INB00106,SUP015,HUB-BOM,SKU0164,38,2023-01-02,2023-01-02
INB00106,SUP015,HUB-BOM,SKU0257,41,2022-12-30,2023-01-02
INB00106,SUP015,HUB-BOM,SKU0380,37,2023-01-02,2023-01-02
INB00105,SUP012,HUB-DEL,SKU0060,61,2022-12-30,2023-01-03
INB00105,SUP012,HUB-DEL,SKU0245,73,2023-01-02,2023-01-03
INB00105,SUP012,HUB-DEL,SKU0277,58,2022-12-31,2023-01-03
INB00105,SUP012,HUB-DEL,SKU0298,76,2023-01-01,2023-01-03
INB00105,SUP012,HUB-DEL,SKU0464,123,2023-01-03,2023-01-03
INB00106,SUP015,HUB-BOM,SKU0199,47,2023-01-02,2023-01-03
INB00105,SUP012,HUB-DEL,SKU0142,103,2023-01-02,2023-01-04
INB00105,SUP012,HUB-DEL,SKU0184,58,2023-01-02,2023-01-04
INB00105,SUP012,HUB-DEL,SKU0264,83,2022-12-30,2023-01-04
INB00105,SUP012,HUB-DEL,SKU0342,84,2023-01-04,2023-01-04
INB00105,SUP012,HUB-DEL,SKU0422,61,2023-01-03,2023-01-04
INB00105,SUP012,HUB-DEL,SKU0459,111,2022-12-30,2023-01-04
INB00105,SUP012,HUB-DEL,SKU0491,69,2023-01-04,2023-01-04
INB00106,SUP015,HUB-BOM,SKU0010,40,2022-12-30,2023-01-04
INB00106,SUP015,HUB-BOM,SKU0189,41,2023-01-02,2023-01-04
INB00106,SUP015,HUB-BOM,SKU0311,39,2023-01-02,2023-01-04
INB00106,SUP015,HUB-BOM,SKU0077,38,2023-01-05,2023-01-05
INB00106,SUP015,HUB-BOM,SKU0114,39,2023-01-03,2023-01-05
INB00106,SUP015,HUB-BOM,SKU0123,46,2023-01-01,2023-01-05
INB00106,SUP015,HUB-BOM,SKU0177,39,2023-01-04,2023-01-05
INB00106,SUP015,HUB-BOM,SKU0276,39,2023-01-03,2023-01-05
INB00106,SUP015,HUB-BOM,SKU0319,43,2023-01-05,2023-01-05
INB00106,SUP015,HUB-BOM,SKU0340,38,2023-01-02,2023-01-05
INB00106,SUP015,HUB-BOM,SKU0347,40,2022-12-31,2023-01-05
INB00106,SUP015,HUB-BOM,SKU0372,44,2023-01-02,2023-01-05
INB00106,SUP015,HUB-BOM,SKU0402,49,2023-01-02,2023-01-05
INB00107,SUP007,HUB-BLR,SKU0132,108,2023-01-04,2023-01-05
INB00107,SUP007,HUB-BLR,SKU0172,103,2022-12-31,2023-01-05
INB00107,SUP007,HUB-BLR,SKU0206,122,2023-01-04,2023-01-05
INB00107,SUP007,HUB-BLR,SKU0394,130,2023-01-01,2023-01-05
INB00105,SUP012,HUB-DEL,SKU0289,89,2023-01-04,2023-01-06
INB00106,SUP015,HUB-BOM,SKU0022,46,2023-01-03,2023-01-06
INB00106,SUP015,HUB-BOM,SKU0049,42,2023-01-05,2023-01-06
INB00106,SUP015,HUB-BOM,SKU0067,37,2023-01-03,2023-01-06
INB00106,SUP015,HUB-BOM,SKU0151,38,2023-01-02,2023-01-06
INB00106,SUP015,HUB-BOM,SKU0170,39,2023-01-02,2023-01-06
INB00106,SUP015,HUB-BOM,SKU0180,38,2023-01-04,2023-01-06
INB00106,SUP015,HUB-BOM,SKU0223,38,2023-01-01,2023-01-06
INB00106,SUP015,HUB-BOM,SKU0353,43,2023-01-02,2023-01-06
INB00106,SUP015,HUB-BOM,SKU0391,47,2023-01-03,2023-01-06
INB00106,SUP015,HUB-BOM,SKU0437,40,2023-01-05,2023-01-06
INB00106,SUP015,HUB-BOM,SKU0457,39,2023-01-01,2023-01-06
INB00107,SUP007,HUB-BLR,SKU0041,104,2023-01-05,2023-01-06
INB00107,SUP007,HUB-BLR,SKU0051,96,2023-01-01,2023-01-06
INB00107,SUP007,HUB-BLR,SKU0122,124,2023-01-04,2023-01-06
INB00107,SUP007,HUB-BLR,SKU0385,95,2023-01-02,2023-01-06
INB00107,SUP007,HUB-BLR,SKU0450,125,2023-01-05,2023-01-06
INB00106,SUP015,HUB-BOM,SKU0066,37,2023-01-05,2023-01-07
INB00106,SUP015,HUB-BOM,SKU0124,47,2023-01-07,2023-01-07
INB00106,SUP015,HUB-BOM,SKU0438,45,2023-01-05,2023-01-07
INB00107,SUP007,HUB-BLR,SKU0021,127,2023-01-07,2023-01-07
INB00107,SUP007,HUB-BLR,SKU0167,95,2023-01-05,2023-01-07
INB00107,SUP007,HUB-BLR,SKU0175,98,2023-01-03,2023-01-07
INB00107,SUP007,HUB-BLR,SKU0227,97,2023-01-03,2023-01-07
INB00107,SUP007,HUB-BLR,SKU0361,125,2023-01-05,2023-01-07
INB00107,SUP007,HUB-BLR,SKU0445,98,2023-01-04,2023-01-07
INB00106,SUP015,HUB-BOM,SKU0302,44,2023-01-04,2023-01-08
INB00107,SUP007,HUB-BLR,SKU0012,96,2023-01-08,2023-01-08
INB00107,SUP007,HUB-BLR,SKU0165,98,2023-01-03,2023-01-08
INB00107,SUP007,HUB-BLR,SKU0305,107,2023-01-07,2023-01-08
INB00107,SUP007,HUB-BLR,SKU0366,102,2023-01-04,2023-01-08
INB00107,SUP007,HUB-BLR,SKU0371,120,2023-01-06,2023-01-08
INB00107,SUP007,HUB-BLR,SKU0435,137,2023-01-05,2023-01-08
INB00107,SUP007,HUB-BLR,SKU0458,119,2023-01-03,2023-01-08
INB00107,SUP007,HUB-BLR,SKU0143,109,2023-01-09,2023-01-09
INB00107,SUP007,HUB-BLR,SKU0156,150,2023-01-08,2023-01-09
INB00107,SUP007,HUB-BLR,SKU0290,118,2023-01-05,2023-01-09
INB00107,SUP007,HUB-BLR,SKU0309,105,2023-01-04,2023-01-09
INB00107,SUP007,HUB-BLR,SKU0345,112,2023-01-06,2023-01-09
INB00107,SUP007,HUB-BLR,SKU0362,99,2023-01-05,2023-01-09
INB00107,SUP007,HUB-BLR,SKU0460,94,2023-01-06,2023-01-09
INB00107,SUP007,HUB-BLR,SKU0484,138,2023-01-07,2023-01-09
INB00108,SUP014,HUB-DEL,SKU0048,61,2023-01-04,2023-01-09
INB00108,SUP014,HUB-DEL,SKU0265,67,2023-01-06,2023-01-09
INB00108,SUP014,HUB-DEL,SKU0417,88,2023-01-04,2023-01-09
INB00107,SUP007,HUB-BLR,SKU0033,117,2023-01-06,2023-01-10
INB00107,SUP007,HUB-BLR,SKU0035,167,2023-01-09,2023-01-10
INB00107,SUP007,HUB-BLR,SKU0050,115,2023-01-08,2023-01-10
INB00107,SUP007,HUB-BLR,SKU0072,101,2023-01-05,2023-01-10
INB00107,SUP007,HUB-BLR,SKU0320,94,2023-01-09,2023-01-10
INB00108,SUP014,HUB-DEL,SKU0098,63,2023-01-09,2023-01-10
INB00108,SUP014,HUB-DEL,SKU0144,64,2023-01-07,2023-01-10
INB00108,SUP014,HUB-DEL,SKU0426,60,2023-01-08,2023-01-10
INB00108,SUP014,HUB-DEL,SKU0455,63,2023-01-06,2023-01-10
INB00107,SUP007,HUB-BLR,SKU0074,117,2023-01-10,2023-01-11
INB00107,SUP007,HUB-BLR,SKU0489,97,2023-01-11,2023-01-11
INB00107,SUP007,HUB-BLR,SKU0492,95,2023-01-06,2023-01-11
INB00108,SUP014,HUB-DEL,SKU0017,92,2023-01-10,2023-01-11
INB00108,SUP014,HUB-DEL,SKU0157,58,2023-01-08,2023-01-11
INB00108,SUP014,HUB-DEL,SKU0379,57,2023-01-09,2023-01-11
INB00108,SUP014,HUB-DEL,SKU0463,71,2023-01-11,2023-01-11
INB00109,SUP004,HUB-BOM,SKU0246,44,2023-01-09,2023-01-11
INB00109,SUP004,HUB-BOM,SKU0358,45,2023-01-08,2023-01-11
INB00107,SUP007,HUB-BLR,SKU0140,107,2023-01-11,2023-01-12
INB00108,SUP014,HUB-DEL,SKU0008,80,2023-01-11,2023-01-12
INB00108,SUP014,HUB-DEL,SKU0034,118,2023-01-08,2023-01-12
INB00108,SUP014,HUB-DEL,SKU0057,74,2023-01-09,2023-01-12
INB00108,SUP014,HUB-DEL,SKU0092,78,2023-01-08,2023-01-12
INB00108,SUP014,HUB-DEL,SKU0133,71,2023-01-09,2023-01-12
INB00108,SUP014,HUB-DEL,SKU0163,57,2023-01-10,2023-01-12
INB00108,SUP014,HUB-DEL,SKU0221,60,2023-01-09,2023-01-12
INB00108,SUP014,HUB-DEL,SKU0243,82,2023-01-08,2023-01-12
INB00108,SUP014,HUB-DEL,SKU0256,60,2023-01-10,2023-01-12
INB00108,SUP014,HUB-DEL,SKU0341,66,2023-01-10,2023-01-12
INB00108,SUP014,HUB-DEL,SKU0364,62,2023-01-09,2023-01-12
INB00108,SUP014,HUB-DEL,SKU0412,66,2023-01-12,2023-01-12
INB00109,SUP004,HUB-BOM,SKU0084,38,2023-01-07,2023-01-12
INB00109,SUP004,HUB-BOM,SKU0370,44,2023-01-08,2023-01-12
INB00108,SUP014,HUB-DEL,SKU0027,65,2023-01-13,2023-01-13
INB00108,SUP014,HUB-DEL,SKU0037,73,2023-01-08,2023-01-13
INB00108,SUP014,HUB-DEL,SKU0075,109,2023-01-10,2023-01-13
INB00108,SUP014,HUB-DEL,SKU0111,72,2023-01-10,2023-01-13
INB00108,SUP014,HUB-DEL,SKU0297,74,2023-01-12,2023-01-13
INB00108,SUP014,HUB-DEL,SKU0356,58,2023-01-10,2023-01-13
INB00108,SUP014,HUB-DEL,SKU0416,59,2023-01-13,2023-01-13
INB00108,SUP014,HUB-DEL,SKU0424,70,2023-01-13,2023-01-13
INB00108,SUP014,HUB-DEL,SKU0499,78,2023-01-10,2023-01-13
INB00109,SUP004,HUB-BOM,SKU0024,42,2023-01-11,2023-01-13
INB00109,SUP004,HUB-BOM,SKU0146,56,2023-01-11,2023-01-13
INB00109,SUP004,HUB-BOM,SKU0209,38,2023-01-12,2023-01-13
INB00109,SUP004,HUB-BOM,SKU0476,39,2023-01-09,2023-01-13
INB00108,SUP014,HUB-DEL,SKU0030,74,2023-01-10,2023-01-14
INB00108,SUP014,HUB-DEL,SKU0039,75,2023-01-11,2023-01-14
INB00108,SUP014,HUB-DEL,SKU0078,65,2023-01-14,2023-01-14
INB00108,SUP014,HUB-DEL,SKU0138,67,2023-01-14,2023-01-14
INB00108,SUP014,HUB-DEL,SKU0235,60,2023-01-11,2023-01-14
INB00108,SUP014,HUB-DEL,SKU0328,76,2023-01-11,2023-01-14
INB00108,SUP014,HUB-DEL,SKU0346,73,2023-01-09,2023-01-14
INB00109,SUP004,HUB-BOM,SKU0090,38,2023-01-10,2023-01-14
INB00109,SUP004,HUB-BOM,SKU0139,49,2023-01-14,2023-01-14
INB00109,SUP004,HUB-BOM,SKU0191,37,2023-01-11,2023-01-14
INB00109,SUP004,HUB-BOM,SKU0195,43,2023-01-11,2023-01-14
INB00109,SUP004,HUB-BOM,SKU0349,38,2023-01-11,2023-01-14
INB00109,SUP004,HUB-BOM,SKU0428,44,2023-01-10,2023-01-14
INB00108,SUP014,HUB-DEL,SKU0204,65,2023-01-13,2023-01-15
INB00108,SUP014,HUB-DEL,SKU0293,84,2023-01-13,2023-01-15
INB00108,SUP014,HUB-DEL,SKU0318,57,2023-01-14,2023-01-15
INB00108,SUP014,HUB-DEL,SKU0381,61,2023-01-11,2023-01-15
INB00109,SUP004,HUB-BOM,SKU0028,41,2023-01-15,2023-01-15
INB00109,SUP004,HUB-BOM,SKU0056,45,2023-01-10,2023-01-15
INB00109,SUP004,HUB-BOM,SKU0152,42,2023-01-10,2023-01-15
INB00109,SUP004,HUB-BOM,SKU0218,39,2023-01-11,2023-01-15
INB00108,SUP014,HUB-DEL,SKU0059,62,2023-01-16,2023-01-16
INB00108,SUP014,HUB-DEL,SKU0117,62,2023-01-15,2023-01-16
INB00109,SUP004,HUB-BOM,SKU0147,39,2023-01-13,2023-01-16
INB00109,SUP004,HUB-BOM,SKU0150,37,2023-01-14,2023-01-16
INB00109,SUP004,HUB-BOM,SKU0168,39,2023-01-16,2023-01-16
INB00109,SUP004,HUB-BOM,SKU0300,41,2023-01-15,2023-01-16
INB00109,SUP004,HUB-BOM,SKU0338,37,2023-01-14,2023-01-16
INB00109,SUP004,HUB-BOM,SKU0448,38,2023-01-13,2023-01-16
INB00110,SUP016,HUB-BLR,SKU0005,101,2023-01-14,2023-01-16
INB00110,SUP016,HUB-BLR,SKU0013,113,2023-01-13,2023-01-16
INB00110,SUP016,HUB-BLR,SKU0026,108,2023-01-13,2023-01-16
INB00110,SUP016,HUB-BLR,SKU0079,96,2023-01-13,2023-01-16
INB00110,SUP016,HUB-BLR,SKU0081,100,2023-01-15,2023-01-16
INB00110,SUP016,HUB-BLR,SKU0236,109,2023-01-15,2023-01-16
INB00110,SUP016,HUB-BLR,SKU0329,103,2023-01-11,2023-01-16
INB00109,SUP004,HUB-BOM,SKU0032,37,2023-01-16,2023-01-17
INB00109,SUP004,HUB-BOM,SKU0275,44,2023-01-17,2023-01-17
INB00109,SUP004,HUB-BOM,SKU0389,46,2023-01-12,2023-01-17
INB00109,SUP004,HUB-BOM,SKU0420,39,2023-01-13,2023-01-17
INB00110,SUP016,HUB-BLR,SKU0065,104,2023-01-17,2023-01-17
INB00110,SUP016,HUB-BLR,SKU0112,93,2023-01-17,2023-01-17
INB00110,SUP016,HUB-BLR,SKU0229,120,2023-01-15,2023-01-17
INB00109,SUP004,HUB-BOM,SKU0083,44,2023-01-13,2023-01-18
INB00110,SUP016,HUB-BLR,SKU0004,94,2023-01-17,2023-01-18
INB00110,SUP016,HUB-BLR,SKU0283,101,2023-01-15,2023-01-18
INB00110,SUP016,HUB-BLR,SKU0419,120,2023-01-13,2023-01-18
INB00110,SUP016,HUB-BLR,SKU0429,107,2023-01-16,2023-01-18
INB00110,SUP016,HUB-BLR,SKU0237,103,2023-01-14,2023-01-19
INB00110,SUP016,HUB-BLR,SKU0493,98,2023-01-19,2023-01-19
INB00110,SUP016,HUB-BLR,SKU0494,110,2023-01-19,2023-01-19
INB00110,SUP016,HUB-BLR,SKU0495,103,2023-01-19,2023-01-19
INB00111,SUP013,HUB-DEL,SKU0045,66,2023-01-14,2023-01-19
INB00111,SUP013,HUB-DEL,SKU0249,61,2023-01-16,2023-01-20
INB00111,SUP013,HUB-DEL,SKU0316,66,2023-01-17,2023-01-20
INB00110,SUP016,HUB-BLR,SKU0322,97,2023-01-19,2023-01-21
INB00110,SUP016,HUB-BLR,SKU0480,119,2023-01-17,2023-01-21
INB00111,SUP013,HUB-DEL,SKU0187,61,2023-01-20,2023-01-21
INB00112,SUP001,HUB-BOM,SKU0155,39,2023-01-19,2023-01-21
INB00110,SUP016,HUB-BLR,SKU0087,94,2023-01-17,2023-01-22
INB00110,SUP016,HUB-BLR,SKU0247,103,2023-01-21,2023-01-22
INB00110,SUP016,HUB-BLR,SKU0388,98,2023-01-18,2023-01-22
INB00111,SUP013,HUB-DEL,SKU0006,57,2023-01-18,2023-01-22
INB00111,SUP013,HUB-DEL,SKU0031,72,2023-01-21,2023-01-22
INB00111,SUP013,HUB-DEL,SKU0190,61,2023-01-17,2023-01-22
INB00111,SUP013,HUB-DEL,SKU0321,62,2023-01-22,2023-01-22
INB00112,SUP001,HUB-BOM,SKU0107,39,2023-01-22,2023-01-22
INB00112,SUP001,HUB-BOM,SKU0160,44,2023-01-17,2023-01-22
INB00112,SUP001,HUB-BOM,SKU0200,48,2023-01-22,2023-01-22
INB00112,SUP001,HUB-BOM,SKU0214,40,2023-01-22,2023-01-22
INB00112,SUP001,HUB-BOM,SKU0331,40,2023-01-17,2023-01-22
INB00112,SUP001,HUB-BOM,SKU0343,41,2023-01-20,2023-01-22
INB00112,SUP001,HUB-BOM,SKU0482,43,2023-01-18,2023-01-22
INB00110,SUP016,HUB-BLR,SKU0352,102,2023-01-21,2023-01-23
INB00111,SUP013,HUB-DEL,SKU0125,61,2023-01-23,2023-01-23
INB00111,SUP013,HUB-DEL,SKU0173,63,2023-01-21,2023-01-23
INB00111,SUP013,HUB-DEL,SKU0282,75,2023-01-23,2023-01-23
INB00111,SUP013,HUB-DEL,SKU0301,73,2023-01-21,2023-01-23
INB00111,SUP013,HUB-DEL,SKU0399,83,2023-01-20,2023-01-23
INB00112,SUP001,HUB-BOM,SKU0220,40,2023-01-18,2023-01-23
INB00112,SUP001,HUB-BOM,SKU0254,58,2023-01-20,2023-01-23
INB00110,SUP016,HUB-BLR,SKU0082,93,2023-01-24,2023-01-24
INB00111,SUP013,HUB-DEL,SKU0029,59,2023-01-19,2023-01-24
INB00111,SUP013,HUB-DEL,SKU0141,62,2023-01-22,2023-01-24
INB00111,SUP013,HUB-DEL,SKU0414,66,2023-01-19,2023-01-24
INB00112,SUP001,HUB-BOM,SKU0119,38,2023-01-19,2023-01-24
INB00112,SUP001,HUB-BOM,SKU0126,55,2023-01-19,2023-01-24
INB00112,SUP001,HUB-BOM,SKU0396,39,2023-01-19,2023-01-24
INB00112,SUP001,HUB-BOM,SKU0425,39,2023-01-21,2023-01-24
INB00112,SUP001,HUB-BOM,SKU0436,37,2023-01-22,2023-01-24
INB00112,SUP001,HUB-BOM,SKU0461,56,2023-01-24,2023-01-24
INB00112,SUP001,HUB-BOM,SKU0473,38,2023-01-21,2023-01-24
INB00111,SUP013,HUB-DEL,SKU0261,58,2023-01-25,2023-01-25
INB00112,SUP001,HUB-BOM,SKU0009,38,2023-01-25,2023-01-25
INB00112,SUP001,HUB-BOM,SKU0108,39,2023-01-21,2023-01-25
INB00112,SUP001,HUB-BOM,SKU0260,41,2023-01-24,2023-01-25
INB00112,SUP001,HUB-BOM,SKU0262,65,2023-01-20,2023-01-25
INB00111,SUP013,HUB-DEL,SKU0215,58,2023-01-25,2023-01-26
INB00112,SUP001,HUB-BOM,SKU0025,38,2023-01-26,2023-01-26
INB00112,SUP001,HUB-BOM,SKU0193,37,2023-01-25,2023-01-26
INB00112,SUP001,HUB-BOM,SKU0278,39,2023-01-25,2023-01-26
INB00112,SUP001,HUB-BOM,SKU0490,43,2023-01-24,2023-01-26
INB00112,SUP001,HUB-BOM,SKU0250,38,2023-01-27,2023-01-27
INB00112,SUP001,HUB-BOM,SKU0350,38,2023-01-25,2023-01-27
INB00112,SUP001,HUB-BOM,SKU0351,46,2023-01-27,2023-01-27
INB00112,SUP001,HUB-BOM,SKU0355,38,2023-01-22,2023-01-27
INB00112,SUP001,HUB-BOM,SKU0446,41,2023-01-23,2023-01-27
INB00112,SUP001,HUB-BOM,SKU0415,42,2023-01-25,2023-01-28
INB00112,SUP001,HUB-BOM,SKU0049,40,2023-01-28,2023-01-29
INB00112,SUP001,HUB-BOM,SKU0451,40,2023-01-26,2023-01-29
INB00112,SUP001,HUB-BOM,SKU0452,48,2023-01-25,2023-01-29
INB00113,SUP018,HUB-BLR,SKU0016,102,2023-01-26,2023-01-29
INB00113,SUP018,HUB-BLR,SKU0071,103,2023-01-29,2023-01-29
INB00113,SUP018,HUB-BLR,SKU0224,117,2023-01-24,2023-01-29
INB00113,SUP018,HUB-BLR,SKU0299,127,2023-01-28,2023-01-29
INB00113,SUP018,HUB-BLR,SKU0333,105,2023-01-27,2023-01-29
INB00114,SUP011,HUB-DEL,SKU0233,57,2023-01-27,2023-01-29
INB00112,SUP001,HUB-BOM,SKU0210,45,2023-01-25,2023-01-30
INB00113,SUP018,HUB-BLR,SKU0166,105,2023-01-26,2023-01-30
INB00113,SUP018,HUB-BLR,SKU0327,100,2023-01-29,2023-01-30
INB00113,SUP018,HUB-BLR,SKU0405,100,2023-01-27,2023-01-30
INB00113,SUP018,HUB-BLR,SKU0413,125,2023-01-27,2023-01-30
INB00114,SUP011,HUB-DEL,SKU0188,57,2023-01-26,2023-01-30
INB00113,SUP018,HUB-BLR,SKU0063,99,2023-01-27,2023-01-31
INB00113,SUP018,HUB-BLR,SKU0137,122,2023-01-26,2023-01-31
INB00113,SUP018,HUB-BLR,SKU0179,102,2023-01-27,2023-01-31
INB00113,SUP018,HUB-BLR,SKU0185,129,2023-01-30,2023-01-31
INB00113,SUP018,HUB-BLR,SKU0248,118,2023-01-31,2023-01-31
INB00113,SUP018,HUB-BLR,SKU0294,140,2023-01-29,2023-01-31
INB00113,SUP018,HUB-BLR,SKU0324,106,2023-01-29,2023-01-31
INB00113,SUP018,HUB-BLR,SKU0357,94,2023-01-31,2023-01-31
INB00113,SUP018,HUB-BLR,SKU0363,116,2023-01-26,2023-01-31
INB00113,SUP018,HUB-BLR,SKU0383,108,2023-01-29,2023-01-31
INB00114,SUP011,HUB-DEL,SKU0060,66,2023-01-28,2023-01-31
INB00114,SUP011,HUB-DEL,SKU0238,57,2023-01-28,2023-01-31
INB00114,SUP011,HUB-DEL,SKU0334,63,2023-01-30,2023-01-31
INB00114,SUP011,HUB-DEL,SKU0386,60,2023-01-30,2023-01-31
INB00114,SUP011,HUB-DEL,SKU0390,63,2023-01-28,2023-01-31
INB00113,SUP018,HUB-BLR,SKU0038,109,2023-01-30,2023-02-01
INB00113,SUP018,HUB-BLR,SKU0073,146,2023-01-30,2023-02-01
INB00113,SUP018,HUB-BLR,SKU0183,120,2023-01-28,2023-02-01
INB00113,SUP018,HUB-BLR,SKU0441,108,2023-01-29,2023-02-01
INB00113,SUP018,HUB-BLR,SKU0500,106,2023-01-29,2023-02-01
INB00114,SUP011,HUB-DEL,SKU0003,62,2023-01-27,2023-02-01
INB00114,SUP011,HUB-DEL,SKU0055,69,2023-01-29,2023-02-01
INB00114,SUP011,HUB-DEL,SKU0286,60,2023-01-28,2023-02-01
INB00114,SUP011,HUB-DEL,SKU0427,69,2023-01-29,2023-02-01
INB00113,SUP018,HUB-BLR,SKU0336,94,2023-01-29,2023-02-02
INB00114,SUP011,HUB-DEL,SKU0202,67,2023-01-29,2023-02-02
INB00114,SUP011,HUB-DEL,SKU0208,72,2023-01-28,2023-02-02
INB00114,SUP011,HUB-DEL,SKU0298,61,2023-01-31,2023-02-02
INB00114,SUP011,HUB-DEL,SKU0382,58,2023-01-31,2023-02-02
INB00114,SUP011,HUB-DEL,SKU0447,59,2023-02-01,2023-02-02
INB00115,SUP009,HUB-BOM,SKU0020,46,2023-01-29,2023-02-02
INB00115,SUP009,HUB-BOM,SKU0129,37,2023-02-01,2023-02-02
INB00115,SUP009,HUB-BOM,SKU0392,40,2023-01-29,2023-02-02
INB00115,SUP009,HUB-BOM,SKU0457,52,2023-01-30,2023-02-02
INB00113,SUP018,HUB-BLR,SKU0326,95,2023-01-31,2023-02-03
INB00113,SUP018,HUB-BLR,SKU0488,97,2023-02-01,2023-02-03
INB00114,SUP011,HUB-DEL,SKU0100,75,2023-01-31,2023-02-03
INB00115,SUP009,HUB-BOM,SKU0076,42,2023-01-29,2023-02-03
INB00115,SUP009,HUB-BOM,SKU0280,41,2023-01-29,2023-02-03
INB00115,SUP009,HUB-BOM,SKU0343,37,2023-02-01,2023-02-03
INB00115,SUP009,HUB-BOM,SKU0400,40,2023-02-02,2023-02-03
INB00115,SUP009,HUB-BOM,SKU0481,37,2023-02-03,2023-02-03
INB00114,SUP011,HUB-DEL,SKU0007,74,2023-01-30,2023-02-04
INB00114,SUP011,HUB-DEL,SKU0253,71,2023-02-04,2023-02-04
INB00114,SUP011,HUB-DEL,SKU0439,71,2023-02-03,2023-02-04
INB00115,SUP009,HUB-BOM,SKU0161,52,2023-02-03,2023-02-04
INB00115,SUP009,HUB-BOM,SKU0255,44,2023-02-03,2023-02-04
INB00115,SUP009,HUB-BOM,SKU0287,44,2023-02-01,2023-02-04
INB00115,SUP009,HUB-BOM,SKU0470,53,2023-02-04,2023-02-04
INB00115,SUP009,HUB-BOM,SKU0471,43,2023-01-31,2023-02-04
INB00113,SUP018,HUB-BLR,SKU0433,102,2023-01-31,2023-02-05
INB00115,SUP009,HUB-BOM,SKU0088,41,2023-01-31,2023-02-05
INB00115,SUP009,HUB-BOM,SKU0097,39,2023-02-03,2023-02-05
INB00115,SUP009,HUB-BOM,SKU0174,48,2023-02-05,2023-02-05
INB00115,SUP009,HUB-BOM,SKU0213,40,2023-02-03,2023-02-05
INB00115,SUP009,HUB-BOM,SKU0228,55,2023-02-03,2023-02-05
INB00115,SUP009,HUB-BOM,SKU0272,37,2023-02-01,2023-02-05
INB00115,SUP009,HUB-BOM,SKU0402,46,2023-02-02,2023-02-05
INB00115,SUP009,HUB-BOM,SKU0434,47,2023-02-05,2023-02-05
INB00115,SUP009,HUB-BOM,SKU0437,52,2023-02-04,2023-02-05
INB00115,SUP009,HUB-BOM,SKU0019,46,2023-02-06,2023-02-06
INB00115,SUP009,HUB-BOM,SKU0054,49,2023-02-01,2023-02-06
INB00115,SUP009,HUB-BOM,SKU0064,39,2023-02-01,2023-02-06
INB00115,SUP009,HUB-BOM,SKU0263,39,2023-02-04,2023-02-06
INB00115,SUP009,HUB-BOM,SKU0154,37,2023-02-02,2023-02-07
INB00115,SUP009,HUB-BOM,SKU0186,44,2023-02-05,2023-02-07
INB00115,SUP009,HUB-BOM,SKU0252,50,2023-02-05,2023-02-07
INB00115,SUP009,HUB-BOM,SKU0266,38,2023-02-02,2023-02-07
INB00115,SUP009,HUB-BOM,SKU0337,38,2023-02-02,2023-02-07
INB00115,SUP009,HUB-BOM,SKU0395,50,2023-02-05,2023-02-07
INB00115,SUP009,HUB-BOM,SKU0421,50,2023-02-02,2023-02-07
INB00116,SUP017,HUB-DEL,SKU0053,60,2023-02-06,2023-02-07
INB00115,SUP009,HUB-BOM,SKU0022,37,2023-02-04,2023-02-08
INB00115,SUP009,HUB-BOM,SKU0181,37,2023-02-06,2023-02-08
INB00115,SUP009,HUB-BOM,SKU0216,50,2023-02-04,2023-02-08
INB00115,SUP009,HUB-BOM,SKU0219,40,2023-02-08,2023-02-08
INB00115,SUP009,HUB-BOM,SKU0365,47,2023-02-08,2023-02-08
INB00115,SUP009,HUB-BOM,SKU0406,49,2023-02-06,2023-02-08
INB00115,SUP009,HUB-BOM,SKU0477,42,2023-02-07,2023-02-08
INB00116,SUP017,HUB-DEL,SKU0095,57,2023-02-08,2023-02-08
INB00116,SUP017,HUB-DEL,SKU0104,60,2023-02-07,2023-02-08
INB00117,SUP018,HUB-BLR,SKU0198,115,2023-02-03,2023-02-08
INB00117,SUP018,HUB-BLR,SKU0234,111,2023-02-08,2023-02-08
INB00117,SUP018,HUB-BLR,SKU0323,116,2023-02-07,2023-02-08
INB00117,SUP018,HUB-BLR,SKU0359,97,2023-02-05,2023-02-08
INB00117,SUP018,HUB-BLR,SKU0385,105,2023-02-05,2023-02-08
INB00117,SUP018,HUB-BLR,SKU0444,112,2023-02-05,2023-02-08
INB00115,SUP009,HUB-BOM,SKU0171,47,2023-02-07,2023-02-09
INB00115,SUP009,HUB-BOM,SKU0456,40,2023-02-09,2023-02-09
INB00116,SUP017,HUB-DEL,SKU0196,57,2023-02-04,2023-02-09
INB00117,SUP018,HUB-BLR,SKU0211,124,2023-02-07,2023-02-09
INB00116,SUP017,HUB-DEL,SKU0002,57,2023-02-05,2023-02-10
INB00116,SUP017,HUB-DEL,SKU0062,59,2023-02-06,2023-02-10
INB00116,SUP017,HUB-DEL,SKU0384,57,2023-02-06,2023-02-10
INB00116,SUP017,HUB-DEL,SKU0398,61,2023-02-10,2023-02-10
INB00116,SUP017,HUB-DEL,SKU0467,79,2023-02-07,2023-02-10
INB00116,SUP017,HUB-DEL,SKU0491,71,2023-02-05,2023-02-10
INB00117,SUP018,HUB-BLR,SKU0143,127,2023-02-06,2023-02-10
INB00117,SUP018,HUB-BLR,SKU0148,100,2023-02-09,2023-02-10
INB00117,SUP018,HUB-BLR,SKU0217,115,2023-02-09,2023-02-10
INB00117,SUP018,HUB-BLR,SKU0251,112,2023-02-09,2023-02-10
INB00117,SUP018,HUB-BLR,SKU0354,121,2023-02-10,2023-02-10
INB00117,SUP018,HUB-BLR,SKU0367,142,2023-02-05,2023-02-10
INB00117,SUP018,HUB-BLR,SKU0407,122,2023-02-08,2023-02-10
INB00117,SUP018,HUB-BLR,SKU0418,93,2023-02-10,2023-02-10
INB00116,SUP017,HUB-DEL,SKU0042,61,2023-02-10,2023-02-11
INB00116,SUP017,HUB-DEL,SKU0403,61,2023-02-10,2023-02-11
INB00116,SUP017,HUB-DEL,SKU0462,61,2023-02-07,2023-02-11
INB00116,SUP017,HUB-DEL,SKU0464,78,2023-02-06,2023-02-11
INB00117,SUP018,HUB-BLR,SKU0101,96,2023-02-09,2023-02-11
INB00117,SUP018,HUB-BLR,SKU0269,113,2023-02-11,2023-02-11
INB00116,SUP017,HUB-DEL,SKU0231,62,2023-02-11,2023-02-12
INB00116,SUP017,HUB-DEL,SKU0264,62,2023-02-07,2023-02-12
INB00116,SUP017,HUB-DEL,SKU0277,80,2023-02-10,2023-02-12
INB00117,SUP018,HUB-BLR,SKU0023,96,2023-02-10,2023-02-12
INB00117,SUP018,HUB-BLR,SKU0061,104,2023-02-10,2023-02-12
INB00117,SUP018,HUB-BLR,SKU0130,104,2023-02-11,2023-02-12
INB00117,SUP018,HUB-BLR,SKU0132,99,2023-02-10,2023-02-12
INB00117,SUP018,HUB-BLR,SKU0162,100,2023-02-09,2023-02-12
INB00117,SUP018,HUB-BLR,SKU0205,129,2023-02-09,2023-02-12
INB00117,SUP018,HUB-BLR,SKU0466,97,2023-02-07,2023-02-12
INB00118,SUP004,HUB-BOM,SKU0114,45,2023-02-09,2023-02-12
INB00118,SUP004,HUB-BOM,SKU0124,37,2023-02-09,2023-02-12
INB00118,SUP004,HUB-BOM,SKU0178,43,2023-02-08,2023-02-12
INB00118,SUP004,HUB-BOM,SKU0257,61,2023-02-11,2023-02-12
INB00118,SUP004,HUB-BOM,SKU0307,41,2023-02-09,2023-02-12
INB00118,SUP004,HUB-BOM,SKU0380,41,2023-02-08,2023-02-12
INB00116,SUP017,HUB-DEL,SKU0046,71,2023-02-10,2023-02-13
INB00117,SUP018,HUB-BLR,SKU0182,101,2023-02-10,2023-02-13
INB00117,SUP018,HUB-BLR,SKU0192,103,2023-02-10,2023-02-13
INB00117,SUP018,HUB-BLR,SKU0203,103,2023-02-12,2023-02-13
INB00117,SUP018,HUB-BLR,SKU0258,110,2023-02-13,2023-02-13
INB00117,SUP018,HUB-BLR,SKU0295,141,2023-02-10,2023-02-13
INB00117,SUP018,HUB-BLR,SKU0360,105,2023-02-08,2023-02-13
INB00117,SUP018,HUB-BLR,SKU0423,147,2023-02-10,2023-02-13
INB00117,SUP018,HUB-BLR,SKU0430,116,2023-02-12,2023-02-13
INB00118,SUP004,HUB-BOM,SKU0116,41,2023-02-12,2023-02-13
INB00118,SUP004,HUB-BOM,SKU0150,44,2023-02-12,2023-02-13
INB00118,SUP004,HUB-BOM,SKU0155,41,2023-02-11,2023-02-13
INB00118,SUP004,HUB-BOM,SKU0191,50,2023-02-11,2023-02-13
INB00118,SUP004,HUB-BOM,SKU0259,51,2023-02-10,2023-02-13
INB00118,SUP004,HUB-BOM,SKU0353,41,2023-02-12,2023-02-13
INB00118,SUP004,HUB-BOM,SKU0411,47,2023-02-08,2023-02-13
INB00118,SUP004,HUB-BOM,SKU0485,40,2023-02-11,2023-02-13
INB00116,SUP017,HUB-DEL,SKU0134,60,2023-02-13,2023-02-14
INB00117,SUP018,HUB-BLR,SKU0242,138,2023-02-09,2023-02-14
INB00117,SUP018,HUB-BLR,SKU0440,105,2023-02-10,2023-02-14
INB00118,SUP004,HUB-BOM,SKU0151,52,2023-02-11,2023-02-14
INB00118,SUP004,HUB-BOM,SKU0170,40,2023-02-09,2023-02-14
INB00118,SUP004,HUB-BOM,SKU0241,39,2023-02-10,2023-02-14
INB00118,SUP004,HUB-BOM,SKU0278,40,2023-02-13,2023-02-14
INB00118,SUP004,HUB-BOM,SKU0372,38,2023-02-09,2023-02-14
INB00118,SUP004,HUB-BOM,SKU0421,47,2023-02-12,2023-02-14
INB00118,SUP004,HUB-BOM,SKU0443,41,2023-02-09,2023-02-14
INB00118,SUP004,HUB-BOM,SKU0483,49,2023-02-12,2023-02-14
INB00117,SUP018,HUB-BLR,SKU0044,148,2023-02-14,2023-02-15
INB00118,SUP004,HUB-BOM,SKU0058,40,2023-02-11,2023-02-15
INB00118,SUP004,HUB-BOM,SKU0066,43,2023-02-13,2023-02-15
INB00118,SUP004,HUB-BOM,SKU0177,40,2023-02-13,2023-02-15
INB00118,SUP004,HUB-BOM,SKU0315,41,2023-02-11,2023-02-15
INB00118,SUP004,HUB-BOM,SKU0461,40,2023-02-14,2023-02-15
INB00117,SUP018,HUB-BLR,SKU0271,98,2023-02-12,2023-02-16
INB00118,SUP004,HUB-BOM,SKU0001,45,2023-02-14,2023-02-16
INB00118,SUP004,HUB-BOM,SKU0040,43,2023-02-15,2023-02-16
INB00118,SUP004,HUB-BOM,SKU0180,45,2023-02-13,2023-02-16
INB00118,SUP004,HUB-BOM,SKU0189,37,2023-02-15,2023-02-16
INB00118,SUP004,HUB-BOM,SKU0195,38,2023-02-12,2023-02-16
INB00118,SUP004,HUB-BOM,SKU0292,43,2023-02-11,2023-02-16
INB00118,SUP004,HUB-BOM,SKU0469,48,2023-02-11,2023-02-16
INB00117,SUP018,HUB-BLR,SKU0344,138,2023-02-16,2023-02-17
INB00118,SUP004,HUB-BOM,SKU0276,52,2023-02-13,2023-02-17
INB00119,SUP020,HUB-DEL,SKU0086,63,2023-02-16,2023-02-17
INB00119,SUP020,HUB-DEL,SKU0455,57,2023-02-12,2023-02-17
INB00118,SUP004,HUB-BOM,SKU0024,40,2023-02-13,2023-02-18
INB00118,SUP004,HUB-BOM,SKU0084,42,2023-02-16,2023-02-18
INB00118,SUP004,HUB-BOM,SKU0300,48,2023-02-16,2023-02-18
INB00118,SUP004,HUB-BOM,SKU0373,38,2023-02-15,2023-02-18
INB00118,SUP004,HUB-BOM,SKU0431,41,2023-02-16,2023-02-18
INB00119,SUP020,HUB-DEL,SKU0115,60,2023-02-17,2023-02-18
INB00119,SUP020,HUB-DEL,SKU0212,62,2023-02-15,2023-02-18
INB00119,SUP020,HUB-DEL,SKU0281,61,2023-02-13,2023-02-18
INB00118,SUP004,HUB-BOM,SKU0118,38,2023-02-17,2023-02-19
INB00118,SUP004,HUB-BOM,SKU0119,40,2023-02-16,2023-02-19
INB00119,SUP020,HUB-DEL,SKU0068,65,2023-02-17,2023-02-19
INB00119,SUP020,HUB-DEL,SKU0149,63,2023-02-18,2023-02-19
INB00119,SUP020,HUB-DEL,SKU0289,73,2023-02-16,2023-02-19
INB00119,SUP020,HUB-DEL,SKU0422,60,2023-02-14,2023-02-19
INB00118,SUP004,HUB-BOM,SKU0209,39,2023-02-17,2023-02-20
INB00119,SUP020,HUB-DEL,SKU0030,71,2023-02-17,2023-02-20
INB00119,SUP020,HUB-DEL,SKU0039,57,2023-02-15,2023-02-20
INB00119,SUP020,HUB-DEL,SKU0052,73,2023-02-18,2023-02-20
INB00119,SUP020,HUB-DEL,SKU0284,69,2023-02-20,2023-02-20
INB00119,SUP020,HUB-DEL,SKU0364,59,2023-02-18,2023-02-20
INB00119,SUP020,HUB-DEL,SKU0442,57,2023-02-18,2023-02-20
INB00119,SUP020,HUB-DEL,SKU0468,70,2023-02-18,2023-02-20
INB00120,SUP010,HUB-BLR,SKU0169,109,2023-02-16,2023-02-20
INB00120,SUP010,HUB-BLR,SKU0237,103,2023-02-18,2023-02-20
INB00119,SUP020,HUB-DEL,SKU0339,66,2023-02-16,2023-02-21
INB00119,SUP020,HUB-DEL,SKU0478,58,2023-02-21,2023-02-21
INB00119,SUP020,HUB-DEL,SKU0497,57,2023-02-17,2023-02-21
INB00120,SUP010,HUB-BLR,SKU0069,115,2023-02-16,2023-02-21
INB00120,SUP010,HUB-BLR,SKU0093,106,2023-02-17,2023-02-21
INB00120,SUP010,HUB-BLR,SKU0335,110,2023-02-17,2023-02-21
INB00120,SUP010,HUB-BLR,SKU0371,98,2023-02-18,2023-02-21
INB00119,SUP020,HUB-DEL,SKU0103,67,2023-02-22,2023-02-22
INB00119,SUP020,HUB-DEL,SKU0245,57,2023-02-22,2023-02-22
INB00120,SUP010,HUB-BLR,SKU0051,96,2023-02-19,2023-02-22
INB00120,SUP010,HUB-BLR,SKU0348,106,2023-02-18,2023-02-22
INB00119,SUP020,HUB-DEL,SKU0128,72,2023-02-19,2023-02-23
INB00120,SUP010,HUB-BLR,SKU0012,110,2023-02-20,2023-02-23
INB00120,SUP010,HUB-BLR,SKU0072,114,2023-02-19,2023-02-23
INB00120,SUP010,HUB-BLR,SKU0222,103,2023-02-18,2023-02-23
INB00120,SUP010,HUB-BLR,SKU0285,100,2023-02-20,2023-02-23
INB00120,SUP010,HUB-BLR,SKU0304,119,2023-02-23,2023-02-23
INB00120,SUP010,HUB-BLR,SKU0329,136,2023-02-21,2023-02-23
INB00120,SUP010,HUB-BLR,SKU0357,100,2023-02-23,2023-02-23
INB00120,SUP010,HUB-BLR,SKU0489,102,2023-02-21,2023-02-23
INB00121,SUP004,HUB-BOM,SKU0010,48,2023-02-23,2023-02-23
INB00121,SUP004,HUB-BOM,SKU0391,43,2023-02-20,2023-02-23
INB00121,SUP004,HUB-BOM,SKU0451,40,2023-02-19,2023-02-23
INB00119,SUP020,HUB-DEL,SKU0036,59,2023-02-21,2023-02-24
INB00119,SUP020,HUB-DEL,SKU0102,61,2023-02-24,2023-02-24
INB00119,SUP020,HUB-DEL,SKU0453,57,2023-02-20,2023-02-24
INB00120,SUP010,HUB-BLR,SKU0018,106,2023-02-21,2023-02-24
INB00120,SUP010,HUB-BLR,SKU0089,94,2023-02-21,2023-02-24
INB00120,SUP010,HUB-BLR,SKU0091,97,2023-02-22,2023-02-24
INB00120,SUP010,HUB-BLR,SKU0094,121,2023-02-19,2023-02-24
INB00120,SUP010,HUB-BLR,SKU0109,101,2023-02-24,2023-02-24
INB00120,SUP010,HUB-BLR,SKU0197,100,2023-02-24,2023-02-24
INB00120,SUP010,HUB-BLR,SKU0239,93,2023-02-21,2023-02-24
INB00120,SUP010,HUB-BLR,SKU0303,124,2023-02-24,2023-02-24
INB00120,SUP010,HUB-BLR,SKU0362,97,2023-02-21,2023-02-24
INB00120,SUP010,HUB-BLR,SKU0404,98,2023-02-20,2023-02-24
INB00120,SUP010,HUB-BLR,SKU0472,95,2023-02-24,2023-02-24
INB00120,SUP010,HUB-BLR,SKU0479,99,2023-02-20,2023-02-24
INB00121,SUP004,HUB-BOM,SKU0392,46,2023-02-22,2023-02-24
INB00120,SUP010,HUB-BLR,SKU0026,95,2023-02-21,2023-02-25
INB00120,SUP010,HUB-BLR,SKU0153,98,2023-02-22,2023-02-25
INB00120,SUP010,HUB-BLR,SKU0158,93,2023-02-25,2023-02-25
INB00120,SUP010,HUB-BLR,SKU0165,111,2023-02-24,2023-02-25
INB00120,SUP010,HUB-BLR,SKU0201,112,2023-02-25,2023-02-25
INB00120,SUP010,HUB-BLR,SKU0332,111,2023-02-23,2023-02-25
INB00121,SUP004,HUB-BOM,SKU0032,41,2023-02-24,2023-02-25
INB00121,SUP004,HUB-BOM,SKU0077,45,2023-02-21,2023-02-25
INB00121,SUP004,HUB-BOM,SKU0136,61,2023-02-22,2023-02-25
INB00121,SUP004,HUB-BOM,SKU0275,54,2023-02-23,2023-02-25
INB00121,SUP004,HUB-BOM,SKU0330,45,2023-02-23,2023-02-25
INB00121,SUP004,HUB-BOM,SKU0375,46,2023-02-21,2023-02-25
INB00121,SUP004,HUB-BOM,SKU0420,40,2023-02-20,2023-02-25
INB00121,SUP004,HUB-BOM,SKU0448,38,2023-02-22,2023-02-25
INB00121,SUP004,HUB-BOM,SKU0476,41,2023-02-20,2023-02-25
INB00121,SUP004,HUB-BOM,SKU0496,37,2023-02-24,2023-02-25
INB00120,SUP010,HUB-BLR,SKU0291,109,2023-02-25,2023-02-26
INB00120,SUP010,HUB-BLR,SKU0326,105,2023-02-21,2023-02-26
INB00120,SUP010,HUB-BLR,SKU0361,94,2023-02-24,2023-02-26
INB00121,SUP004,HUB-BOM,SKU0067,37,2023-02-25,2023-02-26
INB00121,SUP004,HUB-BOM,SKU0083,44,2023-02-24,2023-02-26
INB00121,SUP004,HUB-BOM,SKU0090,39,2023-02-26,2023-02-26
INB00121,SUP004,HUB-BOM,SKU0199,45,2023-02-21,2023-02-26
INB00121,SUP004,HUB-BOM,SKU0319,53,2023-02-24,2023-02-26
INB00121,SUP004,HUB-BOM,SKU0331,41,2023-02-23,2023-02-26
INB00121,SUP004,HUB-BOM,SKU0389,44,2023-02-21,2023-02-26
INB00121,SUP004,HUB-BOM,SKU0432,62,2023-02-24,2023-02-26
INB00120,SUP010,HUB-BLR,SKU0120,121,2023-02-22,2023-02-27
INB00120,SUP010,HUB-BLR,SKU0131,126,2023-02-26,2023-02-27
INB00120,SUP010,HUB-BLR,SKU0475,97,2023-02-22,2023-02-27
INB00121,SUP004,HUB-BOM,SKU0214,37,2023-02-27,2023-02-27
INB00121,SUP004,HUB-BOM,SKU0349,59,2023-02-23,2023-02-27
INB00121,SUP004,HUB-BOM,SKU0465,40,2023-02-22,2023-02-27
INB00122,SUP012,HUB-DEL,SKU0207,63,2023-02-23,2023-02-27
INB00122,SUP012,HUB-DEL,SKU0317,68,2023-02-23,2023-02-27
INB00121,SUP004,HUB-BOM,SKU0070,39,2023-02-24,2023-02-28
INB00121,SUP004,HUB-BOM,SKU0085,42,2023-02-25,2023-02-28
INB00121,SUP004,HUB-BOM,SKU0176,48,2023-02-25,2023-02-28
INB00121,SUP004,HUB-BOM,SKU0220,64,2023-02-23,2023-02-28
INB00121,SUP004,HUB-BOM,SKU0250,46,2023-02-25,2023-02-28
INB00121,SUP004,HUB-BOM,SKU0273,38,2023-02-28,2023-02-28
INB00121,SUP004,HUB-BOM,SKU0340,45,2023-02-23,2023-02-28
INB00121,SUP004,HUB-BOM,SKU0378,45,2023-02-26,2023-02-28
INB00121,SUP004,HUB-BOM,SKU0395,44,2023-02-26,2023-02-28
INB00121,SUP004,HUB-BOM,SKU0474,37,2023-02-23,2023-02-28
INB00122,SUP012,HUB-DEL,SKU0240,66,2023-02-27,2023-02-28
INB00122,SUP012,HUB-DEL,SKU0393,61,2023-02-28,2023-02-28
INB00121,SUP004,HUB-BOM,SKU0279,45,2023-02-26,2023-03-01
INB00121,SUP004,HUB-BOM,SKU0436,41,2023-02-25,2023-03-01
INB00122,SUP012,HUB-DEL,SKU0059,57,2023-02-25,2023-03-01
INB00122,SUP012,HUB-DEL,SKU0141,61,2023-03-01,2023-03-01
INB00122,SUP012,HUB-DEL,SKU0356,60,2023-02-26,2023-03-01
INB00122,SUP012,HUB-DEL,SKU0381,62,2023-02-26,2023-03-01
INB00121,SUP004,HUB-BOM,SKU0159,40,2023-02-25,2023-03-02
INB00122,SUP012,HUB-DEL,SKU0017,71,2023-02-25,2023-03-02
INB00122,SUP012,HUB-DEL,SKU0267,60,2023-02-27,2023-03-02
INB00122,SUP012,HUB-DEL,SKU0308,67,2023-02-26,2023-03-02
INB00122,SUP012,HUB-DEL,SKU0386,69,2023-02-26,2023-03-02
INB00122,SUP012,HUB-DEL,SKU0449,68,2023-03-01,2023-03-02
INB00121,SUP004,HUB-BOM,SKU0347,45,2023-03-03,2023-03-03
INB00122,SUP012,HUB-DEL,SKU0034,65,2023-02-27,2023-03-03
INB00122,SUP012,HUB-DEL,SKU0135,61,2023-03-01,2023-03-03
INB00122,SUP012,HUB-DEL,SKU0202,75,2023-03-01,2023-03-03
INB00122,SUP012,HUB-DEL,SKU0306,72,2023-03-01,2023-03-03
INB00123,SUP008,HUB-BLR,SKU0081,111,2023-02-27,2023-03-03
INB00123,SUP008,HUB-BLR,SKU0283,103,2023-02-26,2023-03-03
INB00123,SUP008,HUB-BLR,SKU0397,106,2023-02-27,2023-03-03
INB00123,SUP008,HUB-BLR,SKU0494,109,2023-03-03,2023-03-03
INB00122,SUP012,HUB-DEL,SKU0047,63,2023-03-01,2023-03-04
INB00122,SUP012,HUB-DEL,SKU0048,57,2023-03-03,2023-03-04
INB00122,SUP012,HUB-DEL,SKU0204,62,2023-03-02,2023-03-04
INB00122,SUP012,HUB-DEL,SKU0268,65,2023-02-28,2023-03-04
INB00122,SUP012,HUB-DEL,SKU0316,61,2023-03-01,2023-03-04
INB00123,SUP008,HUB-BLR,SKU0099,104,2023-03-03,2023-03-04
INB00123,SUP008,HUB-BLR,SKU0121,106,2023-02-27,2023-03-04
INB00123,SUP008,HUB-BLR,SKU0206,101,2023-02-28,2023-03-04
INB00122,SUP012,HUB-DEL,SKU0142,61,2023-03-04,2023-03-05
INB00122,SUP012,HUB-DEL,SKU0225,59,2023-03-03,2023-03-05
INB00122,SUP012,HUB-DEL,SKU0318,62,2023-02-28,2023-03-05
INB00122,SUP012,HUB-DEL,SKU0341,62,2023-03-03,2023-03-05
INB00123,SUP008,HUB-BLR,SKU0004,117,2023-02-28,2023-03-05
INB00123,SUP008,HUB-BLR,SKU0035,110,2023-03-05,2023-03-05
INB00123,SUP008,HUB-BLR,SKU0234,108,2023-03-05,2023-03-05
INB00123,SUP008,HUB-BLR,SKU0290,101,2023-03-05,2023-03-05
INB00123,SUP008,HUB-BLR,SKU0445,108,2023-03-05,2023-03-05
INB00123,SUP008,HUB-BLR,SKU0450,105,2023-03-03,2023-03-05
INB00123,SUP008,HUB-BLR,SKU0458,95,2023-03-03,2023-03-05
INB00123,SUP008,HUB-BLR,SKU0087,113,2023-03-04,2023-03-06
INB00123,SUP008,HUB-BLR,SKU0232,100,2023-03-04,2023-03-06
INB00123,SUP008,HUB-BLR,SKU0305,113,2023-03-04,2023-03-06
INB00123,SUP008,HUB-BLR,SKU0369,122,2023-03-01,2023-03-06
INB00123,SUP008,HUB-BLR,SKU0429,100,2023-03-03,2023-03-06
INB00124,SUP004,HUB-BOM,SKU0152,45,2023-03-05,2023-03-06
INB00124,SUP004,HUB-BOM,SKU0160,49,2023-03-03,2023-03-06
INB00124,SUP004,HUB-BOM,SKU0311,51,2023-03-02,2023-03-06
INB00123,SUP008,HUB-BLR,SKU0145,111,2023-03-02,2023-03-07
INB00123,SUP008,HUB-BLR,SKU0227,113,2023-03-05,2023-03-07
INB00123,SUP008,HUB-BLR,SKU0345,119,2023-03-07,2023-03-07
INB00123,SUP008,HUB-BLR,SKU0480,98,2023-03-04,2023-03-07
INB00124,SUP004,HUB-BOM,SKU0107,42,2023-03-02,2023-03-07
INB00124,SUP004,HUB-BOM,SKU0262,49,2023-03-07,2023-03-07
INB00124,SUP004,HUB-BOM,SKU0310,46,2023-03-06,2023-03-07
INB00124,SUP004,HUB-BOM,SKU0425,52,2023-03-05,2023-03-07
INB00123,SUP008,HUB-BLR,SKU0105,94,2023-03-06,2023-03-08
INB00123,SUP008,HUB-BLR,SKU0309,102,2023-03-06,2023-03-08
INB00123,SUP008,HUB-BLR,SKU0454,107,2023-03-06,2023-03-08
INB00124,SUP004,HUB-BOM,SKU0210,46,2023-03-04,2023-03-08
INB00124,SUP004,HUB-BOM,SKU0257,38,2023-03-07,2023-03-08
INB00124,SUP004,HUB-BOM,SKU0438,37,2023-03-07,2023-03-08
INB00124,SUP004,HUB-BOM,SKU0456,43,2023-03-03,2023-03-08
INB00125,SUP017,HUB-DEL,SKU0011,68,2023-03-05,2023-03-08
INB00125,SUP017,HUB-DEL,SKU0312,75,2023-03-03,2023-03-08
INB00123,SUP008,HUB-BLR,SKU0140,106,2023-03-08,2023-03-09
INB00123,SUP008,HUB-BLR,SKU0313,109,2023-03-06,2023-03-09
INB00123,SUP008,HUB-BLR,SKU0377,111,2023-03-05,2023-03-09
INB00124,SUP004,HUB-BOM,SKU0139,39,2023-03-04,2023-03-09
INB00124,SUP004,HUB-BOM,SKU0146,37,2023-03-06,2023-03-09
INB00124,SUP004,HUB-BOM,SKU0154,43,2023-03-08,2023-03-09
INB00124,SUP004,HUB-BOM,SKU0161,50,2023-03-09,2023-03-09
INB00124,SUP004,HUB-BOM,SKU0219,38,2023-03-04,2023-03-09
INB00124,SUP004,HUB-BOM,SKU0254,37,2023-03-08,2023-03-09
INB00124,SUP004,HUB-BOM,SKU0272,53,2023-03-08,2023-03-09
INB00124,SUP004,HUB-BOM,SKU0350,48,2023-03-05,2023-03-09
INB00124,SUP004,HUB-BOM,SKU0446,38,2023-03-09,2023-03-09
INB00125,SUP017,HUB-DEL,SKU0190,58,2023-03-04,2023-03-09
INB00125,SUP017,HUB-DEL,SKU0321,78,2023-03-08,2023-03-09
INB00124,SUP004,HUB-BOM,SKU0028,41,2023-03-06,2023-03-10
INB00124,SUP004,HUB-BOM,SKU0097,38,2023-03-08,2023-03-10
INB00124,SUP004,HUB-BOM,SKU0200,41,2023-03-06,2023-03-10
INB00124,SUP004,HUB-BOM,SKU0223,39,2023-03-09,2023-03-10
INB00124,SUP004,HUB-BOM,SKU0351,43,2023-03-10,2023-03-10
INB00124,SUP004,HUB-BOM,SKU0370,40,2023-03-09,2023-03-10
INB00124,SUP004,HUB-BOM,SKU0408,42,2023-03-06,2023-03-10
INB00124,SUP004,HUB-BOM,SKU0434,37,2023-03-06,2023-03-10
INB00125,SUP017,HUB-DEL,SKU0133,57,2023-03-05,2023-03-10
INB00125,SUP017,HUB-DEL,SKU0138,59,2023-03-07,2023-03-10
INB00125,SUP017,HUB-DEL,SKU0144,61,2023-03-06,2023-03-10
INB00125,SUP017,HUB-DEL,SKU0226,67,2023-03-09,2023-03-10
INB00125,SUP017,HUB-DEL,SKU0230,59,2023-03-09,2023-03-10
INB00125,SUP017,HUB-DEL,SKU0463,60,2023-03-10,2023-03-10
INB00124,SUP004,HUB-BOM,SKU0118,45,2023-03-11,2023-03-11
INB00124,SUP004,HUB-BOM,SKU0126,59,2023-03-07,2023-03-11
INB00124,SUP004,HUB-BOM,SKU0168,47,2023-03-10,2023-03-11
INB00124,SUP004,HUB-BOM,SKU0218,51,2023-03-07,2023-03-11
INB00124,SUP004,HUB-BOM,SKU0387,37,2023-03-09,2023-03-11
INB00124,SUP004,HUB-BOM,SKU0410,38,2023-03-10,2023-03-11
INB00124,SUP004,HUB-BOM,SKU0490,45,2023-03-10,2023-03-11
INB00125,SUP017,HUB-DEL,SKU0221,72,2023-03-07,2023-03-11
INB00125,SUP017,HUB-DEL,SKU0256,64,2023-03-07,2023-03-11
INB00125,SUP017,HUB-DEL,SKU0328,78,2023-03-07,2023-03-11
INB00125,SUP017,HUB-DEL,SKU0346,57,2023-03-10,2023-03-11
INB00124,SUP004,HUB-BOM,SKU0123,46,2023-03-08,2023-03-12
INB00124,SUP004,HUB-BOM,SKU0452,50,2023-03-10,2023-03-12
INB00125,SUP017,HUB-DEL,SKU0015,67,2023-03-09,2023-03-12
INB00125,SUP017,HUB-DEL,SKU0043,58,2023-03-10,2023-03-12
INB00125,SUP017,HUB-DEL,SKU0078,61,2023-03-11,2023-03-12
INB00125,SUP017,HUB-DEL,SKU0163,69,2023-03-07,2023-03-12
INB00125,SUP017,HUB-DEL,SKU0173,61,2023-03-11,2023-03-12
INB00125,SUP017,HUB-DEL,SKU0265,63,2023-03-10,2023-03-12
INB00125,SUP017,HUB-DEL,SKU0414,59,2023-03-07,2023-03-12
INB00125,SUP017,HUB-DEL,SKU0417,63,2023-03-10,2023-03-12
INB00126,SUP010,HUB-BLR,SKU0175,93,2023-03-08,2023-03-12
INB00125,SUP017,HUB-DEL,SKU0029,74,2023-03-10,2023-03-13
INB00125,SUP017,HUB-DEL,SKU0157,67,2023-03-13,2023-03-13
INB00125,SUP017,HUB-DEL,SKU0215,71,2023-03-11,2023-03-13
INB00125,SUP017,HUB-DEL,SKU0249,57,2023-03-13,2023-03-13
INB00126,SUP010,HUB-BLR,SKU0071,99,2023-03-09,2023-03-13
INB00126,SUP010,HUB-BLR,SKU0156,100,2023-03-09,2023-03-13
INB00126,SUP010,HUB-BLR,SKU0388,122,2023-03-11,2023-03-13
INB00126,SUP010,HUB-BLR,SKU0394,114,2023-03-10,2023-03-13
INB00126,SUP010,HUB-BLR,SKU0495,110,2023-03-10,2023-03-13
INB00124,SUP004,HUB-BOM,SKU0428,49,2023-03-13,2023-03-14
INB00125,SUP017,HUB-DEL,SKU0055,62,2023-03-13,2023-03-14
INB00125,SUP017,HUB-DEL,SKU0057,59,2023-03-11,2023-03-14
INB00125,SUP017,HUB-DEL,SKU0098,57,2023-03-09,2023-03-14
INB00125,SUP017,HUB-DEL,SKU0113,77,2023-03-12,2023-03-14
INB00125,SUP017,HUB-DEL,SKU0301,84,2023-03-12,2023-03-14
INB00126,SUP010,HUB-BLR,SKU0050,97,2023-03-11,2023-03-14
INB00126,SUP010,HUB-BLR,SKU0270,101,2023-03-14,2023-03-14
INB00126,SUP010,HUB-BLR,SKU0405,109,2023-03-10,2023-03-14
INB00126,SUP010,HUB-BLR,SKU0484,102,2023-03-12,2023-03-14
INB00126,SUP010,HUB-BLR,SKU0493,152,2023-03-12,2023-03-14
INB00126,SUP010,HUB-BLR,SKU0183,96,2023-03-13,2023-03-15
INB00126,SUP010,HUB-BLR,SKU0258,96,2023-03-11,2023-03-15
INB00126,SUP010,HUB-BLR,SKU0336,103,2023-03-14,2023-03-15
INB00126,SUP010,HUB-BLR,SKU0352,93,2023-03-12,2023-03-15
INB00126,SUP010,HUB-BLR,SKU0383,102,2023-03-11,2023-03-15
INB00126,SUP010,HUB-BLR,SKU0492,138,2023-03-15,2023-03-15
INB00126,SUP010,HUB-BLR,SKU0038,98,2023-03-14,2023-03-16
INB00126,SUP010,HUB-BLR,SKU0122,103,2023-03-12,2023-03-16
INB00126,SUP010,HUB-BLR,SKU0435,97,2023-03-12,2023-03-16
INB00126,SUP010,HUB-BLR,SKU0179,123,2023-03-16,2023-03-17
INB00126,SUP010,HUB-BLR,SKU0409,96,2023-03-16,2023-03-17
INB00127,SUP011,HUB-DEL,SKU0102,61,2023-03-15,2023-03-17
INB00127,SUP011,HUB-DEL,SKU0325,61,2023-03-15,2023-03-17
INB00128,SUP006,HUB-BOM,SKU0001,61,2023-03-13,2023-03-17
INB00128,SUP006,HUB-BOM,SKU0020,37,2023-03-14,2023-03-17
INB00128,SUP006,HUB-BOM,SKU0088,41,2023-03-17,2023-03-17
INB00128,SUP006,HUB-BOM,SKU0457,43,2023-03-14,2023-03-17
INB00126,SUP010,HUB-BLR,SKU0288,110,2023-03-16,2023-03-18
INB00127,SUP011,HUB-DEL,SKU0037,58,2023-03-14,2023-03-18
INB00127,SUP011,HUB-DEL,SKU0080,70,2023-03-18,2023-03-18
INB00127,SUP011,HUB-DEL,SKU0208,61,2023-03-14,2023-03-18
INB00127,SUP011,HUB-DEL,SKU0384,71,2023-03-16,2023-03-18
INB00128,SUP006,HUB-BOM,SKU0469,63,2023-03-18,2023-03-18
INB00126,SUP010,HUB-BLR,SKU0082,104,2023-03-16,2023-03-19
INB00126,SUP010,HUB-BLR,SKU0167,102,2023-03-15,2023-03-19
INB00127,SUP011,HUB-DEL,SKU0092,68,2023-03-17,2023-03-19
INB00127,SUP011,HUB-DEL,SKU0187,69,2023-03-15,2023-03-19
INB00127,SUP011,HUB-DEL,SKU0390,69,2023-03-16,2023-03-19
INB00128,SUP006,HUB-BOM,SKU0129,45,2023-03-19,2023-03-19
INB00128,SUP006,HUB-BOM,SKU0176,37,2023-03-16,2023-03-19
INB00128,SUP006,HUB-BOM,SKU0209,40,2023-03-19,2023-03-19
INB00128,SUP006,HUB-BOM,SKU0216,47,2023-03-17,2023-03-19
INB00128,SUP006,HUB-BOM,SKU0365,38,2023-03-15,2023-03-19
INB00128,SUP006,HUB-BOM,SKU0374,48,2023-03-16,2023-03-19
INB00128,SUP006,HUB-BOM,SKU0400,53,2023-03-18,2023-03-19
INB00128,SUP006,HUB-BOM,SKU0406,43,2023-03-19,2023-03-19
INB00128,SUP006,HUB-BOM,SKU0437,37,2023-03-19,2023-03-19
INB00128,SUP006,HUB-BOM,SKU0473,43,2023-03-15,2023-03-19
INB00127,SUP011,HUB-DEL,SKU0125,67,2023-03-19,2023-03-20
INB00127,SUP011,HUB-DEL,SKU0293,63,2023-03-16,2023-03-20
INB00127,SUP011,HUB-DEL,SKU0376,57,2023-03-18,2023-03-20
INB00127,SUP011,HUB-DEL,SKU0424,68,2023-03-16,2023-03-20
INB00127,SUP011,HUB-DEL,SKU0439,60,2023-03-15,2023-03-20
INB00128,SUP006,HUB-BOM,SKU0014,44,2023-03-19,2023-03-20
INB00128,SUP006,HUB-BOM,SKU0108,49,2023-03-18,2023-03-20
INB00128,SUP006,HUB-BOM,SKU0155,58,2023-03-18,2023-03-20
INB00128,SUP006,HUB-BOM,SKU0180,37,2023-03-19,2023-03-20
INB00128,SUP006,HUB-BOM,SKU0358,39,2023-03-15,2023-03-20
INB00128,SUP006,HUB-BOM,SKU0476,48,2023-03-19,2023-03-20
INB00128,SUP006,HUB-BOM,SKU0481,47,2023-03-18,2023-03-20
INB00126,SUP010,HUB-BLR,SKU0172,98,2023-03-20,2023-03-21
INB00127,SUP011,HUB-DEL,SKU0188,72,2023-03-18,2023-03-21
INB00127,SUP011,HUB-DEL,SKU0297,69,2023-03-20,2023-03-21
INB00127,SUP011,HUB-DEL,SKU0427,64,2023-03-18,2023-03-21
INB00128,SUP006,HUB-BOM,SKU0181,52,2023-03-16,2023-03-21
INB00128,SUP006,HUB-BOM,SKU0186,39,2023-03-17,2023-03-21
INB00128,SUP006,HUB-BOM,SKU0338,41,2023-03-21,2023-03-21
INB00128,SUP006,HUB-BOM,SKU0402,41,2023-03-18,2023-03-21
INB00128,SUP006,HUB-BOM,SKU0448,37,2023-03-20,2023-03-21
INB00128,SUP006,HUB-BOM,SKU0470,64,2023-03-21,2023-03-21
INB00128,SUP006,HUB-BOM,SKU0477,39,2023-03-16,2023-03-21
INB00127,SUP011,HUB-DEL,SKU0314,58,2023-03-18,2023-03-22
INB00127,SUP011,HUB-DEL,SKU0342,57,2023-03-17,2023-03-22
INB00127,SUP011,HUB-DEL,SKU0382,58,2023-03-20,2023-03-22
INB00128,SUP006,HUB-BOM,SKU0019,42,2023-03-17,2023-03-22
INB00128,SUP006,HUB-BOM,SKU0024,47,2023-03-17,2023-03-22
INB00128,SUP006,HUB-BOM,SKU0083,41,2023-03-20,2023-03-22
INB00128,SUP006,HUB-BOM,SKU0164,48,2023-03-20,2023-03-22
INB00128,SUP006,HUB-BOM,SKU0260,41,2023-03-20,2023-03-22
INB00128,SUP006,HUB-BOM,SKU0266,47,2023-03-21,2023-03-22
INB00128,SUP006,HUB-BOM,SKU0485,37,2023-03-19,2023-03-22
INB00127,SUP011,HUB-DEL,SKU0235,58,2023-03-23,2023-03-23
INB00128,SUP006,HUB-BOM,SKU0054,47,2023-03-19,2023-03-23
INB00128,SUP006,HUB-BOM,SKU0343,60,2023-03-22,2023-03-23
INB00128,SUP006,HUB-BOM,SKU0415,50,2023-03-20,2023-03-23
INB00128,SUP006,HUB-BOM,SKU0255,48,2023-03-20,2023-03-24
INB00129,SUP019,HUB-BLR,SKU0101,100,2023-03-24,2023-03-24
INB00129,SUP019,HUB-BLR,SKU0224,126,2023-03-24,2023-03-24
INB00128,SUP006,HUB-BOM,SKU0064,60,2023-03-21,2023-03-25
INB00129,SUP019,HUB-BLR,SKU0333,101,2023-03-24,2023-03-25
INB00129,SUP019,HUB-BLR,SKU0110,121,2023-03-22,2023-03-26
INB00129,SUP019,HUB-BLR,SKU0137,99,2023-03-25,2023-03-26
INB00129,SUP019,HUB-BLR,SKU0192,112,2023-03-21,2023-03-26
INB00129,SUP019,HUB-BLR,SKU0237,132,2023-03-26,2023-03-26
INB00129,SUP019,HUB-BLR,SKU0248,99,2023-03-25,2023-03-26
INB00129,SUP019,HUB-BLR,SKU0486,114,2023-03-26,2023-03-26
INB00130,SUP020,HUB-DEL,SKU0487,64,2023-03-22,2023-03-26
INB00129,SUP019,HUB-BLR,SKU0079,108,2023-03-23,2023-03-27
INB00129,SUP019,HUB-BLR,SKU0091,96,2023-03-25,2023-03-27
INB00129,SUP019,HUB-BLR,SKU0148,103,2023-03-27,2023-03-27
INB00129,SUP019,HUB-BLR,SKU0320,113,2023-03-22,2023-03-27
INB00129,SUP019,HUB-BLR,SKU0385,129,2023-03-25,2023-03-27
INB00130,SUP020,HUB-DEL,SKU0115,83,2023-03-22,2023-03-27
INB00130,SUP020,HUB-DEL,SKU0399,64,2023-03-22,2023-03-27
INB00129,SUP019,HUB-BLR,SKU0005,123,2023-03-24,2023-03-28
INB00129,SUP019,HUB-BLR,SKU0041,97,2023-03-25,2023-03-28
INB00129,SUP019,HUB-BLR,SKU0198,94,2023-03-25,2023-03-28
INB00129,SUP019,HUB-BLR,SKU0363,115,2023-03-27,2023-03-28
INB00129,SUP019,HUB-BLR,SKU0433,99,2023-03-23,2023-03-28
INB00129,SUP019,HUB-BLR,SKU0460,109,2023-03-25,2023-03-28
INB00130,SUP020,HUB-DEL,SKU0075,73,2023-03-24,2023-03-28
INB00130,SUP020,HUB-DEL,SKU0282,77,2023-03-28,2023-03-28
INB00131,SUP001,HUB-BOM,SKU0025,43,2023-03-26,2023-03-28
INB00131,SUP001,HUB-BOM,SKU0147,49,2023-03-28,2023-03-28
INB00131,SUP001,HUB-BOM,SKU0177,40,2023-03-28,2023-03-28
INB00131,SUP001,HUB-BOM,SKU0250,45,2023-03-23,2023-03-28
INB00131,SUP001,HUB-BOM,SKU0347,46,2023-03-28,2023-03-28
INB00131,SUP001,HUB-BOM,SKU0421,47,2023-03-24,2023-03-28
INB00129,SUP019,HUB-BLR,SKU0251,96,2023-03-29,2023-03-29
INB00129,SUP019,HUB-BLR,SKU0299,96,2023-03-26,2023-03-29
INB00129,SUP019,HUB-BLR,SKU0413,121,2023-03-29,2023-03-29
INB00130,SUP020,HUB-DEL,SKU0006,65,2023-03-24,2023-03-29
INB00130,SUP020,HUB-DEL,SKU0243,77,2023-03-25,2023-03-29
INB00130,SUP020,HUB-DEL,SKU0398,79,2023-03-24,2023-03-29
INB00131,SUP001,HUB-BOM,SKU0136,43,2023-03-24,2023-03-29
INB00131,SUP001,HUB-BOM,SKU0241,46,2023-03-25,2023-03-29
INB00129,SUP019,HUB-BLR,SKU0074,93,2023-03-30,2023-03-30
INB00129,SUP019,HUB-BLR,SKU0112,96,2023-03-28,2023-03-30
INB00129,SUP019,HUB-BLR,SKU0217,114,2023-03-28,2023-03-30
INB00129,SUP019,HUB-BLR,SKU0242,103,2023-03-25,2023-03-30
INB00129,SUP019,HUB-BLR,SKU0269,120,2023-03-25,2023-03-30
INB00129,SUP019,HUB-BLR,SKU0419,93,2023-03-29,2023-03-30
INB00129,SUP019,HUB-BLR,SKU0430,95,2023-03-30,2023-03-30
INB00129,SUP019,HUB-BLR,SKU0441,93,2023-03-29,2023-03-30
INB00130,SUP020,HUB-DEL,SKU0008,58,2023-03-25,2023-03-30
INB00130,SUP020,HUB-DEL,SKU0047,60,2023-03-29,2023-03-30
INB00130,SUP020,HUB-DEL,SKU0296,58,2023-03-27,2023-03-30
INB00130,SUP020,HUB-DEL,SKU0462,57,2023-03-28,2023-03-30
INB00131,SUP001,HUB-BOM,SKU0009,47,2023-03-30,2023-03-30
INB00131,SUP001,HUB-BOM,SKU0056,45,2023-03-29,2023-03-30
INB00131,SUP001,HUB-BOM,SKU0193,56,2023-03-25,2023-03-30
INB00131,SUP001,HUB-BOM,SKU0353,39,2023-03-30,2023-03-30
INB00129,SUP019,HUB-BLR,SKU0366,100,2023-03-31,2023-03-31
INB00130,SUP020,HUB-DEL,SKU0264,62,2023-03-31,2023-03-31
INB00130,SUP020,HUB-DEL,SKU0286,61,2023-03-31,2023-03-31
INB00130,SUP020,HUB-DEL,SKU0379,64,2023-03-31,2023-03-31
INB00131,SUP001,HUB-BOM,SKU0070,49,2023-03-26,2023-03-31
INB00131,SUP001,HUB-BOM,SKU0096,42,2023-03-29,2023-03-31
INB00131,SUP001,HUB-BOM,SKU0178,43,2023-03-26,2023-03-31
INB00131,SUP001,HUB-BOM,SKU0189,48,2023-03-31,2023-03-31
INB00131,SUP001,HUB-BOM,SKU0213,41,2023-03-30,2023-03-31
INB00131,SUP001,HUB-BOM,SKU0262,40,2023-03-26,2023-03-31
INB00131,SUP001,HUB-BOM,SKU0274,46,2023-03-30,2023-03-31
INB00131,SUP001,HUB-BOM,SKU0355,40,2023-03-27,2023-03-31
INB00131,SUP001,HUB-BOM,SKU0451,49,2023-03-30,2023-03-31
INB00131,SUP001,HUB-BOM,SKU0496,40,2023-03-30,2023-03-31
INB00129,SUP019,HUB-BLR,SKU0021,118,2023-04-01,2023-04-01
INB00130,SUP020,HUB-DEL,SKU0062,94,2023-03-28,2023-04-01
INB00130,SUP020,HUB-DEL,SKU0111,61,2023-03-29,2023-04-01
INB00131,SUP001,HUB-BOM,SKU0022,48,2023-04-01,2023-04-01
INB00131,SUP001,HUB-BOM,SKU0076,46,2023-03-30,2023-04-01
INB00131,SUP001,HUB-BOM,SKU0151,46,2023-03-27,2023-04-01
INB00131,SUP001,HUB-BOM,SKU0168,58,2023-04-01,2023-04-01
INB00131,SUP001,HUB-BOM,SKU0228,39,2023-03-29,2023-04-01
INB00131,SUP001,HUB-BOM,SKU0378,46,2023-03-27,2023-04-01
INB00131,SUP001,HUB-BOM,SKU0474,37,2023-03-27,2023-04-01
INB00129,SUP019,HUB-BLR,SKU0360,99,2023-03-29,2023-04-02
INB00130,SUP020,HUB-DEL,SKU0002,58,2023-03-29,2023-04-02
INB00130,SUP020,HUB-DEL,SKU0117,64,2023-04-02,2023-04-02
INB00130,SUP020,HUB-DEL,SKU0426,65,2023-04-02,2023-04-02
INB00131,SUP001,HUB-BOM,SKU0302,45,2023-03-30,2023-04-02
INB00131,SUP001,HUB-BOM,SKU0443,53,2023-03-29,2023-04-02
INB00131,SUP001,HUB-BOM,SKU0124,46,2023-04-01,2023-04-03
INB00131,SUP001,HUB-BOM,SKU0191,52,2023-03-30,2023-04-03
INB00131,SUP001,HUB-BOM,SKU0220,44,2023-03-31,2023-04-03
INB00131,SUP001,HUB-BOM,SKU0411,51,2023-04-03,2023-04-03
INB00131,SUP001,HUB-BOM,SKU0106,42,2023-03-31,2023-04-04
INB00132,SUP017,HUB-DEL,SKU0104,81,2023-04-03,2023-04-05
INB00132,SUP017,HUB-DEL,SKU0184,60,2023-04-03,2023-04-05
INB00132,SUP017,HUB-DEL,SKU0478,63,2023-04-04,2023-04-05
INB00132,SUP017,HUB-DEL,SKU0498,67,2023-04-04,2023-04-05
INB00132,SUP017,HUB-DEL,SKU0027,61,2023-04-03,2023-04-06
INB00132,SUP017,HUB-DEL,SKU0194,63,2023-04-04,2023-04-06
INB00133,SUP007,HUB-BLR,SKU0327,95,2023-04-01,2023-04-06
INB00133,SUP007,HUB-BLR,SKU0500,107,2023-04-01,2023-04-06
INB00132,SUP017,HUB-DEL,SKU0045,57,2023-04-05,2023-04-07
INB00132,SUP017,HUB-DEL,SKU0052,62,2023-04-02,2023-04-07
INB00132,SUP017,HUB-DEL,SKU0086,58,2023-04-05,2023-04-07
INB00132,SUP017,HUB-DEL,SKU0149,85,2023-04-03,2023-04-07
INB00132,SUP017,HUB-DEL,SKU0196,60,2023-04-05,2023-04-07
INB00132,SUP017,HUB-DEL,SKU0277,71,2023-04-05,2023-04-07
INB00132,SUP017,HUB-DEL,SKU0284,70,2023-04-06,2023-04-07
INB00132,SUP017,HUB-DEL,SKU0417,62,2023-04-03,2023-04-07
INB00132,SUP017,HUB-DEL,SKU0468,78,2023-04-02,2023-04-07
INB00133,SUP007,HUB-BLR,SKU0122,100,2023-04-06,2023-04-07
INB00133,SUP007,HUB-BLR,SKU0153,117,2023-04-02,2023-04-07
INB00133,SUP007,HUB-BLR,SKU0247,118,2023-04-04,2023-04-07
INB00133,SUP007,HUB-BLR,SKU0294,100,2023-04-06,2023-04-07
INB00133,SUP007,HUB-BLR,SKU0354,102,2023-04-03,2023-04-07
INB00133,SUP007,HUB-BLR,SKU0362,99,2023-04-06,2023-04-07
INB00134,SUP009,HUB-BOM,SKU0432,38,2023-04-04,2023-04-07
INB00132,SUP017,HUB-DEL,SKU0046,65,2023-04-05,2023-04-08
INB00132,SUP017,HUB-DEL,SKU0190,63,2023-04-05,2023-04-08
INB00132,SUP017,HUB-DEL,SKU0281,116,2023-04-07,2023-04-08
INB00132,SUP017,HUB-DEL,SKU0301,64,2023-04-04,2023-04-08
INB00132,SUP017,HUB-DEL,SKU0464,58,2023-04-08,2023-04-08
INB00133,SUP007,HUB-BLR,SKU0013,110,2023-04-06,2023-04-08
INB00133,SUP007,HUB-BLR,SKU0016,111,2023-04-06,2023-04-08
INB00133,SUP007,HUB-BLR,SKU0271,130,2023-04-05,2023-04-08
INB00133,SUP007,HUB-BLR,SKU0322,117,2023-04-03,2023-04-08
INB00133,SUP007,HUB-BLR,SKU0332,104,2023-04-05,2023-04-08
INB00133,SUP007,HUB-BLR,SKU0401,98,2023-04-05,2023-04-08
INB00133,SUP007,HUB-BLR,SKU0418,94,2023-04-04,2023-04-08
INB00133,SUP007,HUB-BLR,SKU0423,105,2023-04-06,2023-04-08
INB00133,SUP007,HUB-BLR,SKU0444,126,2023-04-08,2023-04-08
INB00133,SUP007,HUB-BLR,SKU0445,145,2023-04-06,2023-04-08
INB00134,SUP009,HUB-BOM,SKU0090,37,2023-04-06,2023-04-08
INB00134,SUP009,HUB-BOM,SKU0114,44,2023-04-07,2023-04-08
INB00134,SUP009,HUB-BOM,SKU0171,46,2023-04-04,2023-04-08
INB00134,SUP009,HUB-BOM,SKU0174,42,2023-04-04,2023-04-08
INB00134,SUP009,HUB-BOM,SKU0263,40,2023-04-05,2023-04-08
INB00134,SUP009,HUB-BOM,SKU0292,47,2023-04-05,2023-04-08
INB00134,SUP009,HUB-BOM,SKU0300,46,2023-04-07,2023-04-08
INB00132,SUP017,HUB-DEL,SKU0100,60,2023-04-08,2023-04-09
INB00132,SUP017,HUB-DEL,SKU0128,71,2023-04-09,2023-04-09
INB00132,SUP017,HUB-DEL,SKU0233,59,2023-04-08,2023-04-09
INB00132,SUP017,HUB-DEL,SKU0412,62,2023-04-05,2023-04-09
INB00132,SUP017,HUB-DEL,SKU0455,73,2023-04-07,2023-04-09
INB00133,SUP007,HUB-BLR,SKU0061,112,2023-04-09,2023-04-09
INB00133,SUP007,HUB-BLR,SKU0073,128,2023-04-08,2023-04-09
INB00133,SUP007,HUB-BLR,SKU0324,93,2023-04-05,2023-04-09
INB00133,SUP007,HUB-BLR,SKU0335,117,2023-04-09,2023-04-09
INB00134,SUP009,HUB-BOM,SKU0116,39,2023-04-05,2023-04-09
INB00134,SUP009,HUB-BOM,SKU0118,42,2023-04-09,2023-04-09
INB00134,SUP009,HUB-BOM,SKU0150,39,2023-04-05,2023-04-09
INB00134,SUP009,HUB-BOM,SKU0152,41,2023-04-08,2023-04-09
INB00134,SUP009,HUB-BOM,SKU0180,41,2023-04-05,2023-04-09
INB00134,SUP009,HUB-BOM,SKU0276,37,2023-04-04,2023-04-09
INB00134,SUP009,HUB-BOM,SKU0278,37,2023-04-04,2023-04-09
INB00134,SUP009,HUB-BOM,SKU0380,57,2023-04-08,2023-04-09
INB00134,SUP009,HUB-BOM,SKU0391,39,2023-04-06,2023-04-09
INB00134,SUP009,HUB-BOM,SKU0434,53,2023-04-06,2023-04-09
INB00134,SUP009,HUB-BOM,SKU0482,40,2023-04-06,2023-04-09
INB00132,SUP017,HUB-DEL,SKU0053,75,2023-04-09,2023-04-10
INB00132,SUP017,HUB-DEL,SKU0060,57,2023-04-05,2023-04-10
INB00132,SUP017,HUB-DEL,SKU0221,62,2023-04-10,2023-04-10
INB00132,SUP017,HUB-DEL,SKU0267,65,2023-04-07,2023-04-10
INB00132,SUP017,HUB-DEL,SKU0298,57,2023-04-05,2023-04-10
INB00133,SUP007,HUB-BLR,SKU0063,95,2023-04-09,2023-04-10
INB00133,SUP007,HUB-BLR,SKU0201,103,2023-04-08,2023-04-10
INB00133,SUP007,HUB-BLR,SKU0239,106,2023-04-10,2023-04-10
INB00133,SUP007,HUB-BLR,SKU0368,130,2023-04-09,2023-04-10
INB00133,SUP007,HUB-BLR,SKU0369,101,2023-04-05,2023-04-10
INB00133,SUP007,HUB-BLR,SKU0429,104,2023-04-09,2023-04-10
INB00134,SUP009,HUB-BOM,SKU0058,38,2023-04-09,2023-04-10
INB00134,SUP009,HUB-BOM,SKU0246,58,2023-04-08,2023-04-10
INB00134,SUP009,HUB-BOM,SKU0252,41,2023-04-07,2023-04-10
INB00134,SUP009,HUB-BOM,SKU0259,43,2023-04-10,2023-04-10
INB00134,SUP009,HUB-BOM,SKU0337,51,2023-04-10,2023-04-10
INB00134,SUP009,HUB-BOM,SKU0349,42,2023-04-07,2023-04-10
INB00134,SUP009,HUB-BOM,SKU0395,51,2023-04-10,2023-04-10
INB00134,SUP009,HUB-BOM,SKU0452,39,2023-04-10,2023-04-10
INB00132,SUP017,HUB-DEL,SKU0103,64,2023-04-07,2023-04-11
INB00132,SUP017,HUB-DEL,SKU0393,66,2023-04-07,2023-04-11
INB00132,SUP017,HUB-DEL,SKU0459,74,2023-04-09,2023-04-11
INB00133,SUP007,HUB-BLR,SKU0130,110,2023-04-10,2023-04-11
INB00133,SUP007,HUB-BLR,SKU0162,119,2023-04-11,2023-04-11
INB00134,SUP009,HUB-BOM,SKU0084,48,2023-04-07,2023-04-11
INB00134,SUP009,HUB-BOM,SKU0155,41,2023-04-11,2023-04-11
INB00134,SUP009,HUB-BOM,SKU0170,42,2023-04-07,2023-04-11
INB00134,SUP009,HUB-BOM,SKU0257,41,2023-04-10,2023-04-11
INB00134,SUP009,HUB-BOM,SKU0266,42,2023-04-11,2023-04-11
INB00134,SUP009,HUB-BOM,SKU0307,40,2023-04-09,2023-04-11
INB00134,SUP009,HUB-BOM,SKU0373,43,2023-04-08,2023-04-11
INB00134,SUP009,HUB-BOM,SKU0396,42,2023-04-08,2023-04-11
INB00134,SUP009,HUB-BOM,SKU0420,38,2023-04-08,2023-04-11
INB00134,SUP009,HUB-BOM,SKU0471,43,2023-04-11,2023-04-11
INB00132,SUP017,HUB-DEL,SKU0339,59,2023-04-10,2023-04-12
INB00132,SUP017,HUB-DEL,SKU0447,79,2023-04-12,2023-04-12
INB00134,SUP009,HUB-BOM,SKU0067,40,2023-04-12,2023-04-12
INB00134,SUP009,HUB-BOM,SKU0279,37,2023-04-10,2023-04-12
INB00134,SUP009,HUB-BOM,SKU0375,46,2023-04-10,2023-04-12
INB00134,SUP009,HUB-BOM,SKU0431,52,2023-04-07,2023-04-12
INB00134,SUP009,HUB-BOM,SKU0461,39,2023-04-11,2023-04-12
INB00132,SUP017,HUB-DEL,SKU0253,71,2023-04-08,2023-04-13
INB00132,SUP017,HUB-DEL,SKU0491,78,2023-04-09,2023-04-13
INB00133,SUP007,HUB-BLR,SKU0140,106,2023-04-09,2023-04-13
INB00133,SUP007,HUB-BLR,SKU0244,93,2023-04-09,2023-04-13
INB00133,SUP007,HUB-BLR,SKU0295,117,2023-04-11,2023-04-13
INB00133,SUP007,HUB-BLR,SKU0407,110,2023-04-11,2023-04-13
INB00136,SUP011,HUB-DEL,SKU0095,86,2023-04-12,2023-04-16
INB00136,SUP011,HUB-DEL,SKU0133,65,2023-04-16,2023-04-16
INB00137,SUP018,HUB-BLR,SKU0050,106,2023-04-16,2023-04-16
INB00137,SUP018,HUB-BLR,SKU0065,127,2023-04-14,2023-04-16
INB00137,SUP018,HUB-BLR,SKU0169,93,2023-04-12,2023-04-16
INB00137,SUP018,HUB-BLR,SKU0227,104,2023-04-14,2023-04-16
INB00135,SUP001,HUB-BOM,SKU0096,47,2023-04-13,2023-04-17
INB00135,SUP001,HUB-BOM,SKU0272,52,2023-04-16,2023-04-17
INB00135,SUP001,HUB-BOM,SKU0476,43,2023-04-17,2023-04-17
INB00135,SUP001,HUB-BOM,SKU0490,44,2023-04-12,2023-04-17
INB00136,SUP011,HUB-DEL,SKU0039,75,2023-04-17,2023-04-17
INB00136,SUP011,HUB-DEL,SKU0059,57,2023-04-14,2023-04-17
INB00136,SUP011,HUB-DEL,SKU0135,75,2023-04-15,2023-04-17
INB00136,SUP011,HUB-DEL,SKU0334,71,2023-04-16,2023-04-17
INB00136,SUP011,HUB-DEL,SKU0424,60,2023-04-12,2023-04-17
INB00137,SUP018,HUB-BLR,SKU0120,95,2023-04-14,2023-04-17
INB00137,SUP018,HUB-BLR,SKU0167,116,2023-04-12,2023-04-17
INB00137,SUP018,HUB-BLR,SKU0303,104,2023-04-13,2023-04-17
INB00137,SUP018,HUB-BLR,SKU0454,125,2023-04-12,2023-04-17
INB00135,SUP001,HUB-BOM,SKU0032,37,2023-04-16,2023-04-18
INB00135,SUP001,HUB-BOM,SKU0159,38,2023-04-16,2023-04-18
INB00135,SUP001,HUB-BOM,SKU0195,39,2023-04-17,2023-04-18
INB00135,SUP001,HUB-BOM,SKU0387,41,2023-04-13,2023-04-18
INB00135,SUP001,HUB-BOM,SKU0392,38,2023-04-15,2023-04-18
INB00136,SUP011,HUB-DEL,SKU0036,58,2023-04-18,2023-04-18
INB00136,SUP011,HUB-DEL,SKU0098,73,2023-04-18,2023-04-18
INB00136,SUP011,HUB-DEL,SKU0142,66,2023-04-13,2023-04-18
INB00136,SUP011,HUB-DEL,SKU0268,62,2023-04-15,2023-04-18
INB00136,SUP011,HUB-DEL,SKU0308,58,2023-04-17,2023-04-18
INB00136,SUP011,HUB-DEL,SKU0316,68,2023-04-15,2023-04-18
INB00137,SUP018,HUB-BLR,SKU0091,112,2023-04-17,2023-04-18
INB00137,SUP018,HUB-BLR,SKU0109,108,2023-04-14,2023-04-18
INB00137,SUP018,HUB-BLR,SKU0211,94,2023-04-13,2023-04-18
INB00137,SUP018,HUB-BLR,SKU0304,96,2023-04-17,2023-04-18
INB00137,SUP018,HUB-BLR,SKU0323,114,2023-04-16,2023-04-18
INB00137,SUP018,HUB-BLR,SKU0394,106,2023-04-17,2023-04-18
INB00135,SUP001,HUB-BOM,SKU0200,39,2023-04-14,2023-04-19
INB00135,SUP001,HUB-BOM,SKU0260,40,2023-04-16,2023-04-19
INB00135,SUP001,HUB-BOM,SKU0262,37,2023-04-15,2023-04-19
INB00135,SUP001,HUB-BOM,SKU0331,37,2023-04-18,2023-04-19
INB00135,SUP001,HUB-BOM,SKU0343,39,2023-04-16,2023-04-19
INB00135,SUP001,HUB-BOM,SKU0402,41,2023-04-19,2023-04-19
INB00135,SUP001,HUB-BOM,SKU0436,59,2023-04-16,2023-04-19
INB00135,SUP001,HUB-BOM,SKU0457,38,2023-04-19,2023-04-19
INB00136,SUP011,HUB-DEL,SKU0017,87,2023-04-19,2023-04-19
INB00136,SUP011,HUB-DEL,SKU0031,81,2023-04-16,2023-04-19
INB00136,SUP011,HUB-DEL,SKU0037,59,2023-04-17,2023-04-19
INB00136,SUP011,HUB-DEL,SKU0173,57,2023-04-18,2023-04-19
INB00136,SUP011,HUB-DEL,SKU0202,83,2023-04-18,2023-04-19
INB00136,SUP011,HUB-DEL,SKU0204,72,2023-04-19,2023-04-19
INB00136,SUP011,HUB-DEL,SKU0240,90,2023-04-14,2023-04-19
INB00136,SUP011,HUB-DEL,SKU0342,100,2023-04-14,2023-04-19
INB00136,SUP011,HUB-DEL,SKU0453,75,2023-04-16,2023-04-19
INB00136,SUP011,HUB-DEL,SKU0463,80,2023-04-16,2023-04-19
INB00136,SUP011,HUB-DEL,SKU0499,73,2023-04-14,2023-04-19
INB00137,SUP018,HUB-BLR,SKU0012,93,2023-04-19,2023-04-19
INB00137,SUP018,HUB-BLR,SKU0158,124,2023-04-18,2023-04-19
INB00137,SUP018,HUB-BLR,SKU0357,105,2023-04-16,2023-04-19
INB00137,SUP018,HUB-BLR,SKU0361,104,2023-04-19,2023-04-19
INB00135,SUP001,HUB-BOM,SKU0040,38,2023-04-16,2023-04-20
INB00135,SUP001,HUB-BOM,SKU0049,42,2023-04-18,2023-04-20
INB00135,SUP001,HUB-BOM,SKU0214,38,2023-04-16,2023-04-20
INB00135,SUP001,HUB-BOM,SKU0311,39,2023-04-20,2023-04-20
INB00135,SUP001,HUB-BOM,SKU0319,39,2023-04-17,2023-04-20
INB00135,SUP001,HUB-BOM,SKU0351,39,2023-04-18,2023-04-20
INB00135,SUP001,HUB-BOM,SKU0370,47,2023-04-18,2023-04-20
INB00135,SUP001,HUB-BOM,SKU0428,38,2023-04-20,2023-04-20
INB00136,SUP011,HUB-DEL,SKU0007,58,2023-04-18,2023-04-20
INB00136,SUP011,HUB-DEL,SKU0030,68,2023-04-17,2023-04-20
INB00136,SUP011,HUB-DEL,SKU0048,59,2023-04-16,2023-04-20
INB00136,SUP011,HUB-DEL,SKU0207,60,2023-04-15,2023-04-20
INB00136,SUP011,HUB-DEL,SKU0364,77,2023-04-17,2023-04-20
INB00136,SUP011,HUB-DEL,SKU0386,71,2023-04-20,2023-04-20
INB00136,SUP011,HUB-DEL,SKU0414,60,2023-04-18,2023-04-20
INB00136,SUP011,HUB-DEL,SKU0422,88,2023-04-19,2023-04-20
INB00136,SUP011,HUB-DEL,SKU0449,73,2023-04-19,2023-04-20
INB00137,SUP018,HUB-BLR,SKU0033,94,2023-04-18,2023-04-20
INB00137,SUP018,HUB-BLR,SKU0051,114,2023-04-20,2023-04-20
INB00137,SUP018,HUB-BLR,SKU0072,105,2023-04-17,2023-04-20
INB00137,SUP018,HUB-BLR,SKU0089,93,2023-04-17,2023-04-20
INB00137,SUP018,HUB-BLR,SKU0165,133,2023-04-19,2023-04-20
INB00137,SUP018,HUB-BLR,SKU0182,116,2023-04-17,2023-04-20
INB00137,SUP018,HUB-BLR,SKU0229,99,2023-04-18,2023-04-20
INB00137,SUP018,HUB-BLR,SKU0326,102,2023-04-16,2023-04-20
INB00137,SUP018,HUB-BLR,SKU0344,118,2023-04-19,2023-04-20
INB00137,SUP018,HUB-BLR,SKU0405,112,2023-04-18,2023-04-20
INB00136,SUP011,HUB-DEL,SKU0042,79,2023-04-16,2023-04-21
INB00136,SUP011,HUB-DEL,SKU0078,67,2023-04-16,2023-04-21
INB00136,SUP011,HUB-DEL,SKU0144,62,2023-04-21,2023-04-21
INB00136,SUP011,HUB-DEL,SKU0289,59,2023-04-20,2023-04-21
INB00136,SUP011,HUB-DEL,SKU0328,61,2023-04-17,2023-04-21
INB00136,SUP011,HUB-DEL,SKU0416,72,2023-04-16,2023-04-21
INB00136,SUP011,HUB-DEL,SKU0442,62,2023-04-20,2023-04-21
INB00136,SUP011,HUB-DEL,SKU0487,57,2023-04-19,2023-04-21
INB00137,SUP018,HUB-BLR,SKU0044,99,2023-04-16,2023-04-21
INB00137,SUP018,HUB-BLR,SKU0236,98,2023-04-18,2023-04-21
INB00137,SUP018,HUB-BLR,SKU0305,115,2023-04-21,2023-04-21
INB00137,SUP018,HUB-BLR,SKU0313,98,2023-04-19,2023-04-21
INB00137,SUP018,HUB-BLR,SKU0458,100,2023-04-18,2023-04-21
INB00137,SUP018,HUB-BLR,SKU0466,105,2023-04-16,2023-04-21
INB00136,SUP011,HUB-DEL,SKU0238,72,2023-04-17,2023-04-22
INB00136,SUP011,HUB-DEL,SKU0390,57,2023-04-18,2023-04-22
INB00136,SUP011,HUB-DEL,SKU0467,74,2023-04-22,2023-04-22
INB00136,SUP011,HUB-DEL,SKU0317,61,2023-04-24,2023-04-24
INB00137,SUP018,HUB-BLR,SKU0018,115,2023-04-23,2023-04-24
INB00138,SUP009,HUB-BOM,SKU0160,38,2023-04-19,2023-04-24
INB00138,SUP009,HUB-BOM,SKU0310,40,2023-04-21,2023-04-24
INB00138,SUP009,HUB-BOM,SKU0483,38,2023-04-24,2023-04-24
INB00138,SUP009,HUB-BOM,SKU0108,43,2023-04-21,2023-04-25
INB00138,SUP009,HUB-BOM,SKU0181,42,2023-04-23,2023-04-25
INB00138,SUP009,HUB-BOM,SKU0019,40,2023-04-21,2023-04-26
INB00138,SUP009,HUB-BOM,SKU0088,38,2023-04-21,2023-04-26
INB00138,SUP009,HUB-BOM,SKU0275,45,2023-04-26,2023-04-26
INB00138,SUP009,HUB-BOM,SKU0287,42,2023-04-25,2023-04-26
INB00138,SUP009,HUB-BOM,SKU0350,42,2023-04-23,2023-04-26
INB00138,SUP009,HUB-BOM,SKU0485,39,2023-04-25,2023-04-26
INB00138,SUP009,HUB-BOM,SKU0010,45,2023-04-27,2023-04-27
INB00138,SUP009,HUB-BOM,SKU0077,39,2023-04-27,2023-04-27
INB00138,SUP009,HUB-BOM,SKU0119,48,2023-04-24,2023-04-27
INB00138,SUP009,HUB-BOM,SKU0127,45,2023-04-24,2023-04-27
INB00138,SUP009,HUB-BOM,SKU0186,50,2023-04-23,2023-04-27
INB00138,SUP009,HUB-BOM,SKU0273,49,2023-04-25,2023-04-27
INB00138,SUP009,HUB-BOM,SKU0280,44,2023-04-22,2023-04-27
INB00138,SUP009,HUB-BOM,SKU0330,37,2023-04-24,2023-04-27
INB00138,SUP009,HUB-BOM,SKU0340,39,2023-04-26,2023-04-27
INB00138,SUP009,HUB-BOM,SKU0372,37,2023-04-26,2023-04-27
INB00138,SUP009,HUB-BOM,SKU0406,45,2023-04-27,2023-04-27
INB00139,SUP013,HUB-DEL,SKU0029,61,2023-04-24,2023-04-27
INB00139,SUP013,HUB-DEL,SKU0157,57,2023-04-23,2023-04-27
INB00139,SUP013,HUB-DEL,SKU0261,72,2023-04-24,2023-04-27
INB00139,SUP013,HUB-DEL,SKU0384,58,2023-04-23,2023-04-27
INB00139,SUP013,HUB-DEL,SKU0439,72,2023-04-24,2023-04-27
INB00140,SUP008,HUB-BLR,SKU0290,154,2023-04-27,2023-04-27
INB00140,SUP008,HUB-BLR,SKU0291,109,2023-04-27,2023-04-27
INB00138,SUP009,HUB-BOM,SKU0020,37,2023-04-26,2023-04-28
INB00138,SUP009,HUB-BOM,SKU0126,45,2023-04-24,2023-04-28
INB00138,SUP009,HUB-BOM,SKU0315,40,2023-04-27,2023-04-28
INB00138,SUP009,HUB-BOM,SKU0437,40,2023-04-25,2023-04-28
INB00139,SUP013,HUB-DEL,SKU0006,63,2023-04-25,2023-04-28
INB00139,SUP013,HUB-DEL,SKU0381,85,2023-04-27,2023-04-28
INB00140,SUP008,HUB-BLR,SKU0004,116,2023-04-26,2023-04-28
INB00140,SUP008,HUB-BLR,SKU0026,104,2023-04-28,2023-04-28
INB00140,SUP008,HUB-BLR,SKU0185,100,2023-04-26,2023-04-28
INB00140,SUP008,HUB-BLR,SKU0258,122,2023-04-28,2023-04-28
INB00140,SUP008,HUB-BLR,SKU0413,125,2023-04-25,2023-04-28
INB00140,SUP008,HUB-BLR,SKU0441,114,2023-04-27,2023-04-28
INB00140,SUP008,HUB-BLR,SKU0492,124,2023-04-26,2023-04-28
INB00139,SUP013,HUB-DEL,SKU0075,58,2023-04-28,2023-04-29
INB00139,SUP013,HUB-DEL,SKU0115,78,2023-04-29,2023-04-29
INB00139,SUP013,HUB-DEL,SKU0141,67,2023-04-27,2023-04-29
INB00139,SUP013,HUB-DEL,SKU0318,64,2023-04-27,2023-04-29
INB00140,SUP008,HUB-BLR,SKU0145,114,2023-04-29,2023-04-29
INB00140,SUP008,HUB-BLR,SKU0172,121,2023-04-26,2023-04-29
INB00140,SUP008,HUB-BLR,SKU0237,127,2023-04-26,2023-04-29
INB00140,SUP008,HUB-BLR,SKU0309,95,2023-04-28,2023-04-29
INB00140,SUP008,HUB-BLR,SKU0336,103,2023-04-25,2023-04-29
INB00140,SUP008,HUB-BLR,SKU0472,99,2023-04-28,2023-04-29
INB00138,SUP009,HUB-BOM,SKU0139,40,2023-04-27,2023-04-30
INB00139,SUP013,HUB-DEL,SKU0003,126,2023-04-28,2023-04-30
INB00139,SUP013,HUB-DEL,SKU0034,67,2023-04-27,2023-04-30
INB00139,SUP013,HUB-DEL,SKU0055,86,2023-04-27,2023-04-30
INB00139,SUP013,HUB-DEL,SKU0057,59,2023-04-25,2023-04-30
INB00139,SUP013,HUB-DEL,SKU0092,70,2023-04-28,2023-04-30
INB00139,SUP013,HUB-DEL,SKU0100,75,2023-04-28,2023-04-30
INB00139,SUP013,HUB-DEL,SKU0138,65,2023-04-29,2023-04-30
INB00139,SUP013,HUB-DEL,SKU0225,63,2023-04-30,2023-04-30
INB00139,SUP013,HUB-DEL,SKU0427,60,2023-04-28,2023-04-30
INB00139,SUP013,HUB-DEL,SKU0497,76,2023-04-27,2023-04-30
INB00140,SUP008,HUB-BLR,SKU0131,117,2023-04-29,2023-04-30
INB00140,SUP008,HUB-BLR,SKU0148,103,2023-04-30,2023-04-30
INB00140,SUP008,HUB-BLR,SKU0299,105,2023-04-30,2023-04-30
INB00140,SUP008,HUB-BLR,SKU0329,119,2023-04-25,2023-04-30
INB00140,SUP008,HUB-BLR,SKU0488,107,2023-04-30,2023-04-30
INB00140,SUP008,HUB-BLR,SKU0495,113,2023-04-26,2023-04-30
INB00138,SUP009,HUB-BOM,SKU0473,40,2023-04-30,2023-05-01
INB00139,SUP013,HUB-DEL,SKU0212,61,2023-04-26,2023-05-01
INB00139,SUP013,HUB-DEL,SKU0321,60,2023-05-01,2023-05-01
INB00139,SUP013,HUB-DEL,SKU0341,105,2023-04-29,2023-05-01
INB00139,SUP013,HUB-DEL,SKU0403,75,2023-04-29,2023-05-01
INB00139,SUP013,HUB-DEL,SKU0447,63,2023-04-27,2023-05-01
INB00140,SUP008,HUB-BLR,SKU0021,113,2023-04-27,2023-05-01
INB00140,SUP008,HUB-BLR,SKU0093,102,2023-04-28,2023-05-01
INB00140,SUP008,HUB-BLR,SKU0132,136,2023-04-27,2023-05-01
INB00140,SUP008,HUB-BLR,SKU0232,120,2023-04-30,2023-05-01
INB00140,SUP008,HUB-BLR,SKU0283,137,2023-04-26,2023-05-01
INB00140,SUP008,HUB-BLR,SKU0371,112,2023-04-27,2023-05-01
INB00139,SUP013,HUB-DEL,SKU0113,79,2023-05-01,2023-05-02
INB00139,SUP013,HUB-DEL,SKU0286,61,2023-04-27,2023-05-02
INB00139,SUP013,HUB-DEL,SKU0293,65,2023-04-28,2023-05-02
INB00140,SUP008,HUB-BLR,SKU0081,119,2023-04-28,2023-05-02
INB00140,SUP008,HUB-BLR,SKU0099,97,2023-04-27,2023-05-02
INB00140,SUP008,HUB-BLR,SKU0121,105,2023-04-30,2023-05-02
INB00140,SUP008,HUB-BLR,SKU0137,111,2023-04-28,2023-05-02
INB00140,SUP008,HUB-BLR,SKU0179,94,2023-04-30,2023-05-02
INB00140,SUP008,HUB-BLR,SKU0203,103,2023-04-29,2023-05-02
INB00140,SUP008,HUB-BLR,SKU0206,134,2023-04-28,2023-05-02
INB00139,SUP013,HUB-DEL,SKU0068,70,2023-05-03,2023-05-03
INB00139,SUP013,HUB-DEL,SKU0134,96,2023-04-29,2023-05-03
INB00139,SUP013,HUB-DEL,SKU0163,62,2023-04-29,2023-05-03
INB00139,SUP013,HUB-DEL,SKU0190,80,2023-05-03,2023-05-03
INB00140,SUP008,HUB-BLR,SKU0023,95,2023-05-02,2023-05-03
INB00140,SUP008,HUB-BLR,SKU0166,116,2023-04-29,2023-05-03
INB00140,SUP008,HUB-BLR,SKU0345,109,2023-04-28,2023-05-03
INB00139,SUP013,HUB-DEL,SKU0235,64,2023-04-30,2023-05-04
INB00139,SUP013,HUB-DEL,SKU0249,60,2023-05-03,2023-05-04
INB00140,SUP008,HUB-BLR,SKU0359,97,2023-04-30,2023-05-04
INB00141,SUP004,HUB-BOM,SKU0097,39,2023-04-30,2023-05-04
INB00141,SUP004,HUB-BOM,SKU0465,37,2023-05-03,2023-05-04
INB00141,SUP004,HUB-BOM,SKU0064,48,2023-05-01,2023-05-05
INB00141,SUP004,HUB-BOM,SKU0199,43,2023-05-03,2023-05-05
INB00141,SUP004,HUB-BOM,SKU0481,38,2023-05-01,2023-05-05
INB00141,SUP004,HUB-BOM,SKU0151,39,2023-05-04,2023-05-06
INB00141,SUP004,HUB-BOM,SKU0358,40,2023-05-05,2023-05-06
INB00141,SUP004,HUB-BOM,SKU0370,43,2023-05-01,2023-05-06
INB00141,SUP004,HUB-BOM,SKU0123,43,2023-05-06,2023-05-07
INB00141,SUP004,HUB-BOM,SKU0164,42,2023-05-02,2023-05-07
INB00141,SUP004,HUB-BOM,SKU0176,42,2023-05-04,2023-05-07
INB00141,SUP004,HUB-BOM,SKU0218,38,2023-05-04,2023-05-07
INB00141,SUP004,HUB-BOM,SKU0219,62,2023-05-02,2023-05-07
INB00141,SUP004,HUB-BOM,SKU0365,50,2023-05-02,2023-05-07
INB00141,SUP004,HUB-BOM,SKU0375,50,2023-05-06,2023-05-07
INB00141,SUP004,HUB-BOM,SKU0408,44,2023-05-04,2023-05-07
INB00141,SUP004,HUB-BOM,SKU0410,49,2023-05-07,2023-05-07
INB00142,SUP011,HUB-DEL,SKU0208,60,2023-05-05,2023-05-07
INB00142,SUP011,HUB-DEL,SKU0282,74,2023-05-03,2023-05-07
INB00143,SUP018,HUB-BLR,SKU0320,119,2023-05-06,2023-05-07
INB00143,SUP018,HUB-BLR,SKU0363,96,2023-05-07,2023-05-07
INB00143,SUP018,HUB-BLR,SKU0429,120,2023-05-02,2023-05-07
INB00143,SUP018,HUB-BLR,SKU0440,114,2023-05-05,2023-05-07
INB00143,SUP018,HUB-BLR,SKU0500,135,2023-05-04,2023-05-07
INB00141,SUP004,HUB-BOM,SKU0001,42,2023-05-07,2023-05-08
INB00141,SUP004,HUB-BOM,SKU0066,59,2023-05-03,2023-05-08
INB00141,SUP004,HUB-BOM,SKU0083,44,2023-05-08,2023-05-08
INB00141,SUP004,HUB-BOM,SKU0147,40,2023-05-07,2023-05-08
INB00141,SUP004,HUB-BOM,SKU0228,46,2023-05-06,2023-05-08
INB00141,SUP004,HUB-BOM,SKU0292,45,2023-05-08,2023-05-08
INB00141,SUP004,HUB-BOM,SKU0374,42,2023-05-04,2023-05-08
INB00141,SUP004,HUB-BOM,SKU0446,49,2023-05-04,2023-05-08
INB00142,SUP011,HUB-DEL,SKU0284,62,2023-05-05,2023-05-08
INB00142,SUP011,HUB-DEL,SKU0398,78,2023-05-03,2023-05-08
INB00143,SUP018,HUB-BLR,SKU0082,116,2023-05-06,2023-05-08
INB00143,SUP018,HUB-BLR,SKU0192,94,2023-05-06,2023-05-08
INB00143,SUP018,HUB-BLR,SKU0332,112,2023-05-03,2023-05-08
INB00143,SUP018,HUB-BLR,SKU0383,98,2023-05-03,2023-05-08
INB00143,SUP018,HUB-BLR,SKU0435,109,2023-05-05,2023-05-08
INB00143,SUP018,HUB-BLR,SKU0450,94,2023-05-08,2023-05-08
INB00141,SUP004,HUB-BOM,SKU0411,38,2023-05-04,2023-05-09
INB00142,SUP011,HUB-DEL,SKU0125,65,2023-05-05,2023-05-09
INB00142,SUP011,HUB-DEL,SKU0221,57,2023-05-07,2023-05-09
INB00142,SUP011,HUB-DEL,SKU0256,75,2023-05-04,2023-05-09
INB00142,SUP011,HUB-DEL,SKU0268,62,2023-05-08,2023-05-09
INB00142,SUP011,HUB-DEL,SKU0301,86,2023-05-07,2023-05-09
INB00142,SUP011,HUB-DEL,SKU0314,63,2023-05-06,2023-05-09
INB00142,SUP011,HUB-DEL,SKU0316,58,2023-05-05,2023-05-09
INB00142,SUP011,HUB-DEL,SKU0356,63,2023-05-07,2023-05-09
INB00143,SUP018,HUB-BLR,SKU0105,102,2023-05-08,2023-05-09
INB00143,SUP018,HUB-BLR,SKU0480,119,2023-05-05,2023-05-09
INB00141,SUP004,HUB-BOM,SKU0085,39,2023-05-06,2023-05-10
INB00141,SUP004,HUB-BOM,SKU0124,40,2023-05-07,2023-05-10
INB00141,SUP004,HUB-BOM,SKU0154,39,2023-05-08,2023-05-10
INB00141,SUP004,HUB-BOM,SKU0347,56,2023-05-06,2023-05-10
INB00141,SUP004,HUB-BOM,SKU0391,38,2023-05-09,2023-05-10
INB00141,SUP004,HUB-BOM,SKU0456,58,2023-05-05,2023-05-10
INB00142,SUP011,HUB-DEL,SKU0060,60,2023-05-05,2023-05-10
INB00142,SUP011,HUB-DEL,SKU0086,72,2023-05-09,2023-05-10
INB00142,SUP011,HUB-DEL,SKU0230,60,2023-05-07,2023-05-10
INB00142,SUP011,HUB-DEL,SKU0231,66,2023-05-08,2023-05-10
INB00142,SUP011,HUB-DEL,SKU0312,77,2023-05-08,2023-05-10
INB00142,SUP011,HUB-DEL,SKU0382,77,2023-05-06,2023-05-10
INB00142,SUP011,HUB-DEL,SKU0498,84,2023-05-06,2023-05-10
INB00143,SUP018,HUB-BLR,SKU0069,100,2023-05-06,2023-05-10
INB00143,SUP018,HUB-BLR,SKU0094,99,2023-05-05,2023-05-10
INB00143,SUP018,HUB-BLR,SKU0183,101,2023-05-07,2023-05-10
INB00143,SUP018,HUB-BLR,SKU0222,112,2023-05-10,2023-05-10
INB00143,SUP018,HUB-BLR,SKU0234,103,2023-05-05,2023-05-10
INB00143,SUP018,HUB-BLR,SKU0327,121,2023-05-07,2023-05-10
INB00143,SUP018,HUB-BLR,SKU0333,102,2023-05-05,2023-05-10
INB00143,SUP018,HUB-BLR,SKU0348,94,2023-05-09,2023-05-10
INB00143,SUP018,HUB-BLR,SKU0419,99,2023-05-10,2023-05-10
INB00143,SUP018,HUB-BLR,SKU0475,93,2023-05-08,2023-05-10
INB00141,SUP004,HUB-BOM,SKU0014,42,2023-05-07,2023-05-11
INB00141,SUP004,HUB-BOM,SKU0076,37,2023-05-09,2023-05-11
INB00141,SUP004,HUB-BOM,SKU0106,51,2023-05-11,2023-05-11
INB00141,SUP004,HUB-BOM,SKU0274,38,2023-05-06,2023-05-11
INB00141,SUP004,HUB-BOM,SKU0432,45,2023-05-09,2023-05-11
INB00142,SUP011,HUB-DEL,SKU0045,57,2023-05-06,2023-05-11
INB00143,SUP018,HUB-BLR,SKU0071,98,2023-05-11,2023-05-11
INB00143,SUP018,HUB-BLR,SKU0385,105,2023-05-11,2023-05-11
INB00143,SUP018,HUB-BLR,SKU0445,106,2023-05-10,2023-05-11
INB00143,SUP018,HUB-BLR,SKU0494,103,2023-05-11,2023-05-11
INB00142,SUP011,HUB-DEL,SKU0080,65,2023-05-12,2023-05-12
INB00142,SUP011,HUB-DEL,SKU0102,60,2023-05-12,2023-05-12
INB00142,SUP011,HUB-DEL,SKU0215,108,2023-05-12,2023-05-12
INB00142,SUP011,HUB-DEL,SKU0226,72,2023-05-10,2023-05-12
INB00142,SUP011,HUB-DEL,SKU0281,67,2023-05-09,2023-05-12
INB00143,SUP018,HUB-BLR,SKU0005,125,2023-05-12,2023-05-12
INB00143,SUP018,HUB-BLR,SKU0175,114,2023-05-09,2023-05-12
INB00143,SUP018,HUB-BLR,SKU0201,123,2023-05-07,2023-05-12
INB00143,SUP018,HUB-BLR,SKU0367,98,2023-05-07,2023-05-12
INB00143,SUP018,HUB-BLR,SKU0368,118,2023-05-10,2023-05-12
INB00142,SUP011,HUB-DEL,SKU0379,59,2023-05-13,2023-05-13
INB00143,SUP018,HUB-BLR,SKU0143,114,2023-05-09,2023-05-13
INB00143,SUP018,HUB-BLR,SKU0404,113,2023-05-10,2023-05-13
INB00143,SUP018,HUB-BLR,SKU0409,111,2023-05-10,2023-05-13
INB00142,SUP011,HUB-DEL,SKU0426,81,2023-05-12,2023-05-14
INB00143,SUP018,HUB-BLR,SKU0303,105,2023-05-12,2023-05-14
INB00144,SUP001,HUB-BOM,SKU0189,39,2023-05-11,2023-05-14
INB00144,SUP001,HUB-BOM,SKU0266,37,2023-05-09,2023-05-14
INB00144,SUP001,HUB-BOM,SKU0024,43,2023-05-13,2023-05-15
INB00144,SUP001,HUB-BOM,SKU0174,45,2023-05-13,2023-05-15
INB00144,SUP001,HUB-BOM,SKU0343,37,2023-05-12,2023-05-15
INB00144,SUP001,HUB-BOM,SKU0474,44,2023-05-15,2023-05-15
INB00144,SUP001,HUB-BOM,SKU0009,43,2023-05-11,2023-05-16
INB00144,SUP001,HUB-BOM,SKU0155,42,2023-05-14,2023-05-16
INB00144,SUP001,HUB-BOM,SKU0279,43,2023-05-13,2023-05-16
INB00144,SUP001,HUB-BOM,SKU0438,37,2023-05-11,2023-05-16
INB00144,SUP001,HUB-BOM,SKU0477,38,2023-05-11,2023-05-16
INB00144,SUP001,HUB-BOM,SKU0054,46,2023-05-15,2023-05-17
INB00144,SUP001,HUB-BOM,SKU0146,44,2023-05-13,2023-05-17
INB00144,SUP001,HUB-BOM,SKU0177,45,2023-05-13,2023-05-17
INB00144,SUP001,HUB-BOM,SKU0191,42,2023-05-15,2023-05-17
INB00144,SUP001,HUB-BOM,SKU0216,50,2023-05-12,2023-05-17
INB00144,SUP001,HUB-BOM,SKU0421,40,2023-05-13,2023-05-17
INB00144,SUP001,HUB-BOM,SKU0443,47,2023-05-16,2023-05-17
INB00144,SUP001,HUB-BOM,SKU0469,44,2023-05-17,2023-05-17
INB00145,SUP011,HUB-DEL,SKU0011,63,2023-05-17,2023-05-17
INB00145,SUP011,HUB-DEL,SKU0184,63,2023-05-14,2023-05-17
INB00145,SUP011,HUB-DEL,SKU0399,90,2023-05-13,2023-05-17
INB00145,SUP011,HUB-DEL,SKU0467,64,2023-05-17,2023-05-17
INB00146,SUP008,HUB-BLR,SKU0074,93,2023-05-14,2023-05-17
INB00146,SUP008,HUB-BLR,SKU0247,99,2023-05-13,2023-05-17
INB00144,SUP001,HUB-BOM,SKU0161,37,2023-05-14,2023-05-18
INB00144,SUP001,HUB-BOM,SKU0178,51,2023-05-15,2023-05-18
INB00144,SUP001,HUB-BOM,SKU0276,42,2023-05-18,2023-05-18
INB00145,SUP011,HUB-DEL,SKU0002,70,2023-05-16,2023-05-18
INB00145,SUP011,HUB-DEL,SKU0245,78,2023-05-18,2023-05-18
INB00145,SUP011,HUB-DEL,SKU0346,79,2023-05-14,2023-05-18
INB00145,SUP011,HUB-DEL,SKU0499,63,2023-05-14,2023-05-18
INB00146,SUP008,HUB-BLR,SKU0038,111,2023-05-16,2023-05-18
INB00146,SUP008,HUB-BLR,SKU0101,110,2023-05-14,2023-05-18
INB00146,SUP008,HUB-BLR,SKU0130,129,2023-05-14,2023-05-18
INB00146,SUP008,HUB-BLR,SKU0217,102,2023-05-14,2023-05-18
INB00146,SUP008,HUB-BLR,SKU0227,97,2023-05-16,2023-05-18
INB00146,SUP008,HUB-BLR,SKU0270,100,2023-05-17,2023-05-18
INB00146,SUP008,HUB-BLR,SKU0295,126,2023-05-14,2023-05-18
INB00144,SUP001,HUB-BOM,SKU0090,54,2023-05-17,2023-05-19
INB00144,SUP001,HUB-BOM,SKU0257,44,2023-05-16,2023-05-19
INB00144,SUP001,HUB-BOM,SKU0263,39,2023-05-14,2023-05-19
INB00144,SUP001,HUB-BOM,SKU0275,41,2023-05-16,2023-05-19
INB00144,SUP001,HUB-BOM,SKU0353,40,2023-05-18,2023-05-19
INB00144,SUP001,HUB-BOM,SKU0373,39,2023-05-19,2023-05-19
INB00144,SUP001,HUB-BOM,SKU0389,42,2023-05-17,2023-05-19
INB00145,SUP011,HUB-DEL,SKU0194,58,2023-05-17,2023-05-19
INB00145,SUP011,HUB-DEL,SKU0289,59,2023-05-17,2023-05-19
INB00146,SUP008,HUB-BLR,SKU0087,120,2023-05-18,2023-05-19
INB00146,SUP008,HUB-BLR,SKU0401,95,2023-05-19,2023-05-19
INB00146,SUP008,HUB-BLR,SKU0430,93,2023-05-18,2023-05-19
INB00146,SUP008,HUB-BLR,SKU0489,114,2023-05-19,2023-05-19
INB00144,SUP001,HUB-BOM,SKU0223,48,2023-05-15,2023-05-20
INB00144,SUP001,HUB-BOM,SKU0396,39,2023-05-19,2023-05-20
INB00145,SUP011,HUB-DEL,SKU0111,65,2023-05-17,2023-05-20
INB00145,SUP011,HUB-DEL,SKU0264,82,2023-05-20,2023-05-20
INB00145,SUP011,HUB-DEL,SKU0414,65,2023-05-18,2023-05-20
INB00145,SUP011,HUB-DEL,SKU0417,59,2023-05-15,2023-05-20
INB00146,SUP008,HUB-BLR,SKU0205,121,2023-05-19,2023-05-20
INB00146,SUP008,HUB-BLR,SKU0248,101,2023-05-17,2023-05-20
INB00146,SUP008,HUB-BLR,SKU0344,102,2023-05-19,2023-05-20
INB00146,SUP008,HUB-BLR,SKU0362,102,2023-05-20,2023-05-20
INB00146,SUP008,HUB-BLR,SKU0377,98,2023-05-15,2023-05-20
INB00146,SUP008,HUB-BLR,SKU0418,101,2023-05-20,2023-05-20
INB00144,SUP001,HUB-BOM,SKU0315,38,2023-05-17,2023-05-21
INB00145,SUP011,HUB-DEL,SKU0052,66,2023-05-21,2023-05-21
INB00145,SUP011,HUB-DEL,SKU0059,59,2023-05-16,2023-05-21
INB00145,SUP011,HUB-DEL,SKU0462,60,2023-05-21,2023-05-21
INB00145,SUP011,HUB-DEL,SKU0478,59,2023-05-20,2023-05-21
INB00146,SUP008,HUB-BLR,SKU0035,93,2023-05-19,2023-05-21
INB00146,SUP008,HUB-BLR,SKU0110,106,2023-05-20,2023-05-21
INB00146,SUP008,HUB-BLR,SKU0167,94,2023-05-16,2023-05-21
INB00146,SUP008,HUB-BLR,SKU0197,117,2023-05-21,2023-05-21
INB00146,SUP008,HUB-BLR,SKU0198,99,2023-05-19,2023-05-21
INB00146,SUP008,HUB-BLR,SKU0294,101,2023-05-17,2023-05-21
INB00146,SUP008,HUB-BLR,SKU0352,95,2023-05-20,2023-05-21
INB00146,SUP008,HUB-BLR,SKU0407,112,2023-05-21,2023-05-21
INB00146,SUP008,HUB-BLR,SKU0479,123,2023-05-18,2023-05-21
INB00146,SUP008,HUB-BLR,SKU0493,101,2023-05-17,2023-05-21
INB00144,SUP001,HUB-BOM,SKU0186,39,2023-05-18,2023-05-22
INB00145,SUP011,HUB-DEL,SKU0459,110,2023-05-18,2023-05-22
INB00146,SUP008,HUB-BLR,SKU0051,110,2023-05-20,2023-05-22
INB00146,SUP008,HUB-BLR,SKU0061,95,2023-05-22,2023-05-22
INB00146,SUP008,HUB-BLR,SKU0285,149,2023-05-21,2023-05-22
INB00146,SUP008,HUB-BLR,SKU0322,123,2023-05-18,2023-05-22
INB00146,SUP008,HUB-BLR,SKU0423,93,2023-05-21,2023-05-22
INB00146,SUP008,HUB-BLR,SKU0466,93,2023-05-20,2023-05-22
INB00145,SUP011,HUB-DEL,SKU0117,57,2023-05-22,2023-05-23
INB00145,SUP011,HUB-DEL,SKU0128,57,2023-05-23,2023-05-23
INB00145,SUP011,HUB-DEL,SKU0261,65,2023-05-23,2023-05-23
INB00145,SUP011,HUB-DEL,SKU0297,65,2023-05-22,2023-05-23
INB00145,SUP011,HUB-DEL,SKU0334,66,2023-05-19,2023-05-23
INB00146,SUP008,HUB-BLR,SKU0288,93,2023-05-22,2023-05-23
INB00146,SUP008,HUB-BLR,SKU0360,102,2023-05-23,2023-05-23
INB00146,SUP008,HUB-BLR,SKU0397,97,2023-05-18,2023-05-23
INB00145,SUP011,HUB-DEL,SKU0047,70,2023-05-22,2023-05-24
INB00145,SUP011,HUB-DEL,SKU0412,83,2023-05-23,2023-05-24
INB00145,SUP011,HUB-DEL,SKU0463,60,2023-05-20,2023-05-24
INB00145,SUP011,HUB-DEL,SKU0062,68,2023-05-20,2023-05-25
INB00145,SUP011,HUB-DEL,SKU0455,77,2023-05-20,2023-05-25
INB00147,SUP004,HUB-BOM,SKU0077,54,2023-05-22,2023-05-25
INB00147,SUP004,HUB-BOM,SKU0168,43,2023-05-23,2023-05-25
INB00147,SUP004,HUB-BOM,SKU0319,37,2023-05-23,2023-05-25
INB00147,SUP004,HUB-BOM,SKU0452,43,2023-05-20,2023-05-25
INB00147,SUP004,HUB-BOM,SKU0084,37,2023-05-22,2023-05-26
INB00147,SUP004,HUB-BOM,SKU0437,45,2023-05-25,2023-05-26
INB00147,SUP004,HUB-BOM,SKU0461,38,2023-05-25,2023-05-26
INB00147,SUP004,HUB-BOM,SKU0481,50,2023-05-26,2023-05-26
INB00148,SUP019,HUB-BLR,SKU0156,104,2023-05-22,2023-05-26
INB00148,SUP019,HUB-BLR,SKU0162,131,2023-05-26,2023-05-26
INB00145,SUP011,HUB-DEL,SKU0017,79,2023-05-22,2023-05-27
INB00147,SUP004,HUB-BOM,SKU0136,40,2023-05-22,2023-05-27
INB00147,SUP004,HUB-BOM,SKU0331,43,2023-05-22,2023-05-27
INB00148,SUP019,HUB-BLR,SKU0065,97,2023-05-24,2023-05-27
INB00148,SUP019,HUB-BLR,SKU0236,94,2023-05-26,2023-05-27
INB00148,SUP019,HUB-BLR,SKU0458,101,2023-05-27,2023-05-27
INB00148,SUP019,HUB-BLR,SKU0486,104,2023-05-26,2023-05-27
INB00147,SUP004,HUB-BOM,SKU0067,38,2023-05-26,2023-05-28
INB00147,SUP004,HUB-BOM,SKU0255,37,2023-05-27,2023-05-28
INB00147,SUP004,HUB-BOM,SKU0272,44,2023-05-23,2023-05-28
INB00147,SUP004,HUB-BOM,SKU0380,41,2023-05-24,2023-05-28
INB00147,SUP004,HUB-BOM,SKU0448,47,2023-05-26,2023-05-28
INB00148,SUP019,HUB-BLR,SKU0050,146,2023-05-26,2023-05-28
INB00148,SUP019,HUB-BLR,SKU0132,107,2023-05-27,2023-05-28
INB00148,SUP019,HUB-BLR,SKU0244,101,2023-05-26,2023-05-28
INB00148,SUP019,HUB-BLR,SKU0335,118,2023-05-27,2023-05-28
INB00147,SUP004,HUB-BOM,SKU0028,41,2023-05-25,2023-05-29
INB00147,SUP004,HUB-BOM,SKU0129,40,2023-05-26,2023-05-29
INB00147,SUP004,HUB-BOM,SKU0209,41,2023-05-24,2023-05-29
INB00147,SUP004,HUB-BOM,SKU0220,51,2023-05-29,2023-05-29
INB00147,SUP004,HUB-BOM,SKU0250,41,2023-05-29,2023-05-29
INB00147,SUP004,HUB-BOM,SKU0260,39,2023-05-26,2023-05-29
INB00147,SUP004,HUB-BOM,SKU0273,39,2023-05-29,2023-05-29
INB00147,SUP004,HUB-BOM,SKU0302,39,2023-05-29,2023-05-29
INB00147,SUP004,HUB-BOM,SKU0415,39,2023-05-29,2023-05-29
INB00148,SUP019,HUB-BLR,SKU0063,103,2023-05-25,2023-05-29
INB00148,SUP019,HUB-BLR,SKU0326,102,2023-05-27,2023-05-29
INB00148,SUP019,HUB-BLR,SKU0366,111,2023-05-25,2023-05-29
INB00148,SUP019,HUB-BLR,SKU0460,120,2023-05-29,2023-05-29
INB00147,SUP004,HUB-BOM,SKU0107,46,2023-05-28,2023-05-30
INB00147,SUP004,HUB-BOM,SKU0118,38,2023-05-28,2023-05-30
INB00147,SUP004,HUB-BOM,SKU0119,41,2023-05-30,2023-05-30
INB00147,SUP004,HUB-BOM,SKU0150,39,2023-05-25,2023-05-30
INB00147,SUP004,HUB-BOM,SKU0338,42,2023-05-25,2023-05-30
INB00147,SUP004,HUB-BOM,SKU0355,45,2023-05-27,2023-05-30
INB00147,SUP004,HUB-BOM,SKU0473,41,2023-05-27,2023-05-30
INB00148,SUP019,HUB-BLR,SKU0091,106,2023-05-29,2023-05-30
INB00149,SUP020,HUB-DEL,SKU0144,90,2023-05-27,2023-05-30
INB00149,SUP020,HUB-DEL,SKU0204,79,2023-05-26,2023-05-30
INB00149,SUP020,HUB-DEL,SKU0225,71,2023-05-29,2023-05-30
INB00149,SUP020,HUB-DEL,SKU0249,62,2023-05-30,2023-05-30
INB00149,SUP020,HUB-DEL,SKU0265,63,2023-05-30,2023-05-30
INB00149,SUP020,HUB-DEL,SKU0318,81,2023-05-30,2023-05-30
INB00149,SUP020,HUB-DEL,SKU0376,62,2023-05-26,2023-05-30
INB00147,SUP004,HUB-BOM,SKU0070,45,2023-05-27,2023-05-31
INB00147,SUP004,HUB-BOM,SKU0114,40,2023-05-31,2023-05-31
INB00148,SUP019,HUB-BLR,SKU0013,131,2023-05-30,2023-05-31
INB00148,SUP019,HUB-BLR,SKU0079,102,2023-05-30,2023-05-31
INB00148,SUP019,HUB-BLR,SKU0120,99,2023-05-29,2023-05-31
INB00148,SUP019,HUB-BLR,SKU0122,98,2023-05-29,2023-05-31
INB00148,SUP019,HUB-BLR,SKU0140,101,2023-05-29,2023-05-31
INB00148,SUP019,HUB-BLR,SKU0361,94,2023-05-26,2023-05-31
INB00148,SUP019,HUB-BLR,SKU0484,94,2023-05-27,2023-05-31
INB00149,SUP020,HUB-DEL,SKU0141,76,2023-05-27,2023-05-31
INB00149,SUP020,HUB-DEL,SKU0149,60,2023-05-30,2023-05-31
INB00148,SUP019,HUB-BLR,SKU0012,109,2023-05-29,2023-06-01
INB00149,SUP020,HUB-DEL,SKU0103,63,2023-05-29,2023-06-01
INB00149,SUP020,HUB-DEL,SKU0115,57,2023-06-01,2023-06-01
INB00149,SUP020,HUB-DEL,SKU0253,61,2023-06-01,2023-06-01
INB00149,SUP020,HUB-DEL,SKU0277,61,2023-05-29,2023-06-01
INB00149,SUP020,HUB-DEL,SKU0296,78,2023-05-31,2023-06-01
INB00149,SUP020,HUB-DEL,SKU0339,61,2023-05-28,2023-06-01
INB00147,SUP004,HUB-BOM,SKU0431,38,2023-05-30,2023-06-02
INB00148,SUP019,HUB-BLR,SKU0354,118,2023-06-01,2023-06-02
INB00149,SUP020,HUB-DEL,SKU0027,65,2023-05-28,2023-06-02
INB00149,SUP020,HUB-DEL,SKU0048,92,2023-06-02,2023-06-02
INB00149,SUP020,HUB-DEL,SKU0095,83,2023-06-01,2023-06-02
INB00149,SUP020,HUB-DEL,SKU0113,88,2023-05-31,2023-06-02
INB00149,SUP020,HUB-DEL,SKU0138,65,2023-05-30,2023-06-02
INB00149,SUP020,HUB-DEL,SKU0187,80,2023-05-29,2023-06-02
INB00149,SUP020,HUB-DEL,SKU0235,66,2023-06-02,2023-06-02
INB00149,SUP020,HUB-DEL,SKU0240,57,2023-06-02,2023-06-02
INB00149,SUP020,HUB-DEL,SKU0243,87,2023-05-28,2023-06-02
INB00149,SUP020,HUB-DEL,SKU0393,59,2023-06-01,2023-06-02
INB00149,SUP020,HUB-DEL,SKU0449,85,2023-05-28,2023-06-02
INB00148,SUP019,HUB-BLR,SKU0131,97,2023-05-29,2023-06-03
INB00149,SUP020,HUB-DEL,SKU0030,58,2023-06-01,2023-06-03
INB00149,SUP020,HUB-DEL,SKU0039,65,2023-05-29,2023-06-03
INB00149,SUP020,HUB-DEL,SKU0068,78,2023-06-02,2023-06-03
INB00149,SUP020,HUB-DEL,SKU0133,57,2023-05-29,2023-06-03
INB00149,SUP020,HUB-DEL,SKU0233,61,2023-05-29,2023-06-03
INB00149,SUP020,HUB-DEL,SKU0328,58,2023-06-01,2023-06-03
INB00149,SUP020,HUB-DEL,SKU0341,100,2023-05-31,2023-06-03
INB00149,SUP020,HUB-DEL,SKU0381,58,2023-05-31,2023-06-03
INB00149,SUP020,HUB-DEL,SKU0442,70,2023-05-31,2023-06-03
INB00149,SUP020,HUB-DEL,SKU0453,63,2023-05-30,2023-06-03
INB00149,SUP020,HUB-DEL,SKU0029,68,2023-05-31,2023-06-04
INB00149,SUP020,HUB-DEL,SKU0037,58,2023-05-30,2023-06-04
INB00149,SUP020,HUB-DEL,SKU0053,61,2023-05-31,2023-06-04
INB00149,SUP020,HUB-DEL,SKU0100,59,2023-06-03,2023-06-04
INB00149,SUP020,HUB-DEL,SKU0190,79,2023-05-30,2023-06-04
INB00149,SUP020,HUB-DEL,SKU0306,86,2023-06-01,2023-06-04
INB00149,SUP020,HUB-DEL,SKU0491,71,2023-05-30,2023-06-04
INB00149,SUP020,HUB-DEL,SKU0497,63,2023-06-04,2023-06-04
INB00149,SUP020,HUB-DEL,SKU0212,76,2023-06-01,2023-06-05
INB00149,SUP020,HUB-DEL,SKU0267,83,2023-06-02,2023-06-05
INB00149,SUP020,HUB-DEL,SKU0308,61,2023-06-01,2023-06-05
INB00149,SUP020,HUB-DEL,SKU0316,60,2023-06-03,2023-06-05
INB00149,SUP020,HUB-DEL,SKU0325,70,2023-06-02,2023-06-05
INB00150,SUP015,HUB-BOM,SKU0170,40,2023-06-02,2023-06-05
INB00150,SUP015,HUB-BOM,SKU0365,40,2023-06-05,2023-06-05
INB00150,SUP015,HUB-BOM,SKU0378,59,2023-05-31,2023-06-05
INB00150,SUP015,HUB-BOM,SKU0470,40,2023-06-04,2023-06-05
INB00149,SUP020,HUB-DEL,SKU0043,80,2023-06-04,2023-06-06
INB00149,SUP020,HUB-DEL,SKU0226,83,2023-06-05,2023-06-06
INB00150,SUP015,HUB-BOM,SKU0064,38,2023-06-02,2023-06-06
INB00150,SUP015,HUB-BOM,SKU0311,48,2023-06-03,2023-06-06
INB00150,SUP015,HUB-BOM,SKU0410,49,2023-06-03,2023-06-06
INB00151,SUP016,HUB-BLR,SKU0211,102,2023-06-01,2023-06-06
INB00151,SUP016,HUB-BLR,SKU0237,111,2023-06-01,2023-06-06
INB00149,SUP020,HUB-DEL,SKU0008,59,2023-06-07,2023-06-07
INB00149,SUP020,HUB-DEL,SKU0188,72,2023-06-03,2023-06-07
INB00150,SUP015,HUB-BOM,SKU0025,37,2023-06-07,2023-06-07
INB00150,SUP015,HUB-BOM,SKU0254,50,2023-06-07,2023-06-07
INB00151,SUP016,HUB-BLR,SKU0290,99,2023-06-05,2023-06-07
INB00151,SUP016,HUB-BLR,SKU0362,100,2023-06-05,2023-06-07
INB00150,SUP015,HUB-BOM,SKU0106,47,2023-06-07,2023-06-08
INB00150,SUP015,HUB-BOM,SKU0116,38,2023-06-03,2023-06-08
INB00150,SUP015,HUB-BOM,SKU0200,38,2023-06-07,2023-06-08
INB00150,SUP015,HUB-BOM,SKU0246,48,2023-06-06,2023-06-08
INB00150,SUP015,HUB-BOM,SKU0337,37,2023-06-03,2023-06-08
INB00150,SUP015,HUB-BOM,SKU0476,38,2023-06-07,2023-06-08
INB00150,SUP015,HUB-BOM,SKU0483,42,2023-06-08,2023-06-08
INB00150,SUP015,HUB-BOM,SKU0496,40,2023-06-04,2023-06-08
INB00151,SUP016,HUB-BLR,SKU0026,108,2023-06-03,2023-06-08
INB00151,SUP016,HUB-BLR,SKU0172,94,2023-06-03,2023-06-08
INB00151,SUP016,HUB-BLR,SKU0185,98,2023-06-08,2023-06-08
INB00151,SUP016,HUB-BLR,SKU0332,98,2023-06-08,2023-06-08
INB00151,SUP016,HUB-BLR,SKU0405,108,2023-06-06,2023-06-08
INB00150,SUP015,HUB-BOM,SKU0019,39,2023-06-05,2023-06-09
INB00150,SUP015,HUB-BOM,SKU0040,43,2023-06-07,2023-06-09
INB00150,SUP015,HUB-BOM,SKU0152,48,2023-06-06,2023-06-09
INB00150,SUP015,HUB-BOM,SKU0191,43,2023-06-04,2023-06-09
INB00150,SUP015,HUB-BOM,SKU0252,44,2023-06-09,2023-06-09
INB00150,SUP015,HUB-BOM,SKU0259,47,2023-06-07,2023-06-09
INB00150,SUP015,HUB-BOM,SKU0275,42,2023-06-05,2023-06-09
INB00150,SUP015,HUB-BOM,SKU0400,41,2023-06-04,2023-06-09
INB00150,SUP015,HUB-BOM,SKU0420,47,2023-06-07,2023-06-09
INB00150,SUP015,HUB-BOM,SKU0425,41,2023-06-04,2023-06-09
INB00151,SUP016,HUB-BLR,SKU0016,112,2023-06-04,2023-06-09
INB00151,SUP016,HUB-BLR,SKU0109,115,2023-06-08,2023-06-09
INB00151,SUP016,HUB-BLR,SKU0305,111,2023-06-09,2023-06-09
INB00151,SUP016,HUB-BLR,SKU0323,98,2023-06-04,2023-06-09
INB00151,SUP016,HUB-BLR,SKU0357,108,2023-06-07,2023-06-09
INB00151,SUP016,HUB-BLR,SKU0367,106,2023-06-06,2023-06-09
INB00151,SUP016,HUB-BLR,SKU0383,98,2023-06-06,2023-06-09
INB00150,SUP015,HUB-BOM,SKU0262,42,2023-06-08,2023-06-10
INB00150,SUP015,HUB-BOM,SKU0300,37,2023-06-08,2023-06-10
INB00150,SUP015,HUB-BOM,SKU0351,39,2023-06-08,2023-06-10
INB00150,SUP015,HUB-BOM,SKU0387,37,2023-06-09,2023-06-10
INB00150,SUP015,HUB-BOM,SKU0434,39,2023-06-08,2023-06-10
INB00151,SUP016,HUB-BLR,SKU0158,98,2023-06-06,2023-06-10
INB00151,SUP016,HUB-BLR,SKU0320,104,2023-06-06,2023-06-10
INB00151,SUP016,HUB-BLR,SKU0329,95,2023-06-05,2023-06-10
INB00151,SUP016,HUB-BLR,SKU0394,97,2023-06-07,2023-06-10
INB00151,SUP016,HUB-BLR,SKU0444,103,2023-06-09,2023-06-10
INB00151,SUP016,HUB-BLR,SKU0454,94,2023-06-08,2023-06-10
INB00151,SUP016,HUB-BLR,SKU0041,127,2023-06-07,2023-06-11
INB00151,SUP016,HUB-BLR,SKU0153,95,2023-06-10,2023-06-11
INB00151,SUP016,HUB-BLR,SKU0304,98,2023-06-06,2023-06-11
INB00151,SUP016,HUB-BLR,SKU0388,100,2023-06-06,2023-06-11
INB00152,SUP013,HUB-DEL,SKU0382,66,2023-06-08,2023-06-11
INB00152,SUP013,HUB-DEL,SKU0416,86,2023-06-10,2023-06-11
INB00151,SUP016,HUB-BLR,SKU0023,95,2023-06-08,2023-06-12
INB00151,SUP016,HUB-BLR,SKU0044,115,2023-06-11,2023-06-12
INB00151,SUP016,HUB-BLR,SKU0239,99,2023-06-11,2023-06-12
INB00151,SUP016,HUB-BLR,SKU0472,98,2023-06-11,2023-06-12
INB00152,SUP013,HUB-DEL,SKU0006,59,2023-06-11,2023-06-12
INB00152,SUP013,HUB-DEL,SKU0060,61,2023-06-07,2023-06-12
INB00152,SUP013,HUB-DEL,SKU0078,86,2023-06-09,2023-06-12
INB00152,SUP013,HUB-DEL,SKU0207,74,2023-06-12,2023-06-12
INB00152,SUP013,HUB-DEL,SKU0293,58,2023-06-10,2023-06-12
INB00152,SUP013,HUB-DEL,SKU0403,68,2023-06-09,2023-06-12
INB00152,SUP013,HUB-DEL,SKU0426,58,2023-06-11,2023-06-12
INB00152,SUP013,HUB-DEL,SKU0042,71,2023-06-11,2023-06-13
INB00152,SUP013,HUB-DEL,SKU0086,57,2023-06-08,2023-06-13
INB00152,SUP013,HUB-DEL,SKU0111,58,2023-06-08,2023-06-13
INB00152,SUP013,HUB-DEL,SKU0230,66,2023-06-12,2023-06-13
INB00152,SUP013,HUB-DEL,SKU0268,67,2023-06-11,2023-06-13
INB00152,SUP013,HUB-DEL,SKU0281,75,2023-06-09,2023-06-13
INB00153,SUP015,HUB-BOM,SKU0199,43,2023-06-08,2023-06-13
INB00153,SUP015,HUB-BOM,SKU0213,37,2023-06-09,2023-06-13
INB00153,SUP015,HUB-BOM,SKU0228,47,2023-06-11,2023-06-13
INB00153,SUP015,HUB-BOM,SKU0287,42,2023-06-09,2023-06-13
INB00153,SUP015,HUB-BOM,SKU0411,41,2023-06-09,2023-06-13
INB00151,SUP016,HUB-BLR,SKU0112,122,2023-06-13,2023-06-14
INB00152,SUP013,HUB-DEL,SKU0135,57,2023-06-12,2023-06-14
INB00152,SUP013,HUB-DEL,SKU0142,71,2023-06-09,2023-06-14
INB00152,SUP013,HUB-DEL,SKU0194,74,2023-06-11,2023-06-14
INB00152,SUP013,HUB-DEL,SKU0384,63,2023-06-10,2023-06-14
INB00152,SUP013,HUB-DEL,SKU0386,67,2023-06-10,2023-06-14
INB00152,SUP013,HUB-DEL,SKU0427,68,2023-06-10,2023-06-14
INB00152,SUP013,HUB-DEL,SKU0467,64,2023-06-10,2023-06-14
INB00153,SUP015,HUB-BOM,SKU0349,43,2023-06-10,2023-06-14
INB00152,SUP013,HUB-DEL,SKU0034,69,2023-06-15,2023-06-15
INB00152,SUP013,HUB-DEL,SKU0163,66,2023-06-15,2023-06-15
INB00152,SUP013,HUB-DEL,SKU0342,81,2023-06-15,2023-06-15
INB00152,SUP013,HUB-DEL,SKU0422,69,2023-06-10,2023-06-15
INB00152,SUP013,HUB-DEL,SKU0424,67,2023-06-11,2023-06-15
INB00152,SUP013,HUB-DEL,SKU0439,59,2023-06-14,2023-06-15
INB00152,SUP013,HUB-DEL,SKU0447,66,2023-06-13,2023-06-15
INB00152,SUP013,HUB-DEL,SKU0464,61,2023-06-14,2023-06-15
INB00153,SUP015,HUB-BOM,SKU0097,37,2023-06-12,2023-06-15
INB00153,SUP015,HUB-BOM,SKU0218,47,2023-06-15,2023-06-15
INB00153,SUP015,HUB-BOM,SKU0241,38,2023-06-15,2023-06-15
INB00153,SUP015,HUB-BOM,SKU0279,37,2023-06-12,2023-06-15
INB00153,SUP015,HUB-BOM,SKU0375,38,2023-06-14,2023-06-15
INB00153,SUP015,HUB-BOM,SKU0406,44,2023-06-14,2023-06-15
INB00153,SUP015,HUB-BOM,SKU0436,50,2023-06-11,2023-06-15
INB00152,SUP013,HUB-DEL,SKU0356,75,2023-06-16,2023-06-16
INB00153,SUP015,HUB-BOM,SKU0056,49,2023-06-14,2023-06-16
INB00153,SUP015,HUB-BOM,SKU0058,39,2023-06-16,2023-06-16
INB00153,SUP015,HUB-BOM,SKU0123,38,2023-06-15,2023-06-16
INB00153,SUP015,HUB-BOM,SKU0210,40,2023-06-15,2023-06-16
INB00153,SUP015,HUB-BOM,SKU0490,44,2023-06-11,2023-06-16
INB00152,SUP013,HUB-DEL,SKU0102,74,2023-06-15,2023-06-17
INB00153,SUP015,HUB-BOM,SKU0126,51,2023-06-14,2023-06-17
INB00153,SUP015,HUB-BOM,SKU0307,39,2023-06-14,2023-06-17
INB00153,SUP015,HUB-BOM,SKU0402,45,2023-06-16,2023-06-17
INB00153,SUP015,HUB-BOM,SKU0485,45,2023-06-12,2023-06-17
INB00154,SUP019,HUB-BLR,SKU0137,96,2023-06-14,2023-06-17
INB00154,SUP019,HUB-BLR,SKU0495,95,2023-06-17,2023-06-17
INB00153,SUP015,HUB-BOM,SKU0347,37,2023-06-13,2023-06-18
INB00153,SUP015,HUB-BOM,SKU0391,37,2023-06-14,2023-06-18
INB00154,SUP019,HUB-BLR,SKU0251,118,2023-06-15,2023-06-18
INB00154,SUP019,HUB-BLR,SKU0269,110,2023-06-16,2023-06-18
INB00153,SUP015,HUB-BOM,SKU0022,44,2023-06-18,2023-06-19
INB00153,SUP015,HUB-BOM,SKU0176,48,2023-06-18,2023-06-19
INB00153,SUP015,HUB-BOM,SKU0395,40,2023-06-17,2023-06-19
INB00154,SUP019,HUB-BLR,SKU0206,109,2023-06-18,2023-06-19
INB00154,SUP019,HUB-BLR,SKU0271,101,2023-06-19,2023-06-19
INB00154,SUP019,HUB-BLR,SKU0404,121,2023-06-14,2023-06-19
INB00153,SUP015,HUB-BOM,SKU0372,39,2023-06-17,2023-06-20
INB00154,SUP019,HUB-BLR,SKU0021,98,2023-06-16,2023-06-20
INB00154,SUP019,HUB-BLR,SKU0087,97,2023-06-16,2023-06-20
INB00154,SUP019,HUB-BLR,SKU0175,93,2023-06-15,2023-06-20
INB00154,SUP019,HUB-BLR,SKU0222,114,2023-06-16,2023-06-20
INB00154,SUP019,HUB-BLR,SKU0224,100,2023-06-18,2023-06-20
INB00154,SUP019,HUB-BLR,SKU0324,97,2023-06-17,2023-06-20
INB00155,SUP013,HUB-DEL,SKU0128,61,2023-06-15,2023-06-20
INB00155,SUP013,HUB-DEL,SKU0231,71,2023-06-18,2023-06-20
INB00155,SUP013,HUB-DEL,SKU0379,91,2023-06-17,2023-06-20
INB00154,SUP019,HUB-BLR,SKU0035,121,2023-06-17,2023-06-21
INB00154,SUP019,HUB-BLR,SKU0081,95,2023-06-19,2023-06-21
INB00154,SUP019,HUB-BLR,SKU0242,100,2023-06-17,2023-06-21
INB00154,SUP019,HUB-BLR,SKU0283,118,2023-06-16,2023-06-21
INB00154,SUP019,HUB-BLR,SKU0345,101,2023-06-18,2023-06-21
INB00154,SUP019,HUB-BLR,SKU0423,113,2023-06-20,2023-06-21
INB00154,SUP019,HUB-BLR,SKU0475,101,2023-06-19,2023-06-21
INB00155,SUP013,HUB-DEL,SKU0075,63,2023-06-17,2023-06-21
INB00155,SUP013,HUB-DEL,SKU0265,69,2023-06-18,2023-06-21
INB00155,SUP013,HUB-DEL,SKU0317,70,2023-06-21,2023-06-21
INB00155,SUP013,HUB-DEL,SKU0417,67,2023-06-19,2023-06-21
INB00154,SUP019,HUB-BLR,SKU0299,119,2023-06-19,2023-06-22
INB00154,SUP019,HUB-BLR,SKU0309,129,2023-06-17,2023-06-22
INB00154,SUP019,HUB-BLR,SKU0413,104,2023-06-19,2023-06-22
INB00154,SUP019,HUB-BLR,SKU0488,129,2023-06-18,2023-06-22
INB00155,SUP013,HUB-DEL,SKU0007,67,2023-06-20,2023-06-22
INB00155,SUP013,HUB-DEL,SKU0046,76,2023-06-18,2023-06-22
INB00155,SUP013,HUB-DEL,SKU0289,57,2023-06-21,2023-06-22
INB00155,SUP013,HUB-DEL,SKU0301,63,2023-06-22,2023-06-22
INB00154,SUP019,HUB-BLR,SKU0145,111,2023-06-22,2023-06-23
INB00154,SUP019,HUB-BLR,SKU0232,117,2023-06-19,2023-06-23
INB00155,SUP013,HUB-DEL,SKU0080,78,2023-06-19,2023-06-23
INB00155,SUP013,HUB-DEL,SKU0249,69,2023-06-18,2023-06-23
INB00155,SUP013,HUB-DEL,SKU0321,89,2023-06-21,2023-06-23
INB00156,SUP006,HUB-BOM,SKU0154,42,2023-06-20,2023-06-23
INB00155,SUP013,HUB-DEL,SKU0036,58,2023-06-20,2023-06-24
INB00155,SUP013,HUB-DEL,SKU0098,58,2023-06-23,2023-06-24
INB00155,SUP013,HUB-DEL,SKU0208,59,2023-06-24,2023-06-24
INB00155,SUP013,HUB-DEL,SKU0238,57,2023-06-24,2023-06-24
INB00155,SUP013,HUB-DEL,SKU0286,57,2023-06-20,2023-06-24
INB00155,SUP013,HUB-DEL,SKU0314,86,2023-06-23,2023-06-24
INB00155,SUP013,HUB-DEL,SKU0498,61,2023-06-23,2023-06-24
INB00154,SUP019,HUB-BLR,SKU0094,120,2023-06-24,2023-06-25
INB00155,SUP013,HUB-DEL,SKU0057,67,2023-06-21,2023-06-25
INB00156,SUP006,HUB-BOM,SKU0273,43,2023-06-24,2023-06-25
INB00156,SUP006,HUB-BOM,SKU0428,38,2023-06-20,2023-06-25
INB00156,SUP006,HUB-BOM,SKU0471,43,2023-06-20,2023-06-25
INB00156,SUP006,HUB-BOM,SKU0474,42,2023-06-23,2023-06-25
INB00155,SUP013,HUB-DEL,SKU0308,67,2023-06-25,2023-06-26
INB00155,SUP013,HUB-DEL,SKU0468,71,2023-06-23,2023-06-26
INB00156,SUP006,HUB-BOM,SKU0020,38,2023-06-21,2023-06-26
INB00156,SUP006,HUB-BOM,SKU0032,38,2023-06-25,2023-06-26
INB00156,SUP006,HUB-BOM,SKU0108,37,2023-06-25,2023-06-26
INB00156,SUP006,HUB-BOM,SKU0147,42,2023-06-23,2023-06-26
INB00156,SUP006,HUB-BOM,SKU0195,44,2023-06-26,2023-06-26
INB00156,SUP006,HUB-BOM,SKU0214,45,2023-06-23,2023-06-26
INB00156,SUP006,HUB-BOM,SKU0257,39,2023-06-22,2023-06-26
INB00156,SUP006,HUB-BOM,SKU0373,47,2023-06-21,2023-06-26
INB00156,SUP006,HUB-BOM,SKU0451,39,2023-06-22,2023-06-26
INB00155,SUP013,HUB-DEL,SKU0015,78,2023-06-23,2023-06-27
INB00155,SUP013,HUB-DEL,SKU0459,63,2023-06-22,2023-06-27
INB00156,SUP006,HUB-BOM,SKU0049,47,2023-06-25,2023-06-27
INB00156,SUP006,HUB-BOM,SKU0160,41,2023-06-22,2023-06-27
INB00156,SUP006,HUB-BOM,SKU0171,39,2023-06-25,2023-06-27
INB00156,SUP006,HUB-BOM,SKU0219,56,2023-06-22,2023-06-27
INB00156,SUP006,HUB-BOM,SKU0280,42,2023-06-22,2023-06-27
INB00156,SUP006,HUB-BOM,SKU0389,37,2023-06-25,2023-06-27
INB00156,SUP006,HUB-BOM,SKU0482,37,2023-06-22,2023-06-27
INB00156,SUP006,HUB-BOM,SKU0096,37,2023-06-23,2023-06-28
INB00156,SUP006,HUB-BOM,SKU0161,41,2023-06-23,2023-06-28
INB00156,SUP006,HUB-BOM,SKU0181,38,2023-06-23,2023-06-28
INB00156,SUP006,HUB-BOM,SKU0292,42,2023-06-26,2023-06-28
INB00156,SUP006,HUB-BOM,SKU0370,39,2023-06-23,2023-06-28
INB00157,SUP008,HUB-BLR,SKU0038,97,2023-06-24,2023-06-28
INB00157,SUP008,HUB-BLR,SKU0229,117,2023-06-27,2023-06-28
INB00157,SUP008,HUB-BLR,SKU0441,97,2023-06-23,2023-06-28
INB00157,SUP008,HUB-BLR,SKU0479,104,2023-06-24,2023-06-28
INB00156,SUP006,HUB-BOM,SKU0159,39,2023-06-29,2023-06-29
INB00156,SUP006,HUB-BOM,SKU0310,41,2023-06-24,2023-06-29
INB00157,SUP008,HUB-BLR,SKU0089,101,2023-06-27,2023-06-29
INB00157,SUP008,HUB-BLR,SKU0093,130,2023-06-25,2023-06-29
INB00157,SUP008,HUB-BLR,SKU0366,117,2023-06-28,2023-06-29
INB00157,SUP008,HUB-BLR,SKU0073,96,2023-06-28,2023-06-30
INB00157,SUP008,HUB-BLR,SKU0183,102,2023-06-28,2023-06-30
INB00157,SUP008,HUB-BLR,SKU0388,93,2023-06-25,2023-06-30
INB00157,SUP008,HUB-BLR,SKU0489,95,2023-06-25,2023-06-30
INB00158,SUP014,HUB-DEL,SKU0284,59,2023-06-27,2023-06-30
INB00158,SUP014,HUB-DEL,SKU0462,69,2023-06-27,2023-06-30
INB00156,SUP006,HUB-BOM,SKU0457,48,2023-06-26,2023-07-01
INB00157,SUP008,HUB-BLR,SKU0072,125,2023-06-30,2023-07-01
INB00157,SUP008,HUB-BLR,SKU0074,108,2023-07-01,2023-07-01
INB00157,SUP008,HUB-BLR,SKU0182,113,2023-07-01,2023-07-01
INB00157,SUP008,HUB-BLR,SKU0258,99,2023-06-28,2023-07-01
INB00157,SUP008,HUB-BLR,SKU0419,108,2023-06-29,2023-07-01
INB00157,SUP008,HUB-BLR,SKU0430,98,2023-06-28,2023-07-01
INB00157,SUP008,HUB-BLR,SKU0435,101,2023-06-30,2023-07-01
INB00158,SUP014,HUB-DEL,SKU0384,59,2023-07-01,2023-07-01
INB00158,SUP014,HUB-DEL,SKU0398,63,2023-06-30,2023-07-01
INB00158,SUP014,HUB-DEL,SKU0449,60,2023-06-27,2023-07-01
INB00157,SUP008,HUB-BLR,SKU0004,95,2023-06-27,2023-07-02
INB00157,SUP008,HUB-BLR,SKU0051,100,2023-06-27,2023-07-02
INB00157,SUP008,HUB-BLR,SKU0148,105,2023-07-02,2023-07-02
INB00157,SUP008,HUB-BLR,SKU0203,108,2023-07-01,2023-07-02
INB00157,SUP008,HUB-BLR,SKU0205,103,2023-06-29,2023-07-02
INB00158,SUP014,HUB-DEL,SKU0133,68,2023-06-27,2023-07-02
INB00158,SUP014,HUB-DEL,SKU0346,72,2023-07-01,2023-07-02
INB00158,SUP014,HUB-DEL,SKU0478,68,2023-06-29,2023-07-02
INB00157,SUP008,HUB-BLR,SKU0071,99,2023-07-01,2023-07-03
INB00157,SUP008,HUB-BLR,SKU0169,112,2023-06-28,2023-07-03
INB00157,SUP008,HUB-BLR,SKU0270,93,2023-06-30,2023-07-03
INB00157,SUP008,HUB-BLR,SKU0385,111,2023-07-01,2023-07-03
INB00157,SUP008,HUB-BLR,SKU0472,113,2023-06-28,2023-07-03
INB00158,SUP014,HUB-DEL,SKU0003,78,2023-07-01,2023-07-03
INB00158,SUP014,HUB-DEL,SKU0030,75,2023-07-01,2023-07-03
INB00158,SUP014,HUB-DEL,SKU0134,67,2023-06-28,2023-07-03
INB00158,SUP014,HUB-DEL,SKU0196,65,2023-06-29,2023-07-03
INB00158,SUP014,HUB-DEL,SKU0212,78,2023-06-30,2023-07-03
INB00158,SUP014,HUB-DEL,SKU0221,61,2023-07-03,2023-07-03
INB00158,SUP014,HUB-DEL,SKU0499,65,2023-07-03,2023-07-03
INB00157,SUP008,HUB-BLR,SKU0179,101,2023-07-01,2023-07-04
INB00157,SUP008,HUB-BLR,SKU0369,100,2023-06-30,2023-07-04
INB00157,SUP008,HUB-BLR,SKU0397,110,2023-07-04,2023-07-04
INB00157,SUP008,HUB-BLR,SKU0460,97,2023-06-30,2023-07-04
INB00158,SUP014,HUB-DEL,SKU0062,60,2023-07-02,2023-07-04
INB00158,SUP014,HUB-DEL,SKU0095,62,2023-07-02,2023-07-04
INB00158,SUP014,HUB-DEL,SKU0235,57,2023-07-03,2023-07-04
INB00158,SUP014,HUB-DEL,SKU0245,64,2023-06-30,2023-07-04
INB00158,SUP014,HUB-DEL,SKU0264,72,2023-07-01,2023-07-04
INB00158,SUP014,HUB-DEL,SKU0414,64,2023-07-01,2023-07-04
INB00159,SUP001,HUB-BOM,SKU0465,48,2023-06-30,2023-07-04
INB00157,SUP008,HUB-BLR,SKU0368,111,2023-07-02,2023-07-05
INB00157,SUP008,HUB-BLR,SKU0371,120,2023-07-04,2023-07-05
INB00157,SUP008,HUB-BLR,SKU0429,95,2023-07-01,2023-07-05
INB00157,SUP008,HUB-BLR,SKU0450,103,2023-07-01,2023-07-05
INB00157,SUP008,HUB-BLR,SKU0486,117,2023-07-04,2023-07-05
INB00158,SUP014,HUB-DEL,SKU0052,58,2023-07-05,2023-07-05
INB00158,SUP014,HUB-DEL,SKU0068,58,2023-07-03,2023-07-05
INB00158,SUP014,HUB-DEL,SKU0173,64,2023-07-01,2023-07-05
INB00158,SUP014,HUB-DEL,SKU0256,57,2023-07-03,2023-07-05
INB00159,SUP001,HUB-BOM,SKU0129,46,2023-07-01,2023-07-05
INB00159,SUP001,HUB-BOM,SKU0139,39,2023-07-02,2023-07-05
INB00159,SUP001,HUB-BOM,SKU0150,47,2023-07-01,2023-07-05
INB00158,SUP014,HUB-DEL,SKU0002,61,2023-07-04,2023-07-06
INB00158,SUP014,HUB-DEL,SKU0031,64,2023-07-04,2023-07-06
INB00158,SUP014,HUB-DEL,SKU0455,68,2023-07-04,2023-07-06
INB00159,SUP001,HUB-BOM,SKU0066,38,2023-07-02,2023-07-06
INB00159,SUP001,HUB-BOM,SKU0124,37,2023-07-03,2023-07-06
INB00159,SUP001,HUB-BOM,SKU0178,37,2023-07-04,2023-07-06
INB00158,SUP014,HUB-DEL,SKU0277,62,2023-07-07,2023-07-07
INB00158,SUP014,HUB-DEL,SKU0312,74,2023-07-04,2023-07-07
INB00159,SUP001,HUB-BOM,SKU0019,39,2023-07-03,2023-07-07
INB00159,SUP001,HUB-BOM,SKU0076,37,2023-07-02,2023-07-07
INB00159,SUP001,HUB-BOM,SKU0164,53,2023-07-06,2023-07-07
INB00159,SUP001,HUB-BOM,SKU0180,42,2023-07-04,2023-07-07
INB00159,SUP001,HUB-BOM,SKU0496,38,2023-07-08,2023-07-08
INB00160,SUP008,HUB-BLR,SKU0130,95,2023-07-06,2023-07-08
INB00159,SUP001,HUB-BOM,SKU0088,40,2023-07-05,2023-07-09
INB00159,SUP001,HUB-BOM,SKU0263,42,2023-07-05,2023-07-09
INB00159,SUP001,HUB-BOM,SKU0266,46,2023-07-07,2023-07-09
INB00159,SUP001,HUB-BOM,SKU0300,38,2023-07-05,2023-07-09
INB00159,SUP001,HUB-BOM,SKU0456,48,2023-07-08,2023-07-09
INB00160,SUP008,HUB-BLR,SKU0018,121,2023-07-08,2023-07-09
INB00160,SUP008,HUB-BLR,SKU0217,107,2023-07-08,2023-07-09
INB00160,SUP008,HUB-BLR,SKU0234,98,2023-07-09,2023-07-09
INB00160,SUP008,HUB-BLR,SKU0291,132,2023-07-08,2023-07-09
INB00160,SUP008,HUB-BLR,SKU0466,99,2023-07-09,2023-07-09
INB00159,SUP001,HUB-BOM,SKU0054,38,2023-07-09,2023-07-10
INB00159,SUP001,HUB-BOM,SKU0276,38,2023-07-06,2023-07-10
INB00159,SUP001,HUB-BOM,SKU0330,48,2023-07-07,2023-07-10
INB00160,SUP008,HUB-BLR,SKU0247,106,2023-07-06,2023-07-10
INB00160,SUP008,HUB-BLR,SKU0285,101,2023-07-06,2023-07-10
INB00160,SUP008,HUB-BLR,SKU0295,99,2023-07-06,2023-07-10
INB00160,SUP008,HUB-BLR,SKU0313,101,2023-07-10,2023-07-10
INB00160,SUP008,HUB-BLR,SKU0333,111,2023-07-05,2023-07-10
INB00160,SUP008,HUB-BLR,SKU0348,95,2023-07-05,2023-07-10
INB00160,SUP008,HUB-BLR,SKU0359,106,2023-07-06,2023-07-10
INB00160,SUP008,HUB-BLR,SKU0363,117,2023-07-08,2023-07-10
INB00160,SUP008,HUB-BLR,SKU0409,94,2023-07-10,2023-07-10
INB00160,SUP008,HUB-BLR,SKU0433,101,2023-07-07,2023-07-10
INB00160,SUP008,HUB-BLR,SKU0440,113,2023-07-09,2023-07-10
INB00161,SUP014,HUB-DEL,SKU0113,61,2023-07-05,2023-07-10
INB00161,SUP014,HUB-DEL,SKU0149,62,2023-07-07,2023-07-10
INB00161,SUP014,HUB-DEL,SKU0390,66,2023-07-05,2023-07-10
INB00159,SUP001,HUB-BOM,SKU0083,41,2023-07-06,2023-07-11
INB00159,SUP001,HUB-BOM,SKU0085,51,2023-07-06,2023-07-11
INB00159,SUP001,HUB-BOM,SKU0350,56,2023-07-09,2023-07-11
INB00160,SUP008,HUB-BLR,SKU0050,124,2023-07-06,2023-07-11
INB00160,SUP008,HUB-BLR,SKU0061,106,2023-07-07,2023-07-11
INB00160,SUP008,HUB-BLR,SKU0069,132,2023-07-11,2023-07-11
INB00160,SUP008,HUB-BLR,SKU0105,125,2023-07-08,2023-07-11
INB00160,SUP008,HUB-BLR,SKU0121,100,2023-07-06,2023-07-11
INB00160,SUP008,HUB-BLR,SKU0143,102,2023-07-09,2023-07-11
INB00160,SUP008,HUB-BLR,SKU0197,153,2023-07-08,2023-07-11
INB00160,SUP008,HUB-BLR,SKU0361,116,2023-07-10,2023-07-11
INB00160,SUP008,HUB-BLR,SKU0418,126,2023-07-08,2023-07-11
INB00160,SUP008,HUB-BLR,SKU0484,102,2023-07-06,2023-07-11
INB00161,SUP014,HUB-DEL,SKU0006,61,2023-07-08,2023-07-11
INB00161,SUP014,HUB-DEL,SKU0328,64,2023-07-10,2023-07-11
INB00161,SUP014,HUB-DEL,SKU0382,58,2023-07-09,2023-07-11
INB00161,SUP014,HUB-DEL,SKU0412,68,2023-07-07,2023-07-11
INB00161,SUP014,HUB-DEL,SKU0427,57,2023-07-09,2023-07-11
INB00161,SUP014,HUB-DEL,SKU0467,63,2023-07-09,2023-07-11
INB00160,SUP008,HUB-BLR,SKU0033,104,2023-07-11,2023-07-12
INB00160,SUP008,HUB-BLR,SKU0192,95,2023-07-09,2023-07-12
INB00160,SUP008,HUB-BLR,SKU0206,106,2023-07-08,2023-07-12
INB00160,SUP008,HUB-BLR,SKU0211,110,2023-07-08,2023-07-12
INB00160,SUP008,HUB-BLR,SKU0239,109,2023-07-12,2023-07-12
INB00160,SUP008,HUB-BLR,SKU0244,109,2023-07-12,2023-07-12
INB00160,SUP008,HUB-BLR,SKU0288,111,2023-07-11,2023-07-12
INB00160,SUP008,HUB-BLR,SKU0322,97,2023-07-08,2023-07-12
INB00160,SUP008,HUB-BLR,SKU0326,103,2023-07-08,2023-07-12
INB00160,SUP008,HUB-BLR,SKU0354,96,2023-07-08,2023-07-12
INB00160,SUP008,HUB-BLR,SKU0357,94,2023-07-11,2023-07-12
INB00160,SUP008,HUB-BLR,SKU0480,115,2023-07-11,2023-07-12
INB00160,SUP008,HUB-BLR,SKU0500,122,2023-07-11,2023-07-12
INB00161,SUP014,HUB-DEL,SKU0184,61,2023-07-09,2023-07-12
INB00160,SUP008,HUB-BLR,SKU0407,98,2023-07-11,2023-07-13
INB00160,SUP008,HUB-BLR,SKU0494,119,2023-07-10,2023-07-13
INB00161,SUP014,HUB-DEL,SKU0045,60,2023-07-13,2023-07-13
INB00161,SUP014,HUB-DEL,SKU0103,62,2023-07-09,2023-07-13
INB00161,SUP014,HUB-DEL,SKU0207,60,2023-07-08,2023-07-13
INB00161,SUP014,HUB-DEL,SKU0282,92,2023-07-08,2023-07-13
INB00161,SUP014,HUB-DEL,SKU0364,64,2023-07-09,2023-07-13
INB00160,SUP008,HUB-BLR,SKU0013,134,2023-07-09,2023-07-14
INB00160,SUP008,HUB-BLR,SKU0099,113,2023-07-10,2023-07-14
INB00160,SUP008,HUB-BLR,SKU0201,97,2023-07-09,2023-07-14
INB00160,SUP008,HUB-BLR,SKU0294,145,2023-07-09,2023-07-14
INB00160,SUP008,HUB-BLR,SKU0336,112,2023-07-11,2023-07-14
INB00161,SUP014,HUB-DEL,SKU0047,57,2023-07-09,2023-07-14
INB00161,SUP014,HUB-DEL,SKU0086,62,2023-07-12,2023-07-14
INB00161,SUP014,HUB-DEL,SKU0281,58,2023-07-13,2023-07-14
INB00161,SUP014,HUB-DEL,SKU0422,57,2023-07-14,2023-07-14
INB00161,SUP014,HUB-DEL,SKU0439,62,2023-07-12,2023-07-14
INB00162,SUP009,HUB-BOM,SKU0001,41,2023-07-13,2023-07-14
INB00161,SUP014,HUB-DEL,SKU0092,59,2023-07-10,2023-07-15
INB00161,SUP014,HUB-DEL,SKU0298,65,2023-07-15,2023-07-15
INB00162,SUP009,HUB-BOM,SKU0107,47,2023-07-12,2023-07-15
INB00162,SUP009,HUB-BOM,SKU0189,53,2023-07-14,2023-07-15
INB00162,SUP009,HUB-BOM,SKU0415,37,2023-07-10,2023-07-15
INB00161,SUP014,HUB-DEL,SKU0321,68,2023-07-13,2023-07-16
INB00161,SUP014,HUB-DEL,SKU0339,66,2023-07-15,2023-07-16
INB00162,SUP009,HUB-BOM,SKU0070,52,2023-07-16,2023-07-16
INB00162,SUP009,HUB-BOM,SKU0186,47,2023-07-15,2023-07-16
INB00162,SUP009,HUB-BOM,SKU0358,44,2023-07-13,2023-07-16
INB00162,SUP009,HUB-BOM,SKU0380,38,2023-07-12,2023-07-16
INB00161,SUP014,HUB-DEL,SKU0334,57,2023-07-15,2023-07-17
INB00162,SUP009,HUB-BOM,SKU0106,45,2023-07-15,2023-07-17
INB00162,SUP009,HUB-BOM,SKU0146,39,2023-07-14,2023-07-17
INB00162,SUP009,HUB-BOM,SKU0223,51,2023-07-16,2023-07-17
INB00162,SUP009,HUB-BOM,SKU0274,49,2023-07-16,2023-07-17
INB00162,SUP009,HUB-BOM,SKU0421,38,2023-07-16,2023-07-17
INB00163,SUP005,HUB-BLR,SKU0091,104,2023-07-17,2023-07-17
INB00163,SUP005,HUB-BLR,SKU0156,109,2023-07-15,2023-07-17
INB00163,SUP005,HUB-BLR,SKU0283,97,2023-07-16,2023-07-17
INB00163,SUP005,HUB-BLR,SKU0305,138,2023-07-13,2023-07-17
INB00163,SUP005,HUB-BLR,SKU0327,96,2023-07-16,2023-07-17
INB00162,SUP009,HUB-BOM,SKU0176,44,2023-07-17,2023-07-18
INB00162,SUP009,HUB-BOM,SKU0275,40,2023-07-17,2023-07-18
INB00162,SUP009,HUB-BOM,SKU0353,37,2023-07-15,2023-07-18
INB00162,SUP009,HUB-BOM,SKU0469,49,2023-07-18,2023-07-18
INB00163,SUP005,HUB-BLR,SKU0012,121,2023-07-13,2023-07-18
INB00163,SUP005,HUB-BLR,SKU0016,139,2023-07-14,2023-07-18
INB00163,SUP005,HUB-BLR,SKU0023,148,2023-07-14,2023-07-18
INB00163,SUP005,HUB-BLR,SKU0224,119,2023-07-14,2023-07-18
INB00162,SUP009,HUB-BOM,SKU0343,42,2023-07-15,2023-07-19
INB00162,SUP009,HUB-BOM,SKU0355,38,2023-07-17,2023-07-19
INB00162,SUP009,HUB-BOM,SKU0410,38,2023-07-18,2023-07-19
INB00162,SUP009,HUB-BOM,SKU0420,46,2023-07-16,2023-07-19
INB00162,SUP009,HUB-BOM,SKU0431,47,2023-07-18,2023-07-19
INB00162,SUP009,HUB-BOM,SKU0432,43,2023-07-15,2023-07-19
INB00162,SUP009,HUB-BOM,SKU0446,45,2023-07-15,2023-07-19
INB00163,SUP005,HUB-BLR,SKU0044,146,2023-07-18,2023-07-19
INB00163,SUP005,HUB-BLR,SKU0079,151,2023-07-14,2023-07-19
INB00163,SUP005,HUB-BLR,SKU0087,93,2023-07-18,2023-07-19
INB00163,SUP005,HUB-BLR,SKU0122,104,2023-07-15,2023-07-19
INB00163,SUP005,HUB-BLR,SKU0166,116,2023-07-16,2023-07-19
INB00163,SUP005,HUB-BLR,SKU0236,99,2023-07-14,2023-07-19
INB00163,SUP005,HUB-BLR,SKU0445,141,2023-07-17,2023-07-19
INB00162,SUP009,HUB-BOM,SKU0118,42,2023-07-20,2023-07-20
INB00162,SUP009,HUB-BOM,SKU0193,43,2023-07-17,2023-07-20
INB00162,SUP009,HUB-BOM,SKU0255,47,2023-07-18,2023-07-20
INB00162,SUP009,HUB-BOM,SKU0262,40,2023-07-16,2023-07-20
INB00162,SUP009,HUB-BOM,SKU0278,54,2023-07-17,2023-07-20
INB00162,SUP009,HUB-BOM,SKU0476,38,2023-07-19,2023-07-20
INB00163,SUP005,HUB-BLR,SKU0005,147,2023-07-15,2023-07-20
INB00163,SUP005,HUB-BLR,SKU0026,161,2023-07-17,2023-07-20
INB00163,SUP005,HUB-BLR,SKU0035,101,2023-07-16,2023-07-20
INB00163,SUP005,HUB-BLR,SKU0038,178,2023-07-15,2023-07-20
INB00163,SUP005,HUB-BLR,SKU0242,157,2023-07-15,2023-07-20
INB00163,SUP005,HUB-BLR,SKU0303,110,2023-07-18,2023-07-20
INB00163,SUP005,HUB-BLR,SKU0320,125,2023-07-16,2023-07-20
INB00163,SUP005,HUB-BLR,SKU0397,116,2023-07-16,2023-07-20
INB00163,SUP005,HUB-BLR,SKU0401,107,2023-07-15,2023-07-20
INB00163,SUP005,HUB-BLR,SKU0404,96,2023-07-20,2023-07-20
INB00163,SUP005,HUB-BLR,SKU0450,157,2023-07-17,2023-07-20
INB00163,SUP005,HUB-BLR,SKU0489,143,2023-07-15,2023-07-20
INB00163,SUP005,HUB-BLR,SKU0492,203,2023-07-19,2023-07-20
INB00164,SUP017,HUB-DEL,SKU0100,57,2023-07-17,2023-07-20
INB00162,SUP009,HUB-BOM,SKU0250,43,2023-07-17,2023-07-21
INB00162,SUP009,HUB-BOM,SKU0461,42,2023-07-20,2023-07-21
INB00163,SUP005,HUB-BLR,SKU0041,133,2023-07-19,2023-07-21
INB00163,SUP005,HUB-BLR,SKU0081,141,2023-07-19,2023-07-21
INB00163,SUP005,HUB-BLR,SKU0112,154,2023-07-18,2023-07-21
INB00163,SUP005,HUB-BLR,SKU0131,95,2023-07-19,2023-07-21
INB00163,SUP005,HUB-BLR,SKU0148,94,2023-07-17,2023-07-21
INB00163,SUP005,HUB-BLR,SKU0167,193,2023-07-16,2023-07-21
INB00163,SUP005,HUB-BLR,SKU0332,95,2023-07-21,2023-07-21
INB00163,SUP005,HUB-BLR,SKU0433,102,2023-07-17,2023-07-21
INB00163,SUP005,HUB-BLR,SKU0493,130,2023-07-21,2023-07-21
INB00163,SUP005,HUB-BLR,SKU0495,94,2023-07-17,2023-07-21
INB00164,SUP017,HUB-DEL,SKU0268,62,2023-07-21,2023-07-21
INB00162,SUP009,HUB-BOM,SKU0392,62,2023-07-18,2023-07-22
INB00163,SUP005,HUB-BLR,SKU0065,120,2023-07-21,2023-07-22
INB00163,SUP005,HUB-BLR,SKU0082,117,2023-07-20,2023-07-22
INB00163,SUP005,HUB-BLR,SKU0290,121,2023-07-18,2023-07-22
INB00163,SUP005,HUB-BLR,SKU0335,121,2023-07-21,2023-07-22
INB00163,SUP005,HUB-BLR,SKU0394,122,2023-07-21,2023-07-22
INB00164,SUP017,HUB-DEL,SKU0102,61,2023-07-19,2023-07-22
INB00164,SUP017,HUB-DEL,SKU0157,57,2023-07-21,2023-07-22
INB00164,SUP017,HUB-DEL,SKU0187,67,2023-07-22,2023-07-22
INB00164,SUP017,HUB-DEL,SKU0188,57,2023-07-17,2023-07-22
INB00164,SUP017,HUB-DEL,SKU0215,57,2023-07-17,2023-07-22
INB00164,SUP017,HUB-DEL,SKU0226,58,2023-07-21,2023-07-22
INB00164,SUP017,HUB-DEL,SKU0253,64,2023-07-21,2023-07-22
INB00164,SUP017,HUB-DEL,SKU0342,58,2023-07-19,2023-07-22
INB00163,SUP005,HUB-BLR,SKU0153,121,2023-07-21,2023-07-23
INB00163,SUP005,HUB-BLR,SKU0344,101,2023-07-19,2023-07-23
INB00164,SUP017,HUB-DEL,SKU0007,61,2023-07-19,2023-07-23
INB00164,SUP017,HUB-DEL,SKU0037,66,2023-07-23,2023-07-23
INB00164,SUP017,HUB-DEL,SKU0042,62,2023-07-23,2023-07-23
INB00164,SUP017,HUB-DEL,SKU0190,65,2023-07-19,2023-07-23
INB00164,SUP017,HUB-DEL,SKU0316,62,2023-07-19,2023-07-23
INB00164,SUP017,HUB-DEL,SKU0318,61,2023-07-18,2023-07-23
INB00163,SUP005,HUB-BLR,SKU0101,110,2023-07-21,2023-07-24
INB00163,SUP005,HUB-BLR,SKU0198,188,2023-07-19,2023-07-24
INB00163,SUP005,HUB-BLR,SKU0237,105,2023-07-19,2023-07-24
INB00164,SUP017,HUB-DEL,SKU0202,72,2023-07-20,2023-07-24
INB00164,SUP017,HUB-DEL,SKU0233,74,2023-07-20,2023-07-24
INB00164,SUP017,HUB-DEL,SKU0341,74,2023-07-23,2023-07-24
INB00164,SUP017,HUB-DEL,SKU0053,72,2023-07-21,2023-07-25
INB00164,SUP017,HUB-DEL,SKU0078,70,2023-07-24,2023-07-25
INB00164,SUP017,HUB-DEL,SKU0163,63,2023-07-25,2023-07-25
INB00164,SUP017,HUB-DEL,SKU0416,67,2023-07-25,2023-07-25
INB00165,SUP006,HUB-BOM,SKU0014,51,2023-07-22,2023-07-25
INB00165,SUP006,HUB-BOM,SKU0116,44,2023-07-24,2023-07-25
INB00165,SUP006,HUB-BOM,SKU0195,44,2023-07-22,2023-07-25
INB00165,SUP006,HUB-BOM,SKU0338,53,2023-07-20,2023-07-25
INB00165,SUP006,HUB-BOM,SKU0408,39,2023-07-25,2023-07-25
INB00164,SUP017,HUB-DEL,SKU0144,65,2023-07-24,2023-07-26
INB00164,SUP017,HUB-DEL,SKU0225,57,2023-07-21,2023-07-26
INB00164,SUP017,HUB-DEL,SKU0306,70,2023-07-21,2023-07-26
INB00165,SUP006,HUB-BOM,SKU0024,37,2023-07-26,2023-07-26
INB00165,SUP006,HUB-BOM,SKU0372,42,2023-07-22,2023-07-26
INB00165,SUP006,HUB-BOM,SKU0009,56,2023-07-22,2023-07-27
INB00165,SUP006,HUB-BOM,SKU0090,46,2023-07-23,2023-07-27
INB00165,SUP006,HUB-BOM,SKU0114,40,2023-07-22,2023-07-27
INB00165,SUP006,HUB-BOM,SKU0168,44,2023-07-23,2023-07-27
INB00165,SUP006,HUB-BOM,SKU0210,37,2023-07-26,2023-07-27
INB00165,SUP006,HUB-BOM,SKU0219,37,2023-07-27,2023-07-27
INB00165,SUP006,HUB-BOM,SKU0272,43,2023-07-26,2023-07-27
INB00165,SUP006,HUB-BOM,SKU0452,42,2023-07-25,2023-07-27
INB00166,SUP018,HUB-BLR,SKU0061,110,2023-07-22,2023-07-27
INB00166,SUP018,HUB-BLR,SKU0120,102,2023-07-24,2023-07-27
INB00166,SUP018,HUB-BLR,SKU0182,126,2023-07-27,2023-07-27
INB00166,SUP018,HUB-BLR,SKU0486,109,2023-07-22,2023-07-27
INB00164,SUP017,HUB-DEL,SKU0325,65,2023-07-28,2023-07-28
INB00165,SUP006,HUB-BOM,SKU0159,43,2023-07-23,2023-07-28
INB00165,SUP006,HUB-BOM,SKU0170,42,2023-07-25,2023-07-28
INB00165,SUP006,HUB-BOM,SKU0228,42,2023-07-24,2023-07-28
INB00165,SUP006,HUB-BOM,SKU0292,38,2023-07-24,2023-07-28
INB00165,SUP006,HUB-BOM,SKU0302,49,2023-07-23,2023-07-28
INB00165,SUP006,HUB-BOM,SKU0378,47,2023-07-28,2023-07-28
INB00165,SUP006,HUB-BOM,SKU0389,40,2023-07-23,2023-07-28
INB00165,SUP006,HUB-BOM,SKU0477,40,2023-07-23,2023-07-28
INB00165,SUP006,HUB-BOM,SKU0482,39,2023-07-25,2023-07-28
INB00166,SUP018,HUB-BLR,SKU0110,107,2023-07-24,2023-07-28
INB00166,SUP018,HUB-BLR,SKU0165,156,2023-07-27,2023-07-28
INB00166,SUP018,HUB-BLR,SKU0185,116,2023-07-27,2023-07-28
INB00166,SUP018,HUB-BLR,SKU0285,103,2023-07-28,2023-07-28
INB00166,SUP018,HUB-BLR,SKU0405,116,2023-07-27,2023-07-28
INB00165,SUP006,HUB-BOM,SKU0058,40,2023-07-28,2023-07-29
INB00165,SUP006,HUB-BOM,SKU0067,42,2023-07-26,2023-07-29
INB00165,SUP006,HUB-BOM,SKU0155,41,2023-07-26,2023-07-29
INB00165,SUP006,HUB-BOM,SKU0246,48,2023-07-24,2023-07-29
INB00165,SUP006,HUB-BOM,SKU0310,44,2023-07-25,2023-07-29
INB00165,SUP006,HUB-BOM,SKU0396,39,2023-07-26,2023-07-29
INB00165,SUP006,HUB-BOM,SKU0411,54,2023-07-26,2023-07-29
INB00166,SUP018,HUB-BLR,SKU0069,98,2023-07-25,2023-07-29
INB00166,SUP018,HUB-BLR,SKU0109,126,2023-07-26,2023-07-29
INB00166,SUP018,HUB-BLR,SKU0227,104,2023-07-28,2023-07-29
INB00166,SUP018,HUB-BLR,SKU0329,100,2023-07-24,2023-07-29
INB00166,SUP018,HUB-BLR,SKU0345,123,2023-07-27,2023-07-29
INB00166,SUP018,HUB-BLR,SKU0377,119,2023-07-27,2023-07-29
INB00166,SUP018,HUB-BLR,SKU0454,137,2023-07-27,2023-07-29
INB00165,SUP006,HUB-BOM,SKU0097,48,2023-07-26,2023-07-30
INB00165,SUP006,HUB-BOM,SKU0154,38,2023-07-28,2023-07-30
INB00165,SUP006,HUB-BOM,SKU0209,40,2023-07-25,2023-07-30
INB00165,SUP006,HUB-BOM,SKU0347,41,2023-07-25,2023-07-30
INB00165,SUP006,HUB-BOM,SKU0374,45,2023-07-30,2023-07-30
INB00165,SUP006,HUB-BOM,SKU0448,38,2023-07-27,2023-07-30
INB00165,SUP006,HUB-BOM,SKU0485,41,2023-07-30,2023-07-30
INB00166,SUP018,HUB-BLR,SKU0132,136,2023-07-28,2023-07-30
INB00166,SUP018,HUB-BLR,SKU0162,129,2023-07-26,2023-07-30
INB00166,SUP018,HUB-BLR,SKU0172,111,2023-07-27,2023-07-30
INB00166,SUP018,HUB-BLR,SKU0248,158,2023-07-28,2023-07-30
INB00166,SUP018,HUB-BLR,SKU0271,120,2023-07-25,2023-07-30
INB00166,SUP018,HUB-BLR,SKU0299,116,2023-07-30,2023-07-30
INB00166,SUP018,HUB-BLR,SKU0360,145,2023-07-25,2023-07-30
INB00166,SUP018,HUB-BLR,SKU0369,112,2023-07-28,2023-07-30
INB00166,SUP018,HUB-BLR,SKU0383,123,2023-07-26,2023-07-30
INB00166,SUP018,HUB-BLR,SKU0419,135,2023-07-28,2023-07-30
INB00166,SUP018,HUB-BLR,SKU0445,110,2023-07-30,2023-07-30
INB00166,SUP018,HUB-BLR,SKU0484,169,2023-07-30,2023-07-30
INB00165,SUP006,HUB-BOM,SKU0088,37,2023-07-29,2023-07-31
INB00165,SUP006,HUB-BOM,SKU0174,44,2023-07-29,2023-07-31
INB00165,SUP006,HUB-BOM,SKU0387,37,2023-07-31,2023-07-31
INB00165,SUP006,HUB-BOM,SKU0437,39,2023-07-29,2023-07-31
INB00166,SUP018,HUB-BLR,SKU0073,115,2023-07-26,2023-07-31
INB00166,SUP018,HUB-BLR,SKU0105,106,2023-07-29,2023-07-31
INB00166,SUP018,HUB-BLR,SKU0140,169,2023-07-28,2023-07-31
INB00166,SUP018,HUB-BLR,SKU0192,115,2023-07-31,2023-07-31
INB00166,SUP018,HUB-BLR,SKU0203,108,2023-07-29,2023-07-31
INB00166,SUP018,HUB-BLR,SKU0234,138,2023-07-27,2023-07-31
INB00166,SUP018,HUB-BLR,SKU0304,134,2023-07-29,2023-07-31
INB00166,SUP018,HUB-BLR,SKU0322,138,2023-07-29,2023-07-31
INB00166,SUP018,HUB-BLR,SKU0352,99,2023-07-28,2023-07-31
INB00166,SUP018,HUB-BLR,SKU0418,110,2023-07-29,2023-07-31
INB00166,SUP018,HUB-BLR,SKU0475,129,2023-07-29,2023-07-31
INB00167,SUP012,HUB-DEL,SKU0426,68,2023-07-29,2023-07-31
INB00165,SUP006,HUB-BOM,SKU0340,41,2023-07-31,2023-08-01
INB00166,SUP018,HUB-BLR,SKU0094,116,2023-07-28,2023-08-01
INB00166,SUP018,HUB-BLR,SKU0201,107,2023-07-27,2023-08-01
INB00166,SUP018,HUB-BLR,SKU0269,105,2023-07-29,2023-08-01
INB00166,SUP018,HUB-BLR,SKU0270,143,2023-08-01,2023-08-01
INB00166,SUP018,HUB-BLR,SKU0348,112,2023-07-27,2023-08-01
INB00166,SUP018,HUB-BLR,SKU0359,180,2023-07-31,2023-08-01
INB00166,SUP018,HUB-BLR,SKU0388,110,2023-07-27,2023-08-01
INB00166,SUP018,HUB-BLR,SKU0444,128,2023-07-30,2023-08-01
INB00167,SUP012,HUB-DEL,SKU0194,60,2023-07-30,2023-08-01
INB00167,SUP012,HUB-DEL,SKU0240,57,2023-07-30,2023-08-01
INB00167,SUP012,HUB-DEL,SKU0491,58,2023-08-01,2023-08-01
INB00165,SUP006,HUB-BOM,SKU0127,53,2023-07-28,2023-08-02
INB00165,SUP006,HUB-BOM,SKU0160,42,2023-07-28,2023-08-02
INB00166,SUP018,HUB-BLR,SKU0018,108,2023-08-01,2023-08-02
INB00166,SUP018,HUB-BLR,SKU0354,99,2023-07-29,2023-08-02
INB00166,SUP018,HUB-BLR,SKU0433,103,2023-07-29,2023-08-02
INB00166,SUP018,HUB-BLR,SKU0460,98,2023-08-01,2023-08-02
INB00166,SUP018,HUB-BLR,SKU0488,114,2023-07-31,2023-08-02
INB00167,SUP012,HUB-DEL,SKU0008,71,2023-07-28,2023-08-02
INB00167,SUP012,HUB-DEL,SKU0043,64,2023-07-31,2023-08-02
INB00167,SUP012,HUB-DEL,SKU0297,66,2023-08-01,2023-08-02
INB00166,SUP018,HUB-BLR,SKU0385,132,2023-07-31,2023-08-03
INB00166,SUP018,HUB-BLR,SKU0429,117,2023-08-01,2023-08-03
INB00167,SUP012,HUB-DEL,SKU0125,62,2023-08-02,2023-08-03
INB00167,SUP012,HUB-DEL,SKU0142,70,2023-08-01,2023-08-03
INB00167,SUP012,HUB-DEL,SKU0463,83,2023-08-01,2023-08-03
INB00167,SUP012,HUB-DEL,SKU0464,59,2023-07-30,2023-08-03
INB00166,SUP018,HUB-BLR,SKU0423,116,2023-08-04,2023-08-04
INB00167,SUP012,HUB-DEL,SKU0027,61,2023-08-02,2023-08-04
INB00167,SUP012,HUB-DEL,SKU0039,59,2023-07-30,2023-08-04
INB00167,SUP012,HUB-DEL,SKU0060,60,2023-07-30,2023-08-04
INB00167,SUP012,HUB-DEL,SKU0296,72,2023-08-01,2023-08-04
INB00167,SUP012,HUB-DEL,SKU0104,63,2023-07-31,2023-08-05
INB00167,SUP012,HUB-DEL,SKU0117,63,2023-07-31,2023-08-05
INB00167,SUP012,HUB-DEL,SKU0138,62,2023-08-01,2023-08-05
INB00167,SUP012,HUB-DEL,SKU0497,63,2023-08-04,2023-08-05
INB00168,SUP002,HUB-BOM,SKU0218,60,2023-08-03,2023-08-05
INB00168,SUP002,HUB-BOM,SKU0470,51,2023-08-05,2023-08-05
INB00168,SUP002,HUB-BOM,SKU0473,50,2023-08-03,2023-08-05
INB00167,SUP012,HUB-DEL,SKU0011,63,2023-08-03,2023-08-06
INB00167,SUP012,HUB-DEL,SKU0478,57,2023-08-03,2023-08-06
INB00168,SUP002,HUB-BOM,SKU0040,68,2023-08-04,2023-08-06
INB00168,SUP002,HUB-BOM,SKU0260,47,2023-08-06,2023-08-06
INB00168,SUP002,HUB-BOM,SKU0370,49,2023-08-05,2023-08-06
INB00168,SUP002,HUB-BOM,SKU0199,37,2023-08-05,2023-08-07
INB00168,SUP002,HUB-BOM,SKU0241,40,2023-08-02,2023-08-07
INB00168,SUP002,HUB-BOM,SKU0315,59,2023-08-05,2023-08-07
INB00168,SUP002,HUB-BOM,SKU0351,39,2023-08-05,2023-08-07
INB00168,SUP002,HUB-BOM,SKU0438,44,2023-08-05,2023-08-07
INB00169,SUP010,HUB-BLR,SKU0175,132,2023-08-03,2023-08-07
INB00169,SUP010,HUB-BLR,SKU0222,143,2023-08-04,2023-08-07
INB00169,SUP010,HUB-BLR,SKU0309,161,2023-08-06,2023-08-07
INB00169,SUP010,HUB-BLR,SKU0360,94,2023-08-02,2023-08-07
INB00169,SUP010,HUB-BLR,SKU0479,128,2023-08-03,2023-08-07
INB00168,SUP002,HUB-BOM,SKU0020,46,2023-08-05,2023-08-08
INB00168,SUP002,HUB-BOM,SKU0054,40,2023-08-08,2023-08-08
INB00168,SUP002,HUB-BOM,SKU0066,37,2023-08-08,2023-08-08
INB00168,SUP002,HUB-BOM,SKU0096,55,2023-08-06,2023-08-08
INB00168,SUP002,HUB-BOM,SKU0191,55,2023-08-05,2023-08-08
INB00168,SUP002,HUB-BOM,SKU0257,45,2023-08-03,2023-08-08
INB00168,SUP002,HUB-BOM,SKU0434,41,2023-08-03,2023-08-08
INB00168,SUP002,HUB-BOM,SKU0443,41,2023-08-03,2023-08-08
INB00168,SUP002,HUB-BOM,SKU0490,41,2023-08-04,2023-08-08
INB00169,SUP010,HUB-BLR,SKU0016,122,2023-08-06,2023-08-08
INB00169,SUP010,HUB-BLR,SKU0158,129,2023-08-03,2023-08-08
INB00169,SUP010,HUB-BLR,SKU0169,103,2023-08-05,2023-08-08
INB00169,SUP010,HUB-BLR,SKU0206,119,2023-08-07,2023-08-08
INB00169,SUP010,HUB-BLR,SKU0239,136,2023-08-03,2023-08-08
INB00169,SUP010,HUB-BLR,SKU0244,122,2023-08-04,2023-08-08
INB00169,SUP010,HUB-BLR,SKU0368,142,2023-08-07,2023-08-08
INB00169,SUP010,HUB-BLR,SKU0397,118,2023-08-03,2023-08-08
INB00169,SUP010,HUB-BLR,SKU0413,127,2023-08-05,2023-08-08
INB00169,SUP010,HUB-BLR,SKU0435,130,2023-08-03,2023-08-08
INB00169,SUP010,HUB-BLR,SKU0472,94,2023-08-03,2023-08-08
INB00168,SUP002,HUB-BOM,SKU0177,37,2023-08-05,2023-08-09
INB00168,SUP002,HUB-BOM,SKU0276,44,2023-08-04,2023-08-09
INB00168,SUP002,HUB-BOM,SKU0279,37,2023-08-04,2023-08-09
INB00168,SUP002,HUB-BOM,SKU0311,67,2023-08-07,2023-08-09
INB00168,SUP002,HUB-BOM,SKU0319,37,2023-08-07,2023-08-09
INB00168,SUP002,HUB-BOM,SKU0337,40,2023-08-07,2023-08-09
INB00168,SUP002,HUB-BOM,SKU0391,42,2023-08-04,2023-08-09
INB00168,SUP002,HUB-BOM,SKU0406,42,2023-08-06,2023-08-09
INB00169,SUP010,HUB-BLR,SKU0033,95,2023-08-07,2023-08-09
INB00169,SUP010,HUB-BLR,SKU0089,138,2023-08-06,2023-08-09
INB00169,SUP010,HUB-BLR,SKU0294,120,2023-08-07,2023-08-09
INB00169,SUP010,HUB-BLR,SKU0305,131,2023-08-05,2023-08-09
INB00169,SUP010,HUB-BLR,SKU0371,111,2023-08-07,2023-08-09
INB00169,SUP010,HUB-BLR,SKU0495,108,2023-08-05,2023-08-09
INB00168,SUP002,HUB-BOM,SKU0119,40,2023-08-05,2023-08-10
INB00168,SUP002,HUB-BOM,SKU0126,39,2023-08-06,2023-08-10
INB00168,SUP002,HUB-BOM,SKU0216,49,2023-08-06,2023-08-10
INB00168,SUP002,HUB-BOM,SKU0331,47,2023-08-10,2023-08-10
INB00168,SUP002,HUB-BOM,SKU0373,38,2023-08-10,2023-08-10
INB00168,SUP002,HUB-BOM,SKU0483,50,2023-08-09,2023-08-10
INB00169,SUP010,HUB-BLR,SKU0021,100,2023-08-05,2023-08-10
INB00169,SUP010,HUB-BLR,SKU0038,93,2023-08-09,2023-08-10
INB00169,SUP010,HUB-BLR,SKU0087,131,2023-08-09,2023-08-10
INB00169,SUP010,HUB-BLR,SKU0131,145,2023-08-05,2023-08-10
INB00169,SUP010,HUB-BLR,SKU0145,116,2023-08-07,2023-08-10
INB00169,SUP010,HUB-BLR,SKU0153,150,2023-08-08,2023-08-10
INB00169,SUP010,HUB-BLR,SKU0197,101,2023-08-09,2023-08-10
INB00169,SUP010,HUB-BLR,SKU0323,109,2023-08-05,2023-08-10
INB00169,SUP010,HUB-BLR,SKU0326,172,2023-08-05,2023-08-10
INB00169,SUP010,HUB-BLR,SKU0336,103,2023-08-08,2023-08-10
INB00169,SUP010,HUB-BLR,SKU0362,131,2023-08-06,2023-08-10
INB00169,SUP010,HUB-BLR,SKU0388,135,2023-08-06,2023-08-10
INB00169,SUP010,HUB-BLR,SKU0441,112,2023-08-07,2023-08-10
INB00170,SUP014,HUB-DEL,SKU0098,57,2023-08-07,2023-08-10
INB00168,SUP002,HUB-BOM,SKU0022,38,2023-08-07,2023-08-11
INB00168,SUP002,HUB-BOM,SKU0123,44,2023-08-06,2023-08-11
INB00169,SUP010,HUB-BLR,SKU0004,107,2023-08-08,2023-08-11
INB00169,SUP010,HUB-BLR,SKU0063,160,2023-08-08,2023-08-11
INB00169,SUP010,HUB-BLR,SKU0121,191,2023-08-10,2023-08-11
INB00169,SUP010,HUB-BLR,SKU0198,103,2023-08-07,2023-08-11
INB00169,SUP010,HUB-BLR,SKU0251,96,2023-08-10,2023-08-11
INB00169,SUP010,HUB-BLR,SKU0409,124,2023-08-06,2023-08-11
INB00170,SUP014,HUB-DEL,SKU0034,60,2023-08-09,2023-08-11
INB00170,SUP014,HUB-DEL,SKU0393,63,2023-08-07,2023-08-11
INB00168,SUP002,HUB-BOM,SKU0108,48,2023-08-09,2023-08-12
INB00168,SUP002,HUB-BOM,SKU0151,60,2023-08-11,2023-08-12
INB00169,SUP010,HUB-BLR,SKU0012,228,2023-08-12,2023-08-12
INB00169,SUP010,HUB-BLR,SKU0167,118,2023-08-10,2023-08-12
INB00169,SUP010,HUB-BLR,SKU0367,112,2023-08-07,2023-08-12
INB00169,SUP010,HUB-BLR,SKU0440,121,2023-08-08,2023-08-12
INB00170,SUP014,HUB-DEL,SKU0111,58,2023-08-12,2023-08-12
INB00170,SUP014,HUB-DEL,SKU0386,59,2023-08-09,2023-08-12
INB00170,SUP014,HUB-DEL,SKU0487,70,2023-08-08,2023-08-12
INB00168,SUP002,HUB-BOM,SKU0273,43,2023-08-11,2023-08-13
INB00169,SUP010,HUB-BLR,SKU0074,124,2023-08-08,2023-08-13
INB00169,SUP010,HUB-BLR,SKU0183,143,2023-08-11,2023-08-13
INB00169,SUP010,HUB-BLR,SKU0236,188,2023-08-12,2023-08-13
INB00169,SUP010,HUB-BLR,SKU0494,168,2023-08-09,2023-08-13
INB00170,SUP014,HUB-DEL,SKU0015,60,2023-08-10,2023-08-13
INB00170,SUP014,HUB-DEL,SKU0059,59,2023-08-11,2023-08-13
INB00170,SUP014,HUB-DEL,SKU0267,58,2023-08-13,2023-08-13
INB00170,SUP014,HUB-DEL,SKU0286,60,2023-08-10,2023-08-13
INB00170,SUP014,HUB-DEL,SKU0293,71,2023-08-08,2023-08-13
INB00170,SUP014,HUB-DEL,SKU0399,58,2023-08-11,2023-08-13
INB00170,SUP014,HUB-DEL,SKU0403,57,2023-08-12,2023-08-13
INB00170,SUP014,HUB-DEL,SKU0417,59,2023-08-11,2023-08-13
INB00170,SUP014,HUB-DEL,SKU0498,59,2023-08-11,2023-08-13
INB00169,SUP010,HUB-BLR,SKU0044,132,2023-08-11,2023-08-14
INB00169,SUP010,HUB-BLR,SKU0079,105,2023-08-12,2023-08-14
INB00169,SUP010,HUB-BLR,SKU0179,104,2023-08-09,2023-08-14
INB00169,SUP010,HUB-BLR,SKU0205,139,2023-08-13,2023-08-14
INB00169,SUP010,HUB-BLR,SKU0363,176,2023-08-10,2023-08-14
INB00169,SUP010,HUB-BLR,SKU0407,156,2023-08-09,2023-08-14
INB00170,SUP014,HUB-DEL,SKU0036,59,2023-08-11,2023-08-14
INB00170,SUP014,HUB-DEL,SKU0453,60,2023-08-14,2023-08-14
INB00169,SUP010,HUB-BLR,SKU0466,152,2023-08-14,2023-08-15
INB00170,SUP014,HUB-DEL,SKU0261,64,2023-08-15,2023-08-15
INB00170,SUP014,HUB-DEL,SKU0459,58,2023-08-15,2023-08-15
INB00171,SUP002,HUB-BOM,SKU0263,48,2023-08-12,2023-08-16
INB00171,SUP002,HUB-BOM,SKU0436,48,2023-08-16,2023-08-16
INB00170,SUP014,HUB-DEL,SKU0055,59,2023-08-17,2023-08-17
INB00171,SUP002,HUB-BOM,SKU0064,48,2023-08-17,2023-08-17
INB00171,SUP002,HUB-BOM,SKU0139,42,2023-08-16,2023-08-17
INB00171,SUP002,HUB-BOM,SKU0307,45,2023-08-17,2023-08-17
INB00171,SUP002,HUB-BOM,SKU0365,45,2023-08-14,2023-08-17
INB00171,SUP002,HUB-BOM,SKU0402,39,2023-08-17,2023-08-17
INB00171,SUP002,HUB-BOM,SKU0457,40,2023-08-17,2023-08-17
INB00171,SUP002,HUB-BOM,SKU0028,43,2023-08-14,2023-08-18
INB00171,SUP002,HUB-BOM,SKU0147,37,2023-08-16,2023-08-18
INB00171,SUP002,HUB-BOM,SKU0174,50,2023-08-17,2023-08-18
INB00171,SUP002,HUB-BOM,SKU0200,43,2023-08-15,2023-08-18
INB00171,SUP002,HUB-BOM,SKU0213,41,2023-08-18,2023-08-18
INB00171,SUP002,HUB-BOM,SKU0223,42,2023-08-14,2023-08-18
INB00171,SUP002,HUB-BOM,SKU0392,60,2023-08-16,2023-08-18
INB00171,SUP002,HUB-BOM,SKU0469,48,2023-08-17,2023-08-18
INB00172,SUP007,HUB-BLR,SKU0182,122,2023-08-13,2023-08-18
INB00172,SUP007,HUB-BLR,SKU0229,114,2023-08-15,2023-08-18
INB00172,SUP007,HUB-BLR,SKU0283,175,2023-08-13,2023-08-18
INB00172,SUP007,HUB-BLR,SKU0313,128,2023-08-13,2023-08-18
INB00171,SUP002,HUB-BOM,SKU0090,40,2023-08-16,2023-08-19
INB00171,SUP002,HUB-BOM,SKU0214,37,2023-08-16,2023-08-19
INB00171,SUP002,HUB-BOM,SKU0330,41,2023-08-15,2023-08-19
INB00171,SUP002,HUB-BOM,SKU0349,43,2023-08-19,2023-08-19
INB00171,SUP002,HUB-BOM,SKU0451,40,2023-08-14,2023-08-19
INB00171,SUP002,HUB-BOM,SKU0474,44,2023-08-17,2023-08-19
INB00172,SUP007,HUB-BLR,SKU0013,126,2023-08-15,2023-08-19
INB00172,SUP007,HUB-BLR,SKU0120,107,2023-08-16,2023-08-19
INB00172,SUP007,HUB-BLR,SKU0290,101,2023-08-16,2023-08-19
INB00172,SUP007,HUB-BLR,SKU0493,127,2023-08-18,2023-08-19
INB00171,SUP002,HUB-BOM,SKU0049,56,2023-08-17,2023-08-20
INB00171,SUP002,HUB-BOM,SKU0077,42,2023-08-17,2023-08-20
INB00171,SUP002,HUB-BOM,SKU0129,43,2023-08-15,2023-08-20
INB00171,SUP002,HUB-BOM,SKU0152,52,2023-08-16,2023-08-20
INB00171,SUP002,HUB-BOM,SKU0176,44,2023-08-20,2023-08-20
INB00171,SUP002,HUB-BOM,SKU0343,38,2023-08-17,2023-08-20
INB00171,SUP002,HUB-BOM,SKU0425,37,2023-08-19,2023-08-20
INB00171,SUP002,HUB-BOM,SKU0432,53,2023-08-18,2023-08-20
INB00171,SUP002,HUB-BOM,SKU0448,37,2023-08-20,2023-08-20
INB00171,SUP002,HUB-BOM,SKU0481,56,2023-08-17,2023-08-20
INB00172,SUP007,HUB-BLR,SKU0101,126,2023-08-16,2023-08-20
INB00172,SUP007,HUB-BLR,SKU0105,119,2023-08-20,2023-08-20
INB00172,SUP007,HUB-BLR,SKU0156,131,2023-08-19,2023-08-20
INB00172,SUP007,HUB-BLR,SKU0172,111,2023-08-20,2023-08-20
INB00172,SUP007,HUB-BLR,SKU0324,137,2023-08-17,2023-08-20
INB00172,SUP007,HUB-BLR,SKU0326,93,2023-08-20,2023-08-20
INB00172,SUP007,HUB-BLR,SKU0332,208,2023-08-16,2023-08-20
INB00172,SUP007,HUB-BLR,SKU0345,93,2023-08-18,2023-08-20
INB00172,SUP007,HUB-BLR,SKU0433,137,2023-08-20,2023-08-20
INB00173,SUP014,HUB-DEL,SKU0113,59,2023-08-20,2023-08-20
INB00173,SUP014,HUB-DEL,SKU0196,62,2023-08-17,2023-08-20
INB00171,SUP002,HUB-BOM,SKU0084,52,2023-08-20,2023-08-21
INB00171,SUP002,HUB-BOM,SKU0274,43,2023-08-17,2023-08-21
INB00171,SUP002,HUB-BOM,SKU0374,37,2023-08-18,2023-08-21
INB00171,SUP002,HUB-BOM,SKU0411,48,2023-08-16,2023-08-21
INB00171,SUP002,HUB-BOM,SKU0446,39,2023-08-17,2023-08-21
INB00172,SUP007,HUB-BLR,SKU0050,106,2023-08-21,2023-08-21
INB00172,SUP007,HUB-BLR,SKU0072,107,2023-08-21,2023-08-21
INB00172,SUP007,HUB-BLR,SKU0211,106,2023-08-20,2023-08-21
INB00172,SUP007,HUB-BLR,SKU0271,135,2023-08-18,2023-08-21
INB00172,SUP007,HUB-BLR,SKU0291,102,2023-08-16,2023-08-21
INB00172,SUP007,HUB-BLR,SKU0299,140,2023-08-17,2023-08-21
INB00172,SUP007,HUB-BLR,SKU0327,128,2023-08-18,2023-08-21
INB00172,SUP007,HUB-BLR,SKU0357,124,2023-08-21,2023-08-21
INB00172,SUP007,HUB-BLR,SKU0429,143,2023-08-16,2023-08-21
INB00172,SUP007,HUB-BLR,SKU0430,96,2023-08-16,2023-08-21
INB00172,SUP007,HUB-BLR,SKU0445,137,2023-08-16,2023-08-21
INB00172,SUP007,HUB-BLR,SKU0492,127,2023-08-21,2023-08-21
INB00171,SUP002,HUB-BOM,SKU0400,38,2023-08-21,2023-08-22
INB00171,SUP002,HUB-BOM,SKU0421,41,2023-08-20,2023-08-22
INB00171,SUP002,HUB-BOM,SKU0428,52,2023-08-18,2023-08-22
INB00172,SUP007,HUB-BLR,SKU0061,96,2023-08-20,2023-08-22
INB00172,SUP007,HUB-BLR,SKU0082,98,2023-08-17,2023-08-22
INB00172,SUP007,HUB-BLR,SKU0130,133,2023-08-19,2023-08-22
INB00172,SUP007,HUB-BLR,SKU0143,122,2023-08-20,2023-08-22
INB00172,SUP007,HUB-BLR,SKU0148,95,2023-08-22,2023-08-22
INB00172,SUP007,HUB-BLR,SKU0258,141,2023-08-20,2023-08-22
INB00172,SUP007,HUB-BLR,SKU0305,104,2023-08-21,2023-08-22
INB00172,SUP007,HUB-BLR,SKU0333,123,2023-08-20,2023-08-22
INB00172,SUP007,HUB-BLR,SKU0335,127,2023-08-19,2023-08-22
INB00172,SUP007,HUB-BLR,SKU0407,93,2023-08-21,2023-08-22
INB00172,SUP007,HUB-BLR,SKU0489,94,2023-08-20,2023-08-22
INB00173,SUP014,HUB-DEL,SKU0052,60,2023-08-19,2023-08-22
INB00173,SUP014,HUB-DEL,SKU0379,65,2023-08-18,2023-08-22
INB00171,SUP002,HUB-BOM,SKU0010,45,2023-08-23,2023-08-23
INB00171,SUP002,HUB-BOM,SKU0136,42,2023-08-23,2023-08-23
INB00172,SUP007,HUB-BLR,SKU0026,95,2023-08-19,2023-08-23
INB00172,SUP007,HUB-BLR,SKU0035,107,2023-08-22,2023-08-23
INB00172,SUP007,HUB-BLR,SKU0071,124,2023-08-18,2023-08-23
INB00172,SUP007,HUB-BLR,SKU0166,134,2023-08-22,2023-08-23
INB00172,SUP007,HUB-BLR,SKU0234,107,2023-08-20,2023-08-23
INB00172,SUP007,HUB-BLR,SKU0288,144,2023-08-23,2023-08-23
INB00172,SUP007,HUB-BLR,SKU0295,136,2023-08-20,2023-08-23
INB00172,SUP007,HUB-BLR,SKU0344,113,2023-08-21,2023-08-23
INB00172,SUP007,HUB-BLR,SKU0405,176,2023-08-23,2023-08-23
INB00172,SUP007,HUB-BLR,SKU0450,118,2023-08-19,2023-08-23
INB00172,SUP007,HUB-BLR,SKU0458,100,2023-08-22,2023-08-23
INB00172,SUP007,HUB-BLR,SKU0479,121,2023-08-19,2023-08-23
INB00172,SUP007,HUB-BLR,SKU0500,121,2023-08-21,2023-08-23
INB00173,SUP014,HUB-DEL,SKU0230,57,2023-08-18,2023-08-23
INB00172,SUP007,HUB-BLR,SKU0051,155,2023-08-20,2023-08-24
INB00172,SUP007,HUB-BLR,SKU0122,101,2023-08-23,2023-08-24
INB00172,SUP007,HUB-BLR,SKU0232,136,2023-08-19,2023-08-24
INB00172,SUP007,HUB-BLR,SKU0394,101,2023-08-21,2023-08-24
INB00173,SUP014,HUB-DEL,SKU0048,67,2023-08-21,2023-08-24
INB00173,SUP014,HUB-DEL,SKU0115,66,2023-08-20,2023-08-24
INB00173,SUP014,HUB-DEL,SKU0141,66,2023-08-24,2023-08-24
INB00173,SUP014,HUB-DEL,SKU0277,58,2023-08-19,2023-08-24
INB00173,SUP014,HUB-DEL,SKU0381,71,2023-08-20,2023-08-24
INB00173,SUP014,HUB-DEL,SKU0424,62,2023-08-22,2023-08-24
INB00173,SUP014,HUB-DEL,SKU0455,74,2023-08-24,2023-08-24
INB00173,SUP014,HUB-DEL,SKU0135,67,2023-08-24,2023-08-25
INB00173,SUP014,HUB-DEL,SKU0149,60,2023-08-25,2023-08-25
INB00173,SUP014,HUB-DEL,SKU0231,59,2023-08-23,2023-08-25
INB00173,SUP014,HUB-DEL,SKU0447,58,2023-08-21,2023-08-25
INB00173,SUP014,HUB-DEL,SKU0467,58,2023-08-21,2023-08-25
INB00172,SUP007,HUB-BLR,SKU0081,94,2023-08-26,2023-08-26
INB00172,SUP007,HUB-BLR,SKU0162,93,2023-08-25,2023-08-26
INB00172,SUP007,HUB-BLR,SKU0169,145,2023-08-24,2023-08-26
INB00172,SUP007,HUB-BLR,SKU0217,112,2023-08-24,2023-08-26
INB00173,SUP014,HUB-DEL,SKU0029,65,2023-08-24,2023-08-26
INB00173,SUP014,HUB-DEL,SKU0057,60,2023-08-26,2023-08-26
INB00173,SUP014,HUB-DEL,SKU0243,58,2023-08-23,2023-08-26
INB00173,SUP014,HUB-DEL,SKU0376,67,2023-08-25,2023-08-26
INB00174,SUP015,HUB-BOM,SKU0150,44,2023-08-25,2023-08-26
INB00173,SUP014,HUB-DEL,SKU0312,63,2023-08-23,2023-08-27
INB00173,SUP014,HUB-DEL,SKU0468,62,2023-08-22,2023-08-27
INB00174,SUP015,HUB-BOM,SKU0209,37,2023-08-26,2023-08-27
INB00174,SUP015,HUB-BOM,SKU0280,50,2023-08-24,2023-08-27
INB00174,SUP015,HUB-BOM,SKU0300,47,2023-08-24,2023-08-27
INB00174,SUP015,HUB-BOM,SKU0347,41,2023-08-25,2023-08-27
INB00174,SUP015,HUB-BOM,SKU0355,45,2023-08-26,2023-08-27
INB00174,SUP015,HUB-BOM,SKU0395,37,2023-08-23,2023-08-27
INB00173,SUP014,HUB-DEL,SKU0238,66,2023-08-26,2023-08-28
INB00174,SUP015,HUB-BOM,SKU0250,37,2023-08-24,2023-08-28
INB00173,SUP014,HUB-DEL,SKU0442,66,2023-08-25,2023-08-29
INB00174,SUP015,HUB-BOM,SKU0019,40,2023-08-26,2023-08-29
INB00174,SUP015,HUB-BOM,SKU0107,40,2023-08-25,2023-08-29
INB00174,SUP015,HUB-BOM,SKU0186,38,2023-08-28,2023-08-29
INB00174,SUP015,HUB-BOM,SKU0254,51,2023-08-24,2023-08-29
INB00174,SUP015,HUB-BOM,SKU0255,53,2023-08-27,2023-08-29
INB00174,SUP015,HUB-BOM,SKU0275,37,2023-08-26,2023-08-29
INB00174,SUP015,HUB-BOM,SKU0431,57,2023-08-28,2023-08-29
INB00174,SUP015,HUB-BOM,SKU0465,44,2023-08-25,2023-08-29
INB00175,SUP019,HUB-BLR,SKU0099,157,2023-08-26,2023-08-29
INB00174,SUP015,HUB-BOM,SKU0025,42,2023-08-26,2023-08-30
INB00174,SUP015,HUB-BOM,SKU0124,40,2023-08-27,2023-08-30
INB00174,SUP015,HUB-BOM,SKU0259,39,2023-08-27,2023-08-30
INB00174,SUP015,HUB-BOM,SKU0266,47,2023-08-25,2023-08-30
INB00174,SUP015,HUB-BOM,SKU0287,58,2023-08-30,2023-08-30
INB00174,SUP015,HUB-BOM,SKU0353,41,2023-08-30,2023-08-30
INB00174,SUP015,HUB-BOM,SKU0372,41,2023-08-29,2023-08-30
INB00174,SUP015,HUB-BOM,SKU0375,37,2023-08-28,2023-08-30
INB00174,SUP015,HUB-BOM,SKU0406,40,2023-08-26,2023-08-30
INB00174,SUP015,HUB-BOM,SKU0438,52,2023-08-30,2023-08-30
INB00175,SUP019,HUB-BLR,SKU0197,101,2023-08-26,2023-08-30
INB00175,SUP019,HUB-BLR,SKU0224,148,2023-08-30,2023-08-30
INB00175,SUP019,HUB-BLR,SKU0242,93,2023-08-30,2023-08-30
INB00175,SUP019,HUB-BLR,SKU0322,115,2023-08-28,2023-08-30
INB00175,SUP019,HUB-BLR,SKU0397,127,2023-08-30,2023-08-30
INB00174,SUP015,HUB-BOM,SKU0076,56,2023-08-28,2023-08-31
INB00174,SUP015,HUB-BOM,SKU0106,43,2023-08-30,2023-08-31
INB00174,SUP015,HUB-BOM,SKU0161,50,2023-08-29,2023-08-31
INB00174,SUP015,HUB-BOM,SKU0164,39,2023-08-30,2023-08-31
INB00174,SUP015,HUB-BOM,SKU0178,45,2023-08-26,2023-08-31
INB00174,SUP015,HUB-BOM,SKU0387,42,2023-08-31,2023-08-31
INB00174,SUP015,HUB-BOM,SKU0389,39,2023-08-29,2023-08-31
INB00174,SUP015,HUB-BOM,SKU0420,42,2023-08-26,2023-08-31
INB00174,SUP015,HUB-BOM,SKU0477,38,2023-08-29,2023-08-31
INB00174,SUP015,HUB-BOM,SKU0496,40,2023-08-28,2023-08-31
INB00175,SUP019,HUB-BLR,SKU0018,118,2023-08-28,2023-08-31
INB00175,SUP019,HUB-BLR,SKU0041,112,2023-08-27,2023-08-31
INB00175,SUP019,HUB-BLR,SKU0093,100,2023-08-27,2023-08-31
INB00175,SUP019,HUB-BLR,SKU0206,109,2023-08-30,2023-08-31
INB00175,SUP019,HUB-BLR,SKU0237,151,2023-08-28,2023-08-31
INB00175,SUP019,HUB-BLR,SKU0366,131,2023-08-28,2023-08-31
INB00175,SUP019,HUB-BLR,SKU0472,134,2023-08-29,2023-08-31
INB00174,SUP015,HUB-BOM,SKU0001,45,2023-09-01,2023-09-01
INB00174,SUP015,HUB-BOM,SKU0085,43,2023-08-28,2023-09-01
INB00174,SUP015,HUB-BOM,SKU0358,38,2023-08-27,2023-09-01
INB00174,SUP015,HUB-BOM,SKU0470,44,2023-08-28,2023-09-01
INB00175,SUP019,HUB-BLR,SKU0065,105,2023-08-28,2023-09-01
INB00175,SUP019,HUB-BLR,SKU0101,141,2023-08-29,2023-09-01
INB00175,SUP019,HUB-BLR,SKU0165,124,2023-08-29,2023-09-01
INB00175,SUP019,HUB-BLR,SKU0270,152,2023-09-01,2023-09-01
INB00175,SUP019,HUB-BLR,SKU0367,103,2023-08-29,2023-09-01
INB00175,SUP019,HUB-BLR,SKU0377,93,2023-09-01,2023-09-01
INB00175,SUP019,HUB-BLR,SKU0383,109,2023-08-31,2023-09-01
INB00174,SUP015,HUB-BOM,SKU0096,37,2023-08-28,2023-09-02
INB00174,SUP015,HUB-BOM,SKU0114,38,2023-08-28,2023-09-02
INB00175,SUP019,HUB-BLR,SKU0038,106,2023-08-31,2023-09-02
INB00175,SUP019,HUB-BLR,SKU0044,133,2023-08-31,2023-09-02
INB00175,SUP019,HUB-BLR,SKU0201,119,2023-08-28,2023-09-02
INB00175,SUP019,HUB-BLR,SKU0205,123,2023-08-30,2023-09-02
INB00175,SUP019,HUB-BLR,SKU0303,94,2023-09-01,2023-09-02
INB00175,SUP019,HUB-BLR,SKU0320,141,2023-08-28,2023-09-02
INB00175,SUP019,HUB-BLR,SKU0361,121,2023-08-31,2023-09-02
INB00175,SUP019,HUB-BLR,SKU0418,138,2023-08-29,2023-09-02
INB00175,SUP019,HUB-BLR,SKU0486,138,2023-09-02,2023-09-02
INB00176,SUP012,HUB-DEL,SKU0046,71,2023-08-29,2023-09-02
INB00176,SUP012,HUB-DEL,SKU0204,64,2023-08-28,2023-09-02
INB00176,SUP012,HUB-DEL,SKU0233,59,2023-08-29,2023-09-02
INB00175,SUP019,HUB-BLR,SKU0005,130,2023-09-01,2023-09-03
INB00175,SUP019,HUB-BLR,SKU0089,99,2023-08-29,2023-09-03
INB00175,SUP019,HUB-BLR,SKU0269,93,2023-08-29,2023-09-03
INB00175,SUP019,HUB-BLR,SKU0285,148,2023-09-02,2023-09-03
INB00175,SUP019,HUB-BLR,SKU0362,94,2023-08-30,2023-09-03
INB00175,SUP019,HUB-BLR,SKU0409,174,2023-09-02,2023-09-03
INB00175,SUP019,HUB-BLR,SKU0423,136,2023-09-01,2023-09-03
INB00176,SUP012,HUB-DEL,SKU0017,64,2023-09-02,2023-09-03
INB00176,SUP012,HUB-DEL,SKU0080,64,2023-09-02,2023-09-03
INB00176,SUP012,HUB-DEL,SKU0301,82,2023-08-31,2023-09-03
INB00176,SUP012,HUB-DEL,SKU0414,73,2023-08-31,2023-09-03
INB00176,SUP012,HUB-DEL,SKU0462,61,2023-08-30,2023-09-03
INB00175,SUP019,HUB-BLR,SKU0198,96,2023-09-02,2023-09-04
INB00175,SUP019,HUB-BLR,SKU0227,117,2023-09-03,2023-09-04
INB00175,SUP019,HUB-BLR,SKU0244,101,2023-09-03,2023-09-04
INB00175,SUP019,HUB-BLR,SKU0359,184,2023-09-02,2023-09-04
INB00175,SUP019,HUB-BLR,SKU0401,155,2023-08-30,2023-09-04
INB00175,SUP019,HUB-BLR,SKU0444,156,2023-08-31,2023-09-04
INB00176,SUP012,HUB-DEL,SKU0003,59,2023-08-31,2023-09-04
INB00176,SUP012,HUB-DEL,SKU0268,60,2023-09-02,2023-09-04
INB00176,SUP012,HUB-DEL,SKU0439,63,2023-09-04,2023-09-04
INB00175,SUP019,HUB-BLR,SKU0248,131,2023-09-03,2023-09-05
INB00175,SUP019,HUB-BLR,SKU0369,97,2023-09-02,2023-09-05
INB00175,SUP019,HUB-BLR,SKU0419,108,2023-09-02,2023-09-05
INB00175,SUP019,HUB-BLR,SKU0441,124,2023-09-02,2023-09-05
INB00175,SUP019,HUB-BLR,SKU0484,118,2023-09-03,2023-09-05
INB00176,SUP012,HUB-DEL,SKU0002,58,2023-09-03,2023-09-05
INB00176,SUP012,HUB-DEL,SKU0100,59,2023-09-03,2023-09-05
INB00176,SUP012,HUB-DEL,SKU0128,68,2023-09-05,2023-09-05
INB00176,SUP012,HUB-DEL,SKU0133,67,2023-09-05,2023-09-05
INB00176,SUP012,HUB-DEL,SKU0184,59,2023-09-05,2023-09-05
INB00176,SUP012,HUB-DEL,SKU0190,70,2023-09-01,2023-09-05
INB00176,SUP012,HUB-DEL,SKU0264,74,2023-08-31,2023-09-05
INB00176,SUP012,HUB-DEL,SKU0265,63,2023-09-02,2023-09-05
INB00176,SUP012,HUB-DEL,SKU0298,65,2023-09-04,2023-09-05
INB00176,SUP012,HUB-DEL,SKU0339,60,2023-09-03,2023-09-05
INB00176,SUP012,HUB-DEL,SKU0342,59,2023-09-03,2023-09-05
INB00176,SUP012,HUB-DEL,SKU0346,61,2023-09-05,2023-09-05
INB00176,SUP012,HUB-DEL,SKU0499,72,2023-09-03,2023-09-05
INB00177,SUP009,HUB-BOM,SKU0024,38,2023-08-31,2023-09-05
INB00177,SUP009,HUB-BOM,SKU0054,37,2023-08-31,2023-09-05
INB00177,SUP009,HUB-BOM,SKU0219,37,2023-08-31,2023-09-05
INB00177,SUP009,HUB-BOM,SKU0350,43,2023-09-04,2023-09-05
INB00177,SUP009,HUB-BOM,SKU0378,51,2023-08-31,2023-09-05
INB00177,SUP009,HUB-BOM,SKU0469,41,2023-09-05,2023-09-05
INB00175,SUP019,HUB-BLR,SKU0023,98,2023-09-02,2023-09-06
INB00175,SUP019,HUB-BLR,SKU0091,126,2023-09-04,2023-09-06
INB00176,SUP012,HUB-DEL,SKU0053,62,2023-09-03,2023-09-06
INB00176,SUP012,HUB-DEL,SKU0316,62,2023-09-06,2023-09-06
INB00176,SUP012,HUB-DEL,SKU0449,84,2023-09-01,2023-09-06
INB00177,SUP009,HUB-BOM,SKU0014,46,2023-09-04,2023-09-06
INB00177,SUP009,HUB-BOM,SKU0066,46,2023-09-02,2023-09-06
INB00177,SUP009,HUB-BOM,SKU0083,37,2023-09-05,2023-09-06
INB00177,SUP009,HUB-BOM,SKU0216,51,2023-09-03,2023-09-06
INB00176,SUP012,HUB-DEL,SKU0212,64,2023-09-05,2023-09-07
INB00177,SUP009,HUB-BOM,SKU0160,41,2023-09-07,2023-09-07
INB00177,SUP009,HUB-BOM,SKU0410,39,2023-09-06,2023-09-07
INB00177,SUP009,HUB-BOM,SKU0437,42,2023-09-05,2023-09-07
INB00177,SUP009,HUB-BOM,SKU0070,45,2023-09-07,2023-09-08
INB00177,SUP009,HUB-BOM,SKU0116,37,2023-09-04,2023-09-08
INB00177,SUP009,HUB-BOM,SKU0155,40,2023-09-04,2023-09-08
INB00177,SUP009,HUB-BOM,SKU0195,37,2023-09-03,2023-09-08
INB00177,SUP009,HUB-BOM,SKU0220,58,2023-09-06,2023-09-08
INB00177,SUP009,HUB-BOM,SKU0302,38,2023-09-03,2023-09-08
INB00177,SUP009,HUB-BOM,SKU0340,41,2023-09-06,2023-09-08
INB00177,SUP009,HUB-BOM,SKU0476,41,2023-09-06,2023-09-08
INB00177,SUP009,HUB-BOM,SKU0228,40,2023-09-05,2023-09-09
INB00177,SUP009,HUB-BOM,SKU0456,47,2023-09-08,2023-09-09
INB00178,SUP016,HUB-BLR,SKU0087,112,2023-09-08,2023-09-09
INB00178,SUP016,HUB-BLR,SKU0329,125,2023-09-05,2023-09-09
INB00178,SUP016,HUB-BLR,SKU0371,106,2023-09-04,2023-09-09
INB00178,SUP016,HUB-BLR,SKU0388,110,2023-09-07,2023-09-09
INB00177,SUP009,HUB-BOM,SKU0193,44,2023-09-08,2023-09-10
INB00177,SUP009,HUB-BOM,SKU0452,45,2023-09-07,2023-09-10
INB00178,SUP016,HUB-BLR,SKU0326,107,2023-09-09,2023-09-10
INB00178,SUP016,HUB-BLR,SKU0460,175,2023-09-10,2023-09-10
INB00179,SUP017,HUB-DEL,SKU0075,70,2023-09-05,2023-09-10
INB00177,SUP009,HUB-BOM,SKU0241,41,2023-09-11,2023-09-11
INB00177,SUP009,HUB-BOM,SKU0246,41,2023-09-09,2023-09-11
INB00178,SUP016,HUB-BLR,SKU0074,110,2023-09-06,2023-09-11
INB00178,SUP016,HUB-BLR,SKU0105,104,2023-09-07,2023-09-11
INB00178,SUP016,HUB-BLR,SKU0247,109,2023-09-09,2023-09-11
INB00178,SUP016,HUB-BLR,SKU0283,110,2023-09-08,2023-09-11
INB00178,SUP016,HUB-BLR,SKU0385,94,2023-09-11,2023-09-11
INB00179,SUP017,HUB-DEL,SKU0289,65,2023-09-09,2023-09-11
INB00177,SUP009,HUB-BOM,SKU0127,41,2023-09-09,2023-09-12
INB00177,SUP009,HUB-BOM,SKU0171,44,2023-09-11,2023-09-12
INB00177,SUP009,HUB-BOM,SKU0180,40,2023-09-12,2023-09-12
INB00178,SUP016,HUB-BLR,SKU0016,122,2023-09-10,2023-09-12
INB00178,SUP016,HUB-BLR,SKU0073,103,2023-09-07,2023-09-12
INB00178,SUP016,HUB-BLR,SKU0122,139,2023-09-11,2023-09-12
INB00178,SUP016,HUB-BLR,SKU0162,131,2023-09-11,2023-09-12
INB00178,SUP016,HUB-BLR,SKU0172,144,2023-09-12,2023-09-12
INB00178,SUP016,HUB-BLR,SKU0203,157,2023-09-10,2023-09-12
INB00178,SUP016,HUB-BLR,SKU0345,117,2023-09-11,2023-09-12
INB00178,SUP016,HUB-BLR,SKU0441,129,2023-09-09,2023-09-12
INB00178,SUP016,HUB-BLR,SKU0475,153,2023-09-12,2023-09-12
INB00179,SUP017,HUB-DEL,SKU0245,70,2023-09-11,2023-09-12
INB00179,SUP017,HUB-DEL,SKU0382,61,2023-09-12,2023-09-12
INB00178,SUP016,HUB-BLR,SKU0012,162,2023-09-10,2023-09-13
INB00178,SUP016,HUB-BLR,SKU0110,106,2023-09-11,2023-09-13
INB00178,SUP016,HUB-BLR,SKU0140,132,2023-09-10,2023-09-13
INB00178,SUP016,HUB-BLR,SKU0185,101,2023-09-12,2023-09-13
INB00178,SUP016,HUB-BLR,SKU0192,112,2023-09-09,2023-09-13
INB00178,SUP016,HUB-BLR,SKU0294,115,2023-09-08,2023-09-13
INB00178,SUP016,HUB-BLR,SKU0295,99,2023-09-12,2023-09-13
INB00178,SUP016,HUB-BLR,SKU0304,123,2023-09-08,2023-09-13
INB00178,SUP016,HUB-BLR,SKU0333,127,2023-09-09,2023-09-13
INB00178,SUP016,HUB-BLR,SKU0335,148,2023-09-12,2023-09-13
INB00178,SUP016,HUB-BLR,SKU0429,105,2023-09-10,2023-09-13
INB00178,SUP016,HUB-BLR,SKU0454,106,2023-09-08,2023-09-13
INB00178,SUP016,HUB-BLR,SKU0486,100,2023-09-13,2023-09-13
INB00178,SUP016,HUB-BLR,SKU0495,120,2023-09-13,2023-09-13
INB00179,SUP017,HUB-DEL,SKU0006,58,2023-09-10,2023-09-13
INB00179,SUP017,HUB-DEL,SKU0042,67,2023-09-12,2023-09-13
INB00179,SUP017,HUB-DEL,SKU0068,62,2023-09-09,2023-09-13
INB00179,SUP017,HUB-DEL,SKU0207,65,2023-09-08,2023-09-13
INB00179,SUP017,HUB-DEL,SKU0390,59,2023-09-12,2023-09-13
INB00178,SUP016,HUB-BLR,SKU0021,126,2023-09-12,2023-09-14
INB00178,SUP016,HUB-BLR,SKU0069,116,2023-09-09,2023-09-14
INB00178,SUP016,HUB-BLR,SKU0137,94,2023-09-13,2023-09-14
INB00178,SUP016,HUB-BLR,SKU0299,116,2023-09-12,2023-09-14
INB00178,SUP016,HUB-BLR,SKU0305,94,2023-09-10,2023-09-14
INB00178,SUP016,HUB-BLR,SKU0323,176,2023-09-14,2023-09-14
INB00178,SUP016,HUB-BLR,SKU0404,101,2023-09-11,2023-09-14
INB00178,SUP016,HUB-BLR,SKU0479,98,2023-09-09,2023-09-14
INB00179,SUP017,HUB-DEL,SKU0235,57,2023-09-09,2023-09-14
INB00179,SUP017,HUB-DEL,SKU0314,58,2023-09-11,2023-09-14
INB00179,SUP017,HUB-DEL,SKU0412,58,2023-09-09,2023-09-14
INB00179,SUP017,HUB-DEL,SKU0422,57,2023-09-09,2023-09-14
INB00178,SUP016,HUB-BLR,SKU0109,144,2023-09-15,2023-09-15
INB00178,SUP016,HUB-BLR,SKU0132,139,2023-09-10,2023-09-15
INB00178,SUP016,HUB-BLR,SKU0488,118,2023-09-10,2023-09-15
INB00178,SUP016,HUB-BLR,SKU0494,154,2023-09-10,2023-09-15
INB00179,SUP017,HUB-DEL,SKU0031,66,2023-09-12,2023-09-16
INB00179,SUP017,HUB-DEL,SKU0045,62,2023-09-16,2023-09-16
INB00179,SUP017,HUB-DEL,SKU0062,64,2023-09-12,2023-09-16
INB00179,SUP017,HUB-DEL,SKU0208,65,2023-09-12,2023-09-16
INB00179,SUP017,HUB-DEL,SKU0318,64,2023-09-14,2023-09-16
INB00180,SUP004,HUB-BOM,SKU0415,37,2023-09-12,2023-09-16
INB00179,SUP017,HUB-DEL,SKU0284,66,2023-09-12,2023-09-17
INB00180,SUP004,HUB-BOM,SKU0176,49,2023-09-16,2023-09-17
INB00180,SUP004,HUB-BOM,SKU0189,39,2023-09-16,2023-09-17
INB00180,SUP004,HUB-BOM,SKU0262,40,2023-09-13,2023-09-17
INB00180,SUP004,HUB-BOM,SKU0307,38,2023-09-15,2023-09-17
INB00180,SUP004,HUB-BOM,SKU0380,43,2023-09-16,2023-09-17
INB00180,SUP004,HUB-BOM,SKU0408,45,2023-09-17,2023-09-17
INB00180,SUP004,HUB-BOM,SKU0471,40,2023-09-12,2023-09-17
INB00180,SUP004,HUB-BOM,SKU0490,38,2023-09-12,2023-09-17
INB00180,SUP004,HUB-BOM,SKU0154,37,2023-09-18,2023-09-18
INB00180,SUP004,HUB-BOM,SKU0168,44,2023-09-16,2023-09-18
INB00180,SUP004,HUB-BOM,SKU0400,38,2023-09-17,2023-09-18
INB00180,SUP004,HUB-BOM,SKU0474,37,2023-09-16,2023-09-18
INB00181,SUP007,HUB-BLR,SKU0094,104,2023-09-16,2023-09-18
INB00181,SUP007,HUB-BLR,SKU0131,120,2023-09-13,2023-09-18
INB00180,SUP004,HUB-BOM,SKU0067,38,2023-09-19,2023-09-19
INB00180,SUP004,HUB-BOM,SKU0139,38,2023-09-16,2023-09-19
INB00180,SUP004,HUB-BOM,SKU0146,49,2023-09-16,2023-09-19
INB00180,SUP004,HUB-BOM,SKU0218,38,2023-09-15,2023-09-19
INB00180,SUP004,HUB-BOM,SKU0351,38,2023-09-15,2023-09-19
INB00180,SUP004,HUB-BOM,SKU0461,39,2023-09-16,2023-09-19
INB00180,SUP004,HUB-BOM,SKU0482,42,2023-09-16,2023-09-19
INB00180,SUP004,HUB-BOM,SKU0483,41,2023-09-18,2023-09-19
INB00181,SUP007,HUB-BLR,SKU0166,115,2023-09-16,2023-09-19
INB00181,SUP007,HUB-BLR,SKU0167,183,2023-09-14,2023-09-19
INB00181,SUP007,HUB-BLR,SKU0175,107,2023-09-16,2023-09-19
INB00181,SUP007,HUB-BLR,SKU0327,121,2023-09-17,2023-09-19
INB00181,SUP007,HUB-BLR,SKU0362,119,2023-09-15,2023-09-19
INB00180,SUP004,HUB-BOM,SKU0096,40,2023-09-16,2023-09-20
INB00180,SUP004,HUB-BOM,SKU0263,47,2023-09-18,2023-09-20
INB00180,SUP004,HUB-BOM,SKU0432,46,2023-09-15,2023-09-20
INB00180,SUP004,HUB-BOM,SKU0481,37,2023-09-16,2023-09-20
INB00180,SUP004,HUB-BOM,SKU0485,43,2023-09-19,2023-09-20
INB00181,SUP007,HUB-BLR,SKU0121,95,2023-09-17,2023-09-20
INB00181,SUP007,HUB-BLR,SKU0332,132,2023-09-18,2023-09-20
INB00181,SUP007,HUB-BLR,SKU0377,105,2023-09-19,2023-09-20
INB00181,SUP007,HUB-BLR,SKU0440,107,2023-09-17,2023-09-20
INB00182,SUP013,HUB-DEL,SKU0015,59,2023-09-16,2023-09-20
INB00182,SUP013,HUB-DEL,SKU0095,72,2023-09-20,2023-09-20
INB00182,SUP013,HUB-DEL,SKU0125,58,2023-09-15,2023-09-20
INB00182,SUP013,HUB-DEL,SKU0215,58,2023-09-17,2023-09-20
INB00180,SUP004,HUB-BOM,SKU0272,47,2023-09-19,2023-09-21
INB00180,SUP004,HUB-BOM,SKU0396,45,2023-09-16,2023-09-21
INB00180,SUP004,HUB-BOM,SKU0402,45,2023-09-16,2023-09-21
INB00181,SUP007,HUB-BLR,SKU0035,110,2023-09-16,2023-09-21
INB00181,SUP007,HUB-BLR,SKU0145,141,2023-09-19,2023-09-21
INB00181,SUP007,HUB-BLR,SKU0153,106,2023-09-21,2023-09-21
INB00181,SUP007,HUB-BLR,SKU0179,167,2023-09-16,2023-09-21
INB00181,SUP007,HUB-BLR,SKU0258,93,2023-09-16,2023-09-21
INB00181,SUP007,HUB-BLR,SKU0285,95,2023-09-21,2023-09-21
INB00181,SUP007,HUB-BLR,SKU0313,142,2023-09-18,2023-09-21
INB00181,SUP007,HUB-BLR,SKU0322,96,2023-09-19,2023-09-21
INB00181,SUP007,HUB-BLR,SKU0357,106,2023-09-17,2023-09-21
INB00182,SUP013,HUB-DEL,SKU0104,58,2023-09-18,2023-09-21
INB00182,SUP013,HUB-DEL,SKU0306,58,2023-09-19,2023-09-21
INB00180,SUP004,HUB-BOM,SKU0338,38,2023-09-20,2023-09-22
INB00181,SUP007,HUB-BLR,SKU0071,103,2023-09-21,2023-09-22
INB00181,SUP007,HUB-BLR,SKU0112,118,2023-09-18,2023-09-22
INB00181,SUP007,HUB-BLR,SKU0222,121,2023-09-19,2023-09-22
INB00181,SUP007,HUB-BLR,SKU0251,106,2023-09-22,2023-09-22
INB00181,SUP007,HUB-BLR,SKU0269,94,2023-09-21,2023-09-22
INB00181,SUP007,HUB-BLR,SKU0309,100,2023-09-21,2023-09-22
INB00181,SUP007,HUB-BLR,SKU0354,101,2023-09-19,2023-09-22
INB00181,SUP007,HUB-BLR,SKU0363,130,2023-09-21,2023-09-22
INB00181,SUP007,HUB-BLR,SKU0493,126,2023-09-20,2023-09-22
INB00182,SUP013,HUB-DEL,SKU0030,71,2023-09-22,2023-09-22
INB00182,SUP013,HUB-DEL,SKU0092,61,2023-09-17,2023-09-22
INB00182,SUP013,HUB-DEL,SKU0282,62,2023-09-21,2023-09-22
INB00182,SUP013,HUB-DEL,SKU0463,58,2023-09-18,2023-09-22
INB00180,SUP004,HUB-BOM,SKU0210,40,2023-09-19,2023-09-23
INB00181,SUP007,HUB-BLR,SKU0004,117,2023-09-22,2023-09-23
INB00181,SUP007,HUB-BLR,SKU0041,105,2023-09-19,2023-09-23
INB00181,SUP007,HUB-BLR,SKU0061,136,2023-09-23,2023-09-23
INB00181,SUP007,HUB-BLR,SKU0072,99,2023-09-19,2023-09-23
INB00181,SUP007,HUB-BLR,SKU0158,138,2023-09-20,2023-09-23
INB00181,SUP007,HUB-BLR,SKU0165,93,2023-09-18,2023-09-23
INB00181,SUP007,HUB-BLR,SKU0336,154,2023-09-21,2023-09-23
INB00181,SUP007,HUB-BLR,SKU0352,137,2023-09-22,2023-09-23
INB00181,SUP007,HUB-BLR,SKU0435,112,2023-09-23,2023-09-23
INB00181,SUP007,HUB-BLR,SKU0472,107,2023-09-21,2023-09-23
INB00181,SUP007,HUB-BLR,SKU0492,109,2023-09-19,2023-09-23
INB00182,SUP013,HUB-DEL,SKU0060,60,2023-09-20,2023-09-23
INB00182,SUP013,HUB-DEL,SKU0078,62,2023-09-22,2023-09-23
INB00182,SUP013,HUB-DEL,SKU0086,59,2023-09-23,2023-09-23
INB00181,SUP007,HUB-BLR,SKU0033,148,2023-09-21,2023-09-24
INB00181,SUP007,HUB-BLR,SKU0050,130,2023-09-24,2023-09-24
INB00181,SUP007,HUB-BLR,SKU0430,110,2023-09-21,2023-09-24
INB00182,SUP013,HUB-DEL,SKU0134,62,2023-09-23,2023-09-24
INB00182,SUP013,HUB-DEL,SKU0188,58,2023-09-22,2023-09-24
INB00182,SUP013,HUB-DEL,SKU0194,57,2023-09-21,2023-09-24
INB00182,SUP013,HUB-DEL,SKU0221,60,2023-09-23,2023-09-24
INB00182,SUP013,HUB-DEL,SKU0249,64,2023-09-24,2023-09-24
INB00182,SUP013,HUB-DEL,SKU0321,60,2023-09-21,2023-09-24
INB00182,SUP013,HUB-DEL,SKU0356,61,2023-09-24,2023-09-24
INB00181,SUP007,HUB-BLR,SKU0236,159,2023-09-25,2023-09-25
INB00181,SUP007,HUB-BLR,SKU0211,103,2023-09-26,2023-09-26
INB00183,SUP001,HUB-BOM,SKU0181,41,2023-09-23,2023-09-26
INB00183,SUP001,HUB-BOM,SKU0391,39,2023-09-25,2023-09-26
INB00183,SUP001,HUB-BOM,SKU0191,41,2023-09-23,2023-09-27
INB00183,SUP001,HUB-BOM,SKU0252,40,2023-09-24,2023-09-27
INB00183,SUP001,HUB-BOM,SKU0278,45,2023-09-22,2023-09-27
INB00183,SUP001,HUB-BOM,SKU0372,38,2023-09-25,2023-09-27
INB00184,SUP012,HUB-DEL,SKU0267,62,2023-09-24,2023-09-27
INB00184,SUP012,HUB-DEL,SKU0341,60,2023-09-24,2023-09-27
INB00183,SUP001,HUB-BOM,SKU0108,41,2023-09-24,2023-09-28
INB00183,SUP001,HUB-BOM,SKU0151,41,2023-09-27,2023-09-29
INB00183,SUP001,HUB-BOM,SKU0199,37,2023-09-26,2023-09-29
INB00183,SUP001,HUB-BOM,SKU0310,38,2023-09-28,2023-09-29
INB00183,SUP001,HUB-BOM,SKU0315,52,2023-09-27,2023-09-29
INB00183,SUP001,HUB-BOM,SKU0411,40,2023-09-24,2023-09-29
INB00183,SUP001,HUB-BOM,SKU0428,43,2023-09-28,2023-09-29
INB00183,SUP001,HUB-BOM,SKU0473,43,2023-09-28,2023-09-29
INB00184,SUP012,HUB-DEL,SKU0103,58,2023-09-27,2023-09-29
INB00184,SUP012,HUB-DEL,SKU0386,61,2023-09-26,2023-09-29
INB00185,SUP008,HUB-BLR,SKU0065,137,2023-09-24,2023-09-29
INB00185,SUP008,HUB-BLR,SKU0148,194,2023-09-25,2023-09-29
INB00183,SUP001,HUB-BOM,SKU0032,41,2023-09-30,2023-09-30
INB00183,SUP001,HUB-BOM,SKU0119,41,2023-09-25,2023-09-30
INB00183,SUP001,HUB-BOM,SKU0213,46,2023-09-26,2023-09-30
INB00183,SUP001,HUB-BOM,SKU0223,37,2023-09-28,2023-09-30
INB00183,SUP001,HUB-BOM,SKU0331,42,2023-09-29,2023-09-30
INB00184,SUP012,HUB-DEL,SKU0202,57,2023-09-28,2023-09-30
INB00184,SUP012,HUB-DEL,SKU0286,63,2023-09-25,2023-09-30
INB00184,SUP012,HUB-DEL,SKU0453,63,2023-09-28,2023-09-30
INB00185,SUP008,HUB-BLR,SKU0237,94,2023-09-26,2023-09-30
INB00185,SUP008,HUB-BLR,SKU0290,151,2023-09-30,2023-09-30
INB00185,SUP008,HUB-BLR,SKU0360,137,2023-09-27,2023-09-30
INB00185,SUP008,HUB-BLR,SKU0366,139,2023-09-26,2023-09-30
INB00185,SUP008,HUB-BLR,SKU0369,139,2023-09-28,2023-09-30
INB00185,SUP008,HUB-BLR,SKU0445,134,2023-09-29,2023-09-30
INB00183,SUP001,HUB-BOM,SKU0257,50,2023-09-29,2023-10-01
INB00184,SUP012,HUB-DEL,SKU0163,64,2023-09-26,2023-10-01
INB00184,SUP012,HUB-DEL,SKU0281,57,2023-10-01,2023-10-01
INB00184,SUP012,HUB-DEL,SKU0328,70,2023-09-26,2023-10-01
INB00185,SUP008,HUB-BLR,SKU0130,122,2023-10-01,2023-10-01
INB00185,SUP008,HUB-BLR,SKU0288,95,2023-10-01,2023-10-01
INB00185,SUP008,HUB-BLR,SKU0320,93,2023-09-30,2023-10-01
INB00185,SUP008,HUB-BLR,SKU0394,145,2023-09-27,2023-10-01
INB00185,SUP008,HUB-BLR,SKU0433,150,2023-09-27,2023-10-01
INB00185,SUP008,HUB-BLR,SKU0480,165,2023-09-29,2023-10-01
INB00183,SUP001,HUB-BOM,SKU0009,54,2023-10-01,2023-10-02
INB00183,SUP001,HUB-BOM,SKU0028,43,2023-10-02,2023-10-02
INB00183,SUP001,HUB-BOM,SKU0056,42,2023-09-28,2023-10-02
INB00183,SUP001,HUB-BOM,SKU0274,47,2023-09-27,2023-10-02
INB00183,SUP001,HUB-BOM,SKU0337,41,2023-09-28,2023-10-02
INB00183,SUP001,HUB-BOM,SKU0434,40,2023-09-29,2023-10-02
INB00184,SUP012,HUB-DEL,SKU0007,59,2023-09-27,2023-10-02
INB00184,SUP012,HUB-DEL,SKU0144,60,2023-09-27,2023-10-02
INB00184,SUP012,HUB-DEL,SKU0398,58,2023-09-28,2023-10-02
INB00185,SUP008,HUB-BLR,SKU0038,121,2023-09-28,2023-10-02
INB00185,SUP008,HUB-BLR,SKU0105,100,2023-10-01,2023-10-02
INB00185,SUP008,HUB-BLR,SKU0205,153,2023-09-28,2023-10-02
INB00185,SUP008,HUB-BLR,SKU0224,100,2023-09-27,2023-10-02
INB00185,SUP008,HUB-BLR,SKU0239,112,2023-09-30,2023-10-02
INB00185,SUP008,HUB-BLR,SKU0303,111,2023-09-28,2023-10-02
INB00185,SUP008,HUB-BLR,SKU0371,109,2023-09-28,2023-10-02
INB00185,SUP008,HUB-BLR,SKU0397,143,2023-09-29,2023-10-02
INB00185,SUP008,HUB-BLR,SKU0458,187,2023-09-30,2023-10-02
INB00185,SUP008,HUB-BLR,SKU0466,117,2023-10-02,2023-10-02
INB00183,SUP001,HUB-BOM,SKU0170,54,2023-10-03,2023-10-03
INB00185,SUP008,HUB-BLR,SKU0051,97,2023-10-01,2023-10-03
INB00185,SUP008,HUB-BLR,SKU0069,128,2023-10-02,2023-10-03
INB00185,SUP008,HUB-BLR,SKU0109,93,2023-10-01,2023-10-03
INB00185,SUP008,HUB-BLR,SKU0182,119,2023-10-01,2023-10-03
INB00185,SUP008,HUB-BLR,SKU0227,109,2023-10-01,2023-10-03
INB00185,SUP008,HUB-BLR,SKU0234,110,2023-09-29,2023-10-03
INB00185,SUP008,HUB-BLR,SKU0271,118,2023-09-30,2023-10-03
INB00185,SUP008,HUB-BLR,SKU0407,158,2023-10-02,2023-10-03
INB00185,SUP008,HUB-BLR,SKU0418,122,2023-09-28,2023-10-03
INB00185,SUP008,HUB-BLR,SKU0444,139,2023-09-30,2023-10-03
INB00183,SUP001,HUB-BOM,SKU0443,38,2023-09-29,2023-10-04
INB00185,SUP008,HUB-BLR,SKU0012,144,2023-09-30,2023-10-04
INB00185,SUP008,HUB-BLR,SKU0063,116,2023-09-29,2023-10-04
INB00185,SUP008,HUB-BLR,SKU0229,112,2023-09-29,2023-10-04
INB00185,SUP008,HUB-BLR,SKU0348,151,2023-10-03,2023-10-04
INB00185,SUP008,HUB-BLR,SKU0409,114,2023-09-29,2023-10-04
INB00185,SUP008,HUB-BLR,SKU0413,126,2023-10-02,2023-10-04
INB00185,SUP008,HUB-BLR,SKU0082,136,2023-09-30,2023-10-05
INB00185,SUP008,HUB-BLR,SKU0217,127,2023-10-03,2023-10-05
INB00185,SUP008,HUB-BLR,SKU0368,113,2023-10-04,2023-10-05
INB00185,SUP008,HUB-BLR,SKU0404,135,2023-09-30,2023-10-05
INB00185,SUP008,HUB-BLR,SKU0500,131,2023-10-05,2023-10-05
INB00186,SUP017,HUB-DEL,SKU0426,69,2023-10-02,2023-10-05
INB00185,SUP008,HUB-BLR,SKU0183,98,2023-10-05,2023-10-06
INB00186,SUP017,HUB-DEL,SKU0034,65,2023-10-04,2023-10-07
INB00186,SUP017,HUB-DEL,SKU0187,76,2023-10-06,2023-10-07
INB00186,SUP017,HUB-DEL,SKU0256,67,2023-10-04,2023-10-07
INB00186,SUP017,HUB-DEL,SKU0427,72,2023-10-02,2023-10-07
INB00187,SUP015,HUB-BOM,SKU0476,39,2023-10-06,2023-10-07
INB00186,SUP017,HUB-DEL,SKU0297,76,2023-10-08,2023-10-08
INB00187,SUP015,HUB-BOM,SKU0010,54,2023-10-08,2023-10-08
INB00187,SUP015,HUB-BOM,SKU0200,41,2023-10-04,2023-10-08
INB00186,SUP017,HUB-DEL,SKU0039,87,2023-10-04,2023-10-09
INB00186,SUP017,HUB-DEL,SKU0043,59,2023-10-05,2023-10-09
INB00186,SUP017,HUB-DEL,SKU0157,65,2023-10-05,2023-10-09
INB00186,SUP017,HUB-DEL,SKU0416,76,2023-10-05,2023-10-09
INB00186,SUP017,HUB-DEL,SKU0459,59,2023-10-08,2023-10-09
INB00187,SUP015,HUB-BOM,SKU0020,47,2023-10-05,2023-10-09
INB00187,SUP015,HUB-BOM,SKU0097,44,2023-10-08,2023-10-09
INB00187,SUP015,HUB-BOM,SKU0126,40,2023-10-07,2023-10-09
INB00187,SUP015,HUB-BOM,SKU0241,38,2023-10-09,2023-10-09
INB00187,SUP015,HUB-BOM,SKU0370,40,2023-10-08,2023-10-09
INB00188,SUP010,HUB-BLR,SKU0484,115,2023-10-05,2023-10-09
INB00188,SUP010,HUB-BLR,SKU0488,118,2023-10-07,2023-10-09
INB00186,SUP017,HUB-DEL,SKU0238,62,2023-10-05,2023-10-10
INB00186,SUP017,HUB-DEL,SKU0298,91,2023-10-08,2023-10-10
INB00186,SUP017,HUB-DEL,SKU0317,59,2023-10-08,2023-10-10
INB00187,SUP015,HUB-BOM,SKU0085,42,2023-10-08,2023-10-10
INB00187,SUP015,HUB-BOM,SKU0088,46,2023-10-10,2023-10-10
INB00187,SUP015,HUB-BOM,SKU0136,43,2023-10-07,2023-10-10
INB00187,SUP015,HUB-BOM,SKU0159,45,2023-10-06,2023-10-10
INB00187,SUP015,HUB-BOM,SKU0174,38,2023-10-07,2023-10-10
INB00187,SUP015,HUB-BOM,SKU0273,37,2023-10-07,2023-10-10
INB00187,SUP015,HUB-BOM,SKU0292,42,2023-10-05,2023-10-10
INB00188,SUP010,HUB-BLR,SKU0169,119,2023-10-05,2023-10-10
INB00188,SUP010,HUB-BLR,SKU0197,112,2023-10-10,2023-10-10
INB00188,SUP010,HUB-BLR,SKU0335,98,2023-10-10,2023-10-10
INB00188,SUP010,HUB-BLR,SKU0361,154,2023-10-09,2023-10-10
INB00188,SUP010,HUB-BLR,SKU0450,177,2023-10-06,2023-10-10
INB00186,SUP017,HUB-DEL,SKU0048,64,2023-10-07,2023-10-11
INB00186,SUP017,HUB-DEL,SKU0190,75,2023-10-10,2023-10-11
INB00187,SUP015,HUB-BOM,SKU0022,49,2023-10-09,2023-10-11
INB00187,SUP015,HUB-BOM,SKU0077,52,2023-10-11,2023-10-11
INB00187,SUP015,HUB-BOM,SKU0106,37,2023-10-09,2023-10-11
INB00187,SUP015,HUB-BOM,SKU0246,44,2023-10-08,2023-10-11
INB00187,SUP015,HUB-BOM,SKU0276,49,2023-10-09,2023-10-11
INB00187,SUP015,HUB-BOM,SKU0279,56,2023-10-06,2023-10-11
INB00187,SUP015,HUB-BOM,SKU0395,41,2023-10-10,2023-10-11
INB00187,SUP015,HUB-BOM,SKU0446,37,2023-10-07,2023-10-11
INB00187,SUP015,HUB-BOM,SKU0457,52,2023-10-09,2023-10-11
INB00188,SUP010,HUB-BLR,SKU0112,150,2023-10-10,2023-10-11
INB00188,SUP010,HUB-BLR,SKU0270,93,2023-10-07,2023-10-11
INB00188,SUP010,HUB-BLR,SKU0291,113,2023-10-07,2023-10-11
INB00188,SUP010,HUB-BLR,SKU0333,96,2023-10-10,2023-10-11
INB00188,SUP010,HUB-BLR,SKU0363,99,2023-10-10,2023-10-11
INB00186,SUP017,HUB-DEL,SKU0047,65,2023-10-09,2023-10-12
INB00187,SUP015,HUB-BOM,SKU0129,40,2023-10-09,2023-10-12
INB00187,SUP015,HUB-BOM,SKU0349,47,2023-10-08,2023-10-12
INB00187,SUP015,HUB-BOM,SKU0392,51,2023-10-10,2023-10-12
INB00187,SUP015,HUB-BOM,SKU0438,40,2023-10-11,2023-10-12
INB00188,SUP010,HUB-BLR,SKU0021,102,2023-10-10,2023-10-12
INB00188,SUP010,HUB-BLR,SKU0091,112,2023-10-10,2023-10-12
INB00188,SUP010,HUB-BLR,SKU0131,94,2023-10-09,2023-10-12
INB00188,SUP010,HUB-BLR,SKU0222,113,2023-10-07,2023-10-12
INB00188,SUP010,HUB-BLR,SKU0244,97,2023-10-10,2023-10-12
INB00188,SUP010,HUB-BLR,SKU0359,97,2023-10-07,2023-10-12
INB00186,SUP017,HUB-DEL,SKU0403,59,2023-10-12,2023-10-13
INB00187,SUP015,HUB-BOM,SKU0025,37,2023-10-12,2023-10-13
INB00187,SUP015,HUB-BOM,SKU0123,46,2023-10-11,2023-10-13
INB00187,SUP015,HUB-BOM,SKU0177,47,2023-10-09,2023-10-13
INB00187,SUP015,HUB-BOM,SKU0358,41,2023-10-10,2023-10-13
INB00188,SUP010,HUB-BLR,SKU0033,104,2023-10-10,2023-10-13
INB00188,SUP010,HUB-BLR,SKU0145,134,2023-10-13,2023-10-13
INB00188,SUP010,HUB-BLR,SKU0211,93,2023-10-11,2023-10-13
INB00188,SUP010,HUB-BLR,SKU0285,114,2023-10-10,2023-10-13
INB00188,SUP010,HUB-BLR,SKU0367,114,2023-10-12,2023-10-13
INB00188,SUP010,HUB-BLR,SKU0405,94,2023-10-09,2023-10-13
INB00188,SUP010,HUB-BLR,SKU0423,102,2023-10-11,2023-10-13
INB00188,SUP010,HUB-BLR,SKU0454,100,2023-10-12,2023-10-13
INB00188,SUP010,HUB-BLR,SKU0489,160,2023-10-12,2023-10-13
INB00187,SUP015,HUB-BOM,SKU0118,40,2023-10-09,2023-10-14
INB00187,SUP015,HUB-BOM,SKU0152,50,2023-10-13,2023-10-14
INB00188,SUP010,HUB-BLR,SKU0074,102,2023-10-10,2023-10-14
INB00188,SUP010,HUB-BLR,SKU0079,129,2023-10-14,2023-10-14
INB00188,SUP010,HUB-BLR,SKU0081,113,2023-10-11,2023-10-14
INB00188,SUP010,HUB-BLR,SKU0143,98,2023-10-09,2023-10-14
INB00188,SUP010,HUB-BLR,SKU0198,109,2023-10-14,2023-10-14
INB00188,SUP010,HUB-BLR,SKU0283,133,2023-10-10,2023-10-14
INB00188,SUP010,HUB-BLR,SKU0324,108,2023-10-12,2023-10-14
INB00188,SUP010,HUB-BLR,SKU0089,122,2023-10-15,2023-10-15
INB00188,SUP010,HUB-BLR,SKU0441,104,2023-10-14,2023-10-15
INB00188,SUP010,HUB-BLR,SKU0479,150,2023-10-11,2023-10-15
INB00188,SUP010,HUB-BLR,SKU0023,93,2023-10-15,2023-10-16
INB00189,SUP012,HUB-DEL,SKU0029,64,2023-10-14,2023-10-16
INB00189,SUP012,HUB-DEL,SKU0075,85,2023-10-14,2023-10-16
INB00189,SUP012,HUB-DEL,SKU0235,70,2023-10-11,2023-10-16
INB00189,SUP012,HUB-DEL,SKU0308,116,2023-10-11,2023-10-16
INB00189,SUP012,HUB-DEL,SKU0334,75,2023-10-12,2023-10-16
INB00189,SUP012,HUB-DEL,SKU0497,138,2023-10-11,2023-10-16
INB00188,SUP010,HUB-BLR,SKU0305,119,2023-10-13,2023-10-17
INB00188,SUP010,HUB-BLR,SKU0429,97,2023-10-17,2023-10-17
INB00189,SUP012,HUB-DEL,SKU0008,120,2023-10-12,2023-10-17
INB00189,SUP012,HUB-DEL,SKU0102,59,2023-10-14,2023-10-17
INB00189,SUP012,HUB-DEL,SKU0134,98,2023-10-17,2023-10-17
INB00189,SUP012,HUB-DEL,SKU0207,109,2023-10-12,2023-10-17
INB00189,SUP012,HUB-DEL,SKU0240,60,2023-10-16,2023-10-17
INB00189,SUP012,HUB-DEL,SKU0277,63,2023-10-13,2023-10-17
INB00189,SUP012,HUB-DEL,SKU0293,74,2023-10-12,2023-10-17
INB00189,SUP012,HUB-DEL,SKU0339,77,2023-10-17,2023-10-17
INB00190,SUP015,HUB-BOM,SKU0084,44,2023-10-14,2023-10-17
INB00190,SUP015,HUB-BOM,SKU0353,37,2023-10-16,2023-10-17
INB00189,SUP012,HUB-DEL,SKU0003,83,2023-10-17,2023-10-18
INB00189,SUP012,HUB-DEL,SKU0006,74,2023-10-14,2023-10-18
INB00189,SUP012,HUB-DEL,SKU0138,138,2023-10-17,2023-10-18
INB00189,SUP012,HUB-DEL,SKU0212,58,2023-10-16,2023-10-18
INB00189,SUP012,HUB-DEL,SKU0225,87,2023-10-17,2023-10-18
INB00189,SUP012,HUB-DEL,SKU0238,73,2023-10-18,2023-10-18
INB00189,SUP012,HUB-DEL,SKU0264,102,2023-10-14,2023-10-18
INB00189,SUP012,HUB-DEL,SKU0447,79,2023-10-16,2023-10-18
INB00190,SUP015,HUB-BOM,SKU0090,42,2023-10-15,2023-10-18
INB00190,SUP015,HUB-BOM,SKU0374,37,2023-10-17,2023-10-18
INB00189,SUP012,HUB-DEL,SKU0052,65,2023-10-16,2023-10-19
INB00189,SUP012,HUB-DEL,SKU0062,95,2023-10-18,2023-10-19
INB00189,SUP012,HUB-DEL,SKU0113,120,2023-10-19,2023-10-19
INB00189,SUP012,HUB-DEL,SKU0226,115,2023-10-16,2023-10-19
INB00189,SUP012,HUB-DEL,SKU0253,92,2023-10-16,2023-10-19
INB00189,SUP012,HUB-DEL,SKU0256,100,2023-10-16,2023-10-19
INB00189,SUP012,HUB-DEL,SKU0286,115,2023-10-19,2023-10-19
INB00189,SUP012,HUB-DEL,SKU0356,57,2023-10-17,2023-10-19
INB00189,SUP012,HUB-DEL,SKU0376,79,2023-10-15,2023-10-19
INB00189,SUP012,HUB-DEL,SKU0379,95,2023-10-15,2023-10-19
INB00189,SUP012,HUB-DEL,SKU0399,78,2023-10-14,2023-10-19
INB00189,SUP012,HUB-DEL,SKU0417,63,2023-10-14,2023-10-19
INB00189,SUP012,HUB-DEL,SKU0449,87,2023-10-18,2023-10-19
INB00189,SUP012,HUB-DEL,SKU0464,111,2023-10-14,2023-10-19
INB00189,SUP012,HUB-DEL,SKU0491,66,2023-10-15,2023-10-19
INB00190,SUP015,HUB-BOM,SKU0001,53,2023-10-18,2023-10-19
INB00190,SUP015,HUB-BOM,SKU0058,53,2023-10-18,2023-10-19
INB00190,SUP015,HUB-BOM,SKU0070,43,2023-10-18,2023-10-19
INB00190,SUP015,HUB-BOM,SKU0076,43,2023-10-18,2023-10-19
INB00190,SUP015,HUB-BOM,SKU0139,48,2023-10-16,2023-10-19
INB00190,SUP015,HUB-BOM,SKU0228,38,2023-10-18,2023-10-19
INB00190,SUP015,HUB-BOM,SKU0259,39,2023-10-18,2023-10-19
INB00190,SUP015,HUB-BOM,SKU0421,52,2023-10-17,2023-10-19
INB00189,SUP012,HUB-DEL,SKU0027,57,2023-10-18,2023-10-20
INB00189,SUP012,HUB-DEL,SKU0036,67,2023-10-19,2023-10-20
INB00189,SUP012,HUB-DEL,SKU0037,66,2023-10-17,2023-10-20
INB00189,SUP012,HUB-DEL,SKU0059,116,2023-10-18,2023-10-20
INB00189,SUP012,HUB-DEL,SKU0060,126,2023-10-16,2023-10-20
INB00189,SUP012,HUB-DEL,SKU0117,61,2023-10-19,2023-10-20
INB00189,SUP012,HUB-DEL,SKU0135,138,2023-10-19,2023-10-20
INB00189,SUP012,HUB-DEL,SKU0173,119,2023-10-18,2023-10-20
INB00189,SUP012,HUB-DEL,SKU0221,101,2023-10-17,2023-10-20
INB00189,SUP012,HUB-DEL,SKU0317,89,2023-10-20,2023-10-20
INB00189,SUP012,HUB-DEL,SKU0321,57,2023-10-19,2023-10-20
INB00189,SUP012,HUB-DEL,SKU0384,86,2023-10-16,2023-10-20
INB00189,SUP012,HUB-DEL,SKU0412,66,2023-10-16,2023-10-20
INB00189,SUP012,HUB-DEL,SKU0422,82,2023-10-20,2023-10-20
INB00189,SUP012,HUB-DEL,SKU0468,85,2023-10-15,2023-10-20
INB00189,SUP012,HUB-DEL,SKU0478,105,2023-10-16,2023-10-20
INB00190,SUP015,HUB-BOM,SKU0209,41,2023-10-19,2023-10-20
INB00190,SUP015,HUB-BOM,SKU0311,44,2023-10-16,2023-10-20
INB00190,SUP015,HUB-BOM,SKU0485,47,2023-10-20,2023-10-20
INB00191,SUP005,HUB-BLR,SKU0005,120,2023-10-18,2023-10-20
INB00191,SUP005,HUB-BLR,SKU0179,118,2023-10-20,2023-10-20
INB00191,SUP005,HUB-BLR,SKU0185,121,2023-10-15,2023-10-20
INB00191,SUP005,HUB-BLR,SKU0366,131,2023-10-19,2023-10-20
INB00191,SUP005,HUB-BLR,SKU0495,182,2023-10-17,2023-10-20
INB00189,SUP012,HUB-DEL,SKU0055,90,2023-10-18,2023-10-21
INB00189,SUP012,HUB-DEL,SKU0098,79,2023-10-17,2023-10-21
INB00189,SUP012,HUB-DEL,SKU0142,65,2023-10-16,2023-10-21
INB00189,SUP012,HUB-DEL,SKU0249,69,2023-10-20,2023-10-21
INB00189,SUP012,HUB-DEL,SKU0289,77,2023-10-16,2023-10-21
INB00189,SUP012,HUB-DEL,SKU0325,91,2023-10-21,2023-10-21
INB00189,SUP012,HUB-DEL,SKU0346,57,2023-10-19,2023-10-21
INB00189,SUP012,HUB-DEL,SKU0393,76,2023-10-17,2023-10-21
INB00189,SUP012,HUB-DEL,SKU0424,57,2023-10-16,2023-10-21
INB00189,SUP012,HUB-DEL,SKU0487,68,2023-10-21,2023-10-21
INB00190,SUP015,HUB-BOM,SKU0147,85,2023-10-19,2023-10-21
INB00190,SUP015,HUB-BOM,SKU0150,44,2023-10-19,2023-10-21
INB00190,SUP015,HUB-BOM,SKU0168,51,2023-10-20,2023-10-21
INB00190,SUP015,HUB-BOM,SKU0300,49,2023-10-17,2023-10-21
INB00190,SUP015,HUB-BOM,SKU0319,43,2023-10-18,2023-10-21
INB00190,SUP015,HUB-BOM,SKU0420,48,2023-10-18,2023-10-21
INB00191,SUP005,HUB-BLR,SKU0069,141,2023-10-18,2023-10-21
INB00191,SUP005,HUB-BLR,SKU0073,145,2023-10-17,2023-10-21
INB00191,SUP005,HUB-BLR,SKU0323,161,2023-10-18,2023-10-21
INB00191,SUP005,HUB-BLR,SKU0357,113,2023-10-21,2023-10-21
INB00189,SUP012,HUB-DEL,SKU0230,71,2023-10-21,2023-10-22
INB00189,SUP012,HUB-DEL,SKU0243,101,2023-10-22,2023-10-22
INB00189,SUP012,HUB-DEL,SKU0296,74,2023-10-21,2023-10-22
INB00189,SUP012,HUB-DEL,SKU0312,104,2023-10-20,2023-10-22
INB00190,SUP015,HUB-BOM,SKU0019,41,2023-10-20,2023-10-22
INB00190,SUP015,HUB-BOM,SKU0040,45,2023-10-20,2023-10-22
INB00190,SUP015,HUB-BOM,SKU0064,40,2023-10-19,2023-10-22
INB00190,SUP015,HUB-BOM,SKU0250,56,2023-10-20,2023-10-22
INB00190,SUP015,HUB-BOM,SKU0254,60,2023-10-17,2023-10-22
INB00191,SUP005,HUB-BLR,SKU0087,106,2023-10-22,2023-10-22
INB00191,SUP005,HUB-BLR,SKU0099,129,2023-10-17,2023-10-22
INB00191,SUP005,HUB-BLR,SKU0120,107,2023-10-17,2023-10-22
INB00191,SUP005,HUB-BLR,SKU0140,99,2023-10-22,2023-10-22
INB00191,SUP005,HUB-BLR,SKU0156,142,2023-10-21,2023-10-22
INB00191,SUP005,HUB-BLR,SKU0222,140,2023-10-21,2023-10-22
INB00191,SUP005,HUB-BLR,SKU0294,121,2023-10-18,2023-10-22
INB00191,SUP005,HUB-BLR,SKU0313,140,2023-10-21,2023-10-22
INB00191,SUP005,HUB-BLR,SKU0377,131,2023-10-20,2023-10-22
INB00191,SUP005,HUB-BLR,SKU0445,125,2023-10-22,2023-10-22
INB00189,SUP012,HUB-DEL,SKU0017,75,2023-10-19,2023-10-23
INB00189,SUP012,HUB-DEL,SKU0048,85,2023-10-18,2023-10-23
INB00189,SUP012,HUB-DEL,SKU0196,128,2023-10-21,2023-10-23
INB00189,SUP012,HUB-DEL,SKU0314,82,2023-10-21,2023-10-23
INB00189,SUP012,HUB-DEL,SKU0364,138,2023-10-20,2023-10-23
INB00189,SUP012,HUB-DEL,SKU0467,81,2023-10-19,2023-10-23
INB00190,SUP015,HUB-BOM,SKU0096,45,2023-10-18,2023-10-23
INB00190,SUP015,HUB-BOM,SKU0186,44,2023-10-20,2023-10-23
INB00190,SUP015,HUB-BOM,SKU0260,49,2023-10-21,2023-10-23
INB00190,SUP015,HUB-BOM,SKU0275,37,2023-10-23,2023-10-23
INB00190,SUP015,HUB-BOM,SKU0448,44,2023-10-23,2023-10-23
INB00191,SUP005,HUB-BLR,SKU0044,93,2023-10-22,2023-10-23
INB00191,SUP005,HUB-BLR,SKU0093,122,2023-10-20,2023-10-23
INB00191,SUP005,HUB-BLR,SKU0167,169,2023-10-18,2023-10-23
INB00191,SUP005,HUB-BLR,SKU0203,141,2023-10-22,2023-10-23
INB00191,SUP005,HUB-BLR,SKU0232,120,2023-10-21,2023-10-23
INB00191,SUP005,HUB-BLR,SKU0247,99,2023-10-23,2023-10-23
INB00191,SUP005,HUB-BLR,SKU0295,128,2023-10-23,2023-10-23
INB00191,SUP005,HUB-BLR,SKU0327,155,2023-10-19,2023-10-23
INB00191,SUP005,HUB-BLR,SKU0383,127,2023-10-21,2023-10-23
INB00189,SUP012,HUB-DEL,SKU0011,103,2023-10-23,2023-10-24
INB00189,SUP012,HUB-DEL,SKU0046,115,2023-10-21,2023-10-24
INB00189,SUP012,HUB-DEL,SKU0233,81,2023-10-20,2023-10-24
INB00189,SUP012,HUB-DEL,SKU0498,114,2023-10-24,2023-10-24
INB00190,SUP015,HUB-BOM,SKU0176,41,2023-10-22,2023-10-24
INB00190,SUP015,HUB-BOM,SKU0410,43,2023-10-21,2023-10-24
INB00190,SUP015,HUB-BOM,SKU0451,47,2023-10-23,2023-10-24
INB00191,SUP005,HUB-BLR,SKU0122,135,2023-10-20,2023-10-24
INB00191,SUP005,HUB-BLR,SKU0137,94,2023-10-22,2023-10-24
INB00191,SUP005,HUB-BLR,SKU0172,140,2023-10-22,2023-10-24
INB00191,SUP005,HUB-BLR,SKU0299,107,2023-10-23,2023-10-24
INB00191,SUP005,HUB-BLR,SKU0329,93,2023-10-19,2023-10-24
INB00191,SUP005,HUB-BLR,SKU0344,140,2023-10-19,2023-10-24
INB00191,SUP005,HUB-BLR,SKU0486,180,2023-10-23,2023-10-24
INB00191,SUP005,HUB-BLR,SKU0493,107,2023-10-19,2023-10-24
INB00191,SUP005,HUB-BLR,SKU0004,114,2023-10-22,2023-10-25
INB00191,SUP005,HUB-BLR,SKU0013,100,2023-10-20,2023-10-25
INB00191,SUP005,HUB-BLR,SKU0018,99,2023-10-22,2023-10-25
INB00191,SUP005,HUB-BLR,SKU0026,103,2023-10-20,2023-10-25
INB00191,SUP005,HUB-BLR,SKU0132,108,2023-10-21,2023-10-25
INB00191,SUP005,HUB-BLR,SKU0162,95,2023-10-24,2023-10-25
INB00191,SUP005,HUB-BLR,SKU0198,111,2023-10-20,2023-10-25
INB00191,SUP005,HUB-BLR,SKU0304,193,2023-10-22,2023-10-25
INB00191,SUP005,HUB-BLR,SKU0345,121,2023-10-24,2023-10-25
INB00191,SUP005,HUB-BLR,SKU0385,100,2023-10-24,2023-10-25
INB00191,SUP005,HUB-BLR,SKU0413,105,2023-10-25,2023-10-25
INB00191,SUP005,HUB-BLR,SKU0440,228,2023-10-22,2023-10-25
INB00191,SUP005,HUB-BLR,SKU0074,108,2023-10-24,2023-10-26
INB00191,SUP005,HUB-BLR,SKU0082,93,2023-10-26,2023-10-26
INB00191,SUP005,HUB-BLR,SKU0110,118,2023-10-23,2023-10-26
INB00191,SUP005,HUB-BLR,SKU0158,126,2023-10-22,2023-10-26
INB00191,SUP005,HUB-BLR,SKU0182,120,2023-10-21,2023-10-26
INB00191,SUP005,HUB-BLR,SKU0354,108,2023-10-21,2023-10-26
INB00191,SUP005,HUB-BLR,SKU0061,98,2023-10-27,2023-10-27
INB00191,SUP005,HUB-BLR,SKU0071,150,2023-10-27,2023-10-27
INB00191,SUP005,HUB-BLR,SKU0192,119,2023-10-26,2023-10-27
INB00191,SUP005,HUB-BLR,SKU0401,117,2023-10-22,2023-10-27
INB00192,SUP013,HUB-DEL,SKU0212,62,2023-10-22,2023-10-27
INB00192,SUP013,HUB-DEL,SKU0240,71,2023-10-24,2023-10-27
INB00192,SUP013,HUB-DEL,SKU0265,109,2023-10-22,2023-10-27
INB00193,SUP015,HUB-BOM,SKU0014,38,2023-10-22,2023-10-27
INB00193,SUP015,HUB-BOM,SKU0180,48,2023-10-22,2023-10-27
INB00193,SUP015,HUB-BOM,SKU0210,50,2023-10-23,2023-10-27
INB00193,SUP015,HUB-BOM,SKU0387,51,2023-10-22,2023-10-27
INB00191,SUP005,HUB-BLR,SKU0388,106,2023-10-27,2023-10-28
INB00192,SUP013,HUB-DEL,SKU0068,92,2023-10-27,2023-10-28
INB00192,SUP013,HUB-DEL,SKU0231,72,2023-10-24,2023-10-28
INB00192,SUP013,HUB-DEL,SKU0281,81,2023-10-23,2023-10-28
INB00192,SUP013,HUB-DEL,SKU0376,61,2023-10-24,2023-10-28
INB00192,SUP013,HUB-DEL,SKU0453,72,2023-10-24,2023-10-28
INB00193,SUP015,HUB-BOM,SKU0028,39,2023-10-28,2023-10-28
INB00193,SUP015,HUB-BOM,SKU0154,52,2023-10-24,2023-10-28
INB00191,SUP005,HUB-BLR,SKU0466,120,2023-10-24,2023-10-29
INB00192,SUP013,HUB-DEL,SKU0007,69,2023-10-28,2023-10-29
INB00192,SUP013,HUB-DEL,SKU0036,70,2023-10-25,2023-10-29
INB00192,SUP013,HUB-DEL,SKU0086,78,2023-10-29,2023-10-29
INB00192,SUP013,HUB-DEL,SKU0092,69,2023-10-24,2023-10-29
INB00192,SUP013,HUB-DEL,SKU0100,81,2023-10-27,2023-10-29
INB00192,SUP013,HUB-DEL,SKU0111,91,2023-10-24,2023-10-29
INB00192,SUP013,HUB-DEL,SKU0144,88,2023-10-26,2023-10-29
INB00192,SUP013,HUB-DEL,SKU0157,87,2023-10-25,2023-10-29
INB00192,SUP013,HUB-DEL,SKU0184,79,2023-10-28,2023-10-29
INB00192,SUP013,HUB-DEL,SKU0249,86,2023-10-29,2023-10-29
INB00192,SUP013,HUB-DEL,SKU0264,65,2023-10-27,2023-10-29
INB00192,SUP013,HUB-DEL,SKU0297,100,2023-10-25,2023-10-29
INB00192,SUP013,HUB-DEL,SKU0318,90,2023-10-25,2023-10-29
INB00192,SUP013,HUB-DEL,SKU0424,74,2023-10-28,2023-10-29
INB00192,SUP013,HUB-DEL,SKU0439,104,2023-10-27,2023-10-29
INB00192,SUP013,HUB-DEL,SKU0468,62,2023-10-29,2023-10-29
INB00193,SUP015,HUB-BOM,SKU0067,39,2023-10-29,2023-10-29
INB00193,SUP015,HUB-BOM,SKU0347,48,2023-10-27,2023-10-29
INB00193,SUP015,HUB-BOM,SKU0400,43,2023-10-28,2023-10-29
INB00193,SUP015,HUB-BOM,SKU0470,38,2023-10-24,2023-10-29
INB00192,SUP013,HUB-DEL,SKU0043,65,2023-10-29,2023-10-30
INB00192,SUP013,HUB-DEL,SKU0078,75,2023-10-26,2023-10-30
INB00192,SUP013,HUB-DEL,SKU0103,101,2023-10-25,2023-10-30
INB00192,SUP013,HUB-DEL,SKU0104,126,2023-10-27,2023-10-30
INB00192,SUP013,HUB-DEL,SKU0113,62,2023-10-25,2023-10-30
INB00192,SUP013,HUB-DEL,SKU0115,133,2023-10-26,2023-10-30
INB00192,SUP013,HUB-DEL,SKU0204,69,2023-10-29,2023-10-30
INB00192,SUP013,HUB-DEL,SKU0261,86,2023-10-28,2023-10-30
INB00192,SUP013,HUB-DEL,SKU0267,82,2023-10-26,2023-10-30
INB00192,SUP013,HUB-DEL,SKU0301,62,2023-10-27,2023-10-30
INB00192,SUP013,HUB-DEL,SKU0342,62,2023-10-29,2023-10-30
INB00192,SUP013,HUB-DEL,SKU0403,61,2023-10-29,2023-10-30
INB00192,SUP013,HUB-DEL,SKU0427,75,2023-10-27,2023-10-30
INB00192,SUP013,HUB-DEL,SKU0463,59,2023-10-25,2023-10-30
INB00192,SUP013,HUB-DEL,SKU0491,59,2023-10-26,2023-10-30
INB00192,SUP013,HUB-DEL,SKU0499,86,2023-10-25,2023-10-30
INB00193,SUP015,HUB-BOM,SKU0164,38,2023-10-27,2023-10-30
INB00193,SUP015,HUB-BOM,SKU0193,50,2023-10-30,2023-10-30
INB00193,SUP015,HUB-BOM,SKU0330,39,2023-10-27,2023-10-30
INB00193,SUP015,HUB-BOM,SKU0378,37,2023-10-26,2023-10-30
INB00193,SUP015,HUB-BOM,SKU0477,57,2023-10-26,2023-10-30
INB00192,SUP013,HUB-DEL,SKU0027,106,2023-10-27,2023-10-31
INB00192,SUP013,HUB-DEL,SKU0045,77,2023-10-28,2023-10-31
INB00192,SUP013,HUB-DEL,SKU0190,63,2023-10-28,2023-10-31
INB00192,SUP013,HUB-DEL,SKU0202,64,2023-10-28,2023-10-31
INB00192,SUP013,HUB-DEL,SKU0282,112,2023-10-26,2023-10-31
INB00192,SUP013,HUB-DEL,SKU0284,88,2023-10-30,2023-10-31
INB00192,SUP013,HUB-DEL,SKU0306,71,2023-10-31,2023-10-31
INB00192,SUP013,HUB-DEL,SKU0321,105,2023-10-31,2023-10-31
INB00192,SUP013,HUB-DEL,SKU0328,71,2023-10-31,2023-10-31
INB00192,SUP013,HUB-DEL,SKU0398,74,2023-10-27,2023-10-31
INB00192,SUP013,HUB-DEL,SKU0487,62,2023-10-30,2023-10-31
INB00193,SUP015,HUB-BOM,SKU0114,37,2023-10-29,2023-10-31
INB00193,SUP015,HUB-BOM,SKU0263,37,2023-10-31,2023-10-31
INB00193,SUP015,HUB-BOM,SKU0396,53,2023-10-28,2023-10-31
INB00193,SUP015,HUB-BOM,SKU0408,48,2023-10-29,2023-10-31
INB00193,SUP015,HUB-BOM,SKU0461,54,2023-10-31,2023-10-31
INB00192,SUP013,HUB-DEL,SKU0002,100,2023-10-28,2023-11-01
INB00192,SUP013,HUB-DEL,SKU0042,110,2023-10-31,2023-11-01
INB00192,SUP013,HUB-DEL,SKU0075,57,2023-10-27,2023-11-01
INB00192,SUP013,HUB-DEL,SKU0117,76,2023-10-30,2023-11-01
INB00192,SUP013,HUB-DEL,SKU0141,77,2023-10-27,2023-11-01
INB00192,SUP013,HUB-DEL,SKU0233,57,2023-10-28,2023-11-01
INB00192,SUP013,HUB-DEL,SKU0277,75,2023-10-29,2023-11-01
INB00192,SUP013,HUB-DEL,SKU0455,67,2023-10-28,2023-11-01
INB00192,SUP013,HUB-DEL,SKU0459,75,2023-11-01,2023-11-01
INB00192,SUP013,HUB-DEL,SKU0498,57,2023-11-01,2023-11-01
INB00193,SUP015,HUB-BOM,SKU0066,43,2023-10-30,2023-11-01
INB00193,SUP015,HUB-BOM,SKU0124,49,2023-10-31,2023-11-01
INB00193,SUP015,HUB-BOM,SKU0195,50,2023-10-30,2023-11-01
INB00193,SUP015,HUB-BOM,SKU0214,42,2023-10-31,2023-11-01
INB00193,SUP015,HUB-BOM,SKU0257,51,2023-10-29,2023-11-01
INB00193,SUP015,HUB-BOM,SKU0373,45,2023-10-29,2023-11-01
INB00193,SUP015,HUB-BOM,SKU0406,40,2023-10-29,2023-11-01
INB00193,SUP015,HUB-BOM,SKU0436,44,2023-10-30,2023-11-01
INB00193,SUP015,HUB-BOM,SKU0465,49,2023-11-01,2023-11-01
INB00194,SUP010,HUB-BLR,SKU0012,116,2023-10-31,2023-11-01
INB00194,SUP010,HUB-BLR,SKU0094,136,2023-10-30,2023-11-01
INB00194,SUP010,HUB-BLR,SKU0206,116,2023-10-31,2023-11-01
INB00194,SUP010,HUB-BLR,SKU0244,110,2023-10-27,2023-11-01
INB00194,SUP010,HUB-BLR,SKU0258,156,2023-10-30,2023-11-01
INB00194,SUP010,HUB-BLR,SKU0326,114,2023-10-30,2023-11-01
INB00194,SUP010,HUB-BLR,SKU0407,144,2023-10-30,2023-11-01
INB00192,SUP013,HUB-DEL,SKU0029,68,2023-10-29,2023-11-02
INB00192,SUP013,HUB-DEL,SKU0031,96,2023-10-29,2023-11-02
INB00192,SUP013,HUB-DEL,SKU0080,109,2023-10-29,2023-11-02
INB00192,SUP013,HUB-DEL,SKU0128,99,2023-11-02,2023-11-02
INB00192,SUP013,HUB-DEL,SKU0208,85,2023-10-31,2023-11-02
INB00192,SUP013,HUB-DEL,SKU0298,90,2023-10-28,2023-11-02
INB00192,SUP013,HUB-DEL,SKU0381,95,2023-11-02,2023-11-02
INB00192,SUP013,HUB-DEL,SKU0414,114,2023-11-01,2023-11-02
INB00192,SUP013,HUB-DEL,SKU0426,86,2023-10-31,2023-11-02
INB00192,SUP013,HUB-DEL,SKU0447,62,2023-10-29,2023-11-02
INB00193,SUP015,HUB-BOM,SKU0151,40,2023-10-30,2023-11-02
INB00193,SUP015,HUB-BOM,SKU0343,37,2023-10-28,2023-11-02
INB00193,SUP015,HUB-BOM,SKU0375,37,2023-10-28,2023-11-02
INB00194,SUP010,HUB-BLR,SKU0236,150,2023-10-29,2023-11-02
INB00194,SUP010,HUB-BLR,SKU0332,121,2023-10-30,2023-11-02
INB00192,SUP013,HUB-DEL,SKU0006,84,2023-11-03,2023-11-03
INB00192,SUP013,HUB-DEL,SKU0017,69,2023-11-03,2023-11-03
INB00192,SUP013,HUB-DEL,SKU0149,100,2023-10-29,2023-11-03
INB00192,SUP013,HUB-DEL,SKU0225,75,2023-11-01,2023-11-03
INB00192,SUP013,HUB-DEL,SKU0316,114,2023-10-29,2023-11-03
INB00193,SUP015,HUB-BOM,SKU0107,45,2023-11-02,2023-11-03
INB00193,SUP015,HUB-BOM,SKU0116,42,2023-11-02,2023-11-03
INB00193,SUP015,HUB-BOM,SKU0287,37,2023-11-01,2023-11-03
INB00193,SUP015,HUB-BOM,SKU0490,38,2023-11-02,2023-11-03
INB00194,SUP010,HUB-BLR,SKU0033,102,2023-10-30,2023-11-03
INB00194,SUP010,HUB-BLR,SKU0169,125,2023-10-31,2023-11-03
INB00194,SUP010,HUB-BLR,SKU0175,118,2023-11-01,2023-11-03
INB00194,SUP010,HUB-BLR,SKU0183,116,2023-11-01,2023-11-03
INB00194,SUP010,HUB-BLR,SKU0242,116,2023-11-01,2023-11-03
INB00194,SUP010,HUB-BLR,SKU0322,129,2023-11-03,2023-11-03
INB00194,SUP010,HUB-BLR,SKU0336,97,2023-11-03,2023-11-03
INB00194,SUP010,HUB-BLR,SKU0360,103,2023-11-03,2023-11-03
INB00194,SUP010,HUB-BLR,SKU0369,114,2023-10-30,2023-11-03
INB00194,SUP010,HUB-BLR,SKU0405,131,2023-10-30,2023-11-03
INB00194,SUP010,HUB-BLR,SKU0435,164,2023-10-31,2023-11-03
INB00194,SUP010,HUB-BLR,SKU0475,166,2023-10-31,2023-11-03
INB00194,SUP010,HUB-BLR,SKU0484,98,2023-11-02,2023-11-03
INB00192,SUP013,HUB-DEL,SKU0308,62,2023-10-31,2023-11-04
INB00192,SUP013,HUB-DEL,SKU0382,57,2023-11-02,2023-11-04
INB00194,SUP010,HUB-BLR,SKU0016,100,2023-11-02,2023-11-04
INB00194,SUP010,HUB-BLR,SKU0105,112,2023-10-30,2023-11-04
INB00194,SUP010,HUB-BLR,SKU0109,97,2023-11-03,2023-11-04
INB00194,SUP010,HUB-BLR,SKU0143,101,2023-11-02,2023-11-04
INB00194,SUP010,HUB-BLR,SKU0165,128,2023-11-01,2023-11-04
INB00194,SUP010,HUB-BLR,SKU0309,110,2023-11-02,2023-11-04
INB00194,SUP010,HUB-BLR,SKU0362,105,2023-11-03,2023-11-04
INB00194,SUP010,HUB-BLR,SKU0366,131,2023-11-01,2023-11-04
INB00194,SUP010,HUB-BLR,SKU0409,112,2023-11-03,2023-11-04
INB00194,SUP010,HUB-BLR,SKU0430,101,2023-11-03,2023-11-04
INB00194,SUP010,HUB-BLR,SKU0441,104,2023-11-03,2023-11-04
INB00194,SUP010,HUB-BLR,SKU0466,115,2023-11-02,2023-11-04
INB00193,SUP015,HUB-BOM,SKU0119,39,2023-10-31,2023-11-05
INB00194,SUP010,HUB-BLR,SKU0038,120,2023-11-05,2023-11-05
INB00194,SUP010,HUB-BLR,SKU0101,103,2023-11-05,2023-11-05
INB00194,SUP010,HUB-BLR,SKU0153,126,2023-10-31,2023-11-05
INB00194,SUP010,HUB-BLR,SKU0237,140,2023-11-03,2023-11-05
INB00194,SUP010,HUB-BLR,SKU0248,125,2023-11-05,2023-11-05
INB00194,SUP010,HUB-BLR,SKU0270,128,2023-11-05,2023-11-05
INB00194,SUP010,HUB-BLR,SKU0303,117,2023-11-05,2023-11-05
INB00194,SUP010,HUB-BLR,SKU0344,101,2023-11-03,2023-11-05
INB00194,SUP010,HUB-BLR,SKU0352,146,2023-11-05,2023-11-05
INB00194,SUP010,HUB-BLR,SKU0419,142,2023-10-31,2023-11-05
INB00194,SUP010,HUB-BLR,SKU0166,128,2023-11-06,2023-11-06
INB00194,SUP010,HUB-BLR,SKU0224,159,2023-11-05,2023-11-06
INB00194,SUP010,HUB-BLR,SKU0234,129,2023-11-04,2023-11-06
INB00194,SUP010,HUB-BLR,SKU0239,113,2023-11-06,2023-11-06
INB00194,SUP010,HUB-BLR,SKU0320,193,2023-11-01,2023-11-06
INB00194,SUP010,HUB-BLR,SKU0460,139,2023-11-02,2023-11-06
INB00194,SUP010,HUB-BLR,SKU0472,147,2023-11-03,2023-11-06
INB00194,SUP010,HUB-BLR,SKU0004,106,2023-11-04,2023-11-07
INB00194,SUP010,HUB-BLR,SKU0269,160,2023-11-03,2023-11-07
INB00194,SUP010,HUB-BLR,SKU0359,104,2023-11-04,2023-11-07
INB00194,SUP010,HUB-BLR,SKU0363,120,2023-11-06,2023-11-07
INB00195,SUP020,HUB-DEL,SKU0125,117,2023-11-05,2023-11-07
INB00195,SUP020,HUB-DEL,SKU0142,95,2023-11-02,2023-11-07
INB00195,SUP020,HUB-DEL,SKU0188,96,2023-11-05,2023-11-07
INB00195,SUP020,HUB-DEL,SKU0289,138,2023-11-07,2023-11-07
INB00195,SUP020,HUB-DEL,SKU0356,83,2023-11-06,2023-11-07
INB00195,SUP020,HUB-DEL,SKU0399,59,2023-11-04,2023-11-07
INB00195,SUP020,HUB-DEL,SKU0412,97,2023-11-06,2023-11-07
INB00194,SUP010,HUB-BLR,SKU0290,112,2023-11-08,2023-11-08
INB00194,SUP010,HUB-BLR,SKU0368,136,2023-11-07,2023-11-08
INB00194,SUP010,HUB-BLR,SKU0492,116,2023-11-04,2023-11-08
INB00195,SUP020,HUB-DEL,SKU0003,104,2023-11-08,2023-11-08
INB00195,SUP020,HUB-DEL,SKU0052,98,2023-11-03,2023-11-08
INB00195,SUP020,HUB-DEL,SKU0075,81,2023-11-03,2023-11-08
INB00195,SUP020,HUB-DEL,SKU0422,79,2023-11-03,2023-11-08
INB00195,SUP020,HUB-DEL,SKU0462,82,2023-11-06,2023-11-08
INB00196,SUP015,HUB-BOM,SKU0056,41,2023-11-06,2023-11-08
INB00196,SUP015,HUB-BOM,SKU0171,39,2023-11-05,2023-11-08
INB00196,SUP015,HUB-BOM,SKU0255,51,2023-11-08,2023-11-08
INB00196,SUP015,HUB-BOM,SKU0275,38,2023-11-05,2023-11-08
INB00196,SUP015,HUB-BOM,SKU0350,44,2023-11-07,2023-11-08
INB00196,SUP015,HUB-BOM,SKU0380,49,2023-11-05,2023-11-08
INB00194,SUP010,HUB-BLR,SKU0050,146,2023-11-04,2023-11-09
INB00195,SUP020,HUB-DEL,SKU0037,60,2023-11-07,2023-11-09
INB00195,SUP020,HUB-DEL,SKU0039,73,2023-11-08,2023-11-09
INB00195,SUP020,HUB-DEL,SKU0047,91,2023-11-06,2023-11-09
INB00195,SUP020,HUB-DEL,SKU0048,117,2023-11-05,2023-11-09
INB00195,SUP020,HUB-DEL,SKU0062,122,2023-11-07,2023-11-09
INB00195,SUP020,HUB-DEL,SKU0135,71,2023-11-05,2023-11-09
INB00195,SUP020,HUB-DEL,SKU0184,69,2023-11-07,2023-11-09
INB00195,SUP020,HUB-DEL,SKU0235,69,2023-11-06,2023-11-09
INB00195,SUP020,HUB-DEL,SKU0341,70,2023-11-05,2023-11-09
INB00195,SUP020,HUB-DEL,SKU0379,74,2023-11-09,2023-11-09
INB00195,SUP020,HUB-DEL,SKU0424,59,2023-11-05,2023-11-09
INB00195,SUP020,HUB-DEL,SKU0478,128,2023-11-09,2023-11-09
INB00196,SUP015,HUB-BOM,SKU0402,39,2023-11-06,2023-11-09
INB00195,SUP020,HUB-DEL,SKU0011,97,2023-11-10,2023-11-10
INB00195,SUP020,HUB-DEL,SKU0036,72,2023-11-05,2023-11-10
INB00195,SUP020,HUB-DEL,SKU0059,70,2023-11-07,2023-11-10
INB00195,SUP020,HUB-DEL,SKU0134,64,2023-11-06,2023-11-10
INB00195,SUP020,HUB-DEL,SKU0163,57,2023-11-09,2023-11-10
INB00195,SUP020,HUB-DEL,SKU0194,58,2023-11-06,2023-11-10
INB00195,SUP020,HUB-DEL,SKU0245,88,2023-11-05,2023-11-10
INB00195,SUP020,HUB-DEL,SKU0296,61,2023-11-06,2023-11-10
INB00195,SUP020,HUB-DEL,SKU0298,57,2023-11-05,2023-11-10
INB00195,SUP020,HUB-DEL,SKU0325,62,2023-11-07,2023-11-10
INB00195,SUP020,HUB-DEL,SKU0403,84,2023-11-05,2023-11-10
INB00195,SUP020,HUB-DEL,SKU0416,103,2023-11-08,2023-11-10
INB00195,SUP020,HUB-DEL,SKU0439,69,2023-11-10,2023-11-10
INB00196,SUP015,HUB-BOM,SKU0022,37,2023-11-08,2023-11-10
INB00196,SUP015,HUB-BOM,SKU0126,50,2023-11-10,2023-11-10
INB00196,SUP015,HUB-BOM,SKU0176,41,2023-11-08,2023-11-10
INB00196,SUP015,HUB-BOM,SKU0219,43,2023-11-09,2023-11-10
INB00196,SUP015,HUB-BOM,SKU0302,42,2023-11-08,2023-11-10
INB00196,SUP015,HUB-BOM,SKU0351,39,2023-11-09,2023-11-10
INB00196,SUP015,HUB-BOM,SKU0365,49,2023-11-07,2023-11-10
INB00196,SUP015,HUB-BOM,SKU0372,43,2023-11-06,2023-11-10
INB00196,SUP015,HUB-BOM,SKU0437,45,2023-11-09,2023-11-10
INB00195,SUP020,HUB-DEL,SKU0030,61,2023-11-09,2023-11-11
INB00195,SUP020,HUB-DEL,SKU0042,59,2023-11-09,2023-11-11
INB00195,SUP020,HUB-DEL,SKU0111,84,2023-11-11,2023-11-11
INB00195,SUP020,HUB-DEL,SKU0173,75,2023-11-10,2023-11-11
INB00195,SUP020,HUB-DEL,SKU0187,110,2023-11-06,2023-11-11
INB00195,SUP020,HUB-DEL,SKU0293,87,2023-11-06,2023-11-11
INB00195,SUP020,HUB-DEL,SKU0308,60,2023-11-07,2023-11-11
INB00195,SUP020,HUB-DEL,SKU0317,96,2023-11-10,2023-11-11
INB00195,SUP020,HUB-DEL,SKU0417,120,2023-11-09,2023-11-11
INB00195,SUP020,HUB-DEL,SKU0427,93,2023-11-08,2023-11-11
INB00195,SUP020,HUB-DEL,SKU0449,85,2023-11-08,2023-11-11
INB00195,SUP020,HUB-DEL,SKU0497,128,2023-11-09,2023-11-11
INB00196,SUP015,HUB-BOM,SKU0189,38,2023-11-08,2023-11-11
INB00196,SUP015,HUB-BOM,SKU0266,58,2023-11-11,2023-11-11
INB00196,SUP015,HUB-BOM,SKU0389,40,2023-11-08,2023-11-11
INB00196,SUP015,HUB-BOM,SKU0415,41,2023-11-08,2023-11-11
INB00196,SUP015,HUB-BOM,SKU0432,39,2023-11-08,2023-11-11
INB00196,SUP015,HUB-BOM,SKU0471,54,2023-11-06,2023-11-11
INB00196,SUP015,HUB-BOM,SKU0481,38,2023-11-10,2023-11-11
INB00196,SUP015,HUB-BOM,SKU0496,49,2023-11-08,2023-11-11
INB00195,SUP020,HUB-DEL,SKU0045,96,2023-11-12,2023-11-12
INB00195,SUP020,HUB-DEL,SKU0117,62,2023-11-09,2023-11-12
INB00195,SUP020,HUB-DEL,SKU0128,58,2023-11-09,2023-11-12
INB00195,SUP020,HUB-DEL,SKU0212,73,2023-11-09,2023-11-12
INB00195,SUP020,HUB-DEL,SKU0240,76,2023-11-10,2023-11-12
INB00195,SUP020,HUB-DEL,SKU0390,94,2023-11-07,2023-11-12
INB00196,SUP015,HUB-BOM,SKU0083,44,2023-11-11,2023-11-12
INB00196,SUP015,HUB-BOM,SKU0108,40,2023-11-11,2023-11-12
INB00196,SUP015,HUB-BOM,SKU0170,40,2023-11-09,2023-11-12
INB00196,SUP015,HUB-BOM,SKU0178,44,2023-11-08,2023-11-12
INB00196,SUP015,HUB-BOM,SKU0421,55,2023-11-09,2023-11-12
INB00196,SUP015,HUB-BOM,SKU0428,43,2023-11-11,2023-11-12
INB00196,SUP015,HUB-BOM,SKU0431,45,2023-11-08,2023-11-12
INB00196,SUP015,HUB-BOM,SKU0446,39,2023-11-10,2023-11-12
INB00196,SUP015,HUB-BOM,SKU0476,39,2023-11-08,2023-11-12
INB00197,SUP003,HUB-BLR,SKU0140,116,2023-11-10,2023-11-12
INB00197,SUP003,HUB-BLR,SKU0294,97,2023-11-07,2023-11-12
INB00197,SUP003,HUB-BLR,SKU0371,119,2023-11-10,2023-11-12
INB00197,SUP003,HUB-BLR,SKU0494,100,2023-11-10,2023-11-12
INB00195,SUP020,HUB-DEL,SKU0138,78,2023-11-11,2023-11-13
INB00195,SUP020,HUB-DEL,SKU0190,71,2023-11-10,2023-11-13
INB00195,SUP020,HUB-DEL,SKU0207,68,2023-11-10,2023-11-13
INB00195,SUP020,HUB-DEL,SKU0386,102,2023-11-11,2023-11-13
INB00195,SUP020,HUB-DEL,SKU0393,90,2023-11-08,2023-11-13
INB00196,SUP015,HUB-BOM,SKU0049,37,2023-11-12,2023-11-13
INB00196,SUP015,HUB-BOM,SKU0160,48,2023-11-11,2023-11-13
INB00196,SUP015,HUB-BOM,SKU0161,48,2023-11-10,2023-11-13
INB00196,SUP015,HUB-BOM,SKU0218,48,2023-11-09,2023-11-13
INB00196,SUP015,HUB-BOM,SKU0274,43,2023-11-13,2023-11-13
INB00196,SUP015,HUB-BOM,SKU0374,44,2023-11-13,2023-11-13
INB00196,SUP015,HUB-BOM,SKU0425,43,2023-11-13,2023-11-13
INB00196,SUP015,HUB-BOM,SKU0452,66,2023-11-09,2023-11-13
INB00195,SUP020,HUB-DEL,SKU0057,69,2023-11-09,2023-11-14
INB00195,SUP020,HUB-DEL,SKU0442,66,2023-11-14,2023-11-14
INB00196,SUP015,HUB-BOM,SKU0199,41,2023-11-10,2023-11-14
INB00196,SUP015,HUB-BOM,SKU0411,41,2023-11-11,2023-11-14
INB00197,SUP003,HUB-BLR,SKU0041,107,2023-11-13,2023-11-14
INB00197,SUP003,HUB-BLR,SKU0065,106,2023-11-09,2023-11-14
INB00197,SUP003,HUB-BLR,SKU0089,109,2023-11-14,2023-11-14
INB00197,SUP003,HUB-BLR,SKU0110,138,2023-11-09,2023-11-14
INB00197,SUP003,HUB-BLR,SKU0197,98,2023-11-14,2023-11-14
INB00197,SUP003,HUB-BLR,SKU0404,115,2023-11-12,2023-11-14
INB00197,SUP003,HUB-BLR,SKU0495,108,2023-11-10,2023-11-14
INB00196,SUP015,HUB-BOM,SKU0370,37,2023-11-13,2023-11-15
INB00197,SUP003,HUB-BLR,SKU0145,151,2023-11-12,2023-11-15
INB00197,SUP003,HUB-BLR,SKU0348,110,2023-11-14,2023-11-15
INB00197,SUP003,HUB-BLR,SKU0377,99,2023-11-11,2023-11-15
INB00197,SUP003,HUB-BLR,SKU0397,110,2023-11-11,2023-11-15
INB00197,SUP003,HUB-BLR,SKU0479,103,2023-11-13,2023-11-15
INB00197,SUP003,HUB-BLR,SKU0489,135,2023-11-10,2023-11-15
INB00197,SUP003,HUB-BLR,SKU0013,93,2023-11-15,2023-11-16
INB00197,SUP003,HUB-BLR,SKU0072,128,2023-11-14,2023-11-16
INB00197,SUP003,HUB-BLR,SKU0079,111,2023-11-14,2023-11-16
INB00197,SUP003,HUB-BLR,SKU0148,142,2023-11-11,2023-11-16
INB00197,SUP003,HUB-BLR,SKU0313,99,2023-11-11,2023-11-16
INB00197,SUP003,HUB-BLR,SKU0361,128,2023-11-16,2023-11-16
INB00197,SUP003,HUB-BLR,SKU0385,102,2023-11-16,2023-11-16
INB00197,SUP003,HUB-BLR,SKU0063,97,2023-11-16,2023-11-17
INB00197,SUP003,HUB-BLR,SKU0091,100,2023-11-15,2023-11-17
INB00197,SUP003,HUB-BLR,SKU0112,101,2023-11-16,2023-11-17
INB00197,SUP003,HUB-BLR,SKU0121,99,2023-11-16,2023-11-17
INB00197,SUP003,HUB-BLR,SKU0130,124,2023-11-14,2023-11-17
INB00197,SUP003,HUB-BLR,SKU0132,106,2023-11-12,2023-11-17
INB00197,SUP003,HUB-BLR,SKU0137,112,2023-11-17,2023-11-17
INB00197,SUP003,HUB-BLR,SKU0291,104,2023-11-13,2023-11-17
INB00197,SUP003,HUB-BLR,SKU0295,96,2023-11-13,2023-11-17
INB00197,SUP003,HUB-BLR,SKU0423,118,2023-11-16,2023-11-17
INB00198,SUP013,HUB-DEL,SKU0215,78,2023-11-12,2023-11-17
INB00198,SUP013,HUB-DEL,SKU0226,92,2023-11-16,2023-11-17
INB00198,SUP013,HUB-DEL,SKU0312,108,2023-11-13,2023-11-17
INB00198,SUP013,HUB-DEL,SKU0382,109,2023-11-15,2023-11-17
INB00197,SUP003,HUB-BLR,SKU0061,128,2023-11-17,2023-11-18
INB00197,SUP003,HUB-BLR,SKU0198,184,2023-11-17,2023-11-18
INB00197,SUP003,HUB-BLR,SKU0283,108,2023-11-15,2023-11-18
INB00197,SUP003,HUB-BLR,SKU0304,154,2023-11-15,2023-11-18
INB00197,SUP003,HUB-BLR,SKU0367,115,2023-11-14,2023-11-18
INB00197,SUP003,HUB-BLR,SKU0394,132,2023-11-13,2023-11-18
INB00197,SUP003,HUB-BLR,SKU0444,120,2023-11-16,2023-11-18
INB00198,SUP013,HUB-DEL,SKU0046,70,2023-11-14,2023-11-18
INB00198,SUP013,HUB-DEL,SKU0095,102,2023-11-18,2023-11-18
INB00198,SUP013,HUB-DEL,SKU0113,117,2023-11-18,2023-11-18
INB00198,SUP013,HUB-DEL,SKU0196,138,2023-11-17,2023-11-18
INB00198,SUP013,HUB-DEL,SKU0221,77,2023-11-14,2023-11-18
INB00198,SUP013,HUB-DEL,SKU0286,72,2023-11-18,2023-11-18
INB00198,SUP013,HUB-DEL,SKU0453,67,2023-11-16,2023-11-18
INB00198,SUP013,HUB-DEL,SKU0487,134,2023-11-15,2023-11-18
INB00199,SUP009,HUB-BOM,SKU0223,46,2023-11-13,2023-11-18
INB00197,SUP003,HUB-BLR,SKU0071,103,2023-11-19,2023-11-19
INB00197,SUP003,HUB-BLR,SKU0167,93,2023-11-16,2023-11-19
INB00197,SUP003,HUB-BLR,SKU0433,126,2023-11-16,2023-11-19
INB00197,SUP003,HUB-BLR,SKU0450,99,2023-11-15,2023-11-19
INB00198,SUP013,HUB-DEL,SKU0027,98,2023-11-14,2023-11-19
INB00198,SUP013,HUB-DEL,SKU0053,79,2023-11-16,2023-11-19
INB00198,SUP013,HUB-DEL,SKU0078,118,2023-11-19,2023-11-19
INB00198,SUP013,HUB-DEL,SKU0233,67,2023-11-15,2023-11-19
INB00198,SUP013,HUB-DEL,SKU0342,63,2023-11-14,2023-11-19
INB00198,SUP013,HUB-DEL,SKU0364,76,2023-11-16,2023-11-19
INB00198,SUP013,HUB-DEL,SKU0447,61,2023-11-16,2023-11-19
INB00198,SUP013,HUB-DEL,SKU0467,104,2023-11-17,2023-11-19
INB00199,SUP009,HUB-BOM,SKU0054,41,2023-11-17,2023-11-19
INB00199,SUP009,HUB-BOM,SKU0076,37,2023-11-16,2023-11-19
INB00199,SUP009,HUB-BOM,SKU0127,42,2023-11-14,2023-11-19
INB00199,SUP009,HUB-BOM,SKU0177,43,2023-11-14,2023-11-19
INB00199,SUP009,HUB-BOM,SKU0210,37,2023-11-15,2023-11-19
INB00199,SUP009,HUB-BOM,SKU0252,46,2023-11-18,2023-11-19
INB00199,SUP009,HUB-BOM,SKU0331,38,2023-11-16,2023-11-19
INB00199,SUP009,HUB-BOM,SKU0391,39,2023-11-17,2023-11-19
INB00197,SUP003,HUB-BLR,SKU0418,102,2023-11-15,2023-11-20
INB00198,SUP013,HUB-DEL,SKU0003,73,2023-11-15,2023-11-20
INB00198,SUP013,HUB-DEL,SKU0008,78,2023-11-20,2023-11-20
INB00198,SUP013,HUB-DEL,SKU0017,76,2023-11-20,2023-11-20
INB00198,SUP013,HUB-DEL,SKU0204,75,2023-11-17,2023-11-20
INB00198,SUP013,HUB-DEL,SKU0231,78,2023-11-17,2023-11-20
INB00198,SUP013,HUB-DEL,SKU0238,82,2023-11-20,2023-11-20
INB00198,SUP013,HUB-DEL,SKU0265,76,2023-11-18,2023-11-20
INB00198,SUP013,HUB-DEL,SKU0267,91,2023-11-19,2023-11-20
INB00198,SUP013,HUB-DEL,SKU0318,71,2023-11-15,2023-11-20
INB00198,SUP013,HUB-DEL,SKU0346,82,2023-11-19,2023-11-20
INB00198,SUP013,HUB-DEL,SKU0376,68,2023-11-19,2023-11-20
INB00198,SUP013,HUB-DEL,SKU0463,64,2023-11-15,2023-11-20
INB00198,SUP013,HUB-DEL,SKU0468,65,2023-11-15,2023-11-20
INB00199,SUP009,HUB-BOM,SKU0032,42,2023-11-19,2023-11-20
INB00199,SUP009,HUB-BOM,SKU0191,45,2023-11-17,2023-11-20
INB00199,SUP009,HUB-BOM,SKU0448,45,2023-11-17,2023-11-20
INB00199,SUP009,HUB-BOM,SKU0473,48,2023-11-16,2023-11-20
INB00198,SUP013,HUB-DEL,SKU0015,65,2023-11-16,2023-11-21
INB00198,SUP013,HUB-DEL,SKU0098,116,2023-11-16,2023-11-21
INB00198,SUP013,HUB-DEL,SKU0141,65,2023-11-17,2023-11-21
INB00198,SUP013,HUB-DEL,SKU0157,92,2023-11-17,2023-11-21
INB00198,SUP013,HUB-DEL,SKU0187,68,2023-11-21,2023-11-21
INB00198,SUP013,HUB-DEL,SKU0264,72,2023-11-17,2023-11-21
INB00198,SUP013,HUB-DEL,SKU0282,69,2023-11-21,2023-11-21
INB00198,SUP013,HUB-DEL,SKU0301,83,2023-11-16,2023-11-21
INB00198,SUP013,HUB-DEL,SKU0316,86,2023-11-21,2023-11-21
INB00198,SUP013,HUB-DEL,SKU0334,95,2023-11-17,2023-11-21
INB00198,SUP013,HUB-DEL,SKU0393,64,2023-11-19,2023-11-21
INB00198,SUP013,HUB-DEL,SKU0414,77,2023-11-18,2023-11-21
INB00198,SUP013,HUB-DEL,SKU0491,102,2023-11-20,2023-11-21
INB00199,SUP009,HUB-BOM,SKU0010,38,2023-11-16,2023-11-21
INB00199,SUP009,HUB-BOM,SKU0020,44,2023-11-16,2023-11-21
INB00199,SUP009,HUB-BOM,SKU0085,37,2023-11-20,2023-11-21
INB00199,SUP009,HUB-BOM,SKU0097,37,2023-11-21,2023-11-21
INB00199,SUP009,HUB-BOM,SKU0259,48,2023-11-16,2023-11-21
INB00199,SUP009,HUB-BOM,SKU0262,43,2023-11-17,2023-11-21
INB00199,SUP009,HUB-BOM,SKU0456,37,2023-11-16,2023-11-21
INB00199,SUP009,HUB-BOM,SKU0482,39,2023-11-18,2023-11-21
INB00199,SUP009,HUB-BOM,SKU0485,44,2023-11-17,2023-11-21
INB00198,SUP013,HUB-DEL,SKU0002,65,2023-11-22,2023-11-22
INB00198,SUP013,HUB-DEL,SKU0045,62,2023-11-18,2023-11-22
INB00198,SUP013,HUB-DEL,SKU0086,67,2023-11-18,2023-11-22
INB00198,SUP013,HUB-DEL,SKU0102,138,2023-11-18,2023-11-22
INB00198,SUP013,HUB-DEL,SKU0115,69,2023-11-21,2023-11-22
INB00198,SUP013,HUB-DEL,SKU0202,63,2023-11-20,2023-11-22
INB00198,SUP013,HUB-DEL,SKU0256,75,2023-11-18,2023-11-22
INB00198,SUP013,HUB-DEL,SKU0328,111,2023-11-20,2023-11-22
INB00198,SUP013,HUB-DEL,SKU0464,98,2023-11-20,2023-11-22
INB00199,SUP009,HUB-BOM,SKU0174,40,2023-11-17,2023-11-22
INB00199,SUP009,HUB-BOM,SKU0338,41,2023-11-20,2023-11-22
INB00199,SUP009,HUB-BOM,SKU0340,43,2023-11-21,2023-11-22
INB00199,SUP009,HUB-BOM,SKU0355,40,2023-11-22,2023-11-22
INB00198,SUP013,HUB-DEL,SKU0006,70,2023-11-20,2023-11-23
INB00198,SUP013,HUB-DEL,SKU0007,79,2023-11-21,2023-11-23
INB00198,SUP013,HUB-DEL,SKU0103,117,2023-11-23,2023-11-23
INB00198,SUP013,HUB-DEL,SKU0144,103,2023-11-19,2023-11-23
INB00199,SUP009,HUB-BOM,SKU0146,39,2023-11-18,2023-11-23
INB00199,SUP009,HUB-BOM,SKU0155,38,2023-11-22,2023-11-23
INB00199,SUP009,HUB-BOM,SKU0216,44,2023-11-21,2023-11-23
INB00199,SUP009,HUB-BOM,SKU0272,39,2023-11-21,2023-11-23
INB00199,SUP009,HUB-BOM,SKU0358,47,2023-11-23,2023-11-23
INB00198,SUP013,HUB-DEL,SKU0133,92,2023-11-20,2023-11-24
INB00198,SUP013,HUB-DEL,SKU0225,89,2023-11-19,2023-11-24
INB00198,SUP013,HUB-DEL,SKU0243,62,2023-11-22,2023-11-24
INB00198,SUP013,HUB-DEL,SKU0261,96,2023-11-24,2023-11-24
INB00199,SUP009,HUB-BOM,SKU0136,46,2023-11-20,2023-11-24
INB00199,SUP009,HUB-BOM,SKU0434,43,2023-11-19,2023-11-24
INB00200,SUP003,HUB-BLR,SKU0192,150,2023-11-22,2023-11-24
INB00200,SUP003,HUB-BLR,SKU0271,125,2023-11-22,2023-11-24
INB00200,SUP003,HUB-BLR,SKU0401,110,2023-11-20,2023-11-24
INB00200,SUP003,HUB-BLR,SKU0488,102,2023-11-23,2023-11-24
INB00198,SUP013,HUB-DEL,SKU0297,64,2023-11-21,2023-11-25
INB00199,SUP009,HUB-BOM,SKU0279,48,2023-11-21,2023-11-25
INB00199,SUP009,HUB-BOM,SKU0483,51,2023-11-24,2023-11-25
INB00200,SUP003,HUB-BLR,SKU0122,111,2023-11-22,2023-11-25
INB00200,SUP003,HUB-BLR,SKU0166,99,2023-11-23,2023-11-25
INB00200,SUP003,HUB-BLR,SKU0179,142,2023-11-21,2023-11-25
INB00200,SUP003,HUB-BLR,SKU0185,134,2023-11-23,2023-11-25
INB00200,SUP003,HUB-BLR,SKU0229,124,2023-11-21,2023-11-25
INB00200,SUP003,HUB-BLR,SKU0309,97,2023-11-21,2023-11-25
INB00200,SUP003,HUB-BLR,SKU0327,102,2023-11-25,2023-11-25
INB00200,SUP003,HUB-BLR,SKU0429,119,2023-11-25,2023-11-25
INB00200,SUP003,HUB-BLR,SKU0441,95,2023-11-21,2023-11-25
INB00200,SUP003,HUB-BLR,SKU0458,119,2023-11-22,2023-11-25
INB00200,SUP003,HUB-BLR,SKU0486,168,2023-11-25,2023-11-25
INB00199,SUP009,HUB-BOM,SKU0147,37,2023-11-26,2023-11-26
INB00200,SUP003,HUB-BLR,SKU0023,98,2023-11-25,2023-11-26
INB00200,SUP003,HUB-BLR,SKU0069,94,2023-11-24,2023-11-26
INB00200,SUP003,HUB-BLR,SKU0131,132,2023-11-23,2023-11-26
INB00200,SUP003,HUB-BLR,SKU0156,97,2023-11-22,2023-11-26
INB00200,SUP003,HUB-BLR,SKU0201,125,2023-11-21,2023-11-26
INB00200,SUP003,HUB-BLR,SKU0299,113,2023-11-21,2023-11-26
INB00200,SUP003,HUB-BLR,SKU0305,94,2023-11-24,2023-11-26
INB00200,SUP003,HUB-BLR,SKU0324,100,2023-11-24,2023-11-26
INB00200,SUP003,HUB-BLR,SKU0335,144,2023-11-21,2023-11-26
INB00200,SUP003,HUB-BLR,SKU0480,109,2023-11-21,2023-11-26
INB00200,SUP003,HUB-BLR,SKU0005,140,2023-11-25,2023-11-27
INB00200,SUP003,HUB-BLR,SKU0081,138,2023-11-24,2023-11-27
INB00200,SUP003,HUB-BLR,SKU0087,95,2023-11-23,2023-11-27
INB00200,SUP003,HUB-BLR,SKU0205,101,2023-11-26,2023-11-27
INB00200,SUP003,HUB-BLR,SKU0217,96,2023-11-24,2023-11-27
INB00200,SUP003,HUB-BLR,SKU0224,101,2023-11-24,2023-11-27
INB00200,SUP003,HUB-BLR,SKU0247,140,2023-11-26,2023-11-27
INB00200,SUP003,HUB-BLR,SKU0288,127,2023-11-22,2023-11-27
INB00200,SUP003,HUB-BLR,SKU0435,95,2023-11-24,2023-11-27
INB00200,SUP003,HUB-BLR,SKU0500,96,2023-11-27,2023-11-27
INB00200,SUP003,HUB-BLR,SKU0012,102,2023-11-27,2023-11-28
INB00200,SUP003,HUB-BLR,SKU0018,103,2023-11-25,2023-11-28
INB00200,SUP003,HUB-BLR,SKU0172,112,2023-11-24,2023-11-28
INB00200,SUP003,HUB-BLR,SKU0258,134,2023-11-24,2023-11-28
INB00200,SUP003,HUB-BLR,SKU0354,127,2023-11-26,2023-11-28
INB00200,SUP003,HUB-BLR,SKU0405,98,2023-11-28,2023-11-28
INB00200,SUP003,HUB-BLR,SKU0413,111,2023-11-26,2023-11-28
INB00200,SUP003,HUB-BLR,SKU0493,133,2023-11-25,2023-11-28
INB00201,SUP014,HUB-DEL,SKU0034,76,2023-11-23,2023-11-28
INB00201,SUP014,HUB-DEL,SKU0043,91,2023-11-23,2023-11-28
INB00201,SUP014,HUB-DEL,SKU0057,116,2023-11-27,2023-11-28
INB00201,SUP014,HUB-DEL,SKU0356,90,2023-11-25,2023-11-28
INB00201,SUP014,HUB-DEL,SKU0403,70,2023-11-28,2023-11-28
INB00199,SUP009,HUB-BOM,SKU0395,39,2023-11-26,2023-11-29
INB00200,SUP003,HUB-BLR,SKU0038,95,2023-11-24,2023-11-29
INB00200,SUP003,HUB-BLR,SKU0093,93,2023-11-27,2023-11-29
INB00200,SUP003,HUB-BLR,SKU0227,134,2023-11-26,2023-11-29
INB00200,SUP003,HUB-BLR,SKU0492,146,2023-11-26,2023-11-29
INB00201,SUP014,HUB-DEL,SKU0030,80,2023-11-27,2023-11-29
INB00201,SUP014,HUB-DEL,SKU0062,87,2023-11-26,2023-11-29
INB00201,SUP014,HUB-DEL,SKU0125,79,2023-11-26,2023-11-29
INB00201,SUP014,HUB-DEL,SKU0399,85,2023-11-29,2023-11-29
INB00201,SUP014,HUB-DEL,SKU0442,61,2023-11-24,2023-11-29
INB00200,SUP003,HUB-BLR,SKU0120,112,2023-11-30,2023-11-30
INB00201,SUP014,HUB-DEL,SKU0011,113,2023-11-30,2023-11-30
INB00201,SUP014,HUB-DEL,SKU0037,90,2023-11-28,2023-11-30
INB00201,SUP014,HUB-DEL,SKU0042,73,2023-11-29,2023-11-30
INB00201,SUP014,HUB-DEL,SKU0100,65,2023-11-28,2023-11-30
INB00201,SUP014,HUB-DEL,SKU0208,69,2023-11-29,2023-11-30
INB00201,SUP014,HUB-DEL,SKU0212,89,2023-11-28,2023-11-30
INB00201,SUP014,HUB-DEL,SKU0314,60,2023-11-29,2023-11-30
INB00201,SUP014,HUB-DEL,SKU0317,73,2023-11-27,2023-11-30
INB00201,SUP014,HUB-DEL,SKU0341,59,2023-11-28,2023-11-30
INB00200,SUP003,HUB-BLR,SKU0051,105,2023-12-01,2023-12-01
INB00200,SUP003,HUB-BLR,SKU0388,121,2023-11-28,2023-12-01
INB00201,SUP014,HUB-DEL,SKU0029,107,2023-11-28,2023-12-01
INB00201,SUP014,HUB-DEL,SKU0068,76,2023-11-26,2023-12-01
INB00201,SUP014,HUB-DEL,SKU0095,63,2023-11-30,2023-12-01
INB00201,SUP014,HUB-DEL,SKU0117,63,2023-11-28,2023-12-01
INB00201,SUP014,HUB-DEL,SKU0325,91,2023-11-30,2023-12-01
INB00201,SUP014,HUB-DEL,SKU0439,74,2023-11-28,2023-12-01
INB00201,SUP014,HUB-DEL,SKU0449,78,2023-12-01,2023-12-01
INB00201,SUP014,HUB-DEL,SKU0455,80,2023-11-27,2023-12-01
INB00201,SUP014,HUB-DEL,SKU0075,64,2023-12-02,2023-12-02
INB00201,SUP014,HUB-DEL,SKU0086,75,2023-11-29,2023-12-02
INB00201,SUP014,HUB-DEL,SKU0298,61,2023-11-28,2023-12-02
INB00201,SUP014,HUB-DEL,SKU0301,79,2023-12-01,2023-12-02
INB00201,SUP014,HUB-DEL,SKU0308,85,2023-11-30,2023-12-02
INB00201,SUP014,HUB-DEL,SKU0321,62,2023-12-01,2023-12-02
INB00201,SUP014,HUB-DEL,SKU0398,94,2023-12-01,2023-12-02
INB00201,SUP014,HUB-DEL,SKU0426,66,2023-11-29,2023-12-02
INB00201,SUP014,HUB-DEL,SKU0003,69,2023-12-02,2023-12-03
INB00201,SUP014,HUB-DEL,SKU0055,79,2023-12-02,2023-12-03
INB00201,SUP014,HUB-DEL,SKU0339,72,2023-12-01,2023-12-03
INB00201,SUP014,HUB-DEL,SKU0381,85,2023-12-03,2023-12-03
INB00201,SUP014,HUB-DEL,SKU0468,74,2023-11-29,2023-12-03
INB00202,SUP004,HUB-BOM,SKU0001,38,2023-11-30,2023-12-03
INB00202,SUP004,HUB-BOM,SKU0181,45,2023-12-01,2023-12-03
INB00201,SUP014,HUB-DEL,SKU0047,62,2023-11-30,2023-12-04
INB00201,SUP014,HUB-DEL,SKU0080,65,2023-11-29,2023-12-04
INB00201,SUP014,HUB-DEL,SKU0235,65,2023-12-01,2023-12-04
INB00201,SUP014,HUB-DEL,SKU0412,123,2023-12-01,2023-12-04
INB00201,SUP014,HUB-DEL,SKU0416,87,2023-12-02,2023-12-04
INB00201,SUP014,HUB-DEL,SKU0459,66,2023-11-29,2023-12-04
INB00202,SUP004,HUB-BOM,SKU0077,47,2023-12-01,2023-12-04
INB00202,SUP004,HUB-BOM,SKU0114,39,2023-12-03,2023-12-04
INB00202,SUP004,HUB-BOM,SKU0209,39,2023-12-04,2023-12-04
INB00202,SUP004,HUB-BOM,SKU0276,37,2023-11-29,2023-12-04
INB00202,SUP004,HUB-BOM,SKU0280,37,2023-12-01,2023-12-04
INB00202,SUP004,HUB-BOM,SKU0307,56,2023-11-29,2023-12-04
INB00203,SUP010,HUB-BLR,SKU0251,121,2023-11-30,2023-12-04
INB00203,SUP010,HUB-BLR,SKU0323,141,2023-12-01,2023-12-04
INB00203,SUP010,HUB-BLR,SKU0454,135,2023-12-02,2023-12-04
INB00201,SUP014,HUB-DEL,SKU0138,90,2023-11-30,2023-12-05
INB00201,SUP014,HUB-DEL,SKU0268,85,2023-11-30,2023-12-05
INB00201,SUP014,HUB-DEL,SKU0281,101,2023-12-03,2023-12-05
INB00201,SUP014,HUB-DEL,SKU0284,61,2023-12-02,2023-12-05
INB00201,SUP014,HUB-DEL,SKU0318,72,2023-12-01,2023-12-05
INB00202,SUP004,HUB-BOM,SKU0090,57,2023-12-03,2023-12-05
INB00202,SUP004,HUB-BOM,SKU0096,39,2023-12-04,2023-12-05
INB00202,SUP004,HUB-BOM,SKU0107,39,2023-12-02,2023-12-05
INB00202,SUP004,HUB-BOM,SKU0152,37,2023-12-04,2023-12-05
INB00202,SUP004,HUB-BOM,SKU0250,54,2023-12-04,2023-12-05
INB00202,SUP004,HUB-BOM,SKU0273,39,2023-11-30,2023-12-05
INB00202,SUP004,HUB-BOM,SKU0278,42,2023-11-30,2023-12-05
INB00203,SUP010,HUB-BLR,SKU0065,94,2023-11-30,2023-12-05
INB00203,SUP010,HUB-BLR,SKU0091,94,2023-12-05,2023-12-05
INB00203,SUP010,HUB-BLR,SKU0203,110,2023-12-03,2023-12-05
INB00203,SUP010,HUB-BLR,SKU0206,103,2023-12-01,2023-12-05
INB00203,SUP010,HUB-BLR,SKU0366,108,2023-11-30,2023-12-05
INB00201,SUP014,HUB-DEL,SKU0277,66,2023-12-01,2023-12-06
INB00202,SUP004,HUB-BOM,SKU0106,46,2023-12-05,2023-12-06
INB00202,SUP004,HUB-BOM,SKU0139,50,2023-12-02,2023-12-06
INB00202,SUP004,HUB-BOM,SKU0241,57,2023-12-04,2023-12-06
INB00202,SUP004,HUB-BOM,SKU0260,51,2023-12-04,2023-12-06
INB00202,SUP004,HUB-BOM,SKU0287,40,2023-12-01,2023-12-06
INB00202,SUP004,HUB-BOM,SKU0315,45,2023-12-01,2023-12-06
INB00202,SUP004,HUB-BOM,SKU0392,40,2023-12-02,2023-12-06
INB00202,SUP004,HUB-BOM,SKU0410,37,2023-12-01,2023-12-06
INB00202,SUP004,HUB-BOM,SKU0438,40,2023-12-01,2023-12-06
INB00202,SUP004,HUB-BOM,SKU0474,47,2023-12-06,2023-12-06
INB00202,SUP004,HUB-BOM,SKU0477,37,2023-12-02,2023-12-06
INB00203,SUP010,HUB-BLR,SKU0021,98,2023-12-03,2023-12-06
INB00203,SUP010,HUB-BLR,SKU0072,94,2023-12-03,2023-12-06
INB00203,SUP010,HUB-BLR,SKU0074,134,2023-12-06,2023-12-06
INB00203,SUP010,HUB-BLR,SKU0094,101,2023-12-01,2023-12-06
INB00203,SUP010,HUB-BLR,SKU0143,102,2023-12-02,2023-12-06
INB00203,SUP010,HUB-BLR,SKU0165,94,2023-12-04,2023-12-06
INB00203,SUP010,HUB-BLR,SKU0182,110,2023-12-03,2023-12-06
INB00203,SUP010,HUB-BLR,SKU0183,98,2023-12-03,2023-12-06
INB00203,SUP010,HUB-BLR,SKU0357,114,2023-12-06,2023-12-06
INB00202,SUP004,HUB-BOM,SKU0070,41,2023-12-04,2023-12-07
INB00202,SUP004,HUB-BOM,SKU0088,50,2023-12-07,2023-12-07
INB00202,SUP004,HUB-BOM,SKU0220,43,2023-12-06,2023-12-07
INB00202,SUP004,HUB-BOM,SKU0310,47,2023-12-04,2023-12-07
INB00202,SUP004,HUB-BOM,SKU0337,40,2023-12-03,2023-12-07
INB00202,SUP004,HUB-BOM,SKU0387,37,2023-12-06,2023-12-07
INB00202,SUP004,HUB-BOM,SKU0396,37,2023-12-06,2023-12-07
INB00202,SUP004,HUB-BOM,SKU0408,56,2023-12-07,2023-12-07
INB00203,SUP010,HUB-BLR,SKU0099,125,2023-12-02,2023-12-07
INB00203,SUP010,HUB-BLR,SKU0169,99,2023-12-02,2023-12-07
INB00203,SUP010,HUB-BLR,SKU0222,117,2023-12-06,2023-12-07
INB00203,SUP010,HUB-BLR,SKU0236,113,2023-12-06,2023-12-07
INB00203,SUP010,HUB-BLR,SKU0239,98,2023-12-07,2023-12-07
INB00203,SUP010,HUB-BLR,SKU0285,100,2023-12-06,2023-12-07
INB00203,SUP010,HUB-BLR,SKU0322,100,2023-12-04,2023-12-07
INB00203,SUP010,HUB-BLR,SKU0333,146,2023-12-06,2023-12-07
INB00203,SUP010,HUB-BLR,SKU0344,118,2023-12-06,2023-12-07
INB00203,SUP010,HUB-BLR,SKU0359,115,2023-12-07,2023-12-07
INB00203,SUP010,HUB-BLR,SKU0450,116,2023-12-05,2023-12-07
INB00202,SUP004,HUB-BOM,SKU0058,38,2023-12-08,2023-12-08
INB00203,SUP010,HUB-BLR,SKU0158,138,2023-12-03,2023-12-08
INB00203,SUP010,HUB-BLR,SKU0211,134,2023-12-03,2023-12-08
INB00203,SUP010,HUB-BLR,SKU0329,157,2023-12-05,2023-12-08
INB00203,SUP010,HUB-BLR,SKU0345,132,2023-12-06,2023-12-08
INB00203,SUP010,HUB-BLR,SKU0409,106,2023-12-05,2023-12-08
INB00203,SUP010,HUB-BLR,SKU0016,96,2023-12-04,2023-12-09
INB00203,SUP010,HUB-BLR,SKU0035,114,2023-12-07,2023-12-09
INB00203,SUP010,HUB-BLR,SKU0044,103,2023-12-08,2023-12-09
INB00203,SUP010,HUB-BLR,SKU0105,129,2023-12-06,2023-12-09
INB00203,SUP010,HUB-BLR,SKU0162,97,2023-12-04,2023-12-09
INB00203,SUP010,HUB-BLR,SKU0336,113,2023-12-04,2023-12-09
INB00203,SUP010,HUB-BLR,SKU0407,113,2023-12-04,2023-12-09
INB00203,SUP010,HUB-BLR,SKU0430,111,2023-12-07,2023-12-09
INB00204,SUP013,HUB-DEL,SKU0187,67,2023-12-05,2023-12-09
INB00204,SUP013,HUB-DEL,SKU0293,63,2023-12-06,2023-12-09
INB00204,SUP013,HUB-DEL,SKU0478,62,2023-12-05,2023-12-09
INB00202,SUP004,HUB-BOM,SKU0319,41,2023-12-07,2023-12-10
INB00202,SUP004,HUB-BOM,SKU0490,53,2023-12-07,2023-12-10
INB00203,SUP010,HUB-BLR,SKU0073,158,2023-12-08,2023-12-10
INB00203,SUP010,HUB-BLR,SKU0271,94,2023-12-07,2023-12-10
INB00203,SUP010,HUB-BLR,SKU0466,133,2023-12-08,2023-12-10
INB00204,SUP013,HUB-DEL,SKU0036,68,2023-12-10,2023-12-10
INB00204,SUP013,HUB-DEL,SKU0045,64,2023-12-09,2023-12-10
INB00204,SUP013,HUB-DEL,SKU0102,94,2023-12-06,2023-12-10
INB00204,SUP013,HUB-DEL,SKU0141,101,2023-12-06,2023-12-10
INB00204,SUP013,HUB-DEL,SKU0163,82,2023-12-09,2023-12-10
INB00204,SUP013,HUB-DEL,SKU0221,74,2023-12-06,2023-12-10
INB00204,SUP013,HUB-DEL,SKU0226,84,2023-12-08,2023-12-10
INB00204,SUP013,HUB-DEL,SKU0230,68,2023-12-05,2023-12-10
INB00204,SUP013,HUB-DEL,SKU0240,82,2023-12-09,2023-12-10
INB00204,SUP013,HUB-DEL,SKU0306,67,2023-12-08,2023-12-10
INB00204,SUP013,HUB-DEL,SKU0468,64,2023-12-07,2023-12-10
INB00203,SUP010,HUB-BLR,SKU0121,107,2023-12-07,2023-12-11
INB00203,SUP010,HUB-BLR,SKU0332,156,2023-12-09,2023-12-11
INB00204,SUP013,HUB-DEL,SKU0048,57,2023-12-07,2023-12-11
INB00204,SUP013,HUB-DEL,SKU0289,86,2023-12-07,2023-12-11
INB00204,SUP013,HUB-DEL,SKU0414,79,2023-12-09,2023-12-11
INB00204,SUP013,HUB-DEL,SKU0453,60,2023-12-11,2023-12-11
INB00204,SUP013,HUB-DEL,SKU0060,121,2023-12-09,2023-12-12
INB00204,SUP013,HUB-DEL,SKU0092,57,2023-12-07,2023-12-12
INB00204,SUP013,HUB-DEL,SKU0098,87,2023-12-10,2023-12-12
INB00204,SUP013,HUB-DEL,SKU0149,105,2023-12-09,2023-12-12
INB00204,SUP013,HUB-DEL,SKU0188,103,2023-12-08,2023-12-12
INB00204,SUP013,HUB-DEL,SKU0194,69,2023-12-08,2023-12-12
INB00204,SUP013,HUB-DEL,SKU0256,78,2023-12-12,2023-12-12
INB00204,SUP013,HUB-DEL,SKU0264,68,2023-12-12,2023-12-12
INB00204,SUP013,HUB-DEL,SKU0328,74,2023-12-08,2023-12-12
INB00204,SUP013,HUB-DEL,SKU0386,105,2023-12-10,2023-12-12
INB00204,SUP013,HUB-DEL,SKU0427,69,2023-12-11,2023-12-12
INB00204,SUP013,HUB-DEL,SKU0447,75,2023-12-08,2023-12-12
INB00204,SUP013,HUB-DEL,SKU0498,89,2023-12-10,2023-12-12
INB00203,SUP010,HUB-BLR,SKU0320,127,2023-12-09,2023-12-13
INB00204,SUP013,HUB-DEL,SKU0027,58,2023-12-10,2023-12-13
INB00204,SUP013,HUB-DEL,SKU0030,72,2023-12-13,2023-12-13
INB00204,SUP013,HUB-DEL,SKU0031,78,2023-12-12,2023-12-13
INB00204,SUP013,HUB-DEL,SKU0039,80,2023-12-09,2023-12-13
INB00204,SUP013,HUB-DEL,SKU0117,83,2023-12-10,2023-12-13
INB00204,SUP013,HUB-DEL,SKU0142,58,2023-12-10,2023-12-13
INB00204,SUP013,HUB-DEL,SKU0196,82,2023-12-11,2023-12-13
INB00204,SUP013,HUB-DEL,SKU0204,73,2023-12-13,2023-12-13
INB00204,SUP013,HUB-DEL,SKU0245,65,2023-12-10,2023-12-13
INB00204,SUP013,HUB-DEL,SKU0253,84,2023-12-09,2023-12-13
INB00204,SUP013,HUB-DEL,SKU0265,72,2023-12-08,2023-12-13
INB00204,SUP013,HUB-DEL,SKU0267,120,2023-12-12,2023-12-13
INB00204,SUP013,HUB-DEL,SKU0296,92,2023-12-11,2023-12-13
INB00204,SUP013,HUB-DEL,SKU0464,90,2023-12-12,2023-12-13
INB00204,SUP013,HUB-DEL,SKU0499,61,2023-12-09,2023-12-13
INB00205,SUP006,HUB-BOM,SKU0180,49,2023-12-12,2023-12-13
INB00205,SUP006,HUB-BOM,SKU0214,37,2023-12-11,2023-12-13
INB00204,SUP013,HUB-DEL,SKU0011,58,2023-12-10,2023-12-14
INB00204,SUP013,HUB-DEL,SKU0052,68,2023-12-10,2023-12-14
INB00204,SUP013,HUB-DEL,SKU0104,57,2023-12-09,2023-12-14
INB00204,SUP013,HUB-DEL,SKU0128,63,2023-12-10,2023-12-14
INB00204,SUP013,HUB-DEL,SKU0144,60,2023-12-10,2023-12-14
INB00204,SUP013,HUB-DEL,SKU0215,60,2023-12-09,2023-12-14
INB00204,SUP013,HUB-DEL,SKU0233,105,2023-12-11,2023-12-14
INB00204,SUP013,HUB-DEL,SKU0249,126,2023-12-11,2023-12-14
INB00204,SUP013,HUB-DEL,SKU0317,57,2023-12-14,2023-12-14
INB00204,SUP013,HUB-DEL,SKU0384,69,2023-12-14,2023-12-14
INB00205,SUP006,HUB-BOM,SKU0019,47,2023-12-11,2023-12-14
INB00205,SUP006,HUB-BOM,SKU0129,61,2023-12-10,2023-12-14
INB00204,SUP013,HUB-DEL,SKU0002,70,2023-12-15,2023-12-15
INB00204,SUP013,HUB-DEL,SKU0059,75,2023-12-15,2023-12-15
INB00204,SUP013,HUB-DEL,SKU0157,76,2023-12-15,2023-12-15
INB00204,SUP013,HUB-DEL,SKU0417,68,2023-12-13,2023-12-15
INB00205,SUP006,HUB-BOM,SKU0025,43,2023-12-10,2023-12-15
INB00205,SUP006,HUB-BOM,SKU0228,39,2023-12-14,2023-12-15
INB00205,SUP006,HUB-BOM,SKU0375,52,2023-12-15,2023-12-15
INB00204,SUP013,HUB-DEL,SKU0133,100,2023-12-16,2023-12-16
INB00204,SUP013,HUB-DEL,SKU0376,121,2023-12-14,2023-12-16
INB00204,SUP013,HUB-DEL,SKU0416,60,2023-12-12,2023-12-16
INB00205,SUP006,HUB-BOM,SKU0056,38,2023-12-16,2023-12-16
INB00205,SUP006,HUB-BOM,SKU0083,37,2023-12-11,2023-12-16
INB00205,SUP006,HUB-BOM,SKU0161,37,2023-12-11,2023-12-16
INB00206,SUP019,HUB-BLR,SKU0201,94,2023-12-14,2023-12-16
INB00204,SUP013,HUB-DEL,SKU0208,63,2023-12-15,2023-12-17
INB00204,SUP013,HUB-DEL,SKU0422,79,2023-12-16,2023-12-17
INB00205,SUP006,HUB-BOM,SKU0024,39,2023-12-13,2023-12-17
INB00205,SUP006,HUB-BOM,SKU0066,46,2023-12-12,2023-12-17
INB00205,SUP006,HUB-BOM,SKU0151,45,2023-12-15,2023-12-17
INB00205,SUP006,HUB-BOM,SKU0199,37,2023-12-14,2023-12-17
INB00205,SUP006,HUB-BOM,SKU0213,37,2023-12-17,2023-12-17
INB00205,SUP006,HUB-BOM,SKU0275,41,2023-12-13,2023-12-17
INB00205,SUP006,HUB-BOM,SKU0292,50,2023-12-16,2023-12-17
INB00205,SUP006,HUB-BOM,SKU0300,41,2023-12-15,2023-12-17
INB00205,SUP006,HUB-BOM,SKU0330,39,2023-12-15,2023-12-17
INB00205,SUP006,HUB-BOM,SKU0353,37,2023-12-17,2023-12-17
INB00205,SUP006,HUB-BOM,SKU0436,40,2023-12-14,2023-12-17
INB00205,SUP006,HUB-BOM,SKU0443,45,2023-12-13,2023-12-17
INB00205,SUP006,HUB-BOM,SKU0470,39,2023-12-14,2023-12-17
INB00206,SUP019,HUB-BLR,SKU0013,129,2023-12-12,2023-12-17
INB00206,SUP019,HUB-BLR,SKU0362,105,2023-12-15,2023-12-17
INB00206,SUP019,HUB-BLR,SKU0385,94,2023-12-14,2023-12-17
INB00206,SUP019,HUB-BLR,SKU0475,125,2023-12-13,2023-12-17
INB00206,SUP019,HUB-BLR,SKU0495,113,2023-12-15,2023-12-17
INB00205,SUP006,HUB-BOM,SKU0040,46,2023-12-16,2023-12-18
INB00205,SUP006,HUB-BOM,SKU0118,38,2023-12-17,2023-12-18
INB00205,SUP006,HUB-BOM,SKU0266,37,2023-12-16,2023-12-18
INB00205,SUP006,HUB-BOM,SKU0451,39,2023-12-13,2023-12-18
INB00205,SUP006,HUB-BOM,SKU0457,41,2023-12-15,2023-12-18
INB00206,SUP019,HUB-BLR,SKU0148,96,2023-12-14,2023-12-18
INB00206,SUP019,HUB-BLR,SKU0258,139,2023-12-14,2023-12-18
INB00206,SUP019,HUB-BLR,SKU0299,100,2023-12-18,2023-12-18
INB00206,SUP019,HUB-BLR,SKU0326,133,2023-12-18,2023-12-18
INB00206,SUP019,HUB-BLR,SKU0383,149,2023-12-14,2023-12-18
INB00206,SUP019,HUB-BLR,SKU0494,113,2023-12-17,2023-12-18
INB00205,SUP006,HUB-BOM,SKU0246,43,2023-12-19,2023-12-19
INB00206,SUP019,HUB-BLR,SKU0137,108,2023-12-19,2023-12-19
INB00206,SUP019,HUB-BLR,SKU0237,98,2023-12-14,2023-12-19
INB00206,SUP019,HUB-BLR,SKU0270,125,2023-12-14,2023-12-19
INB00206,SUP019,HUB-BLR,SKU0295,94,2023-12-18,2023-12-19
INB00206,SUP019,HUB-BLR,SKU0363,151,2023-12-15,2023-12-19
INB00206,SUP019,HUB-BLR,SKU0367,103,2023-12-14,2023-12-19
INB00206,SUP019,HUB-BLR,SKU0371,101,2023-12-17,2023-12-19
INB00206,SUP019,HUB-BLR,SKU0012,132,2023-12-20,2023-12-20
INB00206,SUP019,HUB-BLR,SKU0089,124,2023-12-15,2023-12-20
INB00206,SUP019,HUB-BLR,SKU0368,97,2023-12-20,2023-12-20
INB00206,SUP019,HUB-BLR,SKU0397,117,2023-12-18,2023-12-20
INB00206,SUP019,HUB-BLR,SKU0418,96,2023-12-15,2023-12-20
INB00206,SUP019,HUB-BLR,SKU0458,118,2023-12-20,2023-12-20
INB00207,SUP011,HUB-DEL,SKU0379,105,2023-12-15,2023-12-20
INB00207,SUP011,HUB-DEL,SKU0467,63,2023-12-17,2023-12-20
INB00206,SUP019,HUB-BLR,SKU0167,136,2023-12-20,2023-12-21
INB00206,SUP019,HUB-BLR,SKU0290,115,2023-12-20,2023-12-21
INB00206,SUP019,HUB-BLR,SKU0305,101,2023-12-19,2023-12-21
INB00206,SUP019,HUB-BLR,SKU0313,140,2023-12-17,2023-12-21
INB00206,SUP019,HUB-BLR,SKU0352,104,2023-12-16,2023-12-21
INB00207,SUP011,HUB-DEL,SKU0092,58,2023-12-17,2023-12-21
INB00207,SUP011,HUB-DEL,SKU0221,65,2023-12-19,2023-12-21
INB00207,SUP011,HUB-DEL,SKU0449,74,2023-12-17,2023-12-21
INB00206,SUP019,HUB-BLR,SKU0082,110,2023-12-22,2023-12-22
INB00206,SUP019,HUB-BLR,SKU0101,136,2023-12-20,2023-12-22
INB00206,SUP019,HUB-BLR,SKU0130,101,2023-12-17,2023-12-22
INB00206,SUP019,HUB-BLR,SKU0175,94,2023-12-20,2023-12-22
INB00206,SUP019,HUB-BLR,SKU0294,102,2023-12-20,2023-12-22
INB00206,SUP019,HUB-BLR,SKU0404,123,2023-12-17,2023-12-22
INB00207,SUP011,HUB-DEL,SKU0008,76,2023-12-18,2023-12-22
INB00207,SUP011,HUB-DEL,SKU0086,60,2023-12-21,2023-12-22
INB00207,SUP011,HUB-DEL,SKU0111,90,2023-12-21,2023-12-22
INB00207,SUP011,HUB-DEL,SKU0238,63,2023-12-20,2023-12-22
INB00207,SUP011,HUB-DEL,SKU0243,67,2023-12-18,2023-12-22
INB00207,SUP011,HUB-DEL,SKU0424,94,2023-12-17,2023-12-22
INB00207,SUP011,HUB-DEL,SKU0499,57,2023-12-21,2023-12-22
INB00208,SUP001,HUB-BOM,SKU0189,41,2023-12-20,2023-12-22
INB00208,SUP001,HUB-BOM,SKU0469,40,2023-12-20,2023-12-22
INB00206,SUP019,HUB-BLR,SKU0109,120,2023-12-20,2023-12-23
INB00207,SUP011,HUB-DEL,SKU0037,78,2023-12-22,2023-12-23
INB00207,SUP011,HUB-DEL,SKU0046,76,2023-12-18,2023-12-23
INB00207,SUP011,HUB-DEL,SKU0102,79,2023-12-18,2023-12-23
INB00207,SUP011,HUB-DEL,SKU0173,100,2023-12-18,2023-12-23
INB00207,SUP011,HUB-DEL,SKU0190,73,2023-12-20,2023-12-23
INB00207,SUP011,HUB-DEL,SKU0264,59,2023-12-20,2023-12-23
INB00207,SUP011,HUB-DEL,SKU0296,86,2023-12-18,2023-12-23
INB00207,SUP011,HUB-DEL,SKU0325,74,2023-12-22,2023-12-23
INB00207,SUP011,HUB-DEL,SKU0364,73,2023-12-21,2023-12-23
INB00207,SUP011,HUB-DEL,SKU0382,94,2023-12-19,2023-12-23
INB00207,SUP011,HUB-DEL,SKU0497,62,2023-12-18,2023-12-23
INB00208,SUP001,HUB-BOM,SKU0146,41,2023-12-19,2023-12-23
INB00208,SUP001,HUB-BOM,SKU0347,43,2023-12-20,2023-12-23
INB00206,SUP019,HUB-BLR,SKU0217,127,2023-12-19,2023-12-24
INB00207,SUP011,HUB-DEL,SKU0036,64,2023-12-21,2023-12-24
INB00207,SUP011,HUB-DEL,SKU0100,133,2023-12-19,2023-12-24
INB00207,SUP011,HUB-DEL,SKU0103,68,2023-12-19,2023-12-24
INB00207,SUP011,HUB-DEL,SKU0141,57,2023-12-23,2023-12-24
INB00207,SUP011,HUB-DEL,SKU0212,66,2023-12-24,2023-12-24
INB00207,SUP011,HUB-DEL,SKU0225,59,2023-12-20,2023-12-24
INB00207,SUP011,HUB-DEL,SKU0235,69,2023-12-23,2023-12-24
INB00207,SUP011,HUB-DEL,SKU0312,64,2023-12-20,2023-12-24
INB00207,SUP011,HUB-DEL,SKU0314,58,2023-12-23,2023-12-24
INB00207,SUP011,HUB-DEL,SKU0318,75,2023-12-19,2023-12-24
INB00207,SUP011,HUB-DEL,SKU0403,81,2023-12-24,2023-12-24
INB00207,SUP011,HUB-DEL,SKU0455,69,2023-12-21,2023-12-24
INB00207,SUP011,HUB-DEL,SKU0491,69,2023-12-24,2023-12-24
INB00208,SUP001,HUB-BOM,SKU0406,40,2023-12-22,2023-12-24
INB00207,SUP011,HUB-DEL,SKU0043,85,2023-12-25,2023-12-25
INB00207,SUP011,HUB-DEL,SKU0138,97,2023-12-25,2023-12-25
INB00207,SUP011,HUB-DEL,SKU0188,62,2023-12-23,2023-12-25
INB00207,SUP011,HUB-DEL,SKU0207,101,2023-12-21,2023-12-25
INB00207,SUP011,HUB-DEL,SKU0281,61,2023-12-20,2023-12-25
INB00207,SUP011,HUB-DEL,SKU0316,72,2023-12-22,2023-12-25
INB00207,SUP011,HUB-DEL,SKU0339,120,2023-12-21,2023-12-25
INB00207,SUP011,HUB-DEL,SKU0381,76,2023-12-21,2023-12-25
INB00207,SUP011,HUB-DEL,SKU0426,59,2023-12-24,2023-12-25
INB00207,SUP011,HUB-DEL,SKU0439,75,2023-12-22,2023-12-25
INB00207,SUP011,HUB-DEL,SKU0462,83,2023-12-23,2023-12-25
INB00208,SUP001,HUB-BOM,SKU0154,40,2023-12-24,2023-12-25
INB00208,SUP001,HUB-BOM,SKU0168,37,2023-12-21,2023-12-25
INB00208,SUP001,HUB-BOM,SKU0257,42,2023-12-20,2023-12-25
INB00208,SUP001,HUB-BOM,SKU0302,37,2023-12-25,2023-12-25
INB00208,SUP001,HUB-BOM,SKU0351,38,2023-12-23,2023-12-25
INB00207,SUP011,HUB-DEL,SKU0015,79,2023-12-26,2023-12-26
INB00207,SUP011,HUB-DEL,SKU0075,67,2023-12-25,2023-12-26
INB00207,SUP011,HUB-DEL,SKU0113,86,2023-12-25,2023-12-26
INB00207,SUP011,HUB-DEL,SKU0261,126,2023-12-24,2023-12-26
INB00207,SUP011,HUB-DEL,SKU0298,71,2023-12-22,2023-12-26
INB00207,SUP011,HUB-DEL,SKU0390,68,2023-12-24,2023-12-26
INB00207,SUP011,HUB-DEL,SKU0422,59,2023-12-21,2023-12-26
INB00207,SUP011,HUB-DEL,SKU0487,108,2023-12-21,2023-12-26
INB00208,SUP001,HUB-BOM,SKU0014,38,2023-12-22,2023-12-26
INB00208,SUP001,HUB-BOM,SKU0124,39,2023-12-24,2023-12-26
INB00208,SUP001,HUB-BOM,SKU0160,37,2023-12-25,2023-12-26
INB00208,SUP001,HUB-BOM,SKU0176,38,2023-12-23,2023-12-26
INB00208,SUP001,HUB-BOM,SKU0448,41,2023-12-26,2023-12-26
INB00208,SUP001,HUB-BOM,SKU0465,38,2023-12-24,2023-12-26
INB00207,SUP011,HUB-DEL,SKU0321,68,2023-12-24,2023-12-27
INB00208,SUP001,HUB-BOM,SKU0263,38,2023-12-25,2023-12-27
INB00208,SUP001,HUB-BOM,SKU0378,46,2023-12-25,2023-12-27
INB00209,SUP019,HUB-BLR,SKU0091,100,2023-12-25,2023-12-27
INB00209,SUP019,HUB-BLR,SKU0140,122,2023-12-26,2023-12-27
INB00209,SUP019,HUB-BLR,SKU0291,120,2023-12-25,2023-12-27
INB00209,SUP019,HUB-BLR,SKU0489,114,2023-12-23,2023-12-27
INB00208,SUP001,HUB-BOM,SKU0219,37,2023-12-25,2023-12-28
INB00208,SUP001,HUB-BOM,SKU0370,37,2023-12-26,2023-12-28
INB00209,SUP019,HUB-BLR,SKU0354,132,2023-12-26,2023-12-28
INB00209,SUP019,HUB-BLR,SKU0486,107,2023-12-24,2023-12-28
INB00209,SUP019,HUB-BLR,SKU0016,174,2023-12-25,2023-12-29
INB00209,SUP019,HUB-BLR,SKU0041,136,2023-12-26,2023-12-29
INB00209,SUP019,HUB-BLR,SKU0050,151,2023-12-29,2023-12-29
INB00209,SUP019,HUB-BLR,SKU0132,124,2023-12-26,2023-12-29
INB00209,SUP019,HUB-BLR,SKU0224,127,2023-12-27,2023-12-29
INB00209,SUP019,HUB-BLR,SKU0480,101,2023-12-26,2023-12-29
INB00208,SUP001,HUB-BOM,SKU0373,44,2023-12-29,2023-12-30
INB00209,SUP019,HUB-BLR,SKU0044,108,2023-12-25,2023-12-30
INB00209,SUP019,HUB-BLR,SKU0087,101,2023-12-26,2023-12-30
INB00209,SUP019,HUB-BLR,SKU0222,120,2023-12-29,2023-12-30
INB00209,SUP019,HUB-BLR,SKU0234,120,2023-12-27,2023-12-30
INB00209,SUP019,HUB-BLR,SKU0242,93,2023-12-25,2023-12-30
INB00209,SUP019,HUB-BLR,SKU0269,112,2023-12-30,2023-12-30
INB00209,SUP019,HUB-BLR,SKU0309,100,2023-12-29,2023-12-30
INB00210,SUP014,HUB-DEL,SKU0017,60,2023-12-29,2023-12-30
INB00210,SUP014,HUB-DEL,SKU0027,64,2023-12-25,2023-12-30
INB00210,SUP014,HUB-DEL,SKU0356,94,2023-12-26,2023-12-30
INB00209,SUP019,HUB-BLR,SKU0071,108,2023-12-30,2023-12-31
INB00209,SUP019,HUB-BLR,SKU0244,117,2023-12-26,2023-12-31
INB00209,SUP019,HUB-BLR,SKU0394,108,2023-12-28,2023-12-31
INB00209,SUP019,HUB-BLR,SKU0407,108,2023-12-27,2023-12-31
INB00209,SUP019,HUB-BLR,SKU0440,117,2023-12-30,2023-12-31
INB00209,SUP019,HUB-BLR,SKU0444,94,2023-12-28,2023-12-31
INB00209,SUP019,HUB-BLR,SKU0492,109,2023-12-30,2023-12-31
INB00210,SUP014,HUB-DEL,SKU0135,72,2023-12-30,2023-12-31
INB00210,SUP014,HUB-DEL,SKU0226,69,2023-12-28,2023-12-31
INB00210,SUP014,HUB-DEL,SKU0289,90,2023-12-31,2023-12-31
INB00210,SUP014,HUB-DEL,SKU0478,68,2023-12-31,2023-12-31
INB00209,SUP019,HUB-BLR,SKU0069,99,2023-12-27,2024-01-01
INB00209,SUP019,HUB-BLR,SKU0121,101,2023-12-31,2024-01-01
INB00209,SUP019,HUB-BLR,SKU0166,120,2023-12-31,2024-01-01
INB00209,SUP019,HUB-BLR,SKU0283,116,2023-12-31,2024-01-01
INB00209,SUP019,HUB-BLR,SKU0445,100,2023-12-27,2024-01-01
INB00210,SUP014,HUB-DEL,SKU0006,128,2023-12-28,2024-01-01
INB00210,SUP014,HUB-DEL,SKU0037,73,2023-12-31,2024-01-01
INB00210,SUP014,HUB-DEL,SKU0125,106,2023-12-30,2024-01-01
INB00210,SUP014,HUB-DEL,SKU0341,67,2023-12-27,2024-01-01
INB00209,SUP019,HUB-BLR,SKU0023,100,2023-12-28,2024-01-02
INB00209,SUP019,HUB-BLR,SKU0120,135,2024-01-02,2024-01-02
INB00209,SUP019,HUB-BLR,SKU0172,108,2024-01-01,2024-01-02
INB00209,SUP019,HUB-BLR,SKU0303,105,2024-01-01,2024-01-02
INB00209,SUP019,HUB-BLR,SKU0433,134,2023-12-31,2024-01-02
INB00210,SUP014,HUB-DEL,SKU0034,62,2023-12-28,2024-01-02
INB00210,SUP014,HUB-DEL,SKU0057,61,2023-12-28,2024-01-02
INB00210,SUP014,HUB-DEL,SKU0080,62,2023-12-30,2024-01-02
INB00210,SUP014,HUB-DEL,SKU0104,62,2023-12-31,2024-01-02
INB00210,SUP014,HUB-DEL,SKU0196,63,2024-01-02,2024-01-02
INB00210,SUP014,HUB-DEL,SKU0202,60,2024-01-01,2024-01-02
INB00210,SUP014,HUB-DEL,SKU0231,95,2023-12-29,2024-01-02
INB00210,SUP014,HUB-DEL,SKU0268,65,2023-12-28,2024-01-02
INB00210,SUP014,HUB-DEL,SKU0342,67,2023-12-28,2024-01-02
INB00210,SUP014,HUB-DEL,SKU0384,59,2023-12-29,2024-01-02
INB00210,SUP014,HUB-DEL,SKU0399,77,2023-12-30,2024-01-02
INB00210,SUP014,HUB-DEL,SKU0442,87,2023-12-29,2024-01-02
INB00210,SUP014,HUB-DEL,SKU0498,57,2023-12-28,2024-01-02
INB00211,SUP009,HUB-BOM,SKU0159,40,2023-12-29,2024-01-02
INB00211,SUP009,HUB-BOM,SKU0170,46,2023-12-28,2024-01-02
INB00209,SUP019,HUB-BLR,SKU0131,148,2024-01-01,2024-01-03
INB00209,SUP019,HUB-BLR,SKU0197,104,2024-01-03,2024-01-03
INB00209,SUP019,HUB-BLR,SKU0335,99,2023-12-29,2024-01-03
INB00209,SUP019,HUB-BLR,SKU0361,119,2023-12-29,2024-01-03
INB00209,SUP019,HUB-BLR,SKU0369,129,2024-01-01,2024-01-03
INB00209,SUP019,HUB-BLR,SKU0441,133,2023-12-29,2024-01-03
INB00210,SUP014,HUB-DEL,SKU0003,86,2024-01-02,2024-01-03
INB00210,SUP014,HUB-DEL,SKU0031,69,2024-01-02,2024-01-03
INB00210,SUP014,HUB-DEL,SKU0042,74,2023-12-31,2024-01-03
INB00210,SUP014,HUB-DEL,SKU0055,65,2024-01-02,2024-01-03
INB00210,SUP014,HUB-DEL,SKU0062,75,2023-12-31,2024-01-03
INB00210,SUP014,HUB-DEL,SKU0078,119,2024-01-03,2024-01-03
INB00210,SUP014,HUB-DEL,SKU0144,57,2023-12-29,2024-01-03
INB00210,SUP014,HUB-DEL,SKU0194,78,2024-01-02,2024-01-03
INB00210,SUP014,HUB-DEL,SKU0453,73,2024-01-03,2024-01-03
INB00210,SUP014,HUB-DEL,SKU0459,75,2023-12-31,2024-01-03
INB00211,SUP009,HUB-BOM,SKU0186,59,2023-12-31,2024-01-03
INB00211,SUP009,HUB-BOM,SKU0191,38,2023-12-29,2024-01-03
INB00211,SUP009,HUB-BOM,SKU0338,43,2024-01-03,2024-01-03
INB00211,SUP009,HUB-BOM,SKU0420,40,2023-12-31,2024-01-03
INB00210,SUP014,HUB-DEL,SKU0053,77,2024-01-04,2024-01-04
INB00210,SUP014,HUB-DEL,SKU0204,96,2023-12-31,2024-01-04
INB00210,SUP014,HUB-DEL,SKU0284,101,2024-01-01,2024-01-04
INB00210,SUP014,HUB-DEL,SKU0393,66,2023-12-30,2024-01-04
INB00210,SUP014,HUB-DEL,SKU0417,70,2024-01-04,2024-01-04
INB00211,SUP009,HUB-BOM,SKU0009,42,2024-01-01,2024-01-04
INB00211,SUP009,HUB-BOM,SKU0147,49,2023-12-30,2024-01-04
INB00210,SUP014,HUB-DEL,SKU0030,66,2024-01-04,2024-01-05
INB00210,SUP014,HUB-DEL,SKU0184,67,2024-01-02,2024-01-05
INB00210,SUP014,HUB-DEL,SKU0308,82,2024-01-01,2024-01-05
INB00211,SUP009,HUB-BOM,SKU0022,41,2024-01-02,2024-01-05
INB00211,SUP009,HUB-BOM,SKU0028,40,2024-01-01,2024-01-05
INB00211,SUP009,HUB-BOM,SKU0150,41,2023-12-31,2024-01-05
INB00211,SUP009,HUB-BOM,SKU0278,41,2024-01-02,2024-01-05
INB00211,SUP009,HUB-BOM,SKU0331,38,2024-01-02,2024-01-05
INB00211,SUP009,HUB-BOM,SKU0372,40,2023-12-31,2024-01-05
INB00211,SUP009,HUB-BOM,SKU0391,43,2024-01-02,2024-01-05
INB00211,SUP009,HUB-BOM,SKU0396,37,2024-01-03,2024-01-05
INB00211,SUP009,HUB-BOM,SKU0431,41,2024-01-04,2024-01-05
INB00210,SUP014,HUB-DEL,SKU0282,87,2024-01-02,2024-01-06
INB00210,SUP014,HUB-DEL,SKU0301,62,2024-01-02,2024-01-06
INB00210,SUP014,HUB-DEL,SKU0386,65,2024-01-02,2024-01-06
INB00210,SUP014,HUB-DEL,SKU0464,66,2024-01-06,2024-01-06
INB00211,SUP009,HUB-BOM,SKU0108,42,2024-01-04,2024-01-06
INB00211,SUP009,HUB-BOM,SKU0177,38,2024-01-05,2024-01-06
INB00211,SUP009,HUB-BOM,SKU0195,37,2024-01-04,2024-01-06
INB00211,SUP009,HUB-BOM,SKU0274,54,2024-01-06,2024-01-06
INB00211,SUP009,HUB-BOM,SKU0358,38,2024-01-06,2024-01-06
INB00211,SUP009,HUB-BOM,SKU0389,40,2024-01-02,2024-01-06
INB00211,SUP009,HUB-BOM,SKU0415,39,2024-01-02,2024-01-06
INB00212,SUP003,HUB-BLR,SKU0035,94,2024-01-01,2024-01-06
INB00212,SUP003,HUB-BLR,SKU0419,95,2024-01-03,2024-01-06
INB00212,SUP003,HUB-BLR,SKU0494,101,2024-01-06,2024-01-06
INB00210,SUP014,HUB-DEL,SKU0468,77,2024-01-04,2024-01-07
INB00211,SUP009,HUB-BOM,SKU0020,41,2024-01-05,2024-01-07
INB00211,SUP009,HUB-BOM,SKU0084,40,2024-01-06,2024-01-07
INB00211,SUP009,HUB-BOM,SKU0085,44,2024-01-06,2024-01-07
INB00211,SUP009,HUB-BOM,SKU0174,38,2024-01-02,2024-01-07
INB00211,SUP009,HUB-BOM,SKU0452,37,2024-01-04,2024-01-07
INB00211,SUP009,HUB-BOM,SKU0482,42,2024-01-05,2024-01-07
INB00212,SUP003,HUB-BLR,SKU0360,96,2024-01-04,2024-01-07
INB00211,SUP009,HUB-BOM,SKU0127,39,2024-01-07,2024-01-08
INB00211,SUP009,HUB-BOM,SKU0355,46,2024-01-04,2024-01-08
INB00212,SUP003,HUB-BLR,SKU0153,93,2024-01-04,2024-01-08
INB00212,SUP003,HUB-BLR,SKU0227,117,2024-01-07,2024-01-08
INB00212,SUP003,HUB-BLR,SKU0258,129,2024-01-05,2024-01-08
INB00212,SUP003,HUB-BLR,SKU0475,96,2024-01-05,2024-01-08
INB00212,SUP003,HUB-BLR,SKU0479,99,2024-01-08,2024-01-08
INB00212,SUP003,HUB-BLR,SKU0493,120,2024-01-06,2024-01-08
INB00211,SUP009,HUB-BOM,SKU0126,50,2024-01-08,2024-01-09
INB00211,SUP009,HUB-BOM,SKU0171,47,2024-01-09,2024-01-09
INB00211,SUP009,HUB-BOM,SKU0259,40,2024-01-04,2024-01-09
INB00211,SUP009,HUB-BOM,SKU0343,44,2024-01-08,2024-01-09
INB00212,SUP003,HUB-BLR,SKU0079,131,2024-01-08,2024-01-09
INB00212,SUP003,HUB-BLR,SKU0169,93,2024-01-07,2024-01-09
INB00212,SUP003,HUB-BLR,SKU0203,104,2024-01-07,2024-01-09
INB00212,SUP003,HUB-BLR,SKU0237,95,2024-01-05,2024-01-09
INB00212,SUP003,HUB-BLR,SKU0344,105,2024-01-05,2024-01-09
INB00212,SUP003,HUB-BLR,SKU0409,99,2024-01-08,2024-01-09
INB00212,SUP003,HUB-BLR,SKU0454,118,2024-01-07,2024-01-09
INB00212,SUP003,HUB-BLR,SKU0460,96,2024-01-08,2024-01-09
INB00212,SUP003,HUB-BLR,SKU0466,107,2024-01-08,2024-01-09
INB00212,SUP003,HUB-BLR,SKU0484,101,2024-01-06,2024-01-09
INB00212,SUP003,HUB-BLR,SKU0038,100,2024-01-08,2024-01-10
INB00212,SUP003,HUB-BLR,SKU0156,101,2024-01-05,2024-01-10
INB00212,SUP003,HUB-BLR,SKU0229,113,2024-01-08,2024-01-10
INB00212,SUP003,HUB-BLR,SKU0247,97,2024-01-05,2024-01-10
INB00213,SUP017,HUB-DEL,SKU0039,73,2024-01-06,2024-01-10
INB00213,SUP017,HUB-DEL,SKU0059,96,2024-01-10,2024-01-10
INB00213,SUP017,HUB-DEL,SKU0261,78,2024-01-10,2024-01-10
INB00212,SUP003,HUB-BLR,SKU0018,134,2024-01-07,2024-01-11
INB00212,SUP003,HUB-BLR,SKU0288,145,2024-01-06,2024-01-11
INB00212,SUP003,HUB-BLR,SKU0332,96,2024-01-11,2024-01-11
INB00212,SUP003,HUB-BLR,SKU0401,99,2024-01-11,2024-01-11
INB00213,SUP017,HUB-DEL,SKU0048,75,2024-01-11,2024-01-11
INB00213,SUP017,HUB-DEL,SKU0163,77,2024-01-07,2024-01-11
INB00213,SUP017,HUB-DEL,SKU0318,97,2024-01-09,2024-01-11
INB00213,SUP017,HUB-DEL,SKU0321,80,2024-01-09,2024-01-11
INB00213,SUP017,HUB-DEL,SKU0447,77,2024-01-07,2024-01-11
INB00212,SUP003,HUB-BLR,SKU0285,122,2024-01-09,2024-01-12
INB00212,SUP003,HUB-BLR,SKU0413,101,2024-01-12,2024-01-12
INB00213,SUP017,HUB-DEL,SKU0046,60,2024-01-09,2024-01-12
INB00213,SUP017,HUB-DEL,SKU0098,61,2024-01-10,2024-01-12
INB00213,SUP017,HUB-DEL,SKU0141,71,2024-01-10,2024-01-12
INB00213,SUP017,HUB-DEL,SKU0221,58,2024-01-09,2024-01-12
INB00213,SUP017,HUB-DEL,SKU0240,58,2024-01-07,2024-01-12
INB00213,SUP017,HUB-DEL,SKU0253,111,2024-01-11,2024-01-12
INB00213,SUP017,HUB-DEL,SKU0416,72,2024-01-10,2024-01-12
INB00214,SUP015,HUB-BOM,SKU0446,45,2024-01-10,2024-01-12
INB00212,SUP003,HUB-BLR,SKU0026,96,2024-01-08,2024-01-13
INB00212,SUP003,HUB-BLR,SKU0051,110,2024-01-10,2024-01-13
INB00213,SUP017,HUB-DEL,SKU0002,70,2024-01-08,2024-01-13
INB00213,SUP017,HUB-DEL,SKU0036,70,2024-01-08,2024-01-13
INB00213,SUP017,HUB-DEL,SKU0115,66,2024-01-13,2024-01-13
INB00213,SUP017,HUB-DEL,SKU0308,68,2024-01-10,2024-01-13
INB00213,SUP017,HUB-DEL,SKU0317,106,2024-01-12,2024-01-13
INB00213,SUP017,HUB-DEL,SKU0390,59,2024-01-11,2024-01-13
INB00214,SUP015,HUB-BOM,SKU0151,47,2024-01-09,2024-01-13
INB00214,SUP015,HUB-BOM,SKU0218,51,2024-01-12,2024-01-13
INB00214,SUP015,HUB-BOM,SKU0255,54,2024-01-10,2024-01-13
INB00214,SUP015,HUB-BOM,SKU0428,41,2024-01-12,2024-01-13
INB00214,SUP015,HUB-BOM,SKU0496,37,2024-01-09,2024-01-13
INB00213,SUP017,HUB-DEL,SKU0086,60,2024-01-09,2024-01-14
INB00213,SUP017,HUB-DEL,SKU0134,63,2024-01-10,2024-01-14
INB00213,SUP017,HUB-DEL,SKU0277,65,2024-01-12,2024-01-14
INB00213,SUP017,HUB-DEL,SKU0346,83,2024-01-09,2024-01-14
INB00213,SUP017,HUB-DEL,SKU0412,85,2024-01-12,2024-01-14
INB00214,SUP015,HUB-BOM,SKU0032,44,2024-01-09,2024-01-14
INB00214,SUP015,HUB-BOM,SKU0067,41,2024-01-12,2024-01-14
INB00214,SUP015,HUB-BOM,SKU0200,43,2024-01-14,2024-01-14
INB00214,SUP015,HUB-BOM,SKU0223,47,2024-01-12,2024-01-14
INB00214,SUP015,HUB-BOM,SKU0287,42,2024-01-10,2024-01-14
INB00214,SUP015,HUB-BOM,SKU0350,53,2024-01-10,2024-01-14
INB00214,SUP015,HUB-BOM,SKU0432,53,2024-01-09,2024-01-14
INB00214,SUP015,HUB-BOM,SKU0438,47,2024-01-11,2024-01-14
INB00214,SUP015,HUB-BOM,SKU0485,53,2024-01-10,2024-01-14
INB00213,SUP017,HUB-DEL,SKU0029,62,2024-01-13,2024-01-15
INB00213,SUP017,HUB-DEL,SKU0230,71,2024-01-12,2024-01-15
INB00213,SUP017,HUB-DEL,SKU0249,68,2024-01-10,2024-01-15
INB00213,SUP017,HUB-DEL,SKU0297,66,2024-01-14,2024-01-15
INB00213,SUP017,HUB-DEL,SKU0306,59,2024-01-10,2024-01-15
INB00213,SUP017,HUB-DEL,SKU0427,63,2024-01-13,2024-01-15
INB00214,SUP015,HUB-BOM,SKU0155,47,2024-01-10,2024-01-15
INB00214,SUP015,HUB-BOM,SKU0161,38,2024-01-15,2024-01-15
INB00214,SUP015,HUB-BOM,SKU0210,39,2024-01-15,2024-01-15
INB00214,SUP015,HUB-BOM,SKU0216,42,2024-01-15,2024-01-15
INB00214,SUP015,HUB-BOM,SKU0387,42,2024-01-12,2024-01-15
INB00214,SUP015,HUB-BOM,SKU0421,37,2024-01-13,2024-01-15
INB00214,SUP015,HUB-BOM,SKU0461,38,2024-01-15,2024-01-15
INB00214,SUP015,HUB-BOM,SKU0471,40,2024-01-10,2024-01-15
INB00214,SUP015,HUB-BOM,SKU0474,45,2024-01-14,2024-01-15
INB00214,SUP015,HUB-BOM,SKU0476,37,2024-01-11,2024-01-15
INB00213,SUP017,HUB-DEL,SKU0117,62,2024-01-16,2024-01-16
INB00213,SUP017,HUB-DEL,SKU0128,62,2024-01-11,2024-01-16
INB00213,SUP017,HUB-DEL,SKU0265,71,2024-01-15,2024-01-16
INB00214,SUP015,HUB-BOM,SKU0090,40,2024-01-14,2024-01-16
INB00214,SUP015,HUB-BOM,SKU0096,38,2024-01-11,2024-01-16
INB00214,SUP015,HUB-BOM,SKU0220,45,2024-01-13,2024-01-16
INB00214,SUP015,HUB-BOM,SKU0311,52,2024-01-13,2024-01-16
INB00214,SUP015,HUB-BOM,SKU0411,48,2024-01-15,2024-01-16
INB00214,SUP015,HUB-BOM,SKU0481,41,2024-01-15,2024-01-16
INB00214,SUP015,HUB-BOM,SKU0483,40,2024-01-13,2024-01-16
INB00215,SUP003,HUB-BLR,SKU0109,100,2024-01-14,2024-01-16
INB00213,SUP017,HUB-DEL,SKU0187,60,2024-01-14,2024-01-17
INB00213,SUP017,HUB-DEL,SKU0286,90,2024-01-13,2024-01-17
INB00213,SUP017,HUB-DEL,SKU0463,84,2024-01-17,2024-01-17
INB00214,SUP015,HUB-BOM,SKU0119,40,2024-01-14,2024-01-17
INB00214,SUP015,HUB-BOM,SKU0353,39,2024-01-16,2024-01-17
INB00214,SUP015,HUB-BOM,SKU0425,46,2024-01-13,2024-01-17
INB00214,SUP015,HUB-BOM,SKU0473,48,2024-01-14,2024-01-17
INB00215,SUP003,HUB-BLR,SKU0004,122,2024-01-14,2024-01-17
INB00215,SUP003,HUB-BLR,SKU0112,112,2024-01-12,2024-01-17
INB00213,SUP017,HUB-DEL,SKU0011,58,2024-01-13,2024-01-18
INB00213,SUP017,HUB-DEL,SKU0455,73,2024-01-18,2024-01-18
INB00214,SUP015,HUB-BOM,SKU0280,41,2024-01-14,2024-01-18
INB00215,SUP003,HUB-BLR,SKU0012,105,2024-01-15,2024-01-18
INB00215,SUP003,HUB-BLR,SKU0182,109,2024-01-17,2024-01-18
INB00215,SUP003,HUB-BLR,SKU0198,100,2024-01-14,2024-01-18
INB00215,SUP003,HUB-BLR,SKU0205,100,2024-01-13,2024-01-18
INB00215,SUP003,HUB-BLR,SKU0232,99,2024-01-17,2024-01-18
INB00214,SUP015,HUB-BOM,SKU0106,44,2024-01-15,2024-01-19
INB00215,SUP003,HUB-BLR,SKU0061,96,2024-01-15,2024-01-19
INB00215,SUP003,HUB-BLR,SKU0073,100,2024-01-19,2024-01-19
INB00215,SUP003,HUB-BLR,SKU0094,103,2024-01-15,2024-01-19
INB00215,SUP003,HUB-BLR,SKU0185,96,2024-01-15,2024-01-19
INB00215,SUP003,HUB-BLR,SKU0333,108,2024-01-15,2024-01-19
INB00215,SUP003,HUB-BLR,SKU0345,105,2024-01-16,2024-01-19
INB00215,SUP003,HUB-BLR,SKU0357,104,2024-01-19,2024-01-19
INB00215,SUP003,HUB-BLR,SKU0495,104,2024-01-18,2024-01-19
INB00215,SUP003,HUB-BLR,SKU0063,106,2024-01-20,2024-01-20
INB00215,SUP003,HUB-BLR,SKU0065,115,2024-01-20,2024-01-20
INB00215,SUP003,HUB-BLR,SKU0158,94,2024-01-15,2024-01-20
INB00215,SUP003,HUB-BLR,SKU0323,102,2024-01-17,2024-01-20
INB00215,SUP003,HUB-BLR,SKU0366,97,2024-01-18,2024-01-20
INB00215,SUP003,HUB-BLR,SKU0377,93,2024-01-20,2024-01-20
INB00215,SUP003,HUB-BLR,SKU0500,94,2024-01-18,2024-01-20
INB00214,SUP015,HUB-BOM,SKU0010,54,2024-01-16,2024-01-21
INB00215,SUP003,HUB-BLR,SKU0033,106,2024-01-19,2024-01-21
INB00215,SUP003,HUB-BLR,SKU0183,102,2024-01-21,2024-01-21
INB00215,SUP003,HUB-BLR,SKU0271,97,2024-01-21,2024-01-21
INB00215,SUP003,HUB-BLR,SKU0450,93,2024-01-21,2024-01-21
INB00215,SUP003,HUB-BLR,SKU0472,98,2024-01-16,2024-01-21
INB00215,SUP003,HUB-BLR,SKU0435,98,2024-01-17,2024-01-22
INB00216,SUP014,HUB-DEL,SKU0113,65,2024-01-22,2024-01-22
INB00216,SUP014,HUB-DEL,SKU0414,64,2024-01-20,2024-01-22
INB00216,SUP014,HUB-DEL,SKU0487,65,2024-01-22,2024-01-23
INB00216,SUP014,HUB-DEL,SKU0293,64,2024-01-23,2024-01-24
INB00216,SUP014,HUB-DEL,SKU0296,63,2024-01-23,2024-01-24
INB00216,SUP014,HUB-DEL,SKU0398,68,2024-01-19,2024-01-24
INB00217,SUP006,HUB-BOM,SKU0076,51,2024-01-19,2024-01-24
INB00217,SUP006,HUB-BOM,SKU0279,48,2024-01-19,2024-01-24
INB00217,SUP006,HUB-BOM,SKU0330,39,2024-01-22,2024-01-24
INB00217,SUP006,HUB-BOM,SKU0395,41,2024-01-22,2024-01-24
INB00217,SUP006,HUB-BOM,SKU0443,42,2024-01-24,2024-01-24
INB00216,SUP014,HUB-DEL,SKU0095,65,2024-01-23,2024-01-25
INB00216,SUP014,HUB-DEL,SKU0184,73,2024-01-24,2024-01-25
INB00216,SUP014,HUB-DEL,SKU0268,59,2024-01-23,2024-01-25
INB00216,SUP014,HUB-DEL,SKU0499,59,2024-01-23,2024-01-25
INB00217,SUP006,HUB-BOM,SKU0193,56,2024-01-21,2024-01-25
INB00218,SUP018,HUB-BLR,SKU0069,95,2024-01-25,2024-01-25
INB00218,SUP018,HUB-BLR,SKU0269,98,2024-01-24,2024-01-25
INB00218,SUP018,HUB-BLR,SKU0305,98,2024-01-25,2024-01-25
INB00218,SUP018,HUB-BLR,SKU0385,96,2024-01-25,2024-01-25
INB00216,SUP014,HUB-DEL,SKU0007,62,2024-01-21,2024-01-26
INB00216,SUP014,HUB-DEL,SKU0208,57,2024-01-23,2024-01-26
INB00217,SUP006,HUB-BOM,SKU0276,37,2024-01-26,2024-01-26
INB00217,SUP006,HUB-BOM,SKU0319,37,2024-01-25,2024-01-26
INB00217,SUP006,HUB-BOM,SKU0392,50,2024-01-25,2024-01-26
INB00218,SUP018,HUB-BLR,SKU0122,94,2024-01-26,2024-01-26
INB00218,SUP018,HUB-BLR,SKU0145,95,2024-01-24,2024-01-26
INB00218,SUP018,HUB-BLR,SKU0179,105,2024-01-26,2024-01-26
INB00216,SUP014,HUB-DEL,SKU0008,76,2024-01-23,2024-01-27
INB00216,SUP014,HUB-DEL,SKU0334,64,2024-01-27,2024-01-27
INB00216,SUP014,HUB-DEL,SKU0462,71,2024-01-27,2024-01-27
INB00217,SUP006,HUB-BOM,SKU0066,50,2024-01-27,2024-01-27
INB00217,SUP006,HUB-BOM,SKU0114,43,2024-01-23,2024-01-27
INB00217,SUP006,HUB-BOM,SKU0129,42,2024-01-22,2024-01-27
INB00217,SUP006,HUB-BOM,SKU0164,40,2024-01-24,2024-01-27
INB00217,SUP006,HUB-BOM,SKU0252,41,2024-01-26,2024-01-27
INB00217,SUP006,HUB-BOM,SKU0254,38,2024-01-27,2024-01-27
INB00217,SUP006,HUB-BOM,SKU0260,40,2024-01-24,2024-01-27
INB00218,SUP018,HUB-BLR,SKU0021,106,2024-01-26,2024-01-27
INB00218,SUP018,HUB-BLR,SKU0105,94,2024-01-22,2024-01-27
INB00218,SUP018,HUB-BLR,SKU0211,118,2024-01-25,2024-01-27
INB00218,SUP018,HUB-BLR,SKU0348,93,2024-01-24,2024-01-27
INB00218,SUP018,HUB-BLR,SKU0430,126,2024-01-23,2024-01-27
INB00218,SUP018,HUB-BLR,SKU0458,100,2024-01-26,2024-01-27
INB00216,SUP014,HUB-DEL,SKU0062,62,2024-01-26,2024-01-28
INB00216,SUP014,HUB-DEL,SKU0498,57,2024-01-23,2024-01-28
INB00217,SUP006,HUB-BOM,SKU0083,37,2024-01-24,2024-01-28
INB00217,SUP006,HUB-BOM,SKU0209,40,2024-01-23,2024-01-28
INB00217,SUP006,HUB-BOM,SKU0349,41,2024-01-24,2024-01-28
INB00217,SUP006,HUB-BOM,SKU0373,37,2024-01-28,2024-01-28
INB00217,SUP006,HUB-BOM,SKU0400,41,2024-01-25,2024-01-28
INB00217,SUP006,HUB-BOM,SKU0456,57,2024-01-23,2024-01-28
INB00217,SUP006,HUB-BOM,SKU0457,53,2024-01-25,2024-01-28
INB00218,SUP018,HUB-BLR,SKU0074,97,2024-01-24,2024-01-28
INB00218,SUP018,HUB-BLR,SKU0081,94,2024-01-28,2024-01-28
INB00218,SUP018,HUB-BLR,SKU0320,97,2024-01-23,2024-01-28
INB00218,SUP018,HUB-BLR,SKU0362,94,2024-01-24,2024-01-28
INB00216,SUP014,HUB-DEL,SKU0245,66,2024-01-24,2024-01-29
INB00217,SUP006,HUB-BOM,SKU0019,51,2024-01-25,2024-01-29
INB00217,SUP006,HUB-BOM,SKU0064,43,2024-01-24,2024-01-29
INB00217,SUP006,HUB-BOM,SKU0088,58,2024-01-26,2024-01-29
INB00217,SUP006,HUB-BOM,SKU0123,39,2024-01-29,2024-01-29
INB00217,SUP006,HUB-BOM,SKU0273,39,2024-01-24,2024-01-29
INB00217,SUP006,HUB-BOM,SKU0307,47,2024-01-27,2024-01-29
INB00217,SUP006,HUB-BOM,SKU0340,48,2024-01-25,2024-01-29
INB00217,SUP006,HUB-BOM,SKU0408,46,2024-01-29,2024-01-29
INB00217,SUP006,HUB-BOM,SKU0448,59,2024-01-29,2024-01-29
INB00218,SUP018,HUB-BLR,SKU0013,114,2024-01-25,2024-01-29
INB00218,SUP018,HUB-BLR,SKU0130,97,2024-01-27,2024-01-29
INB00218,SUP018,HUB-BLR,SKU0294,94,2024-01-27,2024-01-29
INB00217,SUP006,HUB-BOM,SKU0097,38,2024-01-25,2024-01-30
INB00217,SUP006,HUB-BOM,SKU0116,37,2024-01-29,2024-01-30
INB00217,SUP006,HUB-BOM,SKU0410,37,2024-01-28,2024-01-30
INB00217,SUP006,HUB-BOM,SKU0437,37,2024-01-26,2024-01-30
INB00217,SUP006,HUB-BOM,SKU0490,37,2024-01-29,2024-01-30
INB00218,SUP018,HUB-BLR,SKU0251,96,2024-01-26,2024-01-30
INB00218,SUP018,HUB-BLR,SKU0488,93,2024-01-30,2024-01-30
INB00217,SUP006,HUB-BOM,SKU0160,52,2024-01-29,2024-01-31
INB00218,SUP018,HUB-BLR,SKU0093,113,2024-01-31,2024-01-31
INB00218,SUP018,HUB-BLR,SKU0303,116,2024-01-31,2024-01-31
INB00217,SUP006,HUB-BOM,SKU0136,49,2024-01-29,2024-02-01
INB00218,SUP018,HUB-BLR,SKU0005,115,2024-01-29,2024-02-01
INB00219,SUP014,HUB-DEL,SKU0046,59,2024-01-28,2024-02-01
INB00219,SUP014,HUB-DEL,SKU0053,61,2024-01-29,2024-02-01
INB00219,SUP014,HUB-DEL,SKU0264,63,2024-02-01,2024-02-01
INB00219,SUP014,HUB-DEL,SKU0341,57,2024-01-30,2024-02-01
INB00219,SUP014,HUB-DEL,SKU0364,72,2024-01-29,2024-02-01
INB00219,SUP014,HUB-DEL,SKU0464,57,2024-01-28,2024-02-01
INB00219,SUP014,HUB-DEL,SKU0478,62,2024-01-27,2024-02-01
INB00217,SUP006,HUB-BOM,SKU0191,37,2024-01-30,2024-02-02
INB00218,SUP018,HUB-BLR,SKU0324,122,2024-01-29,2024-02-02
INB00219,SUP014,HUB-DEL,SKU0238,66,2024-01-30,2024-02-02
INB00219,SUP014,HUB-DEL,SKU0339,73,2024-02-01,2024-02-02
INB00219,SUP014,HUB-DEL,SKU0422,67,2024-01-29,2024-02-02
INB00219,SUP014,HUB-DEL,SKU0052,57,2024-01-30,2024-02-03
INB00219,SUP014,HUB-DEL,SKU0092,57,2024-02-03,2024-02-03
INB00219,SUP014,HUB-DEL,SKU0298,64,2024-02-02,2024-02-03
INB00219,SUP014,HUB-DEL,SKU0314,58,2024-01-29,2024-02-03
INB00219,SUP014,HUB-DEL,SKU0328,72,2024-01-29,2024-02-03
INB00219,SUP014,HUB-DEL,SKU0424,66,2024-02-01,2024-02-03
INB00219,SUP014,HUB-DEL,SKU0102,59,2024-01-30,2024-02-04
INB00219,SUP014,HUB-DEL,SKU0215,61,2024-02-04,2024-02-04
INB00219,SUP014,HUB-DEL,SKU0376,64,2024-02-01,2024-02-04
INB00219,SUP014,HUB-DEL,SKU0491,82,2024-02-03,2024-02-04
INB00219,SUP014,HUB-DEL,SKU0015,64,2024-02-03,2024-02-05
INB00219,SUP014,HUB-DEL,SKU0060,59,2024-02-01,2024-02-05
INB00219,SUP014,HUB-DEL,SKU0075,60,2024-02-02,2024-02-05
INB00219,SUP014,HUB-DEL,SKU0078,57,2024-01-31,2024-02-05
INB00219,SUP014,HUB-DEL,SKU0157,69,2024-02-05,2024-02-05
INB00219,SUP014,HUB-DEL,SKU0381,69,2024-02-03,2024-02-05
INB00220,SUP015,HUB-BOM,SKU0451,39,2024-02-03,2024-02-05
INB00220,SUP015,HUB-BOM,SKU0470,38,2024-02-02,2024-02-05
INB00221,SUP018,HUB-BLR,SKU0192,112,2024-01-31,2024-02-05
INB00221,SUP018,HUB-BLR,SKU0423,95,2024-02-01,2024-02-05
INB00221,SUP018,HUB-BLR,SKU0445,121,2024-02-01,2024-02-05
INB00221,SUP018,HUB-BLR,SKU0480,98,2024-02-05,2024-02-05
INB00219,SUP014,HUB-DEL,SKU0188,68,2024-02-02,2024-02-06
INB00219,SUP014,HUB-DEL,SKU0449,62,2024-02-04,2024-02-06
INB00220,SUP015,HUB-BOM,SKU0118,42,2024-02-01,2024-02-06
INB00220,SUP015,HUB-BOM,SKU0378,38,2024-02-03,2024-02-06
INB00220,SUP015,HUB-BOM,SKU0402,52,2024-02-06,2024-02-06
INB00220,SUP015,HUB-BOM,SKU0476,40,2024-02-04,2024-02-06
INB00221,SUP018,HUB-BLR,SKU0044,110,2024-02-06,2024-02-06
INB00221,SUP018,HUB-BLR,SKU0248,107,2024-02-01,2024-02-06
INB00219,SUP014,HUB-DEL,SKU0138,70,2024-02-04,2024-02-07
INB00219,SUP014,HUB-DEL,SKU0212,76,2024-02-05,2024-02-07
INB00220,SUP015,HUB-BOM,SKU0127,37,2024-02-07,2024-02-07
INB00220,SUP015,HUB-BOM,SKU0250,37,2024-02-02,2024-02-07
INB00220,SUP015,HUB-BOM,SKU0257,40,2024-02-07,2024-02-07
INB00220,SUP015,HUB-BOM,SKU0389,52,2024-02-03,2024-02-07
INB00220,SUP015,HUB-BOM,SKU0406,49,2024-02-06,2024-02-07
INB00221,SUP018,HUB-BLR,SKU0304,104,2024-02-02,2024-02-07
INB00221,SUP018,HUB-BLR,SKU0407,94,2024-02-06,2024-02-07
INB00221,SUP018,HUB-BLR,SKU0429,96,2024-02-07,2024-02-07
INB00219,SUP014,HUB-DEL,SKU0111,70,2024-02-03,2024-02-08
INB00219,SUP014,HUB-DEL,SKU0235,66,2024-02-06,2024-02-08
INB00220,SUP015,HUB-BOM,SKU0014,37,2024-02-07,2024-02-08
INB00220,SUP015,HUB-BOM,SKU0058,66,2024-02-04,2024-02-08
INB00220,SUP015,HUB-BOM,SKU0077,46,2024-02-08,2024-02-08
INB00220,SUP015,HUB-BOM,SKU0124,39,2024-02-03,2024-02-08
INB00220,SUP015,HUB-BOM,SKU0139,48,2024-02-06,2024-02-08
INB00220,SUP015,HUB-BOM,SKU0146,48,2024-02-08,2024-02-08
INB00220,SUP015,HUB-BOM,SKU0168,41,2024-02-03,2024-02-08
INB00220,SUP015,HUB-BOM,SKU0176,58,2024-02-04,2024-02-08
INB00220,SUP015,HUB-BOM,SKU0213,51,2024-02-07,2024-02-08
INB00220,SUP015,HUB-BOM,SKU0263,50,2024-02-08,2024-02-08
INB00220,SUP015,HUB-BOM,SKU0266,41,2024-02-04,2024-02-08
INB00220,SUP015,HUB-BOM,SKU0302,52,2024-02-06,2024-02-08
INB00221,SUP018,HUB-BLR,SKU0169,99,2024-02-04,2024-02-08
INB00221,SUP018,HUB-BLR,SKU0236,113,2024-02-04,2024-02-08
INB00221,SUP018,HUB-BLR,SKU0313,97,2024-02-03,2024-02-08
INB00221,SUP018,HUB-BLR,SKU0322,104,2024-02-03,2024-02-08
INB00221,SUP018,HUB-BLR,SKU0336,98,2024-02-08,2024-02-08
INB00221,SUP018,HUB-BLR,SKU0388,103,2024-02-03,2024-02-08
INB00221,SUP018,HUB-BLR,SKU0418,103,2024-02-07,2024-02-08
INB00219,SUP014,HUB-DEL,SKU0045,59,2024-02-09,2024-02-09
INB00219,SUP014,HUB-DEL,SKU0142,63,2024-02-07,2024-02-09
INB00219,SUP014,HUB-DEL,SKU0194,69,2024-02-05,2024-02-09
INB00220,SUP015,HUB-BOM,SKU0049,44,2024-02-07,2024-02-09
INB00220,SUP015,HUB-BOM,SKU0216,37,2024-02-07,2024-02-09
INB00220,SUP015,HUB-BOM,SKU0219,42,2024-02-07,2024-02-09
INB00220,SUP015,HUB-BOM,SKU0262,47,2024-02-07,2024-02-09
INB00221,SUP018,HUB-BLR,SKU0165,97,2024-02-07,2024-02-09
INB00221,SUP018,HUB-BLR,SKU0206,101,2024-02-08,2024-02-09
INB00221,SUP018,HUB-BLR,SKU0234,96,2024-02-08,2024-02-09
INB00221,SUP018,HUB-BLR,SKU0290,111,2024-02-07,2024-02-09
INB00221,SUP018,HUB-BLR,SKU0309,121,2024-02-05,2024-02-09
INB00221,SUP018,HUB-BLR,SKU0359,136,2024-02-04,2024-02-09
INB00221,SUP018,HUB-BLR,SKU0433,95,2024-02-08,2024-02-09
INB00220,SUP015,HUB-BOM,SKU0001,37,2024-02-05,2024-02-10
INB00220,SUP015,HUB-BOM,SKU0107,38,2024-02-09,2024-02-10
INB00220,SUP015,HUB-BOM,SKU0152,49,2024-02-06,2024-02-10
INB00220,SUP015,HUB-BOM,SKU0195,55,2024-02-06,2024-02-10
INB00220,SUP015,HUB-BOM,SKU0228,40,2024-02-06,2024-02-10
INB00220,SUP015,HUB-BOM,SKU0310,54,2024-02-10,2024-02-10
INB00220,SUP015,HUB-BOM,SKU0380,37,2024-02-05,2024-02-10
INB00220,SUP015,HUB-BOM,SKU0431,38,2024-02-10,2024-02-10
INB00220,SUP015,HUB-BOM,SKU0482,38,2024-02-10,2024-02-10
INB00221,SUP018,HUB-BLR,SKU0082,106,2024-02-08,2024-02-10
INB00221,SUP018,HUB-BLR,SKU0137,102,2024-02-06,2024-02-10
INB00221,SUP018,HUB-BLR,SKU0162,95,2024-02-10,2024-02-10
INB00221,SUP018,HUB-BLR,SKU0270,102,2024-02-08,2024-02-10
INB00220,SUP015,HUB-BOM,SKU0040,37,2024-02-08,2024-02-11
INB00220,SUP015,HUB-BOM,SKU0178,47,2024-02-06,2024-02-11
INB00220,SUP015,HUB-BOM,SKU0452,47,2024-02-10,2024-02-11
INB00221,SUP018,HUB-BLR,SKU0099,105,2024-02-08,2024-02-11
INB00220,SUP015,HUB-BOM,SKU0054,48,2024-02-11,2024-02-12
INB00220,SUP015,HUB-BOM,SKU0085,47,2024-02-11,2024-02-12
INB00221,SUP018,HUB-BLR,SKU0091,93,2024-02-12,2024-02-12
INB00221,SUP018,HUB-BLR,SKU0101,99,2024-02-08,2024-02-12
INB00221,SUP018,HUB-BLR,SKU0295,115,2024-02-09,2024-02-12
INB00222,SUP012,HUB-DEL,SKU0386,57,2024-02-08,2024-02-12
INB00220,SUP015,HUB-BOM,SKU0272,57,2024-02-09,2024-02-13
INB00222,SUP012,HUB-DEL,SKU0316,59,2024-02-13,2024-02-13
INB00222,SUP012,HUB-DEL,SKU0439,69,2024-02-14,2024-02-14
INB00222,SUP012,HUB-DEL,SKU0467,75,2024-02-09,2024-02-14
INB00222,SUP012,HUB-DEL,SKU0133,83,2024-02-15,2024-02-15
INB00222,SUP012,HUB-DEL,SKU0256,76,2024-02-15,2024-02-15
INB00222,SUP012,HUB-DEL,SKU0289,60,2024-02-13,2024-02-15
INB00222,SUP012,HUB-DEL,SKU0308,61,2024-02-12,2024-02-15
INB00222,SUP012,HUB-DEL,SKU0403,59,2024-02-12,2024-02-15
INB00223,SUP019,HUB-BLR,SKU0023,95,2024-02-15,2024-02-15
INB00222,SUP012,HUB-DEL,SKU0017,66,2024-02-13,2024-02-16
INB00222,SUP012,HUB-DEL,SKU0100,66,2024-02-13,2024-02-16
INB00222,SUP012,HUB-DEL,SKU0149,59,2024-02-16,2024-02-16
INB00222,SUP012,HUB-DEL,SKU0173,63,2024-02-15,2024-02-16
INB00222,SUP012,HUB-DEL,SKU0196,59,2024-02-15,2024-02-16
INB00222,SUP012,HUB-DEL,SKU0225,75,2024-02-16,2024-02-16
INB00222,SUP012,HUB-DEL,SKU0267,90,2024-02-15,2024-02-16
INB00222,SUP012,HUB-DEL,SKU0342,64,2024-02-16,2024-02-16
INB00223,SUP019,HUB-BLR,SKU0227,110,2024-02-16,2024-02-16
INB00224,SUP015,HUB-BOM,SKU0056,44,2024-02-16,2024-02-16
INB00224,SUP015,HUB-BOM,SKU0255,38,2024-02-12,2024-02-16
INB00224,SUP015,HUB-BOM,SKU0278,38,2024-02-12,2024-02-16
INB00224,SUP015,HUB-BOM,SKU0370,39,2024-02-12,2024-02-16
INB00222,SUP012,HUB-DEL,SKU0047,62,2024-02-13,2024-02-17
INB00222,SUP012,HUB-DEL,SKU0135,60,2024-02-15,2024-02-17
INB00222,SUP012,HUB-DEL,SKU0325,61,2024-02-17,2024-02-17
INB00222,SUP012,HUB-DEL,SKU0379,68,2024-02-16,2024-02-17
INB00222,SUP012,HUB-DEL,SKU0417,62,2024-02-12,2024-02-17
INB00223,SUP019,HUB-BLR,SKU0239,97,2024-02-13,2024-02-17
INB00223,SUP019,HUB-BLR,SKU0242,101,2024-02-13,2024-02-17
INB00223,SUP019,HUB-BLR,SKU0326,100,2024-02-15,2024-02-17
INB00223,SUP019,HUB-BLR,SKU0440,101,2024-02-15,2024-02-17
INB00224,SUP015,HUB-BOM,SKU0351,51,2024-02-13,2024-02-17
INB00224,SUP015,HUB-BOM,SKU0432,42,2024-02-15,2024-02-17
INB00222,SUP012,HUB-DEL,SKU0031,61,2024-02-13,2024-02-18
INB00222,SUP012,HUB-DEL,SKU0207,72,2024-02-14,2024-02-18
INB00222,SUP012,HUB-DEL,SKU0382,75,2024-02-17,2024-02-18
INB00223,SUP019,HUB-BLR,SKU0089,103,2024-02-18,2024-02-18
INB00223,SUP019,HUB-BLR,SKU0132,124,2024-02-16,2024-02-18
INB00223,SUP019,HUB-BLR,SKU0156,102,2024-02-13,2024-02-18
INB00223,SUP019,HUB-BLR,SKU0229,102,2024-02-16,2024-02-18
INB00223,SUP019,HUB-BLR,SKU0360,121,2024-02-14,2024-02-18
INB00224,SUP015,HUB-BOM,SKU0180,51,2024-02-17,2024-02-18
INB00224,SUP015,HUB-BOM,SKU0425,42,2024-02-18,2024-02-18
INB00224,SUP015,HUB-BOM,SKU0469,52,2024-02-16,2024-02-18
INB00224,SUP015,HUB-BOM,SKU0477,40,2024-02-14,2024-02-18
INB00222,SUP012,HUB-DEL,SKU0128,59,2024-02-17,2024-02-19
INB00223,SUP019,HUB-BLR,SKU0143,101,2024-02-19,2024-02-19
INB00223,SUP019,HUB-BLR,SKU0291,105,2024-02-16,2024-02-19
INB00223,SUP019,HUB-BLR,SKU0357,104,2024-02-15,2024-02-19
INB00223,SUP019,HUB-BLR,SKU0493,95,2024-02-17,2024-02-19
INB00224,SUP015,HUB-BOM,SKU0126,44,2024-02-18,2024-02-19
INB00224,SUP015,HUB-BOM,SKU0160,37,2024-02-19,2024-02-19
INB00224,SUP015,HUB-BOM,SKU0214,42,2024-02-15,2024-02-19
INB00224,SUP015,HUB-BOM,SKU0275,48,2024-02-16,2024-02-19
INB00224,SUP015,HUB-BOM,SKU0411,38,2024-02-18,2024-02-19
INB00223,SUP019,HUB-BLR,SKU0120,94,2024-02-17,2024-02-20
INB00223,SUP019,HUB-BLR,SKU0140,98,2024-02-20,2024-02-20
INB00223,SUP019,HUB-BLR,SKU0201,102,2024-02-15,2024-02-20
INB00223,SUP019,HUB-BLR,SKU0333,93,2024-02-16,2024-02-20
INB00223,SUP019,HUB-BLR,SKU0371,119,2024-02-16,2024-02-20
INB00223,SUP019,HUB-BLR,SKU0492,94,2024-02-18,2024-02-20
INB00224,SUP015,HUB-BOM,SKU0150,43,2024-02-18,2024-02-20
INB00224,SUP015,HUB-BOM,SKU0252,37,2024-02-18,2024-02-20
INB00224,SUP015,HUB-BOM,SKU0292,45,2024-02-20,2024-02-20
INB00224,SUP015,HUB-BOM,SKU0465,68,2024-02-16,2024-02-20
INB00223,SUP019,HUB-BLR,SKU0071,93,2024-02-17,2024-02-21
INB00223,SUP019,HUB-BLR,SKU0217,98,2024-02-16,2024-02-21
INB00223,SUP019,HUB-BLR,SKU0299,97,2024-02-21,2024-02-21
INB00223,SUP019,HUB-BLR,SKU0327,127,2024-02-16,2024-02-21
INB00223,SUP019,HUB-BLR,SKU0401,101,2024-02-18,2024-02-21
INB00224,SUP015,HUB-BOM,SKU0241,43,2024-02-17,2024-02-21
INB00224,SUP015,HUB-BOM,SKU0365,48,2024-02-16,2024-02-21
INB00224,SUP015,HUB-BOM,SKU0106,45,2024-02-17,2024-02-22
INB00224,SUP015,HUB-BOM,SKU0174,41,2024-02-18,2024-02-22
INB00224,SUP015,HUB-BOM,SKU0223,41,2024-02-19,2024-02-22
INB00225,SUP014,HUB-DEL,SKU0221,58,2024-02-21,2024-02-22
INB00225,SUP014,HUB-DEL,SKU0301,70,2024-02-18,2024-02-22
INB00224,SUP015,HUB-BOM,SKU0010,37,2024-02-23,2024-02-23
INB00224,SUP015,HUB-BOM,SKU0024,49,2024-02-23,2024-02-23
INB00224,SUP015,HUB-BOM,SKU0067,40,2024-02-22,2024-02-23
INB00224,SUP015,HUB-BOM,SKU0159,43,2024-02-23,2024-02-23
INB00224,SUP015,HUB-BOM,SKU0181,45,2024-02-18,2024-02-23
INB00225,SUP014,HUB-DEL,SKU0144,69,2024-02-20,2024-02-23
INB00225,SUP014,HUB-DEL,SKU0027,78,2024-02-21,2024-02-24
INB00225,SUP014,HUB-DEL,SKU0233,61,2024-02-23,2024-02-24
INB00225,SUP014,HUB-DEL,SKU0442,64,2024-02-24,2024-02-24
INB00226,SUP003,HUB-BLR,SKU0363,93,2024-02-20,2024-02-24
INB00226,SUP003,HUB-BLR,SKU0105,134,2024-02-25,2024-02-25
INB00226,SUP003,HUB-BLR,SKU0167,112,2024-02-25,2024-02-25
INB00226,SUP003,HUB-BLR,SKU0175,94,2024-02-25,2024-02-25
INB00226,SUP003,HUB-BLR,SKU0344,97,2024-02-25,2024-02-25
INB00225,SUP014,HUB-DEL,SKU0117,60,2024-02-23,2024-02-26
INB00225,SUP014,HUB-DEL,SKU0253,71,2024-02-23,2024-02-26
INB00225,SUP014,HUB-DEL,SKU0399,64,2024-02-22,2024-02-26
INB00226,SUP003,HUB-BLR,SKU0394,110,2024-02-25,2024-02-26
INB00226,SUP003,HUB-BLR,SKU0444,106,2024-02-21,2024-02-26
INB00226,SUP003,HUB-BLR,SKU0450,94,2024-02-22,2024-02-26
INB00227,SUP002,HUB-BOM,SKU0375,50,2024-02-26,2024-02-26
INB00225,SUP014,HUB-DEL,SKU0006,70,2024-02-25,2024-02-27
INB00225,SUP014,HUB-DEL,SKU0080,63,2024-02-25,2024-02-27
INB00225,SUP014,HUB-DEL,SKU0104,72,2024-02-27,2024-02-27
INB00225,SUP014,HUB-DEL,SKU0296,60,2024-02-26,2024-02-27
INB00226,SUP003,HUB-BLR,SKU0222,95,2024-02-22,2024-02-27
INB00226,SUP003,HUB-BLR,SKU0237,99,2024-02-23,2024-02-27
INB00227,SUP002,HUB-BOM,SKU0310,41,2024-02-24,2024-02-27
INB00225,SUP014,HUB-DEL,SKU0011,69,2024-02-28,2024-02-28
INB00225,SUP014,HUB-DEL,SKU0043,62,2024-02-27,2024-02-28
INB00225,SUP014,HUB-DEL,SKU0261,62,2024-02-25,2024-02-28
INB00225,SUP014,HUB-DEL,SKU0416,62,2024-02-25,2024-02-28
INB00226,SUP003,HUB-BLR,SKU0016,109,2024-02-27,2024-02-28
INB00226,SUP003,HUB-BLR,SKU0038,104,2024-02-25,2024-02-28
INB00226,SUP003,HUB-BLR,SKU0258,100,2024-02-25,2024-02-28
INB00226,SUP003,HUB-BLR,SKU0345,117,2024-02-23,2024-02-28
INB00226,SUP003,HUB-BLR,SKU0367,125,2024-02-28,2024-02-28
INB00226,SUP003,HUB-BLR,SKU0368,96,2024-02-25,2024-02-28
INB00226,SUP003,HUB-BLR,SKU0404,108,2024-02-27,2024-02-28
INB00226,SUP003,HUB-BLR,SKU0460,97,2024-02-23,2024-02-28
INB00227,SUP002,HUB-BOM,SKU0009,46,2024-02-27,2024-02-28
INB00227,SUP002,HUB-BOM,SKU0032,42,2024-02-24,2024-02-28
INB00227,SUP002,HUB-BOM,SKU0064,40,2024-02-25,2024-02-28
INB00227,SUP002,HUB-BOM,SKU0119,46,2024-02-26,2024-02-28
INB00227,SUP002,HUB-BOM,SKU0338,37,2024-02-28,2024-02-28
INB00227,SUP002,HUB-BOM,SKU0343,37,2024-02-28,2024-02-28
INB00227,SUP002,HUB-BOM,SKU0373,50,2024-02-24,2024-02-28
INB00227,SUP002,HUB-BOM,SKU0434,45,2024-02-25,2024-02-28
INB00226,SUP003,HUB-BLR,SKU0051,94,2024-02-26,2024-02-29
INB00226,SUP003,HUB-BLR,SKU0087,104,2024-02-29,2024-02-29
INB00226,SUP003,HUB-BLR,SKU0197,109,2024-02-26,2024-02-29
INB00226,SUP003,HUB-BLR,SKU0211,101,2024-02-29,2024-02-29
INB00226,SUP003,HUB-BLR,SKU0244,116,2024-02-27,2024-02-29
INB00226,SUP003,HUB-BLR,SKU0329,103,2024-02-24,2024-02-29
INB00226,SUP003,HUB-BLR,SKU0352,96,2024-02-28,2024-02-29
INB00227,SUP002,HUB-BOM,SKU0022,50,2024-02-25,2024-02-29
INB00227,SUP002,HUB-BOM,SKU0025,40,2024-02-25,2024-02-29
INB00227,SUP002,HUB-BOM,SKU0083,39,2024-02-26,2024-02-29
INB00227,SUP002,HUB-BOM,SKU0347,44,2024-02-29,2024-02-29
INB00227,SUP002,HUB-BOM,SKU0355,47,2024-02-24,2024-02-29
INB00227,SUP002,HUB-BOM,SKU0387,47,2024-02-29,2024-02-29
INB00227,SUP002,HUB-BOM,SKU0410,37,2024-02-27,2024-02-29
INB00227,SUP002,HUB-BOM,SKU0415,58,2024-02-27,2024-02-29
INB00227,SUP002,HUB-BOM,SKU0438,42,2024-02-25,2024-02-29
INB00227,SUP002,HUB-BOM,SKU0448,50,2024-02-26,2024-02-29
INB00227,SUP002,HUB-BOM,SKU0481,37,2024-02-26,2024-02-29
INB00226,SUP003,HUB-BLR,SKU0109,131,2024-02-26,2024-03-01
INB00226,SUP003,HUB-BLR,SKU0131,103,2024-02-29,2024-03-01
INB00226,SUP003,HUB-BLR,SKU0405,130,2024-03-01,2024-03-01
INB00226,SUP003,HUB-BLR,SKU0479,101,2024-02-29,2024-03-01
INB00227,SUP002,HUB-BOM,SKU0300,51,2024-02-28,2024-03-01
INB00227,SUP002,HUB-BOM,SKU0395,41,2024-02-29,2024-03-01
INB00227,SUP002,HUB-BOM,SKU0400,44,2024-02-26,2024-03-01
INB00227,SUP002,HUB-BOM,SKU0446,52,2024-03-01,2024-03-01
INB00226,SUP003,HUB-BLR,SKU0247,105,2024-02-29,2024-03-02
INB00227,SUP002,HUB-BOM,SKU0177,40,2024-02-26,2024-03-02
INB00227,SUP002,HUB-BOM,SKU0210,42,2024-02-28,2024-03-02
INB00227,SUP002,HUB-BOM,SKU0374,41,2024-02-29,2024-03-02
INB00227,SUP002,HUB-BOM,SKU0421,50,2024-02-29,2024-03-02
INB00227,SUP002,HUB-BOM,SKU0485,49,2024-03-02,2024-03-02
INB00227,SUP002,HUB-BOM,SKU0490,46,2024-03-01,2024-03-02
INB00228,SUP011,HUB-DEL,SKU0459,58,2024-03-01,2024-03-02
INB00227,SUP002,HUB-BOM,SKU0070,39,2024-02-29,2024-03-03
INB00227,SUP002,HUB-BOM,SKU0471,43,2024-03-02,2024-03-03
INB00228,SUP011,HUB-DEL,SKU0102,68,2024-03-02,2024-03-03
INB00228,SUP011,HUB-DEL,SKU0125,60,2024-02-27,2024-03-03
INB00228,SUP011,HUB-DEL,SKU0190,76,2024-03-01,2024-03-03
INB00228,SUP011,HUB-DEL,SKU0426,64,2024-03-02,2024-03-03
INB00227,SUP002,HUB-BOM,SKU0090,42,2024-03-03,2024-03-04
INB00227,SUP002,HUB-BOM,SKU0186,49,2024-03-04,2024-03-04
INB00228,SUP011,HUB-DEL,SKU0103,58,2024-02-28,2024-03-04
INB00228,SUP011,HUB-DEL,SKU0281,61,2024-03-01,2024-03-04
INB00228,SUP011,HUB-DEL,SKU0393,76,2024-02-28,2024-03-04
INB00227,SUP002,HUB-BOM,SKU0096,52,2024-03-05,2024-03-05
INB00228,SUP011,HUB-DEL,SKU0007,63,2024-02-29,2024-03-05
INB00228,SUP011,HUB-DEL,SKU0036,59,2024-03-01,2024-03-05
INB00228,SUP011,HUB-DEL,SKU0057,62,2024-02-29,2024-03-05
INB00228,SUP011,HUB-DEL,SKU0462,57,2024-03-02,2024-03-05
INB00229,SUP008,HUB-BLR,SKU0153,130,2024-03-05,2024-03-05
INB00229,SUP008,HUB-BLR,SKU0166,109,2024-03-05,2024-03-05
INB00229,SUP008,HUB-BLR,SKU0270,112,2024-02-29,2024-03-05
INB00229,SUP008,HUB-BLR,SKU0475,101,2024-03-04,2024-03-05
INB00228,SUP011,HUB-DEL,SKU0463,62,2024-03-01,2024-03-06
INB00229,SUP008,HUB-BLR,SKU0013,108,2024-03-02,2024-03-06
INB00229,SUP008,HUB-BLR,SKU0041,98,2024-03-03,2024-03-06
INB00229,SUP008,HUB-BLR,SKU0079,115,2024-03-02,2024-03-06
INB00229,SUP008,HUB-BLR,SKU0148,98,2024-03-05,2024-03-06
INB00228,SUP011,HUB-DEL,SKU0002,65,2024-03-02,2024-03-07
INB00228,SUP011,HUB-DEL,SKU0055,74,2024-03-05,2024-03-07
INB00228,SUP011,HUB-DEL,SKU0062,82,2024-03-02,2024-03-07
INB00228,SUP011,HUB-DEL,SKU0204,65,2024-03-03,2024-03-07
INB00228,SUP011,HUB-DEL,SKU0356,61,2024-03-05,2024-03-07
INB00229,SUP008,HUB-BLR,SKU0073,120,2024-03-04,2024-03-07
INB00229,SUP008,HUB-BLR,SKU0158,110,2024-03-03,2024-03-07
INB00229,SUP008,HUB-BLR,SKU0198,93,2024-03-02,2024-03-07
INB00229,SUP008,HUB-BLR,SKU0203,122,2024-03-03,2024-03-07
INB00229,SUP008,HUB-BLR,SKU0224,103,2024-03-06,2024-03-07
INB00229,SUP008,HUB-BLR,SKU0348,95,2024-03-06,2024-03-07
INB00229,SUP008,HUB-BLR,SKU0377,121,2024-03-05,2024-03-07
INB00228,SUP011,HUB-DEL,SKU0113,72,2024-03-07,2024-03-08
INB00229,SUP008,HUB-BLR,SKU0112,110,2024-03-04,2024-03-08
INB00229,SUP008,HUB-BLR,SKU0305,94,2024-03-03,2024-03-08
INB00230,SUP002,HUB-BOM,SKU0028,42,2024-03-04,2024-03-08
INB00230,SUP002,HUB-BOM,SKU0159,39,2024-03-06,2024-03-08
INB00230,SUP002,HUB-BOM,SKU0380,38,2024-03-06,2024-03-08
INB00228,SUP011,HUB-DEL,SKU0068,63,2024-03-07,2024-03-09
INB00228,SUP011,HUB-DEL,SKU0282,69,2024-03-09,2024-03-09
INB00228,SUP011,HUB-DEL,SKU0346,61,2024-03-07,2024-03-09
INB00228,SUP011,HUB-DEL,SKU0384,57,2024-03-09,2024-03-09
INB00228,SUP011,HUB-DEL,SKU0498,72,2024-03-05,2024-03-09
INB00229,SUP008,HUB-BLR,SKU0033,104,2024-03-06,2024-03-09
INB00229,SUP008,HUB-BLR,SKU0035,104,2024-03-08,2024-03-09
INB00229,SUP008,HUB-BLR,SKU0069,100,2024-03-06,2024-03-09
INB00229,SUP008,HUB-BLR,SKU0183,103,2024-03-06,2024-03-09
INB00229,SUP008,HUB-BLR,SKU0234,101,2024-03-09,2024-03-09
INB00229,SUP008,HUB-BLR,SKU0285,114,2024-03-06,2024-03-09
INB00229,SUP008,HUB-BLR,SKU0288,136,2024-03-07,2024-03-09
INB00229,SUP008,HUB-BLR,SKU0303,124,2024-03-09,2024-03-09
INB00229,SUP008,HUB-BLR,SKU0466,93,2024-03-08,2024-03-09
INB00229,SUP008,HUB-BLR,SKU0472,95,2024-03-08,2024-03-09
INB00230,SUP002,HUB-BOM,SKU0001,40,2024-03-07,2024-03-09
INB00230,SUP002,HUB-BOM,SKU0161,41,2024-03-06,2024-03-09
INB00230,SUP002,HUB-BOM,SKU0246,41,2024-03-09,2024-03-09
INB00230,SUP002,HUB-BOM,SKU0254,46,2024-03-04,2024-03-09
INB00230,SUP002,HUB-BOM,SKU0315,84,2024-03-04,2024-03-09
INB00228,SUP011,HUB-DEL,SKU0243,62,2024-03-07,2024-03-10
INB00229,SUP008,HUB-BLR,SKU0110,117,2024-03-07,2024-03-10
INB00229,SUP008,HUB-BLR,SKU0361,105,2024-03-06,2024-03-10
INB00229,SUP008,HUB-BLR,SKU0409,117,2024-03-09,2024-03-10
INB00229,SUP008,HUB-BLR,SKU0489,97,2024-03-07,2024-03-10
INB00230,SUP002,HUB-BOM,SKU0147,42,2024-03-05,2024-03-10
INB00230,SUP002,HUB-BOM,SKU0307,43,2024-03-09,2024-03-10
INB00230,SUP002,HUB-BOM,SKU0337,50,2024-03-07,2024-03-10
INB00230,SUP002,HUB-BOM,SKU0391,45,2024-03-07,2024-03-10
INB00230,SUP002,HUB-BOM,SKU0437,50,2024-03-05,2024-03-10
INB00230,SUP002,HUB-BOM,SKU0483,41,2024-03-05,2024-03-10
INB00229,SUP008,HUB-BLR,SKU0004,93,2024-03-11,2024-03-11
INB00229,SUP008,HUB-BLR,SKU0283,94,2024-03-09,2024-03-11
INB00229,SUP008,HUB-BLR,SKU0435,106,2024-03-09,2024-03-11
INB00230,SUP002,HUB-BOM,SKU0020,51,2024-03-10,2024-03-11
INB00230,SUP002,HUB-BOM,SKU0040,48,2024-03-10,2024-03-11
INB00230,SUP002,HUB-BOM,SKU0085,38,2024-03-08,2024-03-11
INB00230,SUP002,HUB-BOM,SKU0189,38,2024-03-08,2024-03-11
INB00230,SUP002,HUB-BOM,SKU0191,56,2024-03-10,2024-03-11
INB00230,SUP002,HUB-BOM,SKU0257,37,2024-03-07,2024-03-11
INB00230,SUP002,HUB-BOM,SKU0272,43,2024-03-11,2024-03-11
INB00230,SUP002,HUB-BOM,SKU0280,50,2024-03-10,2024-03-11
INB00230,SUP002,HUB-BOM,SKU0353,45,2024-03-07,2024-03-11
INB00230,SUP002,HUB-BOM,SKU0358,45,2024-03-08,2024-03-11
INB00229,SUP008,HUB-BLR,SKU0385,111,2024-03-10,2024-03-12
INB00230,SUP002,HUB-BOM,SKU0088,39,2024-03-09,2024-03-12
INB00230,SUP002,HUB-BOM,SKU0200,45,2024-03-11,2024-03-12
INB00230,SUP002,HUB-BOM,SKU0461,44,2024-03-07,2024-03-12
INB00230,SUP002,HUB-BOM,SKU0496,67,2024-03-10,2024-03-12
INB00230,SUP002,HUB-BOM,SKU0076,40,2024-03-13,2024-03-13
INB00230,SUP002,HUB-BOM,SKU0276,45,2024-03-08,2024-03-13
INB00231,SUP011,HUB-DEL,SKU0048,72,2024-03-10,2024-03-13
INB00231,SUP011,HUB-DEL,SKU0202,67,2024-03-11,2024-03-13
INB00231,SUP011,HUB-DEL,SKU0208,68,2024-03-10,2024-03-13
INB00231,SUP011,HUB-DEL,SKU0230,70,2024-03-13,2024-03-13
INB00231,SUP011,HUB-DEL,SKU0439,73,2024-03-13,2024-03-13
INB00230,SUP002,HUB-BOM,SKU0108,47,2024-03-10,2024-03-14
INB00230,SUP002,HUB-BOM,SKU0116,47,2024-03-14,2024-03-14
INB00230,SUP002,HUB-BOM,SKU0220,49,2024-03-13,2024-03-14
INB00230,SUP002,HUB-BOM,SKU0274,46,2024-03-13,2024-03-14
INB00230,SUP002,HUB-BOM,SKU0311,41,2024-03-09,2024-03-14
INB00230,SUP002,HUB-BOM,SKU0319,38,2024-03-10,2024-03-14
INB00230,SUP002,HUB-BOM,SKU0408,48,2024-03-13,2024-03-14
INB00231,SUP011,HUB-DEL,SKU0034,71,2024-03-09,2024-03-14
INB00231,SUP011,HUB-DEL,SKU0187,66,2024-03-13,2024-03-14
INB00230,SUP002,HUB-BOM,SKU0170,50,2024-03-12,2024-03-15
INB00231,SUP011,HUB-DEL,SKU0029,59,2024-03-13,2024-03-15
INB00231,SUP011,HUB-DEL,SKU0264,58,2024-03-13,2024-03-15
INB00231,SUP011,HUB-DEL,SKU0277,61,2024-03-12,2024-03-15
INB00231,SUP011,HUB-DEL,SKU0318,57,2024-03-10,2024-03-15
INB00231,SUP011,HUB-DEL,SKU0497,75,2024-03-11,2024-03-15
INB00230,SUP002,HUB-BOM,SKU0136,42,2024-03-12,2024-03-16
INB00230,SUP002,HUB-BOM,SKU0420,44,2024-03-12,2024-03-16
INB00231,SUP011,HUB-DEL,SKU0003,80,2024-03-12,2024-03-16
INB00231,SUP011,HUB-DEL,SKU0163,84,2024-03-16,2024-03-16
INB00231,SUP011,HUB-DEL,SKU0188,100,2024-03-15,2024-03-16
INB00231,SUP011,HUB-DEL,SKU0424,69,2024-03-16,2024-03-16
INB00231,SUP011,HUB-DEL,SKU0468,59,2024-03-13,2024-03-16
INB00232,SUP005,HUB-BLR,SKU0072,124,2024-03-16,2024-03-16
INB00232,SUP005,HUB-BLR,SKU0383,93,2024-03-15,2024-03-16
INB00231,SUP011,HUB-DEL,SKU0138,64,2024-03-15,2024-03-17
INB00231,SUP011,HUB-DEL,SKU0212,79,2024-03-16,2024-03-17
INB00231,SUP011,HUB-DEL,SKU0226,70,2024-03-15,2024-03-17
INB00231,SUP011,HUB-DEL,SKU0268,74,2024-03-14,2024-03-17
INB00231,SUP011,HUB-DEL,SKU0293,61,2024-03-13,2024-03-17
INB00231,SUP011,HUB-DEL,SKU0453,60,2024-03-13,2024-03-17
INB00232,SUP005,HUB-BLR,SKU0021,110,2024-03-14,2024-03-17
INB00232,SUP005,HUB-BLR,SKU0145,101,2024-03-15,2024-03-17
INB00232,SUP005,HUB-BLR,SKU0172,97,2024-03-15,2024-03-17
INB00232,SUP005,HUB-BLR,SKU0269,107,2024-03-14,2024-03-17
INB00232,SUP005,HUB-BLR,SKU0486,107,2024-03-13,2024-03-17
INB00232,SUP005,HUB-BLR,SKU0494,100,2024-03-16,2024-03-17
INB00231,SUP011,HUB-DEL,SKU0115,57,2024-03-17,2024-03-18
INB00231,SUP011,HUB-DEL,SKU0215,64,2024-03-15,2024-03-18
INB00231,SUP011,HUB-DEL,SKU0306,75,2024-03-14,2024-03-18
INB00231,SUP011,HUB-DEL,SKU0339,69,2024-03-18,2024-03-18
INB00231,SUP011,HUB-DEL,SKU0390,75,2024-03-16,2024-03-18
INB00232,SUP005,HUB-BLR,SKU0074,96,2024-03-13,2024-03-18
INB00232,SUP005,HUB-BLR,SKU0332,123,2024-03-14,2024-03-18
INB00232,SUP005,HUB-BLR,SKU0354,95,2024-03-18,2024-03-18
INB00232,SUP005,HUB-BLR,SKU0495,132,2024-03-14,2024-03-18
INB00231,SUP011,HUB-DEL,SKU0427,68,2024-03-19,2024-03-19
INB00232,SUP005,HUB-BLR,SKU0005,135,2024-03-17,2024-03-19
INB00232,SUP005,HUB-BLR,SKU0251,110,2024-03-17,2024-03-19
INB00232,SUP005,HUB-BLR,SKU0290,98,2024-03-16,2024-03-19
INB00232,SUP005,HUB-BLR,SKU0324,99,2024-03-14,2024-03-19
INB00232,SUP005,HUB-BLR,SKU0397,119,2024-03-15,2024-03-19
INB00232,SUP005,HUB-BLR,SKU0429,96,2024-03-19,2024-03-19
INB00232,SUP005,HUB-BLR,SKU0433,138,2024-03-14,2024-03-19
INB00232,SUP005,HUB-BLR,SKU0484,103,2024-03-15,2024-03-19
INB00233,SUP009,HUB-BOM,SKU0114,45,2024-03-18,2024-03-19
INB00233,SUP009,HUB-BOM,SKU0209,42,2024-03-16,2024-03-19
INB00233,SUP009,HUB-BOM,SKU0223,49,2024-03-16,2024-03-19
INB00233,SUP009,HUB-BOM,SKU0278,40,2024-03-18,2024-03-19
INB00233,SUP009,HUB-BOM,SKU0456,39,2024-03-19,2024-03-19
INB00233,SUP009,HUB-BOM,SKU0473,72,2024-03-15,2024-03-19
INB00231,SUP011,HUB-DEL,SKU0042,61,2024-03-20,2024-03-20
INB00231,SUP011,HUB-DEL,SKU0149,65,2024-03-18,2024-03-20
INB00231,SUP011,HUB-DEL,SKU0231,72,2024-03-15,2024-03-20
INB00231,SUP011,HUB-DEL,SKU0284,64,2024-03-19,2024-03-20
INB00232,SUP005,HUB-BLR,SKU0018,93,2024-03-15,2024-03-20
INB00232,SUP005,HUB-BLR,SKU0026,109,2024-03-20,2024-03-20
INB00232,SUP005,HUB-BLR,SKU0239,102,2024-03-16,2024-03-20
INB00232,SUP005,HUB-BLR,SKU0322,95,2024-03-20,2024-03-20
INB00232,SUP005,HUB-BLR,SKU0360,117,2024-03-17,2024-03-20
INB00232,SUP005,HUB-BLR,SKU0369,101,2024-03-20,2024-03-20
INB00233,SUP009,HUB-BOM,SKU0025,50,2024-03-16,2024-03-20
INB00233,SUP009,HUB-BOM,SKU0123,39,2024-03-20,2024-03-20
INB00233,SUP009,HUB-BOM,SKU0389,43,2024-03-18,2024-03-20
INB00232,SUP005,HUB-BLR,SKU0012,95,2024-03-19,2024-03-21
INB00232,SUP005,HUB-BLR,SKU0101,96,2024-03-19,2024-03-21
INB00232,SUP005,HUB-BLR,SKU0271,117,2024-03-20,2024-03-21
INB00232,SUP005,HUB-BLR,SKU0388,106,2024-03-21,2024-03-21
INB00233,SUP009,HUB-BOM,SKU0118,42,2024-03-18,2024-03-21
INB00233,SUP009,HUB-BOM,SKU0171,42,2024-03-19,2024-03-21
INB00233,SUP009,HUB-BOM,SKU0199,42,2024-03-21,2024-03-21
INB00233,SUP009,HUB-BOM,SKU0214,43,2024-03-20,2024-03-21
INB00233,SUP009,HUB-BOM,SKU0252,41,2024-03-18,2024-03-21
INB00233,SUP009,HUB-BOM,SKU0259,50,2024-03-17,2024-03-21
INB00233,SUP009,HUB-BOM,SKU0396,40,2024-03-16,2024-03-21
INB00233,SUP009,HUB-BOM,SKU0457,50,2024-03-17,2024-03-21
INB00233,SUP009,HUB-BOM,SKU0482,40,2024-03-16,2024-03-21
INB00232,SUP005,HUB-BLR,SKU0205,108,2024-03-17,2024-03-22
INB00232,SUP005,HUB-BLR,SKU0480,112,2024-03-18,2024-03-22
INB00233,SUP009,HUB-BOM,SKU0056,42,2024-03-18,2024-03-22
INB00233,SUP009,HUB-BOM,SKU0139,37,2024-03-21,2024-03-22
INB00233,SUP009,HUB-BOM,SKU0146,54,2024-03-21,2024-03-22
INB00233,SUP009,HUB-BOM,SKU0168,50,2024-03-19,2024-03-22
INB00233,SUP009,HUB-BOM,SKU0250,38,2024-03-22,2024-03-22
INB00233,SUP009,HUB-BOM,SKU0310,62,2024-03-22,2024-03-22
INB00233,SUP009,HUB-BOM,SKU0331,49,2024-03-18,2024-03-22
INB00233,SUP009,HUB-BOM,SKU0350,44,2024-03-21,2024-03-22
INB00233,SUP009,HUB-BOM,SKU0431,51,2024-03-18,2024-03-22
INB00233,SUP009,HUB-BOM,SKU0490,45,2024-03-21,2024-03-22
INB00231,SUP011,HUB-DEL,SKU0364,74,2024-03-22,2024-03-23
INB00232,SUP005,HUB-BLR,SKU0121,130,2024-03-21,2024-03-23
INB00232,SUP005,HUB-BLR,SKU0458,145,2024-03-22,2024-03-23
INB00233,SUP009,HUB-BOM,SKU0049,55,2024-03-20,2024-03-23
INB00233,SUP009,HUB-BOM,SKU0154,41,2024-03-22,2024-03-23
INB00233,SUP009,HUB-BOM,SKU0193,42,2024-03-23,2024-03-23
INB00233,SUP009,HUB-BOM,SKU0228,45,2024-03-23,2024-03-23
INB00233,SUP009,HUB-BOM,SKU0262,54,2024-03-18,2024-03-23
INB00233,SUP009,HUB-BOM,SKU0266,44,2024-03-23,2024-03-23
INB00233,SUP009,HUB-BOM,SKU0275,44,2024-03-20,2024-03-23
INB00233,SUP009,HUB-BOM,SKU0279,47,2024-03-21,2024-03-23
INB00233,SUP009,HUB-BOM,SKU0287,44,2024-03-19,2024-03-23
INB00233,SUP009,HUB-BOM,SKU0338,41,2024-03-23,2024-03-23
INB00233,SUP009,HUB-BOM,SKU0443,37,2024-03-20,2024-03-23
INB00233,SUP009,HUB-BOM,SKU0474,46,2024-03-21,2024-03-23
INB00233,SUP009,HUB-BOM,SKU0155,41,2024-03-24,2024-03-24
INB00233,SUP009,HUB-BOM,SKU0452,49,2024-03-20,2024-03-24
INB00233,SUP009,HUB-BOM,SKU0152,41,2024-03-23,2024-03-25
INB00233,SUP009,HUB-BOM,SKU0392,54,2024-03-23,2024-03-25
INB00233,SUP009,HUB-BOM,SKU0451,42,2024-03-25,2024-03-25
INB00233,SUP009,HUB-BOM,SKU0372,40,2024-03-25,2024-03-26
INB00233,SUP009,HUB-BOM,SKU0402,45,2024-03-24,2024-03-26
INB00234,SUP014,HUB-DEL,SKU0301,62,2024-03-23,2024-03-26
INB00234,SUP014,HUB-DEL,SKU0334,61,2024-03-21,2024-03-26
INB00235,SUP019,HUB-BLR,SKU0156,104,2024-03-22,2024-03-26
INB00233,SUP009,HUB-BOM,SKU0406,43,2024-03-25,2024-03-27
INB00234,SUP014,HUB-DEL,SKU0092,68,2024-03-22,2024-03-27
INB00234,SUP014,HUB-DEL,SKU0207,68,2024-03-25,2024-03-27
INB00234,SUP014,HUB-DEL,SKU0455,57,2024-03-27,2024-03-27
INB00235,SUP019,HUB-BLR,SKU0162,104,2024-03-24,2024-03-27
INB00235,SUP019,HUB-BLR,SKU0206,127,2024-03-26,2024-03-27
INB00235,SUP019,HUB-BLR,SKU0229,111,2024-03-22,2024-03-27
INB00234,SUP014,HUB-DEL,SKU0030,76,2024-03-27,2024-03-28
INB00234,SUP014,HUB-DEL,SKU0046,79,2024-03-28,2024-03-28
INB00234,SUP014,HUB-DEL,SKU0134,57,2024-03-26,2024-03-28
INB00234,SUP014,HUB-DEL,SKU0249,68,2024-03-23,2024-03-28
INB00234,SUP014,HUB-DEL,SKU0464,61,2024-03-24,2024-03-28
INB00234,SUP014,HUB-DEL,SKU0478,70,2024-03-27,2024-03-28
INB00234,SUP014,HUB-DEL,SKU0499,66,2024-03-27,2024-03-28
INB00235,SUP019,HUB-BLR,SKU0082,103,2024-03-25,2024-03-28
INB00235,SUP019,HUB-BLR,SKU0130,122,2024-03-28,2024-03-28
INB00235,SUP019,HUB-BLR,SKU0248,102,2024-03-25,2024-03-28
INB00235,SUP019,HUB-BLR,SKU0493,104,2024-03-25,2024-03-28
INB00234,SUP014,HUB-DEL,SKU0098,58,2024-03-25,2024-03-29
INB00234,SUP014,HUB-DEL,SKU0286,69,2024-03-25,2024-03-29
INB00234,SUP014,HUB-DEL,SKU0312,85,2024-03-29,2024-03-29
INB00234,SUP014,HUB-DEL,SKU0325,80,2024-03-25,2024-03-29
INB00234,SUP014,HUB-DEL,SKU0342,59,2024-03-26,2024-03-29
INB00234,SUP014,HUB-DEL,SKU0398,58,2024-03-24,2024-03-29
INB00234,SUP014,HUB-DEL,SKU0449,60,2024-03-29,2024-03-29
INB00235,SUP019,HUB-BLR,SKU0044,103,2024-03-29,2024-03-29
INB00235,SUP019,HUB-BLR,SKU0182,94,2024-03-27,2024-03-29
INB00235,SUP019,HUB-BLR,SKU0323,94,2024-03-24,2024-03-29
INB00235,SUP019,HUB-BLR,SKU0335,95,2024-03-29,2024-03-29
INB00235,SUP019,HUB-BLR,SKU0362,94,2024-03-25,2024-03-29
INB00235,SUP019,HUB-BLR,SKU0430,117,2024-03-25,2024-03-29
INB00234,SUP014,HUB-DEL,SKU0031,58,2024-03-26,2024-03-30
INB00234,SUP014,HUB-DEL,SKU0111,61,2024-03-29,2024-03-30
INB00234,SUP014,HUB-DEL,SKU0125,62,2024-03-27,2024-03-30
INB00234,SUP014,HUB-DEL,SKU0142,61,2024-03-28,2024-03-30
INB00234,SUP014,HUB-DEL,SKU0225,65,2024-03-25,2024-03-30
INB00234,SUP014,HUB-DEL,SKU0253,61,2024-03-28,2024-03-30
INB00234,SUP014,HUB-DEL,SKU0314,63,2024-03-27,2024-03-30
INB00234,SUP014,HUB-DEL,SKU0321,69,2024-03-28,2024-03-30
INB00234,SUP014,HUB-DEL,SKU0381,57,2024-03-27,2024-03-30
INB00234,SUP014,HUB-DEL,SKU0382,58,2024-03-25,2024-03-30
INB00234,SUP014,HUB-DEL,SKU0399,77,2024-03-27,2024-03-30
INB00235,SUP019,HUB-BLR,SKU0063,102,2024-03-29,2024-03-30
INB00235,SUP019,HUB-BLR,SKU0185,102,2024-03-26,2024-03-30
INB00235,SUP019,HUB-BLR,SKU0327,106,2024-03-28,2024-03-30
INB00235,SUP019,HUB-BLR,SKU0413,109,2024-03-26,2024-03-30
INB00236,SUP002,HUB-BOM,SKU0195,51,2024-03-30,2024-03-30
INB00236,SUP002,HUB-BOM,SKU0260,57,2024-03-25,2024-03-30
INB00236,SUP002,HUB-BOM,SKU0273,43,2024-03-30,2024-03-30
INB00236,SUP002,HUB-BOM,SKU0300,51,2024-03-27,2024-03-30
INB00234,SUP014,HUB-DEL,SKU0053,66,2024-03-31,2024-03-31
INB00234,SUP014,HUB-DEL,SKU0414,70,2024-03-26,2024-03-31
INB00234,SUP014,HUB-DEL,SKU0422,64,2024-03-30,2024-03-31
INB00235,SUP019,HUB-BLR,SKU0122,122,2024-03-29,2024-03-31
INB00235,SUP019,HUB-BLR,SKU0232,104,2024-03-29,2024-03-31
INB00235,SUP019,HUB-BLR,SKU0366,99,2024-03-27,2024-03-31
INB00235,SUP019,HUB-BLR,SKU0418,98,2024-03-28,2024-03-31
INB00235,SUP019,HUB-BLR,SKU0440,96,2024-03-28,2024-03-31
INB00236,SUP002,HUB-BOM,SKU0471,38,2024-03-31,2024-03-31
INB00234,SUP014,HUB-DEL,SKU0052,58,2024-03-29,2024-04-01
INB00234,SUP014,HUB-DEL,SKU0059,70,2024-03-27,2024-04-01
INB00234,SUP014,HUB-DEL,SKU0117,70,2024-04-01,2024-04-01
INB00234,SUP014,HUB-DEL,SKU0316,66,2024-03-27,2024-04-01
INB00234,SUP014,HUB-DEL,SKU0317,63,2024-04-01,2024-04-01
INB00234,SUP014,HUB-DEL,SKU0412,66,2024-04-01,2024-04-01
INB00235,SUP019,HUB-BLR,SKU0093,111,2024-03-29,2024-04-01
INB00236,SUP002,HUB-BOM,SKU0009,39,2024-03-28,2024-04-01
INB00236,SUP002,HUB-BOM,SKU0097,40,2024-03-31,2024-04-01
INB00236,SUP002,HUB-BOM,SKU0176,40,2024-03-31,2024-04-01
INB00236,SUP002,HUB-BOM,SKU0177,37,2024-03-31,2024-04-01
INB00236,SUP002,HUB-BOM,SKU0178,45,2024-03-29,2024-04-01
INB00236,SUP002,HUB-BOM,SKU0218,53,2024-03-28,2024-04-01
INB00234,SUP014,HUB-DEL,SKU0008,64,2024-04-01,2024-04-02
INB00234,SUP014,HUB-DEL,SKU0341,58,2024-03-28,2024-04-02
INB00235,SUP019,HUB-BLR,SKU0294,118,2024-03-28,2024-04-02
INB00236,SUP002,HUB-BOM,SKU0077,52,2024-04-02,2024-04-02
INB00236,SUP002,HUB-BOM,SKU0096,60,2024-03-31,2024-04-02
INB00236,SUP002,HUB-BOM,SKU0129,44,2024-03-29,2024-04-02
INB00236,SUP002,HUB-BOM,SKU0246,46,2024-04-01,2024-04-02
INB00236,SUP002,HUB-BOM,SKU0349,46,2024-04-01,2024-04-02
INB00236,SUP002,HUB-BOM,SKU0378,45,2024-03-30,2024-04-02
INB00236,SUP002,HUB-BOM,SKU0410,48,2024-04-02,2024-04-02
INB00236,SUP002,HUB-BOM,SKU0428,56,2024-04-02,2024-04-02
INB00236,SUP002,HUB-BOM,SKU0481,51,2024-04-01,2024-04-02
INB00234,SUP014,HUB-DEL,SKU0235,60,2024-03-31,2024-04-03
INB00234,SUP014,HUB-DEL,SKU0238,62,2024-04-02,2024-04-03
INB00235,SUP019,HUB-BLR,SKU0488,97,2024-04-01,2024-04-03
INB00236,SUP002,HUB-BOM,SKU0014,38,2024-03-30,2024-04-03
INB00236,SUP002,HUB-BOM,SKU0070,52,2024-04-02,2024-04-03
INB00236,SUP002,HUB-BOM,SKU0210,40,2024-03-29,2024-04-03
INB00236,SUP002,HUB-BOM,SKU0219,42,2024-03-31,2024-04-03
INB00236,SUP002,HUB-BOM,SKU0257,53,2024-04-02,2024-04-03
INB00236,SUP002,HUB-BOM,SKU0302,44,2024-04-03,2024-04-03
INB00236,SUP002,HUB-BOM,SKU0347,39,2024-04-03,2024-04-03
INB00236,SUP002,HUB-BOM,SKU0425,43,2024-04-03,2024-04-03
INB00236,SUP002,HUB-BOM,SKU0465,41,2024-03-30,2024-04-03
INB00235,SUP019,HUB-BLR,SKU0460,124,2024-03-31,2024-04-04
INB00236,SUP002,HUB-BOM,SKU0083,43,2024-03-30,2024-04-04
INB00236,SUP002,HUB-BOM,SKU0107,47,2024-04-03,2024-04-04
INB00236,SUP002,HUB-BOM,SKU0150,38,2024-04-01,2024-04-04
INB00236,SUP002,HUB-BOM,SKU0164,66,2024-04-02,2024-04-04
INB00236,SUP002,HUB-BOM,SKU0213,42,2024-04-02,2024-04-04
INB00236,SUP002,HUB-BOM,SKU0470,38,2024-03-31,2024-04-04
INB00236,SUP002,HUB-BOM,SKU0054,52,2024-04-05,2024-04-05
INB00236,SUP002,HUB-BOM,SKU0058,43,2024-04-05,2024-04-05
INB00236,SUP002,HUB-BOM,SKU0106,39,2024-04-05,2024-04-05
INB00236,SUP002,HUB-BOM,SKU0181,54,2024-04-05,2024-04-05
INB00236,SUP002,HUB-BOM,SKU0373,57,2024-04-03,2024-04-05
INB00236,SUP002,HUB-BOM,SKU0421,47,2024-04-02,2024-04-05
INB00236,SUP002,HUB-BOM,SKU0024,56,2024-04-04,2024-04-06
INB00236,SUP002,HUB-BOM,SKU0161,37,2024-04-02,2024-04-06
INB00236,SUP002,HUB-BOM,SKU0436,39,2024-04-03,2024-04-06
INB00236,SUP002,HUB-BOM,SKU0469,51,2024-04-05,2024-04-06
INB00237,SUP013,HUB-DEL,SKU0467,84,2024-04-03,2024-04-06
INB00236,SUP002,HUB-BOM,SKU0351,42,2024-04-03,2024-04-07
INB00237,SUP013,HUB-DEL,SKU0045,68,2024-04-04,2024-04-07
INB00237,SUP013,HUB-DEL,SKU0080,110,2024-04-02,2024-04-07
INB00237,SUP013,HUB-DEL,SKU0157,61,2024-04-05,2024-04-07
INB00237,SUP013,HUB-DEL,SKU0196,62,2024-04-04,2024-04-07
INB00237,SUP013,HUB-DEL,SKU0487,59,2024-04-03,2024-04-08
INB00238,SUP018,HUB-BLR,SKU0061,93,2024-04-06,2024-04-08
INB00238,SUP018,HUB-BLR,SKU0367,103,2024-04-06,2024-04-08
INB00237,SUP013,HUB-DEL,SKU0007,58,2024-04-09,2024-04-09
INB00237,SUP013,HUB-DEL,SKU0029,60,2024-04-07,2024-04-09
INB00237,SUP013,HUB-DEL,SKU0047,68,2024-04-05,2024-04-09
INB00237,SUP013,HUB-DEL,SKU0060,65,2024-04-07,2024-04-09
INB00237,SUP013,HUB-DEL,SKU0075,69,2024-04-07,2024-04-09
INB00237,SUP013,HUB-DEL,SKU0265,66,2024-04-08,2024-04-09
INB00237,SUP013,HUB-DEL,SKU0281,71,2024-04-04,2024-04-09
INB00237,SUP013,HUB-DEL,SKU0306,63,2024-04-09,2024-04-09
INB00238,SUP018,HUB-BLR,SKU0081,105,2024-04-05,2024-04-09
INB00238,SUP018,HUB-BLR,SKU0099,93,2024-04-08,2024-04-09
INB00238,SUP018,HUB-BLR,SKU0217,103,2024-04-06,2024-04-09
INB00238,SUP018,HUB-BLR,SKU0454,119,2024-04-06,2024-04-09
INB00237,SUP013,HUB-DEL,SKU0128,65,2024-04-09,2024-04-10
INB00237,SUP013,HUB-DEL,SKU0173,68,2024-04-09,2024-04-10
INB00237,SUP013,HUB-DEL,SKU0261,78,2024-04-08,2024-04-10
INB00237,SUP013,HUB-DEL,SKU0289,83,2024-04-07,2024-04-10
INB00237,SUP013,HUB-DEL,SKU0447,72,2024-04-07,2024-04-10
INB00238,SUP018,HUB-BLR,SKU0023,100,2024-04-06,2024-04-10
INB00238,SUP018,HUB-BLR,SKU0065,117,2024-04-07,2024-04-10
INB00238,SUP018,HUB-BLR,SKU0105,128,2024-04-10,2024-04-10
INB00238,SUP018,HUB-BLR,SKU0120,94,2024-04-08,2024-04-10
INB00238,SUP018,HUB-BLR,SKU0140,95,2024-04-06,2024-04-10
INB00238,SUP018,HUB-BLR,SKU0179,98,2024-04-09,2024-04-10
INB00238,SUP018,HUB-BLR,SKU0299,94,2024-04-06,2024-04-10
INB00238,SUP018,HUB-BLR,SKU0336,123,2024-04-09,2024-04-10
INB00238,SUP018,HUB-BLR,SKU0385,97,2024-04-07,2024-04-10
INB00238,SUP018,HUB-BLR,SKU0479,136,2024-04-06,2024-04-10
INB00239,SUP009,HUB-BOM,SKU0064,40,2024-04-10,2024-04-10
INB00239,SUP009,HUB-BOM,SKU0085,62,2024-04-08,2024-04-10
INB00239,SUP009,HUB-BOM,SKU0473,43,2024-04-05,2024-04-10
INB00237,SUP013,HUB-DEL,SKU0039,58,2024-04-06,2024-04-11
INB00237,SUP013,HUB-DEL,SKU0245,93,2024-04-10,2024-04-11
INB00237,SUP013,HUB-DEL,SKU0328,59,2024-04-07,2024-04-11
INB00237,SUP013,HUB-DEL,SKU0376,62,2024-04-11,2024-04-11
INB00237,SUP013,HUB-DEL,SKU0491,60,2024-04-08,2024-04-11
INB00238,SUP018,HUB-BLR,SKU0143,139,2024-04-09,2024-04-11
INB00238,SUP018,HUB-BLR,SKU0237,93,2024-04-09,2024-04-11
INB00238,SUP018,HUB-BLR,SKU0258,95,2024-04-10,2024-04-11
INB00238,SUP018,HUB-BLR,SKU0394,115,2024-04-07,2024-04-11
INB00238,SUP018,HUB-BLR,SKU0404,98,2024-04-09,2024-04-11
INB00239,SUP009,HUB-BOM,SKU0010,44,2024-04-10,2024-04-11
INB00239,SUP009,HUB-BOM,SKU0019,54,2024-04-06,2024-04-11
INB00239,SUP009,HUB-BOM,SKU0040,41,2024-04-06,2024-04-11
INB00239,SUP009,HUB-BOM,SKU0186,66,2024-04-06,2024-04-11
INB00239,SUP009,HUB-BOM,SKU0395,39,2024-04-08,2024-04-11
INB00237,SUP013,HUB-DEL,SKU0015,60,2024-04-11,2024-04-12
INB00238,SUP018,HUB-BLR,SKU0169,104,2024-04-08,2024-04-12
INB00238,SUP018,HUB-BLR,SKU0203,101,2024-04-07,2024-04-12
INB00238,SUP018,HUB-BLR,SKU0270,126,2024-04-08,2024-04-12
INB00238,SUP018,HUB-BLR,SKU0295,106,2024-04-12,2024-04-12
INB00238,SUP018,HUB-BLR,SKU0305,108,2024-04-08,2024-04-12
INB00238,SUP018,HUB-BLR,SKU0383,101,2024-04-09,2024-04-12
INB00239,SUP009,HUB-BOM,SKU0223,43,2024-04-08,2024-04-12
INB00239,SUP009,HUB-BOM,SKU0350,37,2024-04-07,2024-04-12
INB00239,SUP009,HUB-BOM,SKU0437,46,2024-04-09,2024-04-12
INB00239,SUP009,HUB-BOM,SKU0485,59,2024-04-09,2024-04-12
INB00237,SUP013,HUB-DEL,SKU0037,60,2024-04-13,2024-04-13
INB00237,SUP013,HUB-DEL,SKU0086,66,2024-04-13,2024-04-13
INB00237,SUP013,HUB-DEL,SKU0141,68,2024-04-09,2024-04-13
INB00237,SUP013,HUB-DEL,SKU0184,91,2024-04-09,2024-04-13
INB00237,SUP013,HUB-DEL,SKU0256,69,2024-04-09,2024-04-13
INB00238,SUP018,HUB-BLR,SKU0333,96,2024-04-11,2024-04-13
INB00239,SUP009,HUB-BOM,SKU0001,50,2024-04-09,2024-04-13
INB00239,SUP009,HUB-BOM,SKU0022,47,2024-04-11,2024-04-13
INB00239,SUP009,HUB-BOM,SKU0124,38,2024-04-11,2024-04-13
INB00239,SUP009,HUB-BOM,SKU0136,38,2024-04-13,2024-04-13
INB00239,SUP009,HUB-BOM,SKU0151,43,2024-04-08,2024-04-13
INB00239,SUP009,HUB-BOM,SKU0375,53,2024-04-09,2024-04-13
INB00239,SUP009,HUB-BOM,SKU0434,55,2024-04-13,2024-04-13
INB00239,SUP009,HUB-BOM,SKU0452,46,2024-04-13,2024-04-13
INB00238,SUP018,HUB-BLR,SKU0309,97,2024-04-10,2024-04-14
INB00238,SUP018,HUB-BLR,SKU0344,111,2024-04-10,2024-04-14
INB00238,SUP018,HUB-BLR,SKU0363,94,2024-04-09,2024-04-14
INB00238,SUP018,HUB-BLR,SKU0423,102,2024-04-14,2024-04-14
INB00239,SUP009,HUB-BOM,SKU0076,42,2024-04-13,2024-04-14
INB00239,SUP009,HUB-BOM,SKU0084,38,2024-04-11,2024-04-14
INB00239,SUP009,HUB-BOM,SKU0107,37,2024-04-12,2024-04-14
INB00239,SUP009,HUB-BOM,SKU0200,38,2024-04-13,2024-04-14
INB00239,SUP009,HUB-BOM,SKU0280,38,2024-04-13,2024-04-14
INB00239,SUP009,HUB-BOM,SKU0311,48,2024-04-10,2024-04-14
INB00239,SUP009,HUB-BOM,SKU0343,48,2024-04-13,2024-04-14
INB00239,SUP009,HUB-BOM,SKU0365,37,2024-04-09,2024-04-14
INB00239,SUP009,HUB-BOM,SKU0387,45,2024-04-09,2024-04-14
INB00238,SUP018,HUB-BLR,SKU0094,111,2024-04-13,2024-04-15
INB00238,SUP018,HUB-BLR,SKU0500,94,2024-04-12,2024-04-15
INB00239,SUP009,HUB-BOM,SKU0116,43,2024-04-14,2024-04-15
INB00239,SUP009,HUB-BOM,SKU0126,38,2024-04-12,2024-04-15
INB00239,SUP009,HUB-BOM,SKU0263,44,2024-04-14,2024-04-15
INB00239,SUP009,HUB-BOM,SKU0355,52,2024-04-15,2024-04-15
INB00239,SUP009,HUB-BOM,SKU0370,44,2024-04-10,2024-04-15
INB00239,SUP009,HUB-BOM,SKU0448,44,2024-04-12,2024-04-15
INB00239,SUP009,HUB-BOM,SKU0272,37,2024-04-11,2024-04-16
INB00239,SUP009,HUB-BOM,SKU0420,37,2024-04-15,2024-04-16
INB00240,SUP013,HUB-DEL,SKU0095,76,2024-04-15,2024-04-16
INB00240,SUP013,HUB-DEL,SKU0103,58,2024-04-15,2024-04-16
INB00240,SUP013,HUB-DEL,SKU0194,67,2024-04-13,2024-04-16
INB00240,SUP013,HUB-DEL,SKU0422,77,2024-04-13,2024-04-16
INB00239,SUP009,HUB-BOM,SKU0028,54,2024-04-13,2024-04-17
INB00239,SUP009,HUB-BOM,SKU0220,37,2024-04-14,2024-04-17
INB00239,SUP009,HUB-BOM,SKU0340,44,2024-04-15,2024-04-17
INB00240,SUP013,HUB-DEL,SKU0102,113,2024-04-17,2024-04-17
INB00240,SUP013,HUB-DEL,SKU0416,66,2024-04-15,2024-04-17
INB00239,SUP009,HUB-BOM,SKU0032,43,2024-04-15,2024-04-18
INB00240,SUP013,HUB-DEL,SKU0042,71,2024-04-18,2024-04-18
INB00240,SUP013,HUB-DEL,SKU0068,59,2024-04-15,2024-04-18
INB00240,SUP013,HUB-DEL,SKU0100,59,2024-04-18,2024-04-18
INB00240,SUP013,HUB-DEL,SKU0187,75,2024-04-15,2024-04-18
INB00240,SUP013,HUB-DEL,SKU0204,78,2024-04-14,2024-04-18
INB00240,SUP013,HUB-DEL,SKU0208,67,2024-04-13,2024-04-18
INB00240,SUP013,HUB-DEL,SKU0243,62,2024-04-14,2024-04-18
INB00240,SUP013,HUB-DEL,SKU0267,112,2024-04-17,2024-04-18
INB00240,SUP013,HUB-DEL,SKU0297,75,2024-04-14,2024-04-18
INB00240,SUP013,HUB-DEL,SKU0298,58,2024-04-13,2024-04-18
INB00240,SUP013,HUB-DEL,SKU0384,63,2024-04-14,2024-04-18
INB00241,SUP007,HUB-BLR,SKU0357,106,2024-04-13,2024-04-18
INB00241,SUP007,HUB-BLR,SKU0397,102,2024-04-17,2024-04-18
INB00240,SUP013,HUB-DEL,SKU0011,69,2024-04-16,2024-04-19
INB00240,SUP013,HUB-DEL,SKU0133,59,2024-04-17,2024-04-19
INB00240,SUP013,HUB-DEL,SKU0138,66,2024-04-17,2024-04-19
INB00240,SUP013,HUB-DEL,SKU0215,65,2024-04-16,2024-04-19
INB00240,SUP013,HUB-DEL,SKU0221,90,2024-04-14,2024-04-19
INB00240,SUP013,HUB-DEL,SKU0379,71,2024-04-19,2024-04-19
INB00240,SUP013,HUB-DEL,SKU0398,58,2024-04-14,2024-04-19
INB00240,SUP013,HUB-DEL,SKU0403,77,2024-04-18,2024-04-19
INB00241,SUP007,HUB-BLR,SKU0021,99,2024-04-15,2024-04-19
INB00241,SUP007,HUB-BLR,SKU0222,137,2024-04-16,2024-04-19
INB00241,SUP007,HUB-BLR,SKU0377,134,2024-04-17,2024-04-19
INB00241,SUP007,HUB-BLR,SKU0401,96,2024-04-18,2024-04-19
INB00240,SUP013,HUB-DEL,SKU0207,64,2024-04-20,2024-04-20
INB00240,SUP013,HUB-DEL,SKU0231,61,2024-04-19,2024-04-20
INB00240,SUP013,HUB-DEL,SKU0459,61,2024-04-20,2024-04-20
INB00241,SUP007,HUB-BLR,SKU0091,106,2024-04-18,2024-04-20
INB00241,SUP007,HUB-BLR,SKU0242,98,2024-04-18,2024-04-20
INB00241,SUP007,HUB-BLR,SKU0313,129,2024-04-15,2024-04-20
INB00241,SUP007,HUB-BLR,SKU0486,103,2024-04-19,2024-04-20
INB00240,SUP013,HUB-DEL,SKU0002,69,2024-04-21,2024-04-21
INB00240,SUP013,HUB-DEL,SKU0006,67,2024-04-16,2024-04-21
INB00240,SUP013,HUB-DEL,SKU0043,62,2024-04-20,2024-04-21
INB00240,SUP013,HUB-DEL,SKU0057,73,2024-04-21,2024-04-21
INB00240,SUP013,HUB-DEL,SKU0062,58,2024-04-20,2024-04-21
INB00240,SUP013,HUB-DEL,SKU0144,77,2024-04-21,2024-04-21
INB00240,SUP013,HUB-DEL,SKU0284,62,2024-04-20,2024-04-21
INB00241,SUP007,HUB-BLR,SKU0071,124,2024-04-20,2024-04-21
INB00241,SUP007,HUB-BLR,SKU0234,116,2024-04-16,2024-04-21
INB00241,SUP007,HUB-BLR,SKU0419,100,2024-04-19,2024-04-21
INB00242,SUP001,HUB-BOM,SKU0088,39,2024-04-20,2024-04-21
INB00240,SUP013,HUB-DEL,SKU0055,81,2024-04-21,2024-04-22
INB00240,SUP013,HUB-DEL,SKU0135,59,2024-04-22,2024-04-22
INB00240,SUP013,HUB-DEL,SKU0240,63,2024-04-18,2024-04-22
INB00240,SUP013,HUB-DEL,SKU0426,81,2024-04-19,2024-04-22
INB00241,SUP007,HUB-BLR,SKU0089,107,2024-04-20,2024-04-22
INB00241,SUP007,HUB-BLR,SKU0110,95,2024-04-21,2024-04-22
INB00241,SUP007,HUB-BLR,SKU0112,111,2024-04-19,2024-04-22
INB00241,SUP007,HUB-BLR,SKU0130,106,2024-04-17,2024-04-22
INB00241,SUP007,HUB-BLR,SKU0158,153,2024-04-20,2024-04-22
INB00241,SUP007,HUB-BLR,SKU0165,113,2024-04-18,2024-04-22
INB00241,SUP007,HUB-BLR,SKU0175,104,2024-04-19,2024-04-22
INB00241,SUP007,HUB-BLR,SKU0192,117,2024-04-21,2024-04-22
INB00241,SUP007,HUB-BLR,SKU0303,134,2024-04-19,2024-04-22
INB00241,SUP007,HUB-BLR,SKU0489,104,2024-04-17,2024-04-22
INB00242,SUP001,HUB-BOM,SKU0330,38,2024-04-21,2024-04-22
INB00242,SUP001,HUB-BOM,SKU0408,39,2024-04-20,2024-04-22
INB00242,SUP001,HUB-BOM,SKU0496,39,2024-04-20,2024-04-22
INB00240,SUP013,HUB-DEL,SKU0003,81,2024-04-21,2024-04-23
INB00240,SUP013,HUB-DEL,SKU0036,72,2024-04-21,2024-04-23
INB00240,SUP013,HUB-DEL,SKU0417,75,2024-04-18,2024-04-23
INB00241,SUP007,HUB-BLR,SKU0131,94,2024-04-21,2024-04-23
INB00241,SUP007,HUB-BLR,SKU0153,112,2024-04-18,2024-04-23
INB00241,SUP007,HUB-BLR,SKU0320,105,2024-04-19,2024-04-23
INB00241,SUP007,HUB-BLR,SKU0445,144,2024-04-20,2024-04-23
INB00242,SUP001,HUB-BOM,SKU0189,38,2024-04-18,2024-04-23
INB00242,SUP001,HUB-BOM,SKU0191,44,2024-04-21,2024-04-23
INB00242,SUP001,HUB-BOM,SKU0259,40,2024-04-21,2024-04-23
INB00242,SUP001,HUB-BOM,SKU0276,52,2024-04-20,2024-04-23
INB00242,SUP001,HUB-BOM,SKU0353,38,2024-04-22,2024-04-23
INB00242,SUP001,HUB-BOM,SKU0358,48,2024-04-19,2024-04-23
INB00242,SUP001,HUB-BOM,SKU0446,43,2024-04-23,2024-04-23
INB00241,SUP007,HUB-BLR,SKU0326,114,2024-04-21,2024-04-24
INB00241,SUP007,HUB-BLR,SKU0409,103,2024-04-20,2024-04-24
INB00241,SUP007,HUB-BLR,SKU0475,121,2024-04-19,2024-04-24
INB00242,SUP001,HUB-BOM,SKU0009,38,2024-04-19,2024-04-24
INB00242,SUP001,HUB-BOM,SKU0066,55,2024-04-24,2024-04-24
INB00242,SUP001,HUB-BOM,SKU0159,44,2024-04-24,2024-04-24
INB00242,SUP001,HUB-BOM,SKU0160,40,2024-04-20,2024-04-24
INB00242,SUP001,HUB-BOM,SKU0275,38,2024-04-19,2024-04-24
INB00242,SUP001,HUB-BOM,SKU0307,42,2024-04-24,2024-04-24
INB00242,SUP001,HUB-BOM,SKU0315,53,2024-04-20,2024-04-24
INB00242,SUP001,HUB-BOM,SKU0391,41,2024-04-21,2024-04-24
INB00242,SUP001,HUB-BOM,SKU0438,39,2024-04-24,2024-04-24
INB00242,SUP001,HUB-BOM,SKU0456,40,2024-04-19,2024-04-24
INB00242,SUP001,HUB-BOM,SKU0476,55,2024-04-23,2024-04-24
INB00242,SUP001,HUB-BOM,SKU0147,40,2024-04-22,2024-04-25
INB00242,SUP001,HUB-BOM,SKU0216,38,2024-04-20,2024-04-25
INB00242,SUP001,HUB-BOM,SKU0255,48,2024-04-20,2024-04-25
INB00242,SUP001,HUB-BOM,SKU0477,57,2024-04-21,2024-04-25
INB00241,SUP007,HUB-BLR,SKU0441,94,2024-04-23,2024-04-26
INB00242,SUP001,HUB-BOM,SKU0199,37,2024-04-21,2024-04-26
INB00242,SUP001,HUB-BOM,SKU0246,37,2024-04-23,2024-04-26
INB00242,SUP001,HUB-BOM,SKU0349,44,2024-04-25,2024-04-26
INB00243,SUP013,HUB-DEL,SKU0052,62,2024-04-21,2024-04-26
INB00243,SUP013,HUB-DEL,SKU0341,60,2024-04-26,2024-04-26
INB00243,SUP013,HUB-DEL,SKU0364,66,2024-04-25,2024-04-26
INB00242,SUP001,HUB-BOM,SKU0077,47,2024-04-25,2024-04-27
INB00242,SUP001,HUB-BOM,SKU0411,38,2024-04-23,2024-04-27
INB00242,SUP001,HUB-BOM,SKU0451,37,2024-04-25,2024-04-27
INB00243,SUP013,HUB-DEL,SKU0188,57,2024-04-26,2024-04-27
INB00243,SUP013,HUB-DEL,SKU0226,74,2024-04-27,2024-04-27
INB00243,SUP013,HUB-DEL,SKU0289,70,2024-04-24,2024-04-27
INB00243,SUP013,HUB-DEL,SKU0417,63,2024-04-25,2024-04-27
INB00243,SUP013,HUB-DEL,SKU0462,64,2024-04-26,2024-04-27
INB00242,SUP001,HUB-BOM,SKU0241,45,2024-04-25,2024-04-28
INB00243,SUP013,HUB-DEL,SKU0075,61,2024-04-26,2024-04-28
INB00243,SUP013,HUB-DEL,SKU0190,73,2024-04-27,2024-04-28
INB00243,SUP013,HUB-DEL,SKU0308,62,2024-04-25,2024-04-28
INB00243,SUP013,HUB-DEL,SKU0381,69,2024-04-25,2024-04-28
INB00243,SUP013,HUB-DEL,SKU0386,94,2024-04-27,2024-04-28
INB00243,SUP013,HUB-DEL,SKU0390,60,2024-04-26,2024-04-28
INB00243,SUP013,HUB-DEL,SKU0393,63,2024-04-27,2024-04-28
INB00243,SUP013,HUB-DEL,SKU0078,68,2024-04-26,2024-04-29
INB00243,SUP013,HUB-DEL,SKU0128,57,2024-04-26,2024-04-29
INB00243,SUP013,HUB-DEL,SKU0225,71,2024-04-26,2024-04-29
INB00243,SUP013,HUB-DEL,SKU0238,63,2024-04-26,2024-04-29
INB00243,SUP013,HUB-DEL,SKU0286,85,2024-04-28,2024-04-29
INB00243,SUP013,HUB-DEL,SKU0317,57,2024-04-26,2024-04-29
INB00243,SUP013,HUB-DEL,SKU0325,65,2024-04-26,2024-04-29
INB00243,SUP013,HUB-DEL,SKU0356,64,2024-04-28,2024-04-29
INB00243,SUP013,HUB-DEL,SKU0414,93,2024-04-29,2024-04-29
INB00243,SUP013,HUB-DEL,SKU0449,67,2024-04-25,2024-04-29
INB00243,SUP013,HUB-DEL,SKU0468,65,2024-04-26,2024-04-29
INB00243,SUP013,HUB-DEL,SKU0487,78,2024-04-28,2024-04-29
INB00244,SUP007,HUB-BLR,SKU0211,93,2024-04-28,2024-04-29
INB00244,SUP007,HUB-BLR,SKU0227,97,2024-04-28,2024-04-29
INB00244,SUP007,HUB-BLR,SKU0495,96,2024-04-28,2024-04-29
INB00243,SUP013,HUB-DEL,SKU0113,63,2024-04-25,2024-04-30
INB00243,SUP013,HUB-DEL,SKU0149,69,2024-04-25,2024-04-30
INB00243,SUP013,HUB-DEL,SKU0293,61,2024-04-29,2024-04-30
INB00243,SUP013,HUB-DEL,SKU0439,67,2024-04-30,2024-04-30
INB00244,SUP007,HUB-BLR,SKU0332,104,2024-04-30,2024-04-30
INB00244,SUP007,HUB-BLR,SKU0354,95,2024-04-25,2024-04-30
INB00244,SUP007,HUB-BLR,SKU0418,126,2024-04-30,2024-04-30
INB00244,SUP007,HUB-BLR,SKU0472,111,2024-04-29,2024-04-30
INB00243,SUP013,HUB-DEL,SKU0104,70,2024-04-27,2024-05-01
INB00243,SUP013,HUB-DEL,SKU0125,60,2024-04-30,2024-05-01
INB00243,SUP013,HUB-DEL,SKU0163,90,2024-04-29,2024-05-01
INB00243,SUP013,HUB-DEL,SKU0282,83,2024-04-28,2024-05-01
INB00243,SUP013,HUB-DEL,SKU0296,69,2024-04-27,2024-05-01
INB00243,SUP013,HUB-DEL,SKU0424,67,2024-04-28,2024-05-01
INB00243,SUP013,HUB-DEL,SKU0498,69,2024-04-27,2024-05-01
INB00244,SUP007,HUB-BLR,SKU0137,134,2024-04-29,2024-05-01
INB00244,SUP007,HUB-BLR,SKU0239,111,2024-04-27,2024-05-01
INB00244,SUP007,HUB-BLR,SKU0251,124,2024-04-30,2024-05-01
INB00244,SUP007,HUB-BLR,SKU0283,117,2024-05-01,2024-05-01
INB00244,SUP007,HUB-BLR,SKU0288,106,2024-04-29,2024-05-01
INB00244,SUP007,HUB-BLR,SKU0322,94,2024-04-29,2024-05-01
INB00244,SUP007,HUB-BLR,SKU0352,114,2024-04-29,2024-05-01
INB00244,SUP007,HUB-BLR,SKU0484,102,2024-04-28,2024-05-01
INB00245,SUP002,HUB-BOM,SKU0049,37,2024-04-27,2024-05-01
INB00245,SUP002,HUB-BOM,SKU0254,44,2024-05-01,2024-05-01
INB00243,SUP013,HUB-DEL,SKU0048,81,2024-05-01,2024-05-02
INB00243,SUP013,HUB-DEL,SKU0134,64,2024-04-27,2024-05-02
INB00243,SUP013,HUB-DEL,SKU0334,85,2024-04-27,2024-05-02
INB00244,SUP007,HUB-BLR,SKU0016,124,2024-04-28,2024-05-02
INB00244,SUP007,HUB-BLR,SKU0051,106,2024-04-27,2024-05-02
INB00244,SUP007,HUB-BLR,SKU0145,113,2024-05-01,2024-05-02
INB00244,SUP007,HUB-BLR,SKU0197,103,2024-04-27,2024-05-02
INB00244,SUP007,HUB-BLR,SKU0271,121,2024-04-28,2024-05-02
INB00244,SUP007,HUB-BLR,SKU0371,111,2024-04-28,2024-05-02
INB00244,SUP007,HUB-BLR,SKU0492,108,2024-05-02,2024-05-02
INB00245,SUP002,HUB-BOM,SKU0171,41,2024-05-01,2024-05-02
INB00245,SUP002,HUB-BOM,SKU0180,53,2024-04-28,2024-05-02
INB00245,SUP002,HUB-BOM,SKU0287,40,2024-04-27,2024-05-02
INB00243,SUP013,HUB-DEL,SKU0499,82,2024-05-01,2024-05-03
INB00244,SUP007,HUB-BLR,SKU0038,96,2024-05-02,2024-05-03
INB00244,SUP007,HUB-BLR,SKU0073,107,2024-05-02,2024-05-03
INB00244,SUP007,HUB-BLR,SKU0201,112,2024-05-01,2024-05-03
INB00244,SUP007,HUB-BLR,SKU0205,101,2024-05-03,2024-05-03
INB00244,SUP007,HUB-BLR,SKU0335,103,2024-05-03,2024-05-03
INB00244,SUP007,HUB-BLR,SKU0345,103,2024-05-02,2024-05-03
INB00244,SUP007,HUB-BLR,SKU0435,100,2024-04-30,2024-05-03
INB00244,SUP007,HUB-BLR,SKU0480,112,2024-05-03,2024-05-03
INB00245,SUP002,HUB-BOM,SKU0174,38,2024-04-28,2024-05-03
INB00245,SUP002,HUB-BOM,SKU0262,42,2024-05-01,2024-05-03
INB00245,SUP002,HUB-BOM,SKU0337,40,2024-05-01,2024-05-03
INB00245,SUP002,HUB-BOM,SKU0402,37,2024-05-03,2024-05-03
INB00245,SUP002,HUB-BOM,SKU0457,49,2024-05-01,2024-05-03
INB00245,SUP002,HUB-BOM,SKU0481,41,2024-05-03,2024-05-03
INB00243,SUP013,HUB-DEL,SKU0092,89,2024-04-29,2024-05-04
INB00244,SUP007,HUB-BLR,SKU0041,119,2024-04-29,2024-05-04
INB00244,SUP007,HUB-BLR,SKU0183,95,2024-05-04,2024-05-04
INB00244,SUP007,HUB-BLR,SKU0429,130,2024-04-29,2024-05-04
INB00244,SUP007,HUB-BLR,SKU0444,115,2024-05-02,2024-05-04
INB00245,SUP002,HUB-BOM,SKU0274,37,2024-05-03,2024-05-04
INB00243,SUP013,HUB-DEL,SKU0111,80,2024-04-30,2024-05-05
INB00244,SUP007,HUB-BLR,SKU0109,99,2024-05-05,2024-05-05
INB00244,SUP007,HUB-BLR,SKU0148,110,2024-04-30,2024-05-05
INB00244,SUP007,HUB-BLR,SKU0333,100,2024-05-05,2024-05-05
INB00244,SUP007,HUB-BLR,SKU0359,125,2024-05-05,2024-05-05
INB00245,SUP002,HUB-BOM,SKU0067,42,2024-05-01,2024-05-05
INB00245,SUP002,HUB-BOM,SKU0150,50,2024-05-03,2024-05-05
INB00245,SUP002,HUB-BOM,SKU0213,39,2024-05-02,2024-05-05
INB00245,SUP002,HUB-BOM,SKU0378,37,2024-05-03,2024-05-05
INB00245,SUP002,HUB-BOM,SKU0406,42,2024-05-05,2024-05-05
INB00245,SUP002,HUB-BOM,SKU0474,39,2024-04-30,2024-05-05
INB00244,SUP007,HUB-BLR,SKU0248,117,2024-05-01,2024-05-06
INB00245,SUP002,HUB-BOM,SKU0136,38,2024-05-03,2024-05-06
INB00245,SUP002,HUB-BOM,SKU0392,39,2024-05-06,2024-05-06
INB00243,SUP013,HUB-DEL,SKU0442,97,2024-05-02,2024-05-07
INB00244,SUP007,HUB-BLR,SKU0012,107,2024-05-03,2024-05-07
INB00245,SUP002,HUB-BOM,SKU0064,38,2024-05-06,2024-05-07
INB00245,SUP002,HUB-BOM,SKU0139,38,2024-05-05,2024-05-07
INB00245,SUP002,HUB-BOM,SKU0374,52,2024-05-07,2024-05-07
INB00245,SUP002,HUB-BOM,SKU0421,37,2024-05-04,2024-05-07
INB00245,SUP002,HUB-BOM,SKU0127,57,2024-05-03,2024-05-08
INB00245,SUP002,HUB-BOM,SKU0482,40,2024-05-04,2024-05-08
INB00245,SUP002,HUB-BOM,SKU0300,38,2024-05-06,2024-05-09
INB00246,SUP011,HUB-DEL,SKU0249,70,2024-05-05,2024-05-10
INB00246,SUP011,HUB-DEL,SKU0268,68,2024-05-05,2024-05-10
INB00246,SUP011,HUB-DEL,SKU0312,99,2024-05-05,2024-05-10
INB00246,SUP011,HUB-DEL,SKU0346,92,2024-05-09,2024-05-10
INB00247,SUP018,HUB-BLR,SKU0169,104,2024-05-05,2024-05-10
INB00247,SUP018,HUB-BLR,SKU0206,110,2024-05-10,2024-05-10
INB00247,SUP018,HUB-BLR,SKU0329,107,2024-05-09,2024-05-10
INB00246,SUP011,HUB-DEL,SKU0015,81,2024-05-08,2024-05-11
INB00246,SUP011,HUB-DEL,SKU0034,60,2024-05-07,2024-05-11
INB00246,SUP011,HUB-DEL,SKU0039,75,2024-05-10,2024-05-11
INB00246,SUP011,HUB-DEL,SKU0196,62,2024-05-10,2024-05-11
INB00247,SUP018,HUB-BLR,SKU0344,126,2024-05-09,2024-05-11
INB00246,SUP011,HUB-DEL,SKU0045,82,2024-05-09,2024-05-12
INB00246,SUP011,HUB-DEL,SKU0059,74,2024-05-11,2024-05-12
INB00246,SUP011,HUB-DEL,SKU0233,59,2024-05-10,2024-05-12
INB00246,SUP011,HUB-DEL,SKU0238,61,2024-05-11,2024-05-12
INB00246,SUP011,HUB-DEL,SKU0382,77,2024-05-07,2024-05-12
INB00246,SUP011,HUB-DEL,SKU0399,83,2024-05-08,2024-05-12
INB00246,SUP011,HUB-DEL,SKU0497,65,2024-05-12,2024-05-12
INB00247,SUP018,HUB-BLR,SKU0069,102,2024-05-09,2024-05-12
INB00247,SUP018,HUB-BLR,SKU0132,95,2024-05-12,2024-05-12
INB00247,SUP018,HUB-BLR,SKU0285,109,2024-05-11,2024-05-12
INB00247,SUP018,HUB-BLR,SKU0290,138,2024-05-11,2024-05-12
INB00247,SUP018,HUB-BLR,SKU0309,94,2024-05-10,2024-05-12
INB00247,SUP018,HUB-BLR,SKU0368,126,2024-05-10,2024-05-12
INB00247,SUP018,HUB-BLR,SKU0385,100,2024-05-12,2024-05-12
INB00247,SUP018,HUB-BLR,SKU0407,95,2024-05-12,2024-05-12
INB00248,SUP004,HUB-BOM,SKU0432,46,2024-05-11,2024-05-12
INB00248,SUP004,HUB-BOM,SKU0465,53,2024-05-09,2024-05-12
INB00246,SUP011,HUB-DEL,SKU0141,62,2024-05-13,2024-05-13
INB00246,SUP011,HUB-DEL,SKU0230,60,2024-05-13,2024-05-13
INB00246,SUP011,HUB-DEL,SKU0253,62,2024-05-12,2024-05-13
INB00246,SUP011,HUB-DEL,SKU0284,67,2024-05-12,2024-05-13
INB00246,SUP011,HUB-DEL,SKU0318,57,2024-05-08,2024-05-13
INB00246,SUP011,HUB-DEL,SKU0412,84,2024-05-13,2024-05-13
INB00246,SUP011,HUB-DEL,SKU0478,96,2024-05-13,2024-05-13
INB00247,SUP018,HUB-BLR,SKU0018,96,2024-05-12,2024-05-13
INB00247,SUP018,HUB-BLR,SKU0026,140,2024-05-10,2024-05-13
INB00247,SUP018,HUB-BLR,SKU0072,99,2024-05-13,2024-05-13
INB00247,SUP018,HUB-BLR,SKU0087,98,2024-05-10,2024-05-13
INB00247,SUP018,HUB-BLR,SKU0167,122,2024-05-10,2024-05-13
INB00247,SUP018,HUB-BLR,SKU0244,93,2024-05-09,2024-05-13
INB00247,SUP018,HUB-BLR,SKU0291,96,2024-05-12,2024-05-13
INB00248,SUP004,HUB-BOM,SKU0154,48,2024-05-13,2024-05-13
INB00248,SUP004,HUB-BOM,SKU0257,37,2024-05-13,2024-05-13
INB00248,SUP004,HUB-BOM,SKU0343,38,2024-05-10,2024-05-13
INB00248,SUP004,HUB-BOM,SKU0387,42,2024-05-08,2024-05-13
INB00246,SUP011,HUB-DEL,SKU0017,61,2024-05-12,2024-05-14
INB00246,SUP011,HUB-DEL,SKU0157,58,2024-05-09,2024-05-14
INB00246,SUP011,HUB-DEL,SKU0221,60,2024-05-12,2024-05-14
INB00246,SUP011,HUB-DEL,SKU0277,70,2024-05-12,2024-05-14
INB00246,SUP011,HUB-DEL,SKU0281,58,2024-05-14,2024-05-14
INB00246,SUP011,HUB-DEL,SKU0306,63,2024-05-12,2024-05-14
INB00246,SUP011,HUB-DEL,SKU0459,67,2024-05-14,2024-05-14
INB00247,SUP018,HUB-BLR,SKU0101,113,2024-05-10,2024-05-14
INB00247,SUP018,HUB-BLR,SKU0131,110,2024-05-10,2024-05-14
INB00247,SUP018,HUB-BLR,SKU0162,96,2024-05-12,2024-05-14
INB00247,SUP018,HUB-BLR,SKU0247,104,2024-05-12,2024-05-14
INB00247,SUP018,HUB-BLR,SKU0405,98,2024-05-09,2024-05-14
INB00247,SUP018,HUB-BLR,SKU0460,96,2024-05-13,2024-05-14
INB00248,SUP004,HUB-BOM,SKU0022,43,2024-05-11,2024-05-14
INB00248,SUP004,HUB-BOM,SKU0209,46,2024-05-13,2024-05-14
INB00248,SUP004,HUB-BOM,SKU0266,37,2024-05-09,2024-05-14
INB00248,SUP004,HUB-BOM,SKU0375,41,2024-05-09,2024-05-14
INB00248,SUP004,HUB-BOM,SKU0410,40,2024-05-10,2024-05-14
INB00248,SUP004,HUB-BOM,SKU0470,46,2024-05-12,2024-05-14
INB00248,SUP004,HUB-BOM,SKU0483,46,2024-05-12,2024-05-14
INB00246,SUP011,HUB-DEL,SKU0037,102,2024-05-10,2024-05-15
INB00246,SUP011,HUB-DEL,SKU0055,57,2024-05-13,2024-05-15
INB00246,SUP011,HUB-DEL,SKU0098,68,2024-05-10,2024-05-15
INB00246,SUP011,HUB-DEL,SKU0173,108,2024-05-10,2024-05-15
INB00246,SUP011,HUB-DEL,SKU0261,67,2024-05-14,2024-05-15
INB00246,SUP011,HUB-DEL,SKU0427,67,2024-05-12,2024-05-15
INB00247,SUP018,HUB-BLR,SKU0258,102,2024-05-14,2024-05-15
INB00247,SUP018,HUB-BLR,SKU0304,103,2024-05-14,2024-05-15
INB00247,SUP018,HUB-BLR,SKU0348,93,2024-05-15,2024-05-15
INB00248,SUP004,HUB-BOM,SKU0054,48,2024-05-11,2024-05-15
INB00248,SUP004,HUB-BOM,SKU0119,41,2024-05-11,2024-05-15
INB00248,SUP004,HUB-BOM,SKU0292,49,2024-05-14,2024-05-15
INB00248,SUP004,HUB-BOM,SKU0319,39,2024-05-14,2024-05-15
INB00248,SUP004,HUB-BOM,SKU0331,45,2024-05-13,2024-05-15
INB00248,SUP004,HUB-BOM,SKU0338,37,2024-05-14,2024-05-15
INB00248,SUP004,HUB-BOM,SKU0347,47,2024-05-13,2024-05-15
INB00248,SUP004,HUB-BOM,SKU0490,48,2024-05-10,2024-05-15
INB00246,SUP011,HUB-DEL,SKU0008,77,2024-05-14,2024-05-16
INB00246,SUP011,HUB-DEL,SKU0117,65,2024-05-14,2024-05-16
INB00246,SUP011,HUB-DEL,SKU0316,75,2024-05-15,2024-05-16
INB00246,SUP011,HUB-DEL,SKU0328,88,2024-05-11,2024-05-16
INB00246,SUP011,HUB-DEL,SKU0398,59,2024-05-15,2024-05-16
INB00247,SUP018,HUB-BLR,SKU0120,103,2024-05-13,2024-05-16
INB00247,SUP018,HUB-BLR,SKU0122,109,2024-05-14,2024-05-16
INB00247,SUP018,HUB-BLR,SKU0236,120,2024-05-15,2024-05-16
INB00247,SUP018,HUB-BLR,SKU0360,101,2024-05-13,2024-05-16
INB00247,SUP018,HUB-BLR,SKU0367,145,2024-05-14,2024-05-16
INB00248,SUP004,HUB-BOM,SKU0106,43,2024-05-11,2024-05-16
INB00248,SUP004,HUB-BOM,SKU0176,44,2024-05-15,2024-05-16
INB00248,SUP004,HUB-BOM,SKU0273,39,2024-05-16,2024-05-16
INB00248,SUP004,HUB-BOM,SKU0443,37,2024-05-14,2024-05-16
INB00246,SUP011,HUB-DEL,SKU0030,61,2024-05-15,2024-05-17
INB00246,SUP011,HUB-DEL,SKU0086,66,2024-05-13,2024-05-17
INB00246,SUP011,HUB-DEL,SKU0376,61,2024-05-16,2024-05-17
INB00247,SUP018,HUB-BLR,SKU0166,100,2024-05-12,2024-05-17
INB00247,SUP018,HUB-BLR,SKU0494,99,2024-05-14,2024-05-17
INB00248,SUP004,HUB-BOM,SKU0010,43,2024-05-17,2024-05-17
INB00248,SUP004,HUB-BOM,SKU0090,45,2024-05-17,2024-05-17
INB00248,SUP004,HUB-BOM,SKU0123,38,2024-05-12,2024-05-17
INB00248,SUP004,HUB-BOM,SKU0195,58,2024-05-16,2024-05-17
INB00248,SUP004,HUB-BOM,SKU0218,41,2024-05-13,2024-05-17
INB00248,SUP004,HUB-BOM,SKU0365,41,2024-05-12,2024-05-17
INB00248,SUP004,HUB-BOM,SKU0389,44,2024-05-13,2024-05-17
INB00248,SUP004,HUB-BOM,SKU0096,45,2024-05-17,2024-05-18
INB00248,SUP004,HUB-BOM,SKU0228,39,2024-05-14,2024-05-18
INB00248,SUP004,HUB-BOM,SKU0272,38,2024-05-18,2024-05-18
INB00248,SUP004,HUB-BOM,SKU0461,48,2024-05-15,2024-05-18
INB00246,SUP011,HUB-DEL,SKU0464,73,2024-05-15,2024-05-19
INB00248,SUP004,HUB-BOM,SKU0083,39,2024-05-14,2024-05-19
INB00248,SUP004,HUB-BOM,SKU0250,46,2024-05-15,2024-05-19
INB00248,SUP004,HUB-BOM,SKU0263,53,2024-05-16,2024-05-20
INB00248,SUP004,HUB-BOM,SKU0351,42,2024-05-15,2024-05-20
INB00249,SUP019,HUB-BLR,SKU0035,112,2024-05-17,2024-05-20
INB00249,SUP019,HUB-BLR,SKU0324,100,2024-05-16,2024-05-21
INB00249,SUP019,HUB-BLR,SKU0005,99,2024-05-22,2024-05-22
INB00249,SUP019,HUB-BLR,SKU0369,118,2024-05-21,2024-05-22
INB00249,SUP019,HUB-BLR,SKU0388,108,2024-05-17,2024-05-22
INB00249,SUP019,HUB-BLR,SKU0394,105,2024-05-18,2024-05-22
INB00250,SUP011,HUB-DEL,SKU0208,61,2024-05-17,2024-05-22
INB00249,SUP019,HUB-BLR,SKU0021,100,2024-05-19,2024-05-23
INB00249,SUP019,HUB-BLR,SKU0093,94,2024-05-22,2024-05-23
INB00249,SUP019,HUB-BLR,SKU0179,97,2024-05-19,2024-05-23
INB00249,SUP019,HUB-BLR,SKU0479,109,2024-05-21,2024-05-23
INB00249,SUP019,HUB-BLR,SKU0493,141,2024-05-20,2024-05-23
INB00250,SUP011,HUB-DEL,SKU0115,71,2024-05-21,2024-05-23
INB00250,SUP011,HUB-DEL,SKU0226,90,2024-05-23,2024-05-23
INB00250,SUP011,HUB-DEL,SKU0235,60,2024-05-18,2024-05-23
INB00250,SUP011,HUB-DEL,SKU0256,69,2024-05-19,2024-05-23
INB00250,SUP011,HUB-DEL,SKU0297,71,2024-05-18,2024-05-23
INB00250,SUP011,HUB-DEL,SKU0414,67,2024-05-21,2024-05-23
INB00251,SUP009,HUB-BOM,SKU0428,51,2024-05-19,2024-05-23
INB00251,SUP009,HUB-BOM,SKU0436,43,2024-05-20,2024-05-23
INB00249,SUP019,HUB-BLR,SKU0033,104,2024-05-24,2024-05-24
INB00249,SUP019,HUB-BLR,SKU0224,118,2024-05-20,2024-05-24
INB00249,SUP019,HUB-BLR,SKU0229,99,2024-05-24,2024-05-24
INB00249,SUP019,HUB-BLR,SKU0242,103,2024-05-22,2024-05-24
INB00249,SUP019,HUB-BLR,SKU0361,93,2024-05-19,2024-05-24
INB00249,SUP019,HUB-BLR,SKU0383,126,2024-05-21,2024-05-24
INB00249,SUP019,HUB-BLR,SKU0401,112,2024-05-19,2024-05-24
INB00250,SUP011,HUB-DEL,SKU0031,63,2024-05-20,2024-05-24
INB00250,SUP011,HUB-DEL,SKU0046,70,2024-05-24,2024-05-24
INB00250,SUP011,HUB-DEL,SKU0243,58,2024-05-21,2024-05-24
INB00250,SUP011,HUB-DEL,SKU0265,61,2024-05-20,2024-05-24
INB00251,SUP009,HUB-BOM,SKU0155,44,2024-05-23,2024-05-24
INB00251,SUP009,HUB-BOM,SKU0380,62,2024-05-20,2024-05-24
INB00251,SUP009,HUB-BOM,SKU0411,39,2024-05-22,2024-05-24
INB00249,SUP019,HUB-BLR,SKU0004,127,2024-05-23,2024-05-25
INB00249,SUP019,HUB-BLR,SKU0013,102,2024-05-23,2024-05-25
INB00249,SUP019,HUB-BLR,SKU0269,120,2024-05-25,2024-05-25
INB00249,SUP019,HUB-BLR,SKU0305,99,2024-05-21,2024-05-25
INB00249,SUP019,HUB-BLR,SKU0430,124,2024-05-25,2024-05-25
INB00249,SUP019,HUB-BLR,SKU0445,104,2024-05-25,2024-05-25
INB00250,SUP011,HUB-DEL,SKU0068,57,2024-05-23,2024-05-25
INB00250,SUP011,HUB-DEL,SKU0113,60,2024-05-25,2024-05-25
INB00250,SUP011,HUB-DEL,SKU0149,65,2024-05-22,2024-05-25
INB00250,SUP011,HUB-DEL,SKU0202,68,2024-05-23,2024-05-25
INB00250,SUP011,HUB-DEL,SKU0453,84,2024-05-20,2024-05-25
INB00250,SUP011,HUB-DEL,SKU0463,90,2024-05-21,2024-05-25
INB00251,SUP009,HUB-BOM,SKU0193,40,2024-05-24,2024-05-25
INB00251,SUP009,HUB-BOM,SKU0216,42,2024-05-22,2024-05-25
INB00251,SUP009,HUB-BOM,SKU0373,40,2024-05-23,2024-05-25
INB00249,SUP019,HUB-BLR,SKU0232,117,2024-05-22,2024-05-26
INB00249,SUP019,HUB-BLR,SKU0413,95,2024-05-26,2024-05-26
INB00249,SUP019,HUB-BLR,SKU0433,94,2024-05-25,2024-05-26
INB00250,SUP011,HUB-DEL,SKU0029,59,2024-05-22,2024-05-26
INB00250,SUP011,HUB-DEL,SKU0060,58,2024-05-25,2024-05-26
INB00250,SUP011,HUB-DEL,SKU0138,58,2024-05-22,2024-05-26
INB00250,SUP011,HUB-DEL,SKU0264,77,2024-05-26,2024-05-26
INB00250,SUP011,HUB-DEL,SKU0346,64,2024-05-23,2024-05-26
INB00250,SUP011,HUB-DEL,SKU0424,57,2024-05-24,2024-05-26
INB00250,SUP011,HUB-DEL,SKU0455,61,2024-05-24,2024-05-26
INB00250,SUP011,HUB-DEL,SKU0491,64,2024-05-23,2024-05-26
INB00251,SUP009,HUB-BOM,SKU0025,45,2024-05-21,2024-05-26
INB00251,SUP009,HUB-BOM,SKU0040,49,2024-05-24,2024-05-26
INB00251,SUP009,HUB-BOM,SKU0077,42,2024-05-23,2024-05-26
INB00251,SUP009,HUB-BOM,SKU0189,37,2024-05-22,2024-05-26
INB00251,SUP009,HUB-BOM,SKU0220,38,2024-05-24,2024-05-26
INB00251,SUP009,HUB-BOM,SKU0278,38,2024-05-24,2024-05-26
INB00251,SUP009,HUB-BOM,SKU0315,48,2024-05-26,2024-05-26
INB00251,SUP009,HUB-BOM,SKU0420,45,2024-05-25,2024-05-26
INB00250,SUP011,HUB-DEL,SKU0027,74,2024-05-24,2024-05-27
INB00250,SUP011,HUB-DEL,SKU0142,66,2024-05-23,2024-05-27
INB00250,SUP011,HUB-DEL,SKU0212,80,2024-05-22,2024-05-27
INB00250,SUP011,HUB-DEL,SKU0439,57,2024-05-27,2024-05-27
INB00250,SUP011,HUB-DEL,SKU0447,80,2024-05-26,2024-05-27
INB00251,SUP009,HUB-BOM,SKU0014,47,2024-05-26,2024-05-27
INB00251,SUP009,HUB-BOM,SKU0108,41,2024-05-24,2024-05-27
INB00251,SUP009,HUB-BOM,SKU0116,37,2024-05-23,2024-05-27
INB00251,SUP009,HUB-BOM,SKU0146,39,2024-05-24,2024-05-27
INB00251,SUP009,HUB-BOM,SKU0147,37,2024-05-25,2024-05-27
INB00251,SUP009,HUB-BOM,SKU0151,40,2024-05-27,2024-05-27
INB00251,SUP009,HUB-BOM,SKU0279,39,2024-05-26,2024-05-27
INB00251,SUP009,HUB-BOM,SKU0392,41,2024-05-24,2024-05-27
INB00251,SUP009,HUB-BOM,SKU0415,51,2024-05-26,2024-05-27
INB00249,SUP019,HUB-BLR,SKU0121,95,2024-05-25,2024-05-28
INB00249,SUP019,HUB-BLR,SKU0182,100,2024-05-23,2024-05-28
INB00250,SUP011,HUB-DEL,SKU0092,64,2024-05-28,2024-05-28
INB00250,SUP011,HUB-DEL,SKU0379,89,2024-05-23,2024-05-28
INB00251,SUP009,HUB-BOM,SKU0032,39,2024-05-25,2024-05-28
INB00251,SUP009,HUB-BOM,SKU0056,39,2024-05-26,2024-05-28
INB00251,SUP009,HUB-BOM,SKU0177,41,2024-05-23,2024-05-28
INB00251,SUP009,HUB-BOM,SKU0252,37,2024-05-28,2024-05-28
INB00251,SUP009,HUB-BOM,SKU0350,37,2024-05-26,2024-05-28
INB00251,SUP009,HUB-BOM,SKU0448,58,2024-05-28,2024-05-28
INB00250,SUP011,HUB-DEL,SKU0006,71,2024-05-28,2024-05-29
INB00250,SUP011,HUB-DEL,SKU0053,63,2024-05-25,2024-05-29
INB00250,SUP011,HUB-DEL,SKU0245,69,2024-05-28,2024-05-29
INB00250,SUP011,HUB-DEL,SKU0301,74,2024-05-24,2024-05-29
INB00251,SUP009,HUB-BOM,SKU0161,38,2024-05-26,2024-05-29
INB00251,SUP009,HUB-BOM,SKU0191,41,2024-05-26,2024-05-29
INB00251,SUP009,HUB-BOM,SKU0223,39,2024-05-29,2024-05-29
INB00251,SUP009,HUB-BOM,SKU0275,38,2024-05-25,2024-05-29
INB00251,SUP009,HUB-BOM,SKU0456,43,2024-05-28,2024-05-29
INB00250,SUP011,HUB-DEL,SKU0080,89,2024-05-26,2024-05-30
INB00250,SUP011,HUB-DEL,SKU0187,70,2024-05-30,2024-05-30
INB00250,SUP011,HUB-DEL,SKU0342,78,2024-05-29,2024-05-30
INB00251,SUP009,HUB-BOM,SKU0124,41,2024-05-27,2024-05-30
INB00252,SUP018,HUB-BLR,SKU0130,94,2024-05-29,2024-05-31
INB00252,SUP018,HUB-BLR,SKU0458,143,2024-05-28,2024-05-31
INB00252,SUP018,HUB-BLR,SKU0012,115,2024-05-28,2024-06-01
INB00252,SUP018,HUB-BLR,SKU0091,114,2024-05-27,2024-06-01
INB00252,SUP018,HUB-BLR,SKU0366,114,2024-05-30,2024-06-01
INB00252,SUP018,HUB-BLR,SKU0397,101,2024-05-31,2024-06-01
INB00252,SUP018,HUB-BLR,SKU0197,97,2024-05-31,2024-06-02
INB00252,SUP018,HUB-BLR,SKU0354,107,2024-05-29,2024-06-02
INB00252,SUP018,HUB-BLR,SKU0419,99,2024-05-30,2024-06-02
INB00253,SUP012,HUB-DEL,SKU0003,58,2024-05-29,2024-06-02
INB00253,SUP012,HUB-DEL,SKU0078,61,2024-06-02,2024-06-02
INB00253,SUP012,HUB-DEL,SKU0111,59,2024-05-28,2024-06-02
INB00254,SUP001,HUB-BOM,SKU0262,38,2024-06-02,2024-06-02
INB00252,SUP018,HUB-BLR,SKU0074,102,2024-06-02,2024-06-03
INB00252,SUP018,HUB-BLR,SKU0112,100,2024-06-02,2024-06-03
INB00253,SUP012,HUB-DEL,SKU0059,59,2024-05-29,2024-06-03
INB00253,SUP012,HUB-DEL,SKU0325,87,2024-05-30,2024-06-03
INB00253,SUP012,HUB-DEL,SKU0381,80,2024-06-02,2024-06-03
INB00253,SUP012,HUB-DEL,SKU0384,62,2024-05-30,2024-06-03
INB00253,SUP012,HUB-DEL,SKU0416,67,2024-06-02,2024-06-03
INB00253,SUP012,HUB-DEL,SKU0449,57,2024-05-29,2024-06-03
INB00252,SUP018,HUB-BLR,SKU0165,102,2024-06-01,2024-06-04
INB00252,SUP018,HUB-BLR,SKU0169,128,2024-06-03,2024-06-04
INB00252,SUP018,HUB-BLR,SKU0299,107,2024-05-31,2024-06-04
INB00252,SUP018,HUB-BLR,SKU0450,105,2024-05-30,2024-06-04
INB00252,SUP018,HUB-BLR,SKU0454,125,2024-06-01,2024-06-04
INB00253,SUP012,HUB-DEL,SKU0125,61,2024-05-30,2024-06-04
INB00253,SUP012,HUB-DEL,SKU0133,69,2024-06-03,2024-06-04
INB00253,SUP012,HUB-DEL,SKU0308,72,2024-05-31,2024-06-04
INB00253,SUP012,HUB-DEL,SKU0328,63,2024-06-01,2024-06-04
INB00253,SUP012,HUB-DEL,SKU0334,74,2024-06-01,2024-06-04
INB00253,SUP012,HUB-DEL,SKU0442,71,2024-05-31,2024-06-04
INB00253,SUP012,HUB-DEL,SKU0499,70,2024-06-01,2024-06-04
INB00254,SUP001,HUB-BOM,SKU0088,51,2024-06-01,2024-06-04
INB00254,SUP001,HUB-BOM,SKU0126,42,2024-06-04,2024-06-04
INB00254,SUP001,HUB-BOM,SKU0200,44,2024-06-03,2024-06-04
INB00254,SUP001,HUB-BOM,SKU0241,46,2024-06-03,2024-06-04
INB00254,SUP001,HUB-BOM,SKU0473,42,2024-05-31,2024-06-04
INB00252,SUP018,HUB-BLR,SKU0050,98,2024-06-03,2024-06-05
INB00252,SUP018,HUB-BLR,SKU0082,121,2024-06-04,2024-06-05
INB00252,SUP018,HUB-BLR,SKU0234,122,2024-05-31,2024-06-05
INB00252,SUP018,HUB-BLR,SKU0333,118,2024-05-31,2024-06-05
INB00252,SUP018,HUB-BLR,SKU0345,107,2024-06-01,2024-06-05
INB00252,SUP018,HUB-BLR,SKU0357,107,2024-05-31,2024-06-05
INB00252,SUP018,HUB-BLR,SKU0441,97,2024-06-03,2024-06-05
INB00252,SUP018,HUB-BLR,SKU0466,115,2024-06-01,2024-06-05
INB00252,SUP018,HUB-BLR,SKU0500,109,2024-06-04,2024-06-05
INB00253,SUP012,HUB-DEL,SKU0098,65,2024-06-05,2024-06-05
INB00253,SUP012,HUB-DEL,SKU0184,66,2024-06-01,2024-06-05
INB00253,SUP012,HUB-DEL,SKU0188,60,2024-05-31,2024-06-05
INB00253,SUP012,HUB-DEL,SKU0240,90,2024-05-31,2024-06-05
INB00253,SUP012,HUB-DEL,SKU0296,70,2024-06-03,2024-06-05
INB00253,SUP012,HUB-DEL,SKU0317,64,2024-05-31,2024-06-05
INB00253,SUP012,HUB-DEL,SKU0339,79,2024-05-31,2024-06-05
INB00253,SUP012,HUB-DEL,SKU0364,57,2024-06-05,2024-06-05
INB00253,SUP012,HUB-DEL,SKU0376,66,2024-06-05,2024-06-05
INB00253,SUP012,HUB-DEL,SKU0422,60,2024-06-04,2024-06-05
INB00253,SUP012,HUB-DEL,SKU0462,61,2024-06-05,2024-06-05
INB00254,SUP001,HUB-BOM,SKU0024,48,2024-06-01,2024-06-05
INB00254,SUP001,HUB-BOM,SKU0085,38,2024-05-31,2024-06-05
INB00254,SUP001,HUB-BOM,SKU0164,39,2024-06-01,2024-06-05
INB00254,SUP001,HUB-BOM,SKU0246,40,2024-06-05,2024-06-05
INB00254,SUP001,HUB-BOM,SKU0255,37,2024-06-03,2024-06-05
INB00254,SUP001,HUB-BOM,SKU0431,50,2024-06-04,2024-06-05
INB00254,SUP001,HUB-BOM,SKU0437,39,2024-06-04,2024-06-05
INB00252,SUP018,HUB-BLR,SKU0137,115,2024-06-02,2024-06-06
INB00252,SUP018,HUB-BLR,SKU0143,106,2024-06-06,2024-06-06
INB00252,SUP018,HUB-BLR,SKU0198,118,2024-06-06,2024-06-06
INB00252,SUP018,HUB-BLR,SKU0248,107,2024-06-05,2024-06-06
INB00252,SUP018,HUB-BLR,SKU0313,111,2024-06-03,2024-06-06
INB00252,SUP018,HUB-BLR,SKU0327,95,2024-06-01,2024-06-06
INB00252,SUP018,HUB-BLR,SKU0404,118,2024-06-05,2024-06-06
INB00252,SUP018,HUB-BLR,SKU0486,95,2024-06-03,2024-06-06
INB00253,SUP012,HUB-DEL,SKU0011,61,2024-06-05,2024-06-06
INB00253,SUP012,HUB-DEL,SKU0128,59,2024-06-03,2024-06-06
INB00253,SUP012,HUB-DEL,SKU0221,76,2024-06-04,2024-06-06
INB00253,SUP012,HUB-DEL,SKU0225,66,2024-06-04,2024-06-06
INB00253,SUP012,HUB-DEL,SKU0282,65,2024-06-05,2024-06-06
INB00253,SUP012,HUB-DEL,SKU0417,62,2024-06-03,2024-06-06
INB00254,SUP001,HUB-BOM,SKU0349,41,2024-06-06,2024-06-06
INB00254,SUP001,HUB-BOM,SKU0425,42,2024-06-05,2024-06-06
INB00254,SUP001,HUB-BOM,SKU0451,49,2024-06-03,2024-06-06
INB00252,SUP018,HUB-BLR,SKU0156,96,2024-06-04,2024-06-07
INB00252,SUP018,HUB-BLR,SKU0239,100,2024-06-06,2024-06-07
INB00253,SUP012,HUB-DEL,SKU0102,95,2024-06-03,2024-06-07
INB00253,SUP012,HUB-DEL,SKU0163,66,2024-06-04,2024-06-07
INB00253,SUP012,HUB-DEL,SKU0231,73,2024-06-07,2024-06-07
INB00253,SUP012,HUB-DEL,SKU0238,67,2024-06-05,2024-06-07
INB00253,SUP012,HUB-DEL,SKU0267,62,2024-06-05,2024-06-07
INB00253,SUP012,HUB-DEL,SKU0284,64,2024-06-07,2024-06-07
INB00253,SUP012,HUB-DEL,SKU0293,71,2024-06-07,2024-06-07
INB00253,SUP012,HUB-DEL,SKU0316,60,2024-06-07,2024-06-07
INB00253,SUP012,HUB-DEL,SKU0321,57,2024-06-02,2024-06-07
INB00253,SUP012,HUB-DEL,SKU0393,72,2024-06-05,2024-06-07
INB00253,SUP012,HUB-DEL,SKU0467,79,2024-06-05,2024-06-07
INB00254,SUP001,HUB-BOM,SKU0170,48,2024-06-06,2024-06-07
INB00254,SUP001,HUB-BOM,SKU0171,40,2024-06-04,2024-06-07
INB00254,SUP001,HUB-BOM,SKU0310,49,2024-06-05,2024-06-07
INB00254,SUP001,HUB-BOM,SKU0340,52,2024-06-06,2024-06-07
INB00254,SUP001,HUB-BOM,SKU0391,39,2024-06-02,2024-06-07
INB00254,SUP001,HUB-BOM,SKU0406,44,2024-06-04,2024-06-07
INB00254,SUP001,HUB-BOM,SKU0471,48,2024-06-03,2024-06-07
INB00253,SUP012,HUB-DEL,SKU0043,81,2024-06-08,2024-06-08
INB00253,SUP012,HUB-DEL,SKU0075,60,2024-06-05,2024-06-08
INB00253,SUP012,HUB-DEL,SKU0204,66,2024-06-03,2024-06-08
INB00253,SUP012,HUB-DEL,SKU0261,64,2024-06-08,2024-06-08
INB00254,SUP001,HUB-BOM,SKU0020,37,2024-06-04,2024-06-08
INB00254,SUP001,HUB-BOM,SKU0070,45,2024-06-03,2024-06-08
INB00254,SUP001,HUB-BOM,SKU0395,47,2024-06-07,2024-06-08
INB00253,SUP012,HUB-DEL,SKU0086,62,2024-06-06,2024-06-09
INB00253,SUP012,HUB-DEL,SKU0298,62,2024-06-07,2024-06-09
INB00254,SUP001,HUB-BOM,SKU0446,40,2024-06-09,2024-06-09
INB00253,SUP012,HUB-DEL,SKU0042,77,2024-06-09,2024-06-10
INB00253,SUP012,HUB-DEL,SKU0289,76,2024-06-10,2024-06-10
INB00254,SUP001,HUB-BOM,SKU0214,37,2024-06-05,2024-06-10
INB00255,SUP005,HUB-BLR,SKU0122,105,2024-06-09,2024-06-10
INB00255,SUP005,HUB-BLR,SKU0475,112,2024-06-07,2024-06-10
INB00254,SUP001,HUB-BOM,SKU0477,48,2024-06-10,2024-06-11
INB00255,SUP005,HUB-BLR,SKU0418,97,2024-06-07,2024-06-11
INB00255,SUP005,HUB-BLR,SKU0109,93,2024-06-08,2024-06-12
INB00255,SUP005,HUB-BLR,SKU0322,107,2024-06-07,2024-06-12
INB00255,SUP005,HUB-BLR,SKU0041,104,2024-06-12,2024-06-13
INB00255,SUP005,HUB-BLR,SKU0089,96,2024-06-10,2024-06-13
INB00255,SUP005,HUB-BLR,SKU0110,93,2024-06-11,2024-06-13
INB00255,SUP005,HUB-BLR,SKU0185,95,2024-06-10,2024-06-13
INB00255,SUP005,HUB-BLR,SKU0294,96,2024-06-11,2024-06-13
INB00255,SUP005,HUB-BLR,SKU0368,110,2024-06-12,2024-06-13
INB00256,SUP011,HUB-DEL,SKU0426,76,2024-06-12,2024-06-13
INB00255,SUP005,HUB-BLR,SKU0079,109,2024-06-09,2024-06-14
INB00255,SUP005,HUB-BLR,SKU0140,123,2024-06-12,2024-06-14
INB00255,SUP005,HUB-BLR,SKU0172,128,2024-06-11,2024-06-14
INB00255,SUP005,HUB-BLR,SKU0222,122,2024-06-11,2024-06-14
INB00255,SUP005,HUB-BLR,SKU0377,95,2024-06-14,2024-06-14
INB00255,SUP005,HUB-BLR,SKU0409,95,2024-06-09,2024-06-14
INB00255,SUP005,HUB-BLR,SKU0440,121,2024-06-10,2024-06-14
INB00256,SUP011,HUB-DEL,SKU0036,94,2024-06-13,2024-06-14
INB00256,SUP011,HUB-DEL,SKU0055,63,2024-06-09,2024-06-14
INB00257,SUP015,HUB-BOM,SKU0001,41,2024-06-11,2024-06-14
INB00257,SUP015,HUB-BOM,SKU0150,39,2024-06-12,2024-06-14
INB00257,SUP015,HUB-BOM,SKU0355,46,2024-06-11,2024-06-14
INB00257,SUP015,HUB-BOM,SKU0396,38,2024-06-11,2024-06-14
INB00257,SUP015,HUB-BOM,SKU0457,46,2024-06-11,2024-06-14
INB00255,SUP005,HUB-BLR,SKU0038,104,2024-06-10,2024-06-15
INB00255,SUP005,HUB-BLR,SKU0206,112,2024-06-15,2024-06-15
INB00255,SUP005,HUB-BLR,SKU0236,109,2024-06-14,2024-06-15
INB00256,SUP011,HUB-DEL,SKU0464,71,2024-06-15,2024-06-15
INB00257,SUP015,HUB-BOM,SKU0228,40,2024-06-13,2024-06-15
INB00257,SUP015,HUB-BOM,SKU0280,40,2024-06-12,2024-06-15
INB00256,SUP011,HUB-DEL,SKU0002,76,2024-06-16,2024-06-16
INB00256,SUP011,HUB-DEL,SKU0062,75,2024-06-11,2024-06-16
INB00256,SUP011,HUB-DEL,SKU0144,67,2024-06-11,2024-06-16
INB00256,SUP011,HUB-DEL,SKU0398,75,2024-06-13,2024-06-16
INB00257,SUP015,HUB-BOM,SKU0019,40,2024-06-16,2024-06-16
INB00257,SUP015,HUB-BOM,SKU0028,39,2024-06-13,2024-06-16
INB00257,SUP015,HUB-BOM,SKU0139,45,2024-06-14,2024-06-16
INB00257,SUP015,HUB-BOM,SKU0159,38,2024-06-11,2024-06-16
INB00257,SUP015,HUB-BOM,SKU0178,39,2024-06-11,2024-06-16
INB00257,SUP015,HUB-BOM,SKU0254,38,2024-06-11,2024-06-16
INB00257,SUP015,HUB-BOM,SKU0302,46,2024-06-16,2024-06-16
INB00257,SUP015,HUB-BOM,SKU0337,38,2024-06-12,2024-06-16
INB00255,SUP005,HUB-BLR,SKU0065,123,2024-06-16,2024-06-17
INB00255,SUP005,HUB-BLR,SKU0217,116,2024-06-17,2024-06-17
INB00255,SUP005,HUB-BLR,SKU0237,112,2024-06-13,2024-06-17
INB00255,SUP005,HUB-BLR,SKU0326,102,2024-06-13,2024-06-17
INB00255,SUP005,HUB-BLR,SKU0401,117,2024-06-13,2024-06-17
INB00256,SUP011,HUB-DEL,SKU0030,84,2024-06-16,2024-06-17
INB00256,SUP011,HUB-DEL,SKU0039,60,2024-06-13,2024-06-17
INB00256,SUP011,HUB-DEL,SKU0194,57,2024-06-13,2024-06-17
INB00256,SUP011,HUB-DEL,SKU0314,75,2024-06-17,2024-06-17
INB00256,SUP011,HUB-DEL,SKU0386,59,2024-06-17,2024-06-17
INB00256,SUP011,HUB-DEL,SKU0424,67,2024-06-12,2024-06-17
INB00256,SUP011,HUB-DEL,SKU0427,72,2024-06-12,2024-06-17
INB00256,SUP011,HUB-DEL,SKU0459,71,2024-06-16,2024-06-17
INB00256,SUP011,HUB-DEL,SKU0478,65,2024-06-17,2024-06-17
INB00256,SUP011,HUB-DEL,SKU0487,58,2024-06-13,2024-06-17
INB00257,SUP015,HUB-BOM,SKU0378,41,2024-06-14,2024-06-17
INB00257,SUP015,HUB-BOM,SKU0421,47,2024-06-17,2024-06-17
INB00257,SUP015,HUB-BOM,SKU0469,47,2024-06-16,2024-06-17
INB00256,SUP011,HUB-DEL,SKU0243,61,2024-06-17,2024-06-18
INB00256,SUP011,HUB-DEL,SKU0341,76,2024-06-13,2024-06-18
INB00257,SUP015,HUB-BOM,SKU0097,41,2024-06-15,2024-06-18
INB00257,SUP015,HUB-BOM,SKU0189,42,2024-06-16,2024-06-18
INB00257,SUP015,HUB-BOM,SKU0311,46,2024-06-13,2024-06-18
INB00256,SUP011,HUB-DEL,SKU0057,70,2024-06-14,2024-06-19
INB00256,SUP011,HUB-DEL,SKU0207,57,2024-06-16,2024-06-19
INB00256,SUP011,HUB-DEL,SKU0382,70,2024-06-17,2024-06-19
INB00257,SUP015,HUB-BOM,SKU0076,43,2024-06-14,2024-06-19
INB00257,SUP015,HUB-BOM,SKU0263,40,2024-06-18,2024-06-19
INB00257,SUP015,HUB-BOM,SKU0443,45,2024-06-15,2024-06-19
INB00255,SUP005,HUB-BLR,SKU0099,121,2024-06-16,2024-06-20
INB00256,SUP011,HUB-DEL,SKU0149,58,2024-06-20,2024-06-20
INB00257,SUP015,HUB-BOM,SKU0168,46,2024-06-16,2024-06-20
INB00257,SUP015,HUB-BOM,SKU0219,38,2024-06-15,2024-06-20
INB00257,SUP015,HUB-BOM,SKU0300,44,2024-06-18,2024-06-20
INB00257,SUP015,HUB-BOM,SKU0353,41,2024-06-20,2024-06-20
INB00257,SUP015,HUB-BOM,SKU0476,38,2024-06-20,2024-06-20
INB00256,SUP011,HUB-DEL,SKU0134,80,2024-06-16,2024-06-21
INB00257,SUP015,HUB-BOM,SKU0118,44,2024-06-17,2024-06-21
INB00257,SUP015,HUB-BOM,SKU0129,39,2024-06-20,2024-06-21
INB00257,SUP015,HUB-BOM,SKU0181,38,2024-06-21,2024-06-21
INB00258,SUP003,HUB-BLR,SKU0069,93,2024-06-21,2024-06-23
INB00258,SUP003,HUB-BLR,SKU0309,93,2024-06-21,2024-06-23
INB00258,SUP003,HUB-BLR,SKU0484,102,2024-06-22,2024-06-23
INB00258,SUP003,HUB-BLR,SKU0061,111,2024-06-20,2024-06-24
INB00258,SUP003,HUB-BLR,SKU0460,115,2024-06-23,2024-06-24
INB00259,SUP012,HUB-DEL,SKU0060,59,2024-06-21,2024-06-24
INB00259,SUP012,HUB-DEL,SKU0235,84,2024-06-20,2024-06-24
INB00260,SUP006,HUB-BOM,SKU0084,43,2024-06-19,2024-06-24
INB00260,SUP006,HUB-BOM,SKU0482,39,2024-06-24,2024-06-24
INB00258,SUP003,HUB-BLR,SKU0227,114,2024-06-22,2024-06-25
INB00258,SUP003,HUB-BLR,SKU0258,107,2024-06-20,2024-06-25
INB00258,SUP003,HUB-BLR,SKU0285,98,2024-06-22,2024-06-25
INB00259,SUP012,HUB-DEL,SKU0015,65,2024-06-23,2024-06-25
INB00259,SUP012,HUB-DEL,SKU0157,68,2024-06-22,2024-06-25
INB00259,SUP012,HUB-DEL,SKU0230,60,2024-06-23,2024-06-25
INB00259,SUP012,HUB-DEL,SKU0253,80,2024-06-21,2024-06-25
INB00259,SUP012,HUB-DEL,SKU0417,61,2024-06-25,2024-06-25
INB00259,SUP012,HUB-DEL,SKU0439,68,2024-06-22,2024-06-25
INB00259,SUP012,HUB-DEL,SKU0498,62,2024-06-25,2024-06-25
INB00260,SUP006,HUB-BOM,SKU0174,41,2024-06-23,2024-06-25
INB00260,SUP006,HUB-BOM,SKU0195,50,2024-06-24,2024-06-25
INB00258,SUP003,HUB-BLR,SKU0203,108,2024-06-21,2024-06-26
INB00258,SUP003,HUB-BLR,SKU0269,94,2024-06-25,2024-06-26
INB00258,SUP003,HUB-BLR,SKU0291,95,2024-06-25,2024-06-26
INB00258,SUP003,HUB-BLR,SKU0304,101,2024-06-26,2024-06-26
INB00258,SUP003,HUB-BLR,SKU0335,115,2024-06-24,2024-06-26
INB00258,SUP003,HUB-BLR,SKU0480,139,2024-06-23,2024-06-26
INB00258,SUP003,HUB-BLR,SKU0492,114,2024-06-23,2024-06-26
INB00259,SUP012,HUB-DEL,SKU0048,58,2024-06-26,2024-06-26
INB00259,SUP012,HUB-DEL,SKU0412,63,2024-06-22,2024-06-26
INB00259,SUP012,HUB-DEL,SKU0463,59,2024-06-22,2024-06-26
INB00259,SUP012,HUB-DEL,SKU0467,82,2024-06-21,2024-06-26
INB00260,SUP006,HUB-BOM,SKU0119,48,2024-06-26,2024-06-26
INB00260,SUP006,HUB-BOM,SKU0152,48,2024-06-24,2024-06-26
INB00260,SUP006,HUB-BOM,SKU0210,39,2024-06-21,2024-06-26
INB00260,SUP006,HUB-BOM,SKU0276,37,2024-06-21,2024-06-26
INB00258,SUP003,HUB-BLR,SKU0063,103,2024-06-25,2024-06-27
INB00258,SUP003,HUB-BLR,SKU0094,108,2024-06-24,2024-06-27
INB00258,SUP003,HUB-BLR,SKU0121,111,2024-06-25,2024-06-27
INB00258,SUP003,HUB-BLR,SKU0271,107,2024-06-27,2024-06-27
INB00258,SUP003,HUB-BLR,SKU0295,119,2024-06-27,2024-06-27
INB00258,SUP003,HUB-BLR,SKU0303,97,2024-06-24,2024-06-27
INB00258,SUP003,HUB-BLR,SKU0363,93,2024-06-27,2024-06-27
INB00259,SUP012,HUB-DEL,SKU0053,60,2024-06-27,2024-06-27
INB00259,SUP012,HUB-DEL,SKU0100,76,2024-06-24,2024-06-27
INB00259,SUP012,HUB-DEL,SKU0135,66,2024-06-24,2024-06-27
INB00259,SUP012,HUB-DEL,SKU0215,70,2024-06-22,2024-06-27
INB00259,SUP012,HUB-DEL,SKU0356,83,2024-06-23,2024-06-27
INB00259,SUP012,HUB-DEL,SKU0478,57,2024-06-24,2024-06-27
INB00260,SUP006,HUB-BOM,SKU0370,44,2024-06-22,2024-06-27
INB00260,SUP006,HUB-BOM,SKU0400,40,2024-06-25,2024-06-27
INB00260,SUP006,HUB-BOM,SKU0402,42,2024-06-23,2024-06-27
INB00258,SUP003,HUB-BLR,SKU0270,116,2024-06-25,2024-06-28
INB00258,SUP003,HUB-BLR,SKU0320,117,2024-06-27,2024-06-28
INB00258,SUP003,HUB-BLR,SKU0332,111,2024-06-26,2024-06-28
INB00258,SUP003,HUB-BLR,SKU0435,97,2024-06-23,2024-06-28
INB00258,SUP003,HUB-BLR,SKU0493,116,2024-06-23,2024-06-28
INB00258,SUP003,HUB-BLR,SKU0495,94,2024-06-26,2024-06-28
INB00259,SUP012,HUB-DEL,SKU0042,61,2024-06-23,2024-06-28
INB00259,SUP012,HUB-DEL,SKU0141,60,2024-06-25,2024-06-28
INB00259,SUP012,HUB-DEL,SKU0277,73,2024-06-28,2024-06-28
INB00259,SUP012,HUB-DEL,SKU0416,58,2024-06-28,2024-06-28
INB00260,SUP006,HUB-BOM,SKU0067,38,2024-06-24,2024-06-28
INB00260,SUP006,HUB-BOM,SKU0213,38,2024-06-24,2024-06-28
INB00260,SUP006,HUB-BOM,SKU0262,37,2024-06-23,2024-06-28
INB00260,SUP006,HUB-BOM,SKU0330,42,2024-06-27,2024-06-28
INB00260,SUP006,HUB-BOM,SKU0338,42,2024-06-28,2024-06-28
INB00258,SUP003,HUB-BLR,SKU0023,133,2024-06-26,2024-06-29
INB00258,SUP003,HUB-BLR,SKU0081,125,2024-06-29,2024-06-29
INB00258,SUP003,HUB-BLR,SKU0148,113,2024-06-25,2024-06-29
INB00258,SUP003,HUB-BLR,SKU0205,98,2024-06-29,2024-06-29
INB00258,SUP003,HUB-BLR,SKU0336,107,2024-06-26,2024-06-29
INB00258,SUP003,HUB-BLR,SKU0489,95,2024-06-29,2024-06-29
INB00258,SUP003,HUB-BLR,SKU0494,130,2024-06-29,2024-06-29
INB00259,SUP012,HUB-DEL,SKU0008,79,2024-06-29,2024-06-29
INB00259,SUP012,HUB-DEL,SKU0312,68,2024-06-26,2024-06-29
INB00259,SUP012,HUB-DEL,SKU0318,62,2024-06-29,2024-06-29
INB00260,SUP006,HUB-BOM,SKU0066,48,2024-06-24,2024-06-29
INB00260,SUP006,HUB-BOM,SKU0374,38,2024-06-29,2024-06-29
INB00260,SUP006,HUB-BOM,SKU0485,45,2024-06-29,2024-06-29
INB00258,SUP003,HUB-BLR,SKU0026,99,2024-06-27,2024-06-30
INB00258,SUP003,HUB-BLR,SKU0051,115,2024-06-27,2024-06-30
INB00258,SUP003,HUB-BLR,SKU0073,110,2024-06-27,2024-06-30
INB00258,SUP003,HUB-BLR,SKU0192,112,2024-06-26,2024-06-30
INB00258,SUP003,HUB-BLR,SKU0283,139,2024-06-30,2024-06-30
INB00258,SUP003,HUB-BLR,SKU0362,103,2024-06-26,2024-06-30
INB00258,SUP003,HUB-BLR,SKU0385,103,2024-06-28,2024-06-30
INB00259,SUP012,HUB-DEL,SKU0256,70,2024-06-25,2024-06-30
INB00259,SUP012,HUB-DEL,SKU0390,94,2024-06-27,2024-06-30
INB00259,SUP012,HUB-DEL,SKU0403,59,2024-06-29,2024-06-30
INB00260,SUP006,HUB-BOM,SKU0272,52,2024-06-26,2024-06-30
INB00260,SUP006,HUB-BOM,SKU0372,40,2024-06-25,2024-06-30
INB00258,SUP003,HUB-BLR,SKU0087,115,2024-07-01,2024-07-01
INB00258,SUP003,HUB-BLR,SKU0323,93,2024-06-27,2024-07-01
INB00258,SUP003,HUB-BLR,SKU0344,111,2024-06-28,2024-07-01
INB00260,SUP006,HUB-BOM,SKU0106,42,2024-06-27,2024-07-01
INB00259,SUP012,HUB-DEL,SKU0115,68,2024-06-30,2024-07-02
INB00260,SUP006,HUB-BOM,SKU0319,42,2024-06-30,2024-07-02
INB00260,SUP006,HUB-BOM,SKU0343,39,2024-07-02,2024-07-02
INB00261,SUP008,HUB-BLR,SKU0383,125,2024-07-04,2024-07-04
INB00261,SUP008,HUB-BLR,SKU0201,120,2024-07-04,2024-07-05
INB00261,SUP008,HUB-BLR,SKU0430,103,2024-07-01,2024-07-05
INB00262,SUP013,HUB-DEL,SKU0125,69,2024-07-05,2024-07-05
INB00262,SUP013,HUB-DEL,SKU0133,63,2024-07-01,2024-07-05
INB00262,SUP013,HUB-DEL,SKU0306,69,2024-07-02,2024-07-05
INB00263,SUP002,HUB-BOM,SKU0199,42,2024-07-01,2024-07-05
INB00263,SUP002,HUB-BOM,SKU0373,41,2024-07-05,2024-07-05
INB00263,SUP002,HUB-BOM,SKU0448,39,2024-07-03,2024-07-05
INB00261,SUP008,HUB-BLR,SKU0044,117,2024-07-06,2024-07-06
INB00261,SUP008,HUB-BLR,SKU0101,108,2024-07-06,2024-07-06
INB00261,SUP008,HUB-BLR,SKU0145,115,2024-07-05,2024-07-06
INB00261,SUP008,HUB-BLR,SKU0211,131,2024-07-06,2024-07-06
INB00261,SUP008,HUB-BLR,SKU0232,111,2024-07-02,2024-07-06
INB00261,SUP008,HUB-BLR,SKU0352,150,2024-07-02,2024-07-06
INB00261,SUP008,HUB-BLR,SKU0397,94,2024-07-02,2024-07-06
INB00262,SUP013,HUB-DEL,SKU0045,71,2024-07-06,2024-07-06
INB00262,SUP013,HUB-DEL,SKU0092,62,2024-07-02,2024-07-06
INB00262,SUP013,HUB-DEL,SKU0098,61,2024-07-04,2024-07-06
INB00262,SUP013,HUB-DEL,SKU0455,62,2024-07-04,2024-07-06
INB00263,SUP002,HUB-BOM,SKU0191,55,2024-07-01,2024-07-06
INB00261,SUP008,HUB-BLR,SKU0033,99,2024-07-06,2024-07-07
INB00261,SUP008,HUB-BLR,SKU0120,101,2024-07-05,2024-07-07
INB00261,SUP008,HUB-BLR,SKU0175,127,2024-07-04,2024-07-07
INB00261,SUP008,HUB-BLR,SKU0242,100,2024-07-03,2024-07-07
INB00261,SUP008,HUB-BLR,SKU0288,114,2024-07-07,2024-07-07
INB00261,SUP008,HUB-BLR,SKU0367,107,2024-07-04,2024-07-07
INB00261,SUP008,HUB-BLR,SKU0371,96,2024-07-02,2024-07-07
INB00261,SUP008,HUB-BLR,SKU0419,101,2024-07-06,2024-07-07
INB00261,SUP008,HUB-BLR,SKU0488,134,2024-07-03,2024-07-07
INB00262,SUP013,HUB-DEL,SKU0006,59,2024-07-07,2024-07-07
INB00262,SUP013,HUB-DEL,SKU0031,75,2024-07-06,2024-07-07
INB00262,SUP013,HUB-DEL,SKU0095,66,2024-07-06,2024-07-07
INB00262,SUP013,HUB-DEL,SKU0173,102,2024-07-06,2024-07-07
INB00262,SUP013,HUB-DEL,SKU0249,62,2024-07-02,2024-07-07
INB00262,SUP013,HUB-DEL,SKU0261,61,2024-07-04,2024-07-07
INB00262,SUP013,HUB-DEL,SKU0281,63,2024-07-03,2024-07-07
INB00262,SUP013,HUB-DEL,SKU0282,58,2024-07-05,2024-07-07
INB00263,SUP002,HUB-BOM,SKU0010,39,2024-07-05,2024-07-07
INB00263,SUP002,HUB-BOM,SKU0054,37,2024-07-07,2024-07-07
INB00263,SUP002,HUB-BOM,SKU0056,37,2024-07-04,2024-07-07
INB00263,SUP002,HUB-BOM,SKU0070,46,2024-07-05,2024-07-07
INB00263,SUP002,HUB-BOM,SKU0114,40,2024-07-02,2024-07-07
INB00263,SUP002,HUB-BOM,SKU0160,47,2024-07-03,2024-07-07
INB00263,SUP002,HUB-BOM,SKU0287,37,2024-07-03,2024-07-07
INB00263,SUP002,HUB-BOM,SKU0420,51,2024-07-07,2024-07-07
INB00263,SUP002,HUB-BOM,SKU0451,41,2024-07-07,2024-07-07
INB00263,SUP002,HUB-BOM,SKU0452,42,2024-07-03,2024-07-07
INB00261,SUP008,HUB-BLR,SKU0093,93,2024-07-05,2024-07-08
INB00261,SUP008,HUB-BLR,SKU0158,120,2024-07-06,2024-07-08
INB00261,SUP008,HUB-BLR,SKU0166,98,2024-07-06,2024-07-08
INB00261,SUP008,HUB-BLR,SKU0423,94,2024-07-05,2024-07-08
INB00262,SUP013,HUB-DEL,SKU0046,63,2024-07-06,2024-07-08
INB00262,SUP013,HUB-DEL,SKU0190,74,2024-07-04,2024-07-08
INB00262,SUP013,HUB-DEL,SKU0196,66,2024-07-05,2024-07-08
INB00262,SUP013,HUB-DEL,SKU0264,90,2024-07-05,2024-07-08
INB00262,SUP013,HUB-DEL,SKU0297,80,2024-07-08,2024-07-08
INB00262,SUP013,HUB-DEL,SKU0422,66,2024-07-04,2024-07-08
INB00263,SUP002,HUB-BOM,SKU0107,37,2024-07-07,2024-07-08
INB00263,SUP002,HUB-BOM,SKU0186,37,2024-07-05,2024-07-08
INB00263,SUP002,HUB-BOM,SKU0274,44,2024-07-06,2024-07-08
INB00263,SUP002,HUB-BOM,SKU0428,39,2024-07-03,2024-07-08
INB00263,SUP002,HUB-BOM,SKU0438,40,2024-07-06,2024-07-08
INB00261,SUP008,HUB-BLR,SKU0153,129,2024-07-08,2024-07-09
INB00261,SUP008,HUB-BLR,SKU0167,96,2024-07-04,2024-07-09
INB00261,SUP008,HUB-BLR,SKU0183,137,2024-07-08,2024-07-09
INB00261,SUP008,HUB-BLR,SKU0244,105,2024-07-04,2024-07-09
INB00262,SUP013,HUB-DEL,SKU0043,73,2024-07-08,2024-07-09
INB00262,SUP013,HUB-DEL,SKU0078,94,2024-07-09,2024-07-09
INB00262,SUP013,HUB-DEL,SKU0212,59,2024-07-05,2024-07-09
INB00262,SUP013,HUB-DEL,SKU0468,72,2024-07-09,2024-07-09
INB00262,SUP013,HUB-DEL,SKU0491,66,2024-07-05,2024-07-09
INB00263,SUP002,HUB-BOM,SKU0077,47,2024-07-07,2024-07-09
INB00263,SUP002,HUB-BOM,SKU0259,42,2024-07-09,2024-07-09
INB00263,SUP002,HUB-BOM,SKU0260,44,2024-07-06,2024-07-09
INB00263,SUP002,HUB-BOM,SKU0307,44,2024-07-06,2024-07-09
INB00263,SUP002,HUB-BOM,SKU0365,39,2024-07-06,2024-07-09
INB00263,SUP002,HUB-BOM,SKU0474,42,2024-07-05,2024-07-09
INB00261,SUP008,HUB-BLR,SKU0018,97,2024-07-05,2024-07-10
INB00261,SUP008,HUB-BLR,SKU0429,120,2024-07-10,2024-07-10
INB00261,SUP008,HUB-BLR,SKU0433,100,2024-07-06,2024-07-10
INB00261,SUP008,HUB-BLR,SKU0444,118,2024-07-07,2024-07-10
INB00262,SUP013,HUB-DEL,SKU0017,62,2024-07-05,2024-07-10
INB00262,SUP013,HUB-DEL,SKU0103,69,2024-07-06,2024-07-10
INB00262,SUP013,HUB-DEL,SKU0104,66,2024-07-10,2024-07-10
INB00262,SUP013,HUB-DEL,SKU0113,80,2024-07-06,2024-07-10
INB00262,SUP013,HUB-DEL,SKU0138,60,2024-07-06,2024-07-10
INB00262,SUP013,HUB-DEL,SKU0325,62,2024-07-08,2024-07-10
INB00263,SUP002,HUB-BOM,SKU0049,39,2024-07-09,2024-07-10
INB00263,SUP002,HUB-BOM,SKU0375,37,2024-07-08,2024-07-10
INB00261,SUP008,HUB-BLR,SKU0251,103,2024-07-07,2024-07-11
INB00262,SUP013,HUB-DEL,SKU0007,78,2024-07-08,2024-07-11
INB00262,SUP013,HUB-DEL,SKU0052,71,2024-07-07,2024-07-11
INB00263,SUP002,HUB-BOM,SKU0096,37,2024-07-06,2024-07-11
INB00263,SUP002,HUB-BOM,SKU0266,38,2024-07-10,2024-07-11
INB00263,SUP002,HUB-BOM,SKU0331,58,2024-07-06,2024-07-11
INB00263,SUP002,HUB-BOM,SKU0415,40,2024-07-11,2024-07-11
INB00263,SUP002,HUB-BOM,SKU0434,51,2024-07-08,2024-07-11
INB00262,SUP013,HUB-DEL,SKU0037,77,2024-07-10,2024-07-12
INB00262,SUP013,HUB-DEL,SKU0381,68,2024-07-12,2024-07-12
INB00262,SUP013,HUB-DEL,SKU0233,62,2024-07-09,2024-07-13
INB00264,SUP015,HUB-BOM,SKU0176,37,2024-07-11,2024-07-14
INB00264,SUP015,HUB-BOM,SKU0241,42,2024-07-10,2024-07-14
INB00265,SUP010,HUB-BLR,SKU0063,116,2024-07-13,2024-07-14
INB00265,SUP010,HUB-BLR,SKU0162,145,2024-07-12,2024-07-14
INB00265,SUP010,HUB-BLR,SKU0344,131,2024-07-09,2024-07-14
INB00265,SUP010,HUB-BLR,SKU0369,104,2024-07-10,2024-07-14
INB00265,SUP010,HUB-BLR,SKU0486,105,2024-07-10,2024-07-14
INB00264,SUP015,HUB-BOM,SKU0146,41,2024-07-15,2024-07-15
INB00264,SUP015,HUB-BOM,SKU0432,56,2024-07-15,2024-07-15
INB00265,SUP010,HUB-BLR,SKU0121,93,2024-07-12,2024-07-15
INB00265,SUP010,HUB-BLR,SKU0285,94,2024-07-13,2024-07-15
INB00265,SUP010,HUB-BLR,SKU0303,111,2024-07-15,2024-07-15
INB00265,SUP010,HUB-BLR,SKU0305,122,2024-07-12,2024-07-15
INB00265,SUP010,HUB-BLR,SKU0404,103,2024-07-15,2024-07-15
INB00264,SUP015,HUB-BOM,SKU0009,43,2024-07-11,2024-07-16
INB00264,SUP015,HUB-BOM,SKU0058,48,2024-07-16,2024-07-16
INB00264,SUP015,HUB-BOM,SKU0076,40,2024-07-15,2024-07-16
INB00264,SUP015,HUB-BOM,SKU0154,39,2024-07-13,2024-07-16
INB00264,SUP015,HUB-BOM,SKU0168,37,2024-07-13,2024-07-16
INB00264,SUP015,HUB-BOM,SKU0177,39,2024-07-12,2024-07-16
INB00264,SUP015,HUB-BOM,SKU0220,55,2024-07-13,2024-07-16
INB00264,SUP015,HUB-BOM,SKU0292,41,2024-07-14,2024-07-16
INB00265,SUP010,HUB-BLR,SKU0061,95,2024-07-16,2024-07-16
INB00265,SUP010,HUB-BLR,SKU0071,153,2024-07-12,2024-07-16
INB00265,SUP010,HUB-BLR,SKU0165,132,2024-07-13,2024-07-16
INB00265,SUP010,HUB-BLR,SKU0182,117,2024-07-15,2024-07-16
INB00265,SUP010,HUB-BLR,SKU0236,122,2024-07-13,2024-07-16
INB00265,SUP010,HUB-BLR,SKU0324,102,2024-07-16,2024-07-16
INB00265,SUP010,HUB-BLR,SKU0388,154,2024-07-12,2024-07-16
INB00265,SUP010,HUB-BLR,SKU0445,138,2024-07-12,2024-07-16
INB00265,SUP010,HUB-BLR,SKU0454,100,2024-07-16,2024-07-16
INB00265,SUP010,HUB-BLR,SKU0458,123,2024-07-13,2024-07-16
INB00265,SUP010,HUB-BLR,SKU0472,133,2024-07-12,2024-07-16
INB00265,SUP010,HUB-BLR,SKU0493,123,2024-07-16,2024-07-16
INB00266,SUP012,HUB-DEL,SKU0334,83,2024-07-12,2024-07-16
INB00266,SUP012,HUB-DEL,SKU0341,61,2024-07-14,2024-07-16
INB00264,SUP015,HUB-BOM,SKU0083,40,2024-07-12,2024-07-17
INB00264,SUP015,HUB-BOM,SKU0147,44,2024-07-14,2024-07-17
INB00264,SUP015,HUB-BOM,SKU0164,37,2024-07-14,2024-07-17
INB00264,SUP015,HUB-BOM,SKU0340,42,2024-07-15,2024-07-17
INB00264,SUP015,HUB-BOM,SKU0461,43,2024-07-13,2024-07-17
INB00264,SUP015,HUB-BOM,SKU0481,45,2024-07-13,2024-07-17
INB00265,SUP010,HUB-BLR,SKU0130,149,2024-07-14,2024-07-17
INB00265,SUP010,HUB-BLR,SKU0197,116,2024-07-15,2024-07-17
INB00265,SUP010,HUB-BLR,SKU0203,93,2024-07-17,2024-07-17
INB00265,SUP010,HUB-BLR,SKU0234,98,2024-07-13,2024-07-17
INB00265,SUP010,HUB-BLR,SKU0239,124,2024-07-17,2024-07-17
INB00265,SUP010,HUB-BLR,SKU0247,127,2024-07-12,2024-07-17
INB00265,SUP010,HUB-BLR,SKU0283,117,2024-07-16,2024-07-17
INB00264,SUP015,HUB-BOM,SKU0001,50,2024-07-18,2024-07-18
INB00264,SUP015,HUB-BOM,SKU0116,44,2024-07-13,2024-07-18
INB00264,SUP015,HUB-BOM,SKU0155,42,2024-07-15,2024-07-18
INB00264,SUP015,HUB-BOM,SKU0161,42,2024-07-15,2024-07-18
INB00264,SUP015,HUB-BOM,SKU0350,38,2024-07-15,2024-07-18
INB00264,SUP015,HUB-BOM,SKU0380,61,2024-07-16,2024-07-18
INB00264,SUP015,HUB-BOM,SKU0392,43,2024-07-13,2024-07-18
INB00264,SUP015,HUB-BOM,SKU0408,49,2024-07-18,2024-07-18
INB00265,SUP010,HUB-BLR,SKU0122,180,2024-07-18,2024-07-18
INB00265,SUP010,HUB-BLR,SKU0224,117,2024-07-16,2024-07-18
INB00265,SUP010,HUB-BLR,SKU0290,114,2024-07-14,2024-07-18
INB00265,SUP010,HUB-BLR,SKU0336,112,2024-07-18,2024-07-18
INB00265,SUP010,HUB-BLR,SKU0345,113,2024-07-14,2024-07-18
INB00265,SUP010,HUB-BLR,SKU0354,140,2024-07-17,2024-07-18
INB00264,SUP015,HUB-BOM,SKU0090,47,2024-07-14,2024-07-19
INB00264,SUP015,HUB-BOM,SKU0127,47,2024-07-15,2024-07-19
INB00264,SUP015,HUB-BOM,SKU0170,38,2024-07-19,2024-07-19
INB00264,SUP015,HUB-BOM,SKU0358,40,2024-07-16,2024-07-19
INB00265,SUP010,HUB-BLR,SKU0005,146,2024-07-14,2024-07-19
INB00265,SUP010,HUB-BLR,SKU0013,134,2024-07-17,2024-07-19
INB00265,SUP010,HUB-BLR,SKU0016,112,2024-07-14,2024-07-19
INB00265,SUP010,HUB-BLR,SKU0035,133,2024-07-17,2024-07-19
INB00265,SUP010,HUB-BLR,SKU0074,100,2024-07-16,2024-07-19
INB00265,SUP010,HUB-BLR,SKU0091,113,2024-07-14,2024-07-19
INB00265,SUP010,HUB-BLR,SKU0295,101,2024-07-18,2024-07-19
INB00265,SUP010,HUB-BLR,SKU0360,113,2024-07-19,2024-07-19
INB00265,SUP010,HUB-BLR,SKU0418,126,2024-07-18,2024-07-19
INB00266,SUP012,HUB-DEL,SKU0011,61,2024-07-16,2024-07-19
INB00266,SUP012,HUB-DEL,SKU0029,57,2024-07-16,2024-07-19
INB00266,SUP012,HUB-DEL,SKU0030,76,2024-07-14,2024-07-19
INB00266,SUP012,HUB-DEL,SKU0134,66,2024-07-19,2024-07-19
INB00266,SUP012,HUB-DEL,SKU0204,65,2024-07-16,2024-07-19
INB00266,SUP012,HUB-DEL,SKU0301,71,2024-07-14,2024-07-19
INB00266,SUP012,HUB-DEL,SKU0453,60,2024-07-17,2024-07-19
INB00266,SUP012,HUB-DEL,SKU0497,86,2024-07-15,2024-07-19
INB00264,SUP015,HUB-BOM,SKU0180,37,2024-07-15,2024-07-20
INB00264,SUP015,HUB-BOM,SKU0490,42,2024-07-19,2024-07-20
INB00265,SUP010,HUB-BLR,SKU0137,121,2024-07-18,2024-07-20
INB00265,SUP010,HUB-BLR,SKU0229,111,2024-07-15,2024-07-20
INB00265,SUP010,HUB-BLR,SKU0248,100,2024-07-16,2024-07-20
INB00265,SUP010,HUB-BLR,SKU0304,97,2024-07-15,2024-07-20
INB00266,SUP012,HUB-DEL,SKU0187,59,2024-07-20,2024-07-20
INB00266,SUP012,HUB-DEL,SKU0293,62,2024-07-20,2024-07-20
INB00266,SUP012,HUB-DEL,SKU0427,61,2024-07-16,2024-07-20
INB00266,SUP012,HUB-DEL,SKU0447,60,2024-07-20,2024-07-20
INB00265,SUP010,HUB-BLR,SKU0313,164,2024-07-19,2024-07-21
INB00265,SUP010,HUB-BLR,SKU0361,108,2024-07-20,2024-07-21
INB00265,SUP010,HUB-BLR,SKU0405,125,2024-07-18,2024-07-21
INB00265,SUP010,HUB-BLR,SKU0407,146,2024-07-16,2024-07-21
INB00265,SUP010,HUB-BLR,SKU0440,98,2024-07-19,2024-07-21
INB00266,SUP012,HUB-DEL,SKU0265,62,2024-07-18,2024-07-21
INB00266,SUP012,HUB-DEL,SKU0298,60,2024-07-16,2024-07-21
INB00266,SUP012,HUB-DEL,SKU0328,57,2024-07-18,2024-07-21
INB00266,SUP012,HUB-DEL,SKU0390,58,2024-07-17,2024-07-21
INB00266,SUP012,HUB-DEL,SKU0487,65,2024-07-19,2024-07-21
INB00265,SUP010,HUB-BLR,SKU0348,125,2024-07-19,2024-07-22
INB00266,SUP012,HUB-DEL,SKU0245,59,2024-07-22,2024-07-22
INB00266,SUP012,HUB-DEL,SKU0339,63,2024-07-22,2024-07-22
INB00266,SUP012,HUB-DEL,SKU0142,65,2024-07-21,2024-07-23
INB00266,SUP012,HUB-DEL,SKU0286,58,2024-07-20,2024-07-23
INB00267,SUP006,HUB-BOM,SKU0025,47,2024-07-22,2024-07-23
INB00267,SUP006,HUB-BOM,SKU0178,38,2024-07-18,2024-07-23
INB00267,SUP006,HUB-BOM,SKU0014,43,2024-07-22,2024-07-24
INB00267,SUP006,HUB-BOM,SKU0315,48,2024-07-20,2024-07-25
INB00267,SUP006,HUB-BOM,SKU0457,50,2024-07-25,2024-07-25
INB00267,SUP006,HUB-BOM,SKU0469,39,2024-07-25,2024-07-25
INB00267,SUP006,HUB-BOM,SKU0470,45,2024-07-24,2024-07-25
INB00267,SUP006,HUB-BOM,SKU0477,57,2024-07-22,2024-07-25
INB00268,SUP003,HUB-BLR,SKU0041,148,2024-07-22,2024-07-25
INB00267,SUP006,HUB-BOM,SKU0040,40,2024-07-26,2024-07-26
INB00267,SUP006,HUB-BOM,SKU0097,38,2024-07-21,2024-07-26
INB00267,SUP006,HUB-BOM,SKU0250,59,2024-07-24,2024-07-26
INB00267,SUP006,HUB-BOM,SKU0257,38,2024-07-22,2024-07-26
INB00267,SUP006,HUB-BOM,SKU0406,39,2024-07-21,2024-07-26
INB00267,SUP006,HUB-BOM,SKU0443,46,2024-07-24,2024-07-26
INB00267,SUP006,HUB-BOM,SKU0473,41,2024-07-22,2024-07-26
INB00267,SUP006,HUB-BOM,SKU0485,43,2024-07-24,2024-07-26
INB00268,SUP003,HUB-BLR,SKU0183,109,2024-07-23,2024-07-26
INB00268,SUP003,HUB-BLR,SKU0201,144,2024-07-23,2024-07-26
INB00268,SUP003,HUB-BLR,SKU0258,101,2024-07-25,2024-07-26
INB00268,SUP003,HUB-BLR,SKU0299,124,2024-07-21,2024-07-26
INB00268,SUP003,HUB-BLR,SKU0368,130,2024-07-22,2024-07-26
INB00268,SUP003,HUB-BLR,SKU0460,97,2024-07-25,2024-07-26
INB00268,SUP003,HUB-BLR,SKU0489,115,2024-07-21,2024-07-26
INB00269,SUP017,HUB-DEL,SKU0149,67,2024-07-24,2024-07-26
INB00269,SUP017,HUB-DEL,SKU0231,58,2024-07-25,2024-07-26
INB00267,SUP006,HUB-BOM,SKU0022,47,2024-07-22,2024-07-27
INB00267,SUP006,HUB-BOM,SKU0064,42,2024-07-22,2024-07-27
INB00267,SUP006,HUB-BOM,SKU0123,40,2024-07-25,2024-07-27
INB00267,SUP006,HUB-BOM,SKU0219,38,2024-07-26,2024-07-27
INB00267,SUP006,HUB-BOM,SKU0279,47,2024-07-23,2024-07-27
INB00267,SUP006,HUB-BOM,SKU0496,40,2024-07-23,2024-07-27
INB00268,SUP003,HUB-BLR,SKU0101,140,2024-07-22,2024-07-27
INB00268,SUP003,HUB-BLR,SKU0105,151,2024-07-23,2024-07-27
INB00268,SUP003,HUB-BLR,SKU0112,131,2024-07-24,2024-07-27
INB00268,SUP003,HUB-BLR,SKU0172,128,2024-07-23,2024-07-27
INB00268,SUP003,HUB-BLR,SKU0270,101,2024-07-24,2024-07-27
INB00268,SUP003,HUB-BLR,SKU0332,151,2024-07-27,2024-07-27
INB00268,SUP003,HUB-BLR,SKU0419,141,2024-07-25,2024-07-27
INB00268,SUP003,HUB-BLR,SKU0494,108,2024-07-27,2024-07-27
INB00269,SUP017,HUB-DEL,SKU0039,70,2024-07-22,2024-07-27
INB00269,SUP017,HUB-DEL,SKU0128,57,2024-07-23,2024-07-27
INB00269,SUP017,HUB-DEL,SKU0208,79,2024-07-26,2024-07-27
INB00269,SUP017,HUB-DEL,SKU0342,68,2024-07-22,2024-07-27
INB00269,SUP017,HUB-DEL,SKU0398,79,2024-07-25,2024-07-27
INB00269,SUP017,HUB-DEL,SKU0414,64,2024-07-22,2024-07-27
INB00267,SUP006,HUB-BOM,SKU0067,56,2024-07-24,2024-07-28
INB00267,SUP006,HUB-BOM,SKU0159,43,2024-07-23,2024-07-28
INB00267,SUP006,HUB-BOM,SKU0223,46,2024-07-25,2024-07-28
INB00267,SUP006,HUB-BOM,SKU0272,38,2024-07-24,2024-07-28
INB00267,SUP006,HUB-BOM,SKU0302,49,2024-07-26,2024-07-28
INB00267,SUP006,HUB-BOM,SKU0395,50,2024-07-28,2024-07-28
INB00268,SUP003,HUB-BLR,SKU0033,115,2024-07-24,2024-07-28
INB00268,SUP003,HUB-BLR,SKU0038,110,2024-07-26,2024-07-28
INB00268,SUP003,HUB-BLR,SKU0044,165,2024-07-24,2024-07-28
INB00268,SUP003,HUB-BLR,SKU0082,119,2024-07-28,2024-07-28
INB00268,SUP003,HUB-BLR,SKU0109,127,2024-07-28,2024-07-28
INB00268,SUP003,HUB-BLR,SKU0120,95,2024-07-25,2024-07-28
INB00268,SUP003,HUB-BLR,SKU0132,131,2024-07-26,2024-07-28
INB00268,SUP003,HUB-BLR,SKU0269,132,2024-07-26,2024-07-28
INB00268,SUP003,HUB-BLR,SKU0320,102,2024-07-28,2024-07-28
INB00268,SUP003,HUB-BLR,SKU0327,108,2024-07-28,2024-07-28
INB00268,SUP003,HUB-BLR,SKU0413,172,2024-07-24,2024-07-28
INB00268,SUP003,HUB-BLR,SKU0423,93,2024-07-23,2024-07-28
INB00268,SUP003,HUB-BLR,SKU0429,109,2024-07-25,2024-07-28
INB00268,SUP003,HUB-BLR,SKU0466,94,2024-07-23,2024-07-28
INB00269,SUP017,HUB-DEL,SKU0100,71,2024-07-26,2024-07-28
INB00269,SUP017,HUB-DEL,SKU0184,63,2024-07-28,2024-07-28
INB00269,SUP017,HUB-DEL,SKU0379,67,2024-07-23,2024-07-28
INB00267,SUP006,HUB-BOM,SKU0032,42,2024-07-24,2024-07-29
INB00267,SUP006,HUB-BOM,SKU0088,42,2024-07-26,2024-07-29
INB00267,SUP006,HUB-BOM,SKU0108,50,2024-07-28,2024-07-29
INB00267,SUP006,HUB-BOM,SKU0200,45,2024-07-28,2024-07-29
INB00267,SUP006,HUB-BOM,SKU0273,57,2024-07-29,2024-07-29
INB00267,SUP006,HUB-BOM,SKU0389,37,2024-07-29,2024-07-29
INB00267,SUP006,HUB-BOM,SKU0428,38,2024-07-24,2024-07-29
INB00268,SUP003,HUB-BLR,SKU0018,114,2024-07-29,2024-07-29
INB00268,SUP003,HUB-BLR,SKU0021,111,2024-07-24,2024-07-29
INB00268,SUP003,HUB-BLR,SKU0065,105,2024-07-25,2024-07-29
INB00268,SUP003,HUB-BLR,SKU0069,135,2024-07-28,2024-07-29
INB00268,SUP003,HUB-BLR,SKU0081,98,2024-07-24,2024-07-29
INB00268,SUP003,HUB-BLR,SKU0145,210,2024-07-28,2024-07-29
INB00268,SUP003,HUB-BLR,SKU0222,104,2024-07-27,2024-07-29
INB00268,SUP003,HUB-BLR,SKU0227,99,2024-07-28,2024-07-29
INB00268,SUP003,HUB-BLR,SKU0251,107,2024-07-25,2024-07-29
INB00268,SUP003,HUB-BLR,SKU0357,136,2024-07-27,2024-07-29
INB00268,SUP003,HUB-BLR,SKU0383,129,2024-07-26,2024-07-29
INB00268,SUP003,HUB-BLR,SKU0394,128,2024-07-24,2024-07-29
INB00268,SUP003,HUB-BLR,SKU0401,136,2024-07-29,2024-07-29
INB00268,SUP003,HUB-BLR,SKU0441,121,2024-07-28,2024-07-29
INB00268,SUP003,HUB-BLR,SKU0475,116,2024-07-26,2024-07-29
INB00268,SUP003,HUB-BLR,SKU0479,127,2024-07-27,2024-07-29
INB00268,SUP003,HUB-BLR,SKU0480,108,2024-07-24,2024-07-29
INB00269,SUP017,HUB-DEL,SKU0036,65,2024-07-24,2024-07-29
INB00269,SUP017,HUB-DEL,SKU0080,74,2024-07-27,2024-07-29
INB00269,SUP017,HUB-DEL,SKU0221,64,2024-07-29,2024-07-29
INB00269,SUP017,HUB-DEL,SKU0346,61,2024-07-24,2024-07-29
INB00269,SUP017,HUB-DEL,SKU0393,64,2024-07-29,2024-07-29
INB00269,SUP017,HUB-DEL,SKU0399,81,2024-07-24,2024-07-29
INB00267,SUP006,HUB-BOM,SKU0351,44,2024-07-29,2024-07-30
INB00268,SUP003,HUB-BLR,SKU0079,136,2024-07-29,2024-07-30
INB00268,SUP003,HUB-BLR,SKU0094,158,2024-07-27,2024-07-30
INB00268,SUP003,HUB-BLR,SKU0158,166,2024-07-28,2024-07-30
INB00268,SUP003,HUB-BLR,SKU0167,181,2024-07-28,2024-07-30
INB00268,SUP003,HUB-BLR,SKU0185,105,2024-07-25,2024-07-30
INB00268,SUP003,HUB-BLR,SKU0198,216,2024-07-29,2024-07-30
INB00268,SUP003,HUB-BLR,SKU0206,144,2024-07-29,2024-07-30
INB00268,SUP003,HUB-BLR,SKU0326,98,2024-07-26,2024-07-30
INB00268,SUP003,HUB-BLR,SKU0329,122,2024-07-26,2024-07-30
INB00268,SUP003,HUB-BLR,SKU0335,113,2024-07-30,2024-07-30
INB00268,SUP003,HUB-BLR,SKU0363,101,2024-07-30,2024-07-30
INB00268,SUP003,HUB-BLR,SKU0377,155,2024-07-30,2024-07-30
INB00269,SUP017,HUB-DEL,SKU0027,68,2024-07-27,2024-07-30
INB00269,SUP017,HUB-DEL,SKU0230,61,2024-07-30,2024-07-30
INB00269,SUP017,HUB-DEL,SKU0243,74,2024-07-28,2024-07-30
INB00269,SUP017,HUB-DEL,SKU0386,61,2024-07-26,2024-07-30
INB00269,SUP017,HUB-DEL,SKU0442,65,2024-07-29,2024-07-30
INB00268,SUP003,HUB-BLR,SKU0099,112,2024-07-28,2024-07-31
INB00268,SUP003,HUB-BLR,SKU0130,93,2024-07-26,2024-07-31
INB00268,SUP003,HUB-BLR,SKU0131,109,2024-07-30,2024-07-31
INB00268,SUP003,HUB-BLR,SKU0143,142,2024-07-30,2024-07-31
INB00268,SUP003,HUB-BLR,SKU0179,107,2024-07-28,2024-07-31
INB00268,SUP003,HUB-BLR,SKU0291,110,2024-07-27,2024-07-31
INB00269,SUP017,HUB-DEL,SKU0047,65,2024-07-26,2024-07-31
INB00269,SUP017,HUB-DEL,SKU0068,71,2024-07-27,2024-07-31
INB00269,SUP017,HUB-DEL,SKU0102,62,2024-07-29,2024-07-31
INB00269,SUP017,HUB-DEL,SKU0117,65,2024-07-30,2024-07-31
INB00269,SUP017,HUB-DEL,SKU0188,86,2024-07-29,2024-07-31
INB00268,SUP003,HUB-BLR,SKU0140,103,2024-08-01,2024-08-01
INB00268,SUP003,HUB-BLR,SKU0169,120,2024-07-27,2024-08-01
INB00268,SUP003,HUB-BLR,SKU0073,97,2024-07-28,2024-08-02
INB00268,SUP003,HUB-BLR,SKU0156,95,2024-07-30,2024-08-02
INB00268,SUP003,HUB-BLR,SKU0333,113,2024-07-30,2024-08-02
INB00268,SUP003,HUB-BLR,SKU0409,164,2024-07-28,2024-08-02
INB00270,SUP015,HUB-BOM,SKU0210,42,2024-07-29,2024-08-02
INB00270,SUP015,HUB-BOM,SKU0391,42,2024-07-31,2024-08-02
INB00270,SUP015,HUB-BOM,SKU0019,42,2024-07-31,2024-08-03
INB00270,SUP015,HUB-BOM,SKU0084,40,2024-07-30,2024-08-03
INB00270,SUP015,HUB-BOM,SKU0254,37,2024-07-31,2024-08-03
INB00271,SUP017,HUB-DEL,SKU0498,65,2024-07-30,2024-08-03
INB00270,SUP015,HUB-BOM,SKU0213,37,2024-07-31,2024-08-04
INB00270,SUP015,HUB-BOM,SKU0214,43,2024-08-04,2024-08-04
INB00270,SUP015,HUB-BOM,SKU0355,48,2024-08-04,2024-08-04
INB00270,SUP015,HUB-BOM,SKU0375,42,2024-08-02,2024-08-04
INB00270,SUP015,HUB-BOM,SKU0410,51,2024-08-02,2024-08-04
INB00270,SUP015,HUB-BOM,SKU0452,42,2024-08-03,2024-08-04
INB00270,SUP015,HUB-BOM,SKU0476,49,2024-07-30,2024-08-04
INB00271,SUP017,HUB-DEL,SKU0015,61,2024-08-01,2024-08-04
INB00271,SUP017,HUB-DEL,SKU0062,60,2024-08-03,2024-08-04
INB00270,SUP015,HUB-BOM,SKU0020,44,2024-08-01,2024-08-05
INB00270,SUP015,HUB-BOM,SKU0139,46,2024-08-02,2024-08-05
INB00270,SUP015,HUB-BOM,SKU0174,37,2024-08-04,2024-08-05
INB00270,SUP015,HUB-BOM,SKU0181,56,2024-07-31,2024-08-05
INB00270,SUP015,HUB-BOM,SKU0193,39,2024-07-31,2024-08-05
INB00270,SUP015,HUB-BOM,SKU0421,43,2024-08-04,2024-08-05
INB00270,SUP015,HUB-BOM,SKU0425,37,2024-08-02,2024-08-05
INB00271,SUP017,HUB-DEL,SKU0002,59,2024-08-04,2024-08-05
INB00271,SUP017,HUB-DEL,SKU0225,59,2024-08-04,2024-08-05
INB00271,SUP017,HUB-DEL,SKU0267,72,2024-08-05,2024-08-05
INB00272,SUP008,HUB-BLR,SKU0012,115,2024-08-02,2024-08-05
INB00272,SUP008,HUB-BLR,SKU0367,103,2024-08-03,2024-08-05
INB00272,SUP008,HUB-BLR,SKU0495,94,2024-07-31,2024-08-05
INB00272,SUP008,HUB-BLR,SKU0500,103,2024-08-01,2024-08-05
INB00270,SUP015,HUB-BOM,SKU0085,42,2024-08-03,2024-08-06
INB00270,SUP015,HUB-BOM,SKU0129,37,2024-08-05,2024-08-06
INB00270,SUP015,HUB-BOM,SKU0152,60,2024-08-05,2024-08-06
INB00270,SUP015,HUB-BOM,SKU0189,41,2024-08-03,2024-08-06
INB00270,SUP015,HUB-BOM,SKU0228,38,2024-08-04,2024-08-06
INB00270,SUP015,HUB-BOM,SKU0252,58,2024-08-04,2024-08-06
INB00270,SUP015,HUB-BOM,SKU0255,48,2024-08-04,2024-08-06
INB00270,SUP015,HUB-BOM,SKU0275,49,2024-08-02,2024-08-06
INB00270,SUP015,HUB-BOM,SKU0465,39,2024-08-04,2024-08-06
INB00270,SUP015,HUB-BOM,SKU0471,41,2024-08-04,2024-08-06
INB00271,SUP017,HUB-DEL,SKU0075,62,2024-08-06,2024-08-06
INB00271,SUP017,HUB-DEL,SKU0163,76,2024-08-01,2024-08-06
INB00271,SUP017,HUB-DEL,SKU0464,60,2024-08-06,2024-08-06
INB00272,SUP008,HUB-BLR,SKU0063,132,2024-08-05,2024-08-06
INB00272,SUP008,HUB-BLR,SKU0089,126,2024-08-03,2024-08-06
INB00272,SUP008,HUB-BLR,SKU0137,149,2024-08-04,2024-08-06
INB00272,SUP008,HUB-BLR,SKU0148,95,2024-08-04,2024-08-06
INB00272,SUP008,HUB-BLR,SKU0162,121,2024-08-04,2024-08-06
INB00272,SUP008,HUB-BLR,SKU0237,135,2024-08-06,2024-08-06
INB00272,SUP008,HUB-BLR,SKU0242,96,2024-08-05,2024-08-06
INB00272,SUP008,HUB-BLR,SKU0332,96,2024-08-05,2024-08-06
INB00272,SUP008,HUB-BLR,SKU0359,228,2024-08-04,2024-08-06
INB00272,SUP008,HUB-BLR,SKU0366,107,2024-08-01,2024-08-06
INB00272,SUP008,HUB-BLR,SKU0397,108,2024-08-04,2024-08-06
INB00270,SUP015,HUB-BOM,SKU0119,39,2024-08-06,2024-08-07
INB00270,SUP015,HUB-BOM,SKU0151,42,2024-08-03,2024-08-07
INB00270,SUP015,HUB-BOM,SKU0241,47,2024-08-04,2024-08-07
INB00270,SUP015,HUB-BOM,SKU0263,43,2024-08-04,2024-08-07
INB00270,SUP015,HUB-BOM,SKU0280,37,2024-08-02,2024-08-07
INB00270,SUP015,HUB-BOM,SKU0343,42,2024-08-03,2024-08-07
INB00270,SUP015,HUB-BOM,SKU0347,37,2024-08-05,2024-08-07
INB00271,SUP017,HUB-DEL,SKU0003,64,2024-08-05,2024-08-07
INB00271,SUP017,HUB-DEL,SKU0060,62,2024-08-02,2024-08-07
INB00271,SUP017,HUB-DEL,SKU0316,61,2024-08-05,2024-08-07
INB00271,SUP017,HUB-DEL,SKU0449,63,2024-08-07,2024-08-07
INB00272,SUP008,HUB-BLR,SKU0004,104,2024-08-02,2024-08-07
INB00272,SUP008,HUB-BLR,SKU0182,98,2024-08-04,2024-08-07
INB00272,SUP008,HUB-BLR,SKU0271,120,2024-08-06,2024-08-07
INB00272,SUP008,HUB-BLR,SKU0309,124,2024-08-04,2024-08-07
INB00272,SUP008,HUB-BLR,SKU0326,148,2024-08-04,2024-08-07
INB00272,SUP008,HUB-BLR,SKU0362,111,2024-08-04,2024-08-07
INB00272,SUP008,HUB-BLR,SKU0435,105,2024-08-02,2024-08-07
INB00272,SUP008,HUB-BLR,SKU0440,140,2024-08-05,2024-08-07
INB00272,SUP008,HUB-BLR,SKU0492,116,2024-08-07,2024-08-07
INB00270,SUP015,HUB-BOM,SKU0136,38,2024-08-03,2024-08-08
INB00270,SUP015,HUB-BOM,SKU0209,40,2024-08-06,2024-08-08
INB00270,SUP015,HUB-BOM,SKU0218,54,2024-08-08,2024-08-08
INB00270,SUP015,HUB-BOM,SKU0338,37,2024-08-06,2024-08-08
INB00270,SUP015,HUB-BOM,SKU0378,37,2024-08-05,2024-08-08
INB00270,SUP015,HUB-BOM,SKU0437,42,2024-08-06,2024-08-08
INB00270,SUP015,HUB-BOM,SKU0446,40,2024-08-04,2024-08-08
INB00270,SUP015,HUB-BOM,SKU0456,39,2024-08-06,2024-08-08
INB00270,SUP015,HUB-BOM,SKU0482,41,2024-08-03,2024-08-08
INB00272,SUP008,HUB-BLR,SKU0013,158,2024-08-05,2024-08-08
INB00272,SUP008,HUB-BLR,SKU0153,133,2024-08-06,2024-08-08
INB00272,SUP008,HUB-BLR,SKU0166,140,2024-08-06,2024-08-08
INB00272,SUP008,HUB-BLR,SKU0224,94,2024-08-06,2024-08-08
INB00272,SUP008,HUB-BLR,SKU0232,142,2024-08-06,2024-08-08
INB00272,SUP008,HUB-BLR,SKU0305,116,2024-08-04,2024-08-08
INB00272,SUP008,HUB-BLR,SKU0324,159,2024-08-03,2024-08-08
INB00272,SUP008,HUB-BLR,SKU0348,132,2024-08-08,2024-08-08
INB00272,SUP008,HUB-BLR,SKU0354,132,2024-08-03,2024-08-08
INB00272,SUP008,HUB-BLR,SKU0407,134,2024-08-03,2024-08-08
INB00272,SUP008,HUB-BLR,SKU0450,124,2024-08-08,2024-08-08
INB00272,SUP008,HUB-BLR,SKU0488,109,2024-08-03,2024-08-08
INB00270,SUP015,HUB-BOM,SKU0372,44,2024-08-07,2024-08-09
INB00272,SUP008,HUB-BLR,SKU0026,98,2024-08-09,2024-08-09
INB00272,SUP008,HUB-BLR,SKU0121,95,2024-08-04,2024-08-09
INB00272,SUP008,HUB-BLR,SKU0211,157,2024-08-09,2024-08-09
INB00272,SUP008,HUB-BLR,SKU0458,98,2024-08-08,2024-08-09
INB00272,SUP008,HUB-BLR,SKU0484,114,2024-08-06,2024-08-09
INB00270,SUP015,HUB-BOM,SKU0118,38,2024-08-09,2024-08-10
INB00270,SUP015,HUB-BOM,SKU0246,48,2024-08-08,2024-08-10
INB00272,SUP008,HUB-BLR,SKU0051,118,2024-08-08,2024-08-10
INB00272,SUP008,HUB-BLR,SKU0061,115,2024-08-08,2024-08-10
INB00272,SUP008,HUB-BLR,SKU0110,106,2024-08-10,2024-08-10
INB00272,SUP008,HUB-BLR,SKU0192,142,2024-08-09,2024-08-10
INB00272,SUP008,HUB-BLR,SKU0203,105,2024-08-10,2024-08-10
INB00272,SUP008,HUB-BLR,SKU0205,138,2024-08-07,2024-08-10
INB00272,SUP008,HUB-BLR,SKU0283,185,2024-08-05,2024-08-10
INB00272,SUP008,HUB-BLR,SKU0385,158,2024-08-08,2024-08-10
INB00272,SUP008,HUB-BLR,SKU0388,181,2024-08-06,2024-08-10
INB00272,SUP008,HUB-BLR,SKU0444,162,2024-08-10,2024-08-10
INB00272,SUP008,HUB-BLR,SKU0454,110,2024-08-09,2024-08-10
INB00272,SUP008,HUB-BLR,SKU0050,138,2024-08-10,2024-08-11
INB00272,SUP008,HUB-BLR,SKU0072,174,2024-08-07,2024-08-11
INB00272,SUP008,HUB-BLR,SKU0082,97,2024-08-07,2024-08-11
INB00272,SUP008,HUB-BLR,SKU0294,109,2024-08-06,2024-08-11
INB00272,SUP008,HUB-BLR,SKU0313,125,2024-08-10,2024-08-11
INB00273,SUP017,HUB-DEL,SKU0111,60,2024-08-07,2024-08-11
INB00272,SUP008,HUB-BLR,SKU0217,112,2024-08-07,2024-08-12
INB00272,SUP008,HUB-BLR,SKU0222,105,2024-08-11,2024-08-12
INB00272,SUP008,HUB-BLR,SKU0445,109,2024-08-08,2024-08-12
INB00273,SUP017,HUB-DEL,SKU0249,58,2024-08-08,2024-08-12
INB00273,SUP017,HUB-DEL,SKU0296,68,2024-08-07,2024-08-12
INB00273,SUP017,HUB-DEL,SKU0314,62,2024-08-11,2024-08-12
INB00272,SUP008,HUB-BLR,SKU0005,101,2024-08-11,2024-08-13
INB00273,SUP017,HUB-DEL,SKU0268,57,2024-08-11,2024-08-13
INB00273,SUP017,HUB-DEL,SKU0308,64,2024-08-08,2024-08-13
INB00273,SUP017,HUB-DEL,SKU0356,72,2024-08-08,2024-08-13
INB00273,SUP017,HUB-DEL,SKU0384,66,2024-08-12,2024-08-13
INB00273,SUP017,HUB-DEL,SKU0403,66,2024-08-11,2024-08-13
INB00274,SUP006,HUB-BOM,SKU0066,40,2024-08-13,2024-08-13
INB00273,SUP017,HUB-DEL,SKU0037,60,2024-08-11,2024-08-14
INB00273,SUP017,HUB-DEL,SKU0086,60,2024-08-09,2024-08-14
INB00273,SUP017,HUB-DEL,SKU0240,57,2024-08-14,2024-08-14
INB00273,SUP017,HUB-DEL,SKU0284,57,2024-08-13,2024-08-14
INB00273,SUP017,HUB-DEL,SKU0426,58,2024-08-13,2024-08-14
INB00273,SUP017,HUB-DEL,SKU0459,62,2024-08-13,2024-08-14
INB00274,SUP006,HUB-BOM,SKU0474,48,2024-08-14,2024-08-14
INB00273,SUP017,HUB-DEL,SKU0045,69,2024-08-12,2024-08-15
INB00273,SUP017,HUB-DEL,SKU0207,59,2024-08-10,2024-08-15
INB00273,SUP017,HUB-DEL,SKU0424,68,2024-08-11,2024-08-15
INB00273,SUP017,HUB-DEL,SKU0462,67,2024-08-10,2024-08-15
INB00274,SUP006,HUB-BOM,SKU0216,47,2024-08-15,2024-08-15
INB00274,SUP006,HUB-BOM,SKU0300,43,2024-08-11,2024-08-15
INB00274,SUP006,HUB-BOM,SKU0049,48,2024-08-14,2024-08-16
INB00274,SUP006,HUB-BOM,SKU0170,41,2024-08-13,2024-08-16
INB00274,SUP006,HUB-BOM,SKU0349,40,2024-08-12,2024-08-16
INB00274,SUP006,HUB-BOM,SKU0373,46,2024-08-13,2024-08-16
INB00274,SUP006,HUB-BOM,SKU0374,38,2024-08-15,2024-08-16
INB00274,SUP006,HUB-BOM,SKU0408,46,2024-08-14,2024-08-16
INB00274,SUP006,HUB-BOM,SKU0431,43,2024-08-13,2024-08-16
INB00274,SUP006,HUB-BOM,SKU0436,41,2024-08-13,2024-08-16
INB00274,SUP006,HUB-BOM,SKU0490,41,2024-08-12,2024-08-16
INB00275,SUP008,HUB-BLR,SKU0112,141,2024-08-11,2024-08-16
INB00275,SUP008,HUB-BLR,SKU0303,133,2024-08-15,2024-08-16
INB00275,SUP008,HUB-BLR,SKU0440,98,2024-08-13,2024-08-16
INB00273,SUP017,HUB-DEL,SKU0289,68,2024-08-16,2024-08-17
INB00274,SUP006,HUB-BOM,SKU0028,39,2024-08-15,2024-08-17
INB00274,SUP006,HUB-BOM,SKU0168,42,2024-08-16,2024-08-17
INB00274,SUP006,HUB-BOM,SKU0274,46,2024-08-12,2024-08-17
INB00274,SUP006,HUB-BOM,SKU0337,38,2024-08-16,2024-08-17
INB00274,SUP006,HUB-BOM,SKU0387,50,2024-08-14,2024-08-17
INB00274,SUP006,HUB-BOM,SKU0392,37,2024-08-17,2024-08-17
INB00274,SUP006,HUB-BOM,SKU0483,59,2024-08-14,2024-08-17
INB00275,SUP008,HUB-BLR,SKU0023,95,2024-08-17,2024-08-17
INB00275,SUP008,HUB-BLR,SKU0130,146,2024-08-14,2024-08-17
INB00275,SUP008,HUB-BLR,SKU0179,122,2024-08-12,2024-08-17
INB00275,SUP008,HUB-BLR,SKU0236,105,2024-08-14,2024-08-17
INB00275,SUP008,HUB-BLR,SKU0294,100,2024-08-17,2024-08-17
INB00275,SUP008,HUB-BLR,SKU0336,114,2024-08-14,2024-08-17
INB00275,SUP008,HUB-BLR,SKU0369,116,2024-08-15,2024-08-17
INB00275,SUP008,HUB-BLR,SKU0475,104,2024-08-17,2024-08-17
INB00273,SUP017,HUB-DEL,SKU0034,65,2024-08-13,2024-08-18
INB00273,SUP017,HUB-DEL,SKU0253,57,2024-08-15,2024-08-18
INB00274,SUP006,HUB-BOM,SKU0056,57,2024-08-18,2024-08-18
INB00274,SUP006,HUB-BOM,SKU0070,45,2024-08-16,2024-08-18
INB00274,SUP006,HUB-BOM,SKU0107,42,2024-08-13,2024-08-18
INB00274,SUP006,HUB-BOM,SKU0126,45,2024-08-17,2024-08-18
INB00274,SUP006,HUB-BOM,SKU0150,52,2024-08-18,2024-08-18
INB00274,SUP006,HUB-BOM,SKU0223,38,2024-08-14,2024-08-18
INB00274,SUP006,HUB-BOM,SKU0257,38,2024-08-16,2024-08-18
INB00274,SUP006,HUB-BOM,SKU0262,52,2024-08-17,2024-08-18
INB00274,SUP006,HUB-BOM,SKU0380,38,2024-08-17,2024-08-18
INB00275,SUP008,HUB-BLR,SKU0038,119,2024-08-15,2024-08-18
INB00275,SUP008,HUB-BLR,SKU0041,99,2024-08-16,2024-08-18
INB00275,SUP008,HUB-BLR,SKU0175,95,2024-08-14,2024-08-18
INB00275,SUP008,HUB-BLR,SKU0270,105,2024-08-13,2024-08-18
INB00275,SUP008,HUB-BLR,SKU0304,162,2024-08-14,2024-08-18
INB00275,SUP008,HUB-BLR,SKU0322,102,2024-08-14,2024-08-18
INB00274,SUP006,HUB-BOM,SKU0307,43,2024-08-19,2024-08-19
INB00275,SUP008,HUB-BLR,SKU0258,108,2024-08-15,2024-08-19
INB00275,SUP008,HUB-BLR,SKU0290,97,2024-08-18,2024-08-19
INB00275,SUP008,HUB-BLR,SKU0371,103,2024-08-15,2024-08-19
INB00275,SUP008,HUB-BLR,SKU0413,99,2024-08-15,2024-08-19
INB00275,SUP008,HUB-BLR,SKU0418,116,2024-08-18,2024-08-19
INB00274,SUP006,HUB-BOM,SKU0370,40,2024-08-15,2024-08-20
INB00275,SUP008,HUB-BLR,SKU0079,127,2024-08-19,2024-08-20
INB00275,SUP008,HUB-BLR,SKU0091,134,2024-08-18,2024-08-20
INB00275,SUP008,HUB-BLR,SKU0167,126,2024-08-18,2024-08-20
INB00275,SUP008,HUB-BLR,SKU0169,125,2024-08-20,2024-08-20
INB00275,SUP008,HUB-BLR,SKU0183,116,2024-08-17,2024-08-20
INB00275,SUP008,HUB-BLR,SKU0229,94,2024-08-15,2024-08-20
INB00275,SUP008,HUB-BLR,SKU0244,120,2024-08-15,2024-08-20
INB00275,SUP008,HUB-BLR,SKU0291,103,2024-08-18,2024-08-20
INB00275,SUP008,HUB-BLR,SKU0472,96,2024-08-17,2024-08-20
INB00275,SUP008,HUB-BLR,SKU0493,98,2024-08-16,2024-08-20
INB00274,SUP006,HUB-BOM,SKU0010,53,2024-08-21,2024-08-21
INB00274,SUP006,HUB-BOM,SKU0411,43,2024-08-19,2024-08-21
INB00275,SUP008,HUB-BLR,SKU0035,153,2024-08-21,2024-08-21
INB00275,SUP008,HUB-BLR,SKU0087,96,2024-08-20,2024-08-21
INB00275,SUP008,HUB-BLR,SKU0203,97,2024-08-18,2024-08-21
INB00275,SUP008,HUB-BLR,SKU0326,101,2024-08-16,2024-08-21
INB00275,SUP008,HUB-BLR,SKU0361,123,2024-08-18,2024-08-21
INB00275,SUP008,HUB-BLR,SKU0429,154,2024-08-17,2024-08-21
INB00276,SUP014,HUB-DEL,SKU0376,63,2024-08-21,2024-08-21
INB00275,SUP008,HUB-BLR,SKU0071,140,2024-08-18,2024-08-22
INB00275,SUP008,HUB-BLR,SKU0363,111,2024-08-17,2024-08-22
INB00275,SUP008,HUB-BLR,SKU0377,131,2024-08-20,2024-08-22
INB00275,SUP008,HUB-BLR,SKU0489,138,2024-08-20,2024-08-22
INB00276,SUP014,HUB-DEL,SKU0008,67,2024-08-22,2024-08-22
INB00276,SUP014,HUB-DEL,SKU0052,62,2024-08-23,2024-08-23
INB00276,SUP014,HUB-DEL,SKU0092,72,2024-08-23,2024-08-23
INB00276,SUP014,HUB-DEL,SKU0194,65,2024-08-23,2024-08-23
INB00276,SUP014,HUB-DEL,SKU0306,63,2024-08-20,2024-08-23
INB00276,SUP014,HUB-DEL,SKU0478,63,2024-08-23,2024-08-23
INB00276,SUP014,HUB-DEL,SKU0412,61,2024-08-19,2024-08-24
INB00276,SUP014,HUB-DEL,SKU0439,68,2024-08-24,2024-08-24
INB00277,SUP004,HUB-BOM,SKU0273,52,2024-08-20,2024-08-24
INB00277,SUP004,HUB-BOM,SKU0451,37,2024-08-21,2024-08-24
INB00276,SUP014,HUB-DEL,SKU0144,65,2024-08-23,2024-08-25
INB00277,SUP004,HUB-BOM,SKU0302,42,2024-08-23,2024-08-25
INB00277,SUP004,HUB-BOM,SKU0350,40,2024-08-25,2024-08-25
INB00278,SUP016,HUB-BLR,SKU0120,97,2024-08-20,2024-08-25
INB00278,SUP016,HUB-BLR,SKU0156,153,2024-08-21,2024-08-25
INB00278,SUP016,HUB-BLR,SKU0344,111,2024-08-22,2024-08-25
INB00278,SUP016,HUB-BLR,SKU0352,160,2024-08-22,2024-08-25
INB00278,SUP016,HUB-BLR,SKU0385,121,2024-08-25,2024-08-25
INB00278,SUP016,HUB-BLR,SKU0409,126,2024-08-24,2024-08-25
INB00276,SUP014,HUB-DEL,SKU0057,57,2024-08-23,2024-08-26
INB00276,SUP014,HUB-DEL,SKU0113,57,2024-08-22,2024-08-26
INB00276,SUP014,HUB-DEL,SKU0238,58,2024-08-22,2024-08-26
INB00276,SUP014,HUB-DEL,SKU0264,62,2024-08-26,2024-08-26
INB00276,SUP014,HUB-DEL,SKU0382,63,2024-08-25,2024-08-26
INB00277,SUP004,HUB-BOM,SKU0124,45,2024-08-24,2024-08-26
INB00277,SUP004,HUB-BOM,SKU0161,38,2024-08-24,2024-08-26
INB00277,SUP004,HUB-BOM,SKU0186,41,2024-08-24,2024-08-26
INB00277,SUP004,HUB-BOM,SKU0420,42,2024-08-22,2024-08-26
INB00277,SUP004,HUB-BOM,SKU0481,44,2024-08-24,2024-08-26
INB00278,SUP016,HUB-BLR,SKU0122,109,2024-08-21,2024-08-26
INB00278,SUP016,HUB-BLR,SKU0248,168,2024-08-23,2024-08-26
INB00278,SUP016,HUB-BLR,SKU0299,115,2024-08-21,2024-08-26
INB00276,SUP014,HUB-DEL,SKU0043,71,2024-08-23,2024-08-27
INB00276,SUP014,HUB-DEL,SKU0202,65,2024-08-27,2024-08-27
INB00277,SUP004,HUB-BOM,SKU0009,39,2024-08-25,2024-08-27
INB00277,SUP004,HUB-BOM,SKU0146,37,2024-08-23,2024-08-27
INB00277,SUP004,HUB-BOM,SKU0155,49,2024-08-23,2024-08-27
INB00277,SUP004,HUB-BOM,SKU0160,40,2024-08-26,2024-08-27
INB00277,SUP004,HUB-BOM,SKU0260,41,2024-08-23,2024-08-27
INB00277,SUP004,HUB-BOM,SKU0292,44,2024-08-22,2024-08-27
INB00277,SUP004,HUB-BOM,SKU0319,53,2024-08-25,2024-08-27
INB00277,SUP004,HUB-BOM,SKU0438,42,2024-08-22,2024-08-27
INB00278,SUP016,HUB-BLR,SKU0005,97,2024-08-25,2024-08-27
INB00278,SUP016,HUB-BLR,SKU0105,112,2024-08-23,2024-08-27
INB00278,SUP016,HUB-BLR,SKU0211,119,2024-08-25,2024-08-27
INB00278,SUP016,HUB-BLR,SKU0285,103,2024-08-22,2024-08-27
INB00278,SUP016,HUB-BLR,SKU0295,107,2024-08-22,2024-08-27
INB00278,SUP016,HUB-BLR,SKU0404,106,2024-08-23,2024-08-27
INB00276,SUP014,HUB-DEL,SKU0030,57,2024-08-24,2024-08-28
INB00276,SUP014,HUB-DEL,SKU0317,57,2024-08-23,2024-08-28
INB00276,SUP014,HUB-DEL,SKU0318,64,2024-08-27,2024-08-28
INB00277,SUP004,HUB-BOM,SKU0054,61,2024-08-24,2024-08-28
INB00277,SUP004,HUB-BOM,SKU0250,40,2024-08-25,2024-08-28
INB00277,SUP004,HUB-BOM,SKU0353,39,2024-08-23,2024-08-28
INB00278,SUP016,HUB-BLR,SKU0074,113,2024-08-28,2024-08-28
INB00278,SUP016,HUB-BLR,SKU0140,111,2024-08-28,2024-08-28
INB00278,SUP016,HUB-BLR,SKU0148,110,2024-08-25,2024-08-28
INB00278,SUP016,HUB-BLR,SKU0269,98,2024-08-28,2024-08-28
INB00278,SUP016,HUB-BLR,SKU0323,137,2024-08-28,2024-08-28
INB00278,SUP016,HUB-BLR,SKU0348,98,2024-08-25,2024-08-28
INB00278,SUP016,HUB-BLR,SKU0401,114,2024-08-27,2024-08-28
INB00278,SUP016,HUB-BLR,SKU0405,115,2024-08-24,2024-08-28
INB00278,SUP016,HUB-BLR,SKU0423,113,2024-08-26,2024-08-28
INB00278,SUP016,HUB-BLR,SKU0495,94,2024-08-28,2024-08-28
INB00277,SUP004,HUB-BOM,SKU0116,50,2024-08-24,2024-08-29
INB00277,SUP004,HUB-BOM,SKU0195,40,2024-08-24,2024-08-29
INB00277,SUP004,HUB-BOM,SKU0259,43,2024-08-27,2024-08-29
INB00277,SUP004,HUB-BOM,SKU0276,46,2024-08-26,2024-08-29
INB00277,SUP004,HUB-BOM,SKU0279,46,2024-08-28,2024-08-29
INB00277,SUP004,HUB-BOM,SKU0310,43,2024-08-29,2024-08-29
INB00278,SUP016,HUB-BLR,SKU0081,131,2024-08-28,2024-08-29
INB00278,SUP016,HUB-BLR,SKU0109,98,2024-08-28,2024-08-29
INB00278,SUP016,HUB-BLR,SKU0132,156,2024-08-28,2024-08-29
INB00278,SUP016,HUB-BLR,SKU0197,107,2024-08-29,2024-08-29
INB00278,SUP016,HUB-BLR,SKU0232,139,2024-08-24,2024-08-29
INB00278,SUP016,HUB-BLR,SKU0329,137,2024-08-27,2024-08-29
INB00278,SUP016,HUB-BLR,SKU0345,114,2024-08-24,2024-08-29
INB00278,SUP016,HUB-BLR,SKU0397,110,2024-08-24,2024-08-29
INB00278,SUP016,HUB-BLR,SKU0479,93,2024-08-24,2024-08-29
INB00278,SUP016,HUB-BLR,SKU0492,100,2024-08-24,2024-08-29
INB00277,SUP004,HUB-BOM,SKU0025,54,2024-08-28,2024-08-30
INB00277,SUP004,HUB-BOM,SKU0083,38,2024-08-25,2024-08-30
INB00277,SUP004,HUB-BOM,SKU0114,37,2024-08-27,2024-08-30
INB00277,SUP004,HUB-BOM,SKU0171,47,2024-08-29,2024-08-30
INB00277,SUP004,HUB-BOM,SKU0266,48,2024-08-30,2024-08-30
INB00277,SUP004,HUB-BOM,SKU0396,37,2024-08-28,2024-08-30
INB00277,SUP004,HUB-BOM,SKU0400,54,2024-08-30,2024-08-30
INB00278,SUP016,HUB-BLR,SKU0021,111,2024-08-27,2024-08-30
INB00278,SUP016,HUB-BLR,SKU0094,102,2024-08-29,2024-08-30
INB00278,SUP016,HUB-BLR,SKU0182,115,2024-08-26,2024-08-30
INB00278,SUP016,HUB-BLR,SKU0185,124,2024-08-30,2024-08-30
INB00278,SUP016,HUB-BLR,SKU0201,104,2024-08-30,2024-08-30
INB00278,SUP016,HUB-BLR,SKU0206,145,2024-08-28,2024-08-30
INB00278,SUP016,HUB-BLR,SKU0327,128,2024-08-27,2024-08-30
INB00278,SUP016,HUB-BLR,SKU0360,122,2024-08-25,2024-08-30
INB00278,SUP016,HUB-BLR,SKU0366,103,2024-08-25,2024-08-30
INB00278,SUP016,HUB-BLR,SKU0430,97,2024-08-30,2024-08-30
INB00278,SUP016,HUB-BLR,SKU0484,106,2024-08-26,2024-08-30
INB00277,SUP004,HUB-BOM,SKU0096,38,2024-08-31,2024-08-31
INB00277,SUP004,HUB-BOM,SKU0331,42,2024-08-27,2024-08-31
INB00277,SUP004,HUB-BOM,SKU0461,51,2024-08-28,2024-08-31
INB00278,SUP016,HUB-BLR,SKU0063,104,2024-08-27,2024-08-31
INB00278,SUP016,HUB-BLR,SKU0093,105,2024-08-28,2024-08-31
INB00278,SUP016,HUB-BLR,SKU0110,127,2024-08-27,2024-08-31
INB00278,SUP016,HUB-BLR,SKU0217,112,2024-08-27,2024-08-31
INB00278,SUP016,HUB-BLR,SKU0324,113,2024-08-26,2024-08-31
INB00278,SUP016,HUB-BLR,SKU0332,103,2024-08-31,2024-08-31
INB00278,SUP016,HUB-BLR,SKU0357,136,2024-08-27,2024-08-31
INB00278,SUP016,HUB-BLR,SKU0394,126,2024-08-29,2024-08-31
INB00279,SUP013,HUB-DEL,SKU0048,63,2024-08-26,2024-08-31
INB00279,SUP013,HUB-DEL,SKU0059,58,2024-08-27,2024-08-31
INB00277,SUP004,HUB-BOM,SKU0263,47,2024-08-31,2024-09-01
INB00278,SUP016,HUB-BLR,SKU0016,169,2024-08-30,2024-09-02
INB00279,SUP013,HUB-DEL,SKU0135,66,2024-09-02,2024-09-02
INB00279,SUP013,HUB-DEL,SKU0416,62,2024-08-31,2024-09-02
INB00279,SUP013,HUB-DEL,SKU0453,70,2024-08-28,2024-09-02
INB00279,SUP013,HUB-DEL,SKU0053,71,2024-09-02,2024-09-03
INB00279,SUP013,HUB-DEL,SKU0187,67,2024-08-29,2024-09-03
INB00279,SUP013,HUB-DEL,SKU0226,57,2024-09-03,2024-09-03
INB00279,SUP013,HUB-DEL,SKU0321,59,2024-08-31,2024-09-03
INB00279,SUP013,HUB-DEL,SKU0467,57,2024-08-30,2024-09-03
INB00279,SUP013,HUB-DEL,SKU0141,61,2024-09-04,2024-09-04
INB00279,SUP013,HUB-DEL,SKU0277,66,2024-09-02,2024-09-04
INB00279,SUP013,HUB-DEL,SKU0417,66,2024-09-04,2024-09-04
INB00280,SUP002,HUB-BOM,SKU0199,44,2024-09-01,2024-09-04
INB00280,SUP002,HUB-BOM,SKU0272,38,2024-09-04,2024-09-04
INB00279,SUP013,HUB-DEL,SKU0103,64,2024-08-31,2024-09-05
INB00279,SUP013,HUB-DEL,SKU0455,70,2024-08-31,2024-09-05
INB00280,SUP002,HUB-BOM,SKU0077,46,2024-09-02,2024-09-05
INB00280,SUP002,HUB-BOM,SKU0106,44,2024-09-03,2024-09-05
INB00280,SUP002,HUB-BOM,SKU0123,42,2024-09-01,2024-09-05
INB00281,SUP008,HUB-BLR,SKU0035,96,2024-09-03,2024-09-05
INB00281,SUP008,HUB-BLR,SKU0224,115,2024-09-02,2024-09-05
INB00281,SUP008,HUB-BLR,SKU0419,112,2024-09-01,2024-09-05
INB00280,SUP002,HUB-BOM,SKU0024,37,2024-09-04,2024-09-06
INB00280,SUP002,HUB-BOM,SKU0209,41,2024-09-04,2024-09-06
INB00280,SUP002,HUB-BOM,SKU0340,37,2024-09-01,2024-09-06
INB00280,SUP002,HUB-BOM,SKU0358,43,2024-09-03,2024-09-06
INB00281,SUP008,HUB-BLR,SKU0072,127,2024-09-06,2024-09-06
INB00281,SUP008,HUB-BLR,SKU0236,109,2024-09-06,2024-09-06
INB00281,SUP008,HUB-BLR,SKU0251,108,2024-09-03,2024-09-06
INB00281,SUP008,HUB-BLR,SKU0440,127,2024-09-01,2024-09-06
INB00280,SUP002,HUB-BOM,SKU0049,43,2024-09-04,2024-09-07
INB00280,SUP002,HUB-BOM,SKU0067,42,2024-09-07,2024-09-07
INB00280,SUP002,HUB-BOM,SKU0084,41,2024-09-05,2024-09-07
INB00280,SUP002,HUB-BOM,SKU0178,37,2024-09-02,2024-09-07
INB00280,SUP002,HUB-BOM,SKU0200,38,2024-09-04,2024-09-07
INB00280,SUP002,HUB-BOM,SKU0378,43,2024-09-04,2024-09-07
INB00280,SUP002,HUB-BOM,SKU0406,46,2024-09-02,2024-09-07
INB00280,SUP002,HUB-BOM,SKU0485,47,2024-09-05,2024-09-07
INB00281,SUP008,HUB-BLR,SKU0069,121,2024-09-03,2024-09-07
INB00281,SUP008,HUB-BLR,SKU0158,126,2024-09-03,2024-09-07
INB00281,SUP008,HUB-BLR,SKU0167,100,2024-09-05,2024-09-07
INB00281,SUP008,HUB-BLR,SKU0237,144,2024-09-03,2024-09-07
INB00281,SUP008,HUB-BLR,SKU0335,95,2024-09-05,2024-09-07
INB00281,SUP008,HUB-BLR,SKU0407,106,2024-09-02,2024-09-07
INB00280,SUP002,HUB-BOM,SKU0097,48,2024-09-06,2024-09-08
INB00280,SUP002,HUB-BOM,SKU0154,43,2024-09-03,2024-09-08
INB00280,SUP002,HUB-BOM,SKU0278,44,2024-09-04,2024-09-08
INB00280,SUP002,HUB-BOM,SKU0365,51,2024-09-07,2024-09-08
INB00280,SUP002,HUB-BOM,SKU0434,44,2024-09-03,2024-09-08
INB00281,SUP008,HUB-BLR,SKU0013,114,2024-09-05,2024-09-08
INB00281,SUP008,HUB-BLR,SKU0018,104,2024-09-04,2024-09-08
INB00281,SUP008,HUB-BLR,SKU0065,116,2024-09-03,2024-09-08
INB00281,SUP008,HUB-BLR,SKU0073,101,2024-09-06,2024-09-08
INB00281,SUP008,HUB-BLR,SKU0179,155,2024-09-06,2024-09-08
INB00281,SUP008,HUB-BLR,SKU0203,104,2024-09-04,2024-09-08
INB00281,SUP008,HUB-BLR,SKU0205,106,2024-09-06,2024-09-08
INB00281,SUP008,HUB-BLR,SKU0247,109,2024-09-07,2024-09-08
INB00281,SUP008,HUB-BLR,SKU0303,105,2024-09-03,2024-09-08
INB00281,SUP008,HUB-BLR,SKU0309,93,2024-09-08,2024-09-08
INB00281,SUP008,HUB-BLR,SKU0444,117,2024-09-07,2024-09-08
INB00281,SUP008,HUB-BLR,SKU0445,99,2024-09-04,2024-09-08
INB00281,SUP008,HUB-BLR,SKU0454,141,2024-09-03,2024-09-08
INB00281,SUP008,HUB-BLR,SKU0480,149,2024-09-07,2024-09-08
INB00281,SUP008,HUB-BLR,SKU0488,95,2024-09-07,2024-09-08
INB00280,SUP002,HUB-BOM,SKU0058,38,2024-09-04,2024-09-09
INB00280,SUP002,HUB-BOM,SKU0090,42,2024-09-07,2024-09-09
INB00280,SUP002,HUB-BOM,SKU0191,39,2024-09-08,2024-09-09
INB00280,SUP002,HUB-BOM,SKU0402,39,2024-09-04,2024-09-09
INB00280,SUP002,HUB-BOM,SKU0469,40,2024-09-08,2024-09-09
INB00281,SUP008,HUB-BLR,SKU0012,97,2024-09-09,2024-09-09
INB00281,SUP008,HUB-BLR,SKU0033,105,2024-09-04,2024-09-09
INB00281,SUP008,HUB-BLR,SKU0166,113,2024-09-04,2024-09-09
INB00281,SUP008,HUB-BLR,SKU0192,155,2024-09-07,2024-09-09
INB00281,SUP008,HUB-BLR,SKU0227,104,2024-09-06,2024-09-09
INB00281,SUP008,HUB-BLR,SKU0239,114,2024-09-06,2024-09-09
INB00281,SUP008,HUB-BLR,SKU0283,151,2024-09-08,2024-09-09
INB00281,SUP008,HUB-BLR,SKU0320,106,2024-09-08,2024-09-09
INB00281,SUP008,HUB-BLR,SKU0368,130,2024-09-05,2024-09-09
INB00281,SUP008,HUB-BLR,SKU0458,114,2024-09-06,2024-09-09
INB00281,SUP008,HUB-BLR,SKU0494,224,2024-09-07,2024-09-09
INB00282,SUP020,HUB-DEL,SKU0042,64,2024-09-08,2024-09-09
INB00280,SUP002,HUB-BOM,SKU0076,39,2024-09-10,2024-09-10
INB00280,SUP002,HUB-BOM,SKU0088,37,2024-09-08,2024-09-10
INB00280,SUP002,HUB-BOM,SKU0189,44,2024-09-06,2024-09-10
INB00280,SUP002,HUB-BOM,SKU0287,38,2024-09-07,2024-09-10
INB00280,SUP002,HUB-BOM,SKU0330,53,2024-09-09,2024-09-10
INB00280,SUP002,HUB-BOM,SKU0389,37,2024-09-05,2024-09-10
INB00280,SUP002,HUB-BOM,SKU0470,53,2024-09-09,2024-09-10
INB00281,SUP008,HUB-BLR,SKU0044,128,2024-09-09,2024-09-10
INB00281,SUP008,HUB-BLR,SKU0050,108,2024-09-09,2024-09-10
INB00281,SUP008,HUB-BLR,SKU0234,102,2024-09-08,2024-09-10
INB00281,SUP008,HUB-BLR,SKU0305,99,2024-09-09,2024-09-10
INB00281,SUP008,HUB-BLR,SKU0313,114,2024-09-08,2024-09-10
INB00281,SUP008,HUB-BLR,SKU0354,116,2024-09-10,2024-09-10
INB00281,SUP008,HUB-BLR,SKU0363,100,2024-09-08,2024-09-10
INB00282,SUP020,HUB-DEL,SKU0036,57,2024-09-07,2024-09-10
INB00282,SUP020,HUB-DEL,SKU0157,62,2024-09-06,2024-09-10
INB00282,SUP020,HUB-DEL,SKU0312,57,2024-09-06,2024-09-10
INB00282,SUP020,HUB-DEL,SKU0491,59,2024-09-08,2024-09-10
INB00280,SUP002,HUB-BOM,SKU0108,40,2024-09-09,2024-09-11
INB00280,SUP002,HUB-BOM,SKU0118,56,2024-09-06,2024-09-11
INB00280,SUP002,HUB-BOM,SKU0220,41,2024-09-06,2024-09-11
INB00280,SUP002,HUB-BOM,SKU0246,40,2024-09-10,2024-09-11
INB00280,SUP002,HUB-BOM,SKU0375,38,2024-09-10,2024-09-11
INB00281,SUP008,HUB-BLR,SKU0295,94,2024-09-09,2024-09-11
INB00281,SUP008,HUB-BLR,SKU0333,105,2024-09-08,2024-09-11
INB00281,SUP008,HUB-BLR,SKU0367,148,2024-09-11,2024-09-11
INB00281,SUP008,HUB-BLR,SKU0413,103,2024-09-07,2024-09-11
INB00282,SUP020,HUB-DEL,SKU0006,64,2024-09-07,2024-09-11
INB00282,SUP020,HUB-DEL,SKU0265,62,2024-09-10,2024-09-11
INB00280,SUP002,HUB-BOM,SKU0372,49,2024-09-08,2024-09-12
INB00281,SUP008,HUB-BLR,SKU0143,158,2024-09-10,2024-09-12
INB00281,SUP008,HUB-BLR,SKU0288,124,2024-09-08,2024-09-12
INB00282,SUP020,HUB-DEL,SKU0196,65,2024-09-09,2024-09-12
INB00282,SUP020,HUB-DEL,SKU0422,58,2024-09-09,2024-09-12
INB00282,SUP020,HUB-DEL,SKU0447,61,2024-09-11,2024-09-12
INB00281,SUP008,HUB-BLR,SKU0101,124,2024-09-12,2024-09-13
INB00281,SUP008,HUB-BLR,SKU0362,147,2024-09-08,2024-09-13
INB00282,SUP020,HUB-DEL,SKU0104,58,2024-09-13,2024-09-14
INB00282,SUP020,HUB-DEL,SKU0293,58,2024-09-09,2024-09-14
INB00282,SUP020,HUB-DEL,SKU0463,59,2024-09-10,2024-09-14
INB00281,SUP008,HUB-BLR,SKU0099,114,2024-09-11,2024-09-15
INB00282,SUP020,HUB-DEL,SKU0190,61,2024-09-12,2024-09-15
INB00282,SUP020,HUB-DEL,SKU0364,58,2024-09-15,2024-09-15
INB00283,SUP006,HUB-BOM,SKU0136,39,2024-09-10,2024-09-15
INB00283,SUP006,HUB-BOM,SKU0010,43,2024-09-12,2024-09-16
INB00283,SUP006,HUB-BOM,SKU0164,46,2024-09-14,2024-09-16
INB00283,SUP006,HUB-BOM,SKU0311,41,2024-09-14,2024-09-16
INB00283,SUP006,HUB-BOM,SKU0347,38,2024-09-14,2024-09-16
INB00282,SUP020,HUB-DEL,SKU0055,72,2024-09-12,2024-09-17
INB00283,SUP006,HUB-BOM,SKU0001,46,2024-09-17,2024-09-17
INB00283,SUP006,HUB-BOM,SKU0176,46,2024-09-14,2024-09-17
INB00283,SUP006,HUB-BOM,SKU0177,45,2024-09-15,2024-09-17
INB00283,SUP006,HUB-BOM,SKU0180,39,2024-09-14,2024-09-17
INB00283,SUP006,HUB-BOM,SKU0351,45,2024-09-14,2024-09-17
INB00283,SUP006,HUB-BOM,SKU0448,47,2024-09-13,2024-09-17
INB00283,SUP006,HUB-BOM,SKU0216,39,2024-09-14,2024-09-18
INB00283,SUP006,HUB-BOM,SKU0275,42,2024-09-13,2024-09-18
INB00284,SUP019,HUB-BLR,SKU0162,101,2024-09-13,2024-09-18
INB00283,SUP006,HUB-BOM,SKU0022,40,2024-09-16,2024-09-19
INB00283,SUP006,HUB-BOM,SKU0040,40,2024-09-18,2024-09-19
INB00283,SUP006,HUB-BOM,SKU0085,43,2024-09-15,2024-09-19
INB00283,SUP006,HUB-BOM,SKU0124,44,2024-09-16,2024-09-19
INB00283,SUP006,HUB-BOM,SKU0219,39,2024-09-18,2024-09-19
INB00283,SUP006,HUB-BOM,SKU0337,38,2024-09-17,2024-09-19
INB00283,SUP006,HUB-BOM,SKU0443,40,2024-09-17,2024-09-19
INB00283,SUP006,HUB-BOM,SKU0457,45,2024-09-18,2024-09-19
INB00284,SUP019,HUB-BLR,SKU0051,104,2024-09-16,2024-09-19
INB00284,SUP019,HUB-BLR,SKU0087,110,2024-09-15,2024-09-19
INB00284,SUP019,HUB-BLR,SKU0122,98,2024-09-15,2024-09-19
INB00284,SUP019,HUB-BLR,SKU0183,124,2024-09-19,2024-09-19
INB00284,SUP019,HUB-BLR,SKU0224,143,2024-09-18,2024-09-19
INB00284,SUP019,HUB-BLR,SKU0291,155,2024-09-14,2024-09-19
INB00284,SUP019,HUB-BLR,SKU0323,104,2024-09-16,2024-09-19
INB00284,SUP019,HUB-BLR,SKU0404,114,2024-09-17,2024-09-19
INB00284,SUP019,HUB-BLR,SKU0466,97,2024-09-16,2024-09-19
INB00284,SUP019,HUB-BLR,SKU0475,134,2024-09-18,2024-09-19
INB00284,SUP019,HUB-BLR,SKU0486,134,2024-09-16,2024-09-19
INB00284,SUP019,HUB-BLR,SKU0500,136,2024-09-14,2024-09-19
INB00283,SUP006,HUB-BOM,SKU0139,37,2024-09-20,2024-09-20
INB00283,SUP006,HUB-BOM,SKU0151,48,2024-09-19,2024-09-20
INB00283,SUP006,HUB-BOM,SKU0437,43,2024-09-20,2024-09-20
INB00284,SUP019,HUB-BLR,SKU0038,127,2024-09-16,2024-09-20
INB00284,SUP019,HUB-BLR,SKU0094,98,2024-09-18,2024-09-20
INB00284,SUP019,HUB-BLR,SKU0121,111,2024-09-20,2024-09-20
INB00284,SUP019,HUB-BLR,SKU0175,156,2024-09-20,2024-09-20
INB00284,SUP019,HUB-BLR,SKU0269,94,2024-09-18,2024-09-20
INB00284,SUP019,HUB-BLR,SKU0299,117,2024-09-17,2024-09-20
INB00284,SUP019,HUB-BLR,SKU0361,106,2024-09-17,2024-09-20
INB00284,SUP019,HUB-BLR,SKU0441,196,2024-09-19,2024-09-20
INB00285,SUP013,HUB-DEL,SKU0007,64,2024-09-19,2024-09-20
INB00283,SUP006,HUB-BOM,SKU0257,40,2024-09-19,2024-09-21
INB00283,SUP006,HUB-BOM,SKU0280,39,2024-09-21,2024-09-21
INB00283,SUP006,HUB-BOM,SKU0471,40,2024-09-19,2024-09-21
INB00283,SUP006,HUB-BOM,SKU0473,50,2024-09-17,2024-09-21
INB00284,SUP019,HUB-BLR,SKU0071,101,2024-09-17,2024-09-21
INB00284,SUP019,HUB-BLR,SKU0120,111,2024-09-21,2024-09-21
INB00284,SUP019,HUB-BLR,SKU0165,117,2024-09-19,2024-09-21
INB00284,SUP019,HUB-BLR,SKU0198,121,2024-09-19,2024-09-21
INB00284,SUP019,HUB-BLR,SKU0290,129,2024-09-21,2024-09-21
INB00284,SUP019,HUB-BLR,SKU0352,102,2024-09-16,2024-09-21
INB00284,SUP019,HUB-BLR,SKU0493,116,2024-09-20,2024-09-21
INB00285,SUP013,HUB-DEL,SKU0017,65,2024-09-16,2024-09-21
INB00285,SUP013,HUB-DEL,SKU0256,66,2024-09-20,2024-09-21
INB00285,SUP013,HUB-DEL,SKU0261,71,2024-09-19,2024-09-21
INB00283,SUP006,HUB-BOM,SKU0032,42,2024-09-19,2024-09-22
INB00283,SUP006,HUB-BOM,SKU0127,38,2024-09-22,2024-09-22
INB00283,SUP006,HUB-BOM,SKU0395,44,2024-09-21,2024-09-22
INB00283,SUP006,HUB-BOM,SKU0490,39,2024-09-19,2024-09-22
INB00284,SUP019,HUB-BLR,SKU0081,133,2024-09-22,2024-09-22
INB00284,SUP019,HUB-BLR,SKU0089,115,2024-09-19,2024-09-22
INB00284,SUP019,HUB-BLR,SKU0091,106,2024-09-19,2024-09-22
INB00284,SUP019,HUB-BLR,SKU0131,126,2024-09-19,2024-09-22
INB00284,SUP019,HUB-BLR,SKU0140,96,2024-09-19,2024-09-22
INB00284,SUP019,HUB-BLR,SKU0145,172,2024-09-19,2024-09-22
INB00284,SUP019,HUB-BLR,SKU0153,99,2024-09-20,2024-09-22
INB00284,SUP019,HUB-BLR,SKU0270,110,2024-09-22,2024-09-22
INB00284,SUP019,HUB-BLR,SKU0322,101,2024-09-21,2024-09-22
INB00284,SUP019,HUB-BLR,SKU0326,107,2024-09-21,2024-09-22
INB00284,SUP019,HUB-BLR,SKU0359,114,2024-09-18,2024-09-22
INB00284,SUP019,HUB-BLR,SKU0371,120,2024-09-21,2024-09-22
INB00284,SUP019,HUB-BLR,SKU0377,113,2024-09-21,2024-09-22
INB00284,SUP019,HUB-BLR,SKU0405,123,2024-09-19,2024-09-22
INB00284,SUP019,HUB-BLR,SKU0418,93,2024-09-17,2024-09-22
INB00284,SUP019,HUB-BLR,SKU0433,105,2024-09-20,2024-09-22
INB00284,SUP019,HUB-BLR,SKU0435,143,2024-09-22,2024-09-22
INB00284,SUP019,HUB-BLR,SKU0460,112,2024-09-20,2024-09-22
INB00284,SUP019,HUB-BLR,SKU0472,112,2024-09-18,2024-09-22
INB00284,SUP019,HUB-BLR,SKU0479,97,2024-09-21,2024-09-22
INB00285,SUP013,HUB-DEL,SKU0078,57,2024-09-18,2024-09-22
INB00285,SUP013,HUB-DEL,SKU0095,60,2024-09-21,2024-09-22
INB00285,SUP013,HUB-DEL,SKU0235,63,2024-09-20,2024-09-22
INB00285,SUP013,HUB-DEL,SKU0334,58,2024-09-18,2024-09-22
INB00285,SUP013,HUB-DEL,SKU0379,67,2024-09-20,2024-09-22
INB00284,SUP019,HUB-BLR,SKU0004,167,2024-09-19,2024-09-23
INB00284,SUP019,HUB-BLR,SKU0041,97,2024-09-19,2024-09-23
INB00284,SUP019,HUB-BLR,SKU0109,132,2024-09-23,2024-09-23
INB00284,SUP019,HUB-BLR,SKU0137,117,2024-09-19,2024-09-23
INB00284,SUP019,HUB-BLR,SKU0242,159,2024-09-19,2024-09-23
INB00284,SUP019,HUB-BLR,SKU0271,108,2024-09-19,2024-09-23
INB00284,SUP019,HUB-BLR,SKU0369,93,2024-09-19,2024-09-23
INB00284,SUP019,HUB-BLR,SKU0388,111,2024-09-21,2024-09-23
INB00284,SUP019,HUB-BLR,SKU0401,109,2024-09-20,2024-09-23
INB00284,SUP019,HUB-BLR,SKU0484,108,2024-09-19,2024-09-23
INB00284,SUP019,HUB-BLR,SKU0489,160,2024-09-20,2024-09-23
INB00285,SUP013,HUB-DEL,SKU0068,66,2024-09-21,2024-09-23
INB00285,SUP013,HUB-DEL,SKU0173,70,2024-09-21,2024-09-23
INB00285,SUP013,HUB-DEL,SKU0298,66,2024-09-19,2024-09-23
INB00285,SUP013,HUB-DEL,SKU0393,62,2024-09-20,2024-09-23
INB00285,SUP013,HUB-DEL,SKU0487,64,2024-09-21,2024-09-23
INB00284,SUP019,HUB-BLR,SKU0016,120,2024-09-22,2024-09-24
INB00284,SUP019,HUB-BLR,SKU0105,129,2024-09-24,2024-09-24
INB00284,SUP019,HUB-BLR,SKU0304,122,2024-09-21,2024-09-24
INB00284,SUP019,HUB-BLR,SKU0327,101,2024-09-19,2024-09-24
INB00284,SUP019,HUB-BLR,SKU0385,116,2024-09-23,2024-09-24
INB00285,SUP013,HUB-DEL,SKU0011,63,2024-09-23,2024-09-24
INB00285,SUP013,HUB-DEL,SKU0031,70,2024-09-19,2024-09-24
INB00285,SUP013,HUB-DEL,SKU0149,61,2024-09-20,2024-09-24
INB00285,SUP013,HUB-DEL,SKU0184,69,2024-09-24,2024-09-24
INB00285,SUP013,HUB-DEL,SKU0281,59,2024-09-21,2024-09-24
INB00285,SUP013,HUB-DEL,SKU0003,59,2024-09-23,2024-09-25
INB00285,SUP013,HUB-DEL,SKU0133,62,2024-09-24,2024-09-25
INB00285,SUP013,HUB-DEL,SKU0215,60,2024-09-22,2024-09-25
INB00285,SUP013,HUB-DEL,SKU0499,68,2024-09-25,2024-09-25
INB00286,SUP001,HUB-BOM,SKU0064,37,2024-09-21,2024-09-25
INB00286,SUP001,HUB-BOM,SKU0263,38,2024-09-22,2024-09-25
INB00286,SUP001,HUB-BOM,SKU0452,39,2024-09-23,2024-09-25
INB00285,SUP013,HUB-DEL,SKU0390,57,2024-09-22,2024-09-26
INB00286,SUP001,HUB-BOM,SKU0014,40,2024-09-25,2024-09-26
INB00286,SUP001,HUB-BOM,SKU0446,56,2024-09-24,2024-09-26
INB00286,SUP001,HUB-BOM,SKU0474,49,2024-09-21,2024-09-26
INB00286,SUP001,HUB-BOM,SKU0496,40,2024-09-21,2024-09-26
INB00284,SUP019,HUB-BLR,SKU0383,101,2024-09-22,2024-09-27
INB00285,SUP013,HUB-DEL,SKU0282,57,2024-09-25,2024-09-27
INB00286,SUP001,HUB-BOM,SKU0019,42,2024-09-22,2024-09-27
INB00286,SUP001,HUB-BOM,SKU0241,55,2024-09-27,2024-09-27
INB00286,SUP001,HUB-BOM,SKU0425,43,2024-09-27,2024-09-27
INB00285,SUP013,HUB-DEL,SKU0098,59,2024-09-23,2024-09-28
INB00286,SUP001,HUB-BOM,SKU0119,42,2024-09-27,2024-09-28
INB00286,SUP001,HUB-BOM,SKU0159,42,2024-09-23,2024-09-28
INB00286,SUP001,HUB-BOM,SKU0374,40,2024-09-27,2024-09-28
INB00286,SUP001,HUB-BOM,SKU0395,37,2024-09-28,2024-09-28
INB00286,SUP001,HUB-BOM,SKU0126,40,2024-09-28,2024-09-29
INB00286,SUP001,HUB-BOM,SKU0181,38,2024-09-27,2024-09-29
INB00286,SUP001,HUB-BOM,SKU0387,49,2024-09-29,2024-09-29
INB00286,SUP001,HUB-BOM,SKU0432,41,2024-09-25,2024-09-29
INB00286,SUP001,HUB-BOM,SKU0482,40,2024-09-24,2024-09-29
INB00285,SUP013,HUB-DEL,SKU0138,61,2024-09-30,2024-09-30
INB00286,SUP001,HUB-BOM,SKU0150,50,2024-09-26,2024-09-30
INB00286,SUP001,HUB-BOM,SKU0193,51,2024-09-25,2024-09-30
INB00286,SUP001,HUB-BOM,SKU0213,50,2024-09-25,2024-09-30
INB00286,SUP001,HUB-BOM,SKU0228,41,2024-09-30,2024-09-30
INB00286,SUP001,HUB-BOM,SKU0331,41,2024-09-27,2024-09-30
INB00286,SUP001,HUB-BOM,SKU0421,37,2024-09-28,2024-09-30
INB00286,SUP001,HUB-BOM,SKU0438,39,2024-09-29,2024-09-30
INB00287,SUP003,HUB-BLR,SKU0021,135,2024-09-29,2024-09-30
INB00287,SUP003,HUB-BLR,SKU0082,122,2024-09-30,2024-09-30
INB00287,SUP003,HUB-BLR,SKU0366,94,2024-09-25,2024-09-30
INB00286,SUP001,HUB-BOM,SKU0066,43,2024-09-30,2024-10-01
INB00286,SUP001,HUB-BOM,SKU0147,38,2024-09-27,2024-10-01
INB00286,SUP001,HUB-BOM,SKU0255,38,2024-09-26,2024-10-01
INB00286,SUP001,HUB-BOM,SKU0408,46,2024-09-26,2024-10-01
INB00287,SUP003,HUB-BLR,SKU0258,111,2024-09-28,2024-10-01
INB00287,SUP003,HUB-BLR,SKU0285,96,2024-10-01,2024-10-01
INB00286,SUP001,HUB-BOM,SKU0431,40,2024-09-30,2024-10-02
INB00287,SUP003,HUB-BLR,SKU0110,98,2024-09-28,2024-10-02
INB00287,SUP003,HUB-BLR,SKU0206,110,2024-09-28,2024-10-02
INB00287,SUP003,HUB-BLR,SKU0217,109,2024-10-02,2024-10-02
INB00287,SUP003,HUB-BLR,SKU0236,137,2024-10-01,2024-10-02
INB00287,SUP003,HUB-BLR,SKU0237,123,2024-09-27,2024-10-02
INB00287,SUP003,HUB-BLR,SKU0244,100,2024-10-02,2024-10-02
INB00287,SUP003,HUB-BLR,SKU0303,177,2024-09-28,2024-10-02
INB00287,SUP003,HUB-BLR,SKU0305,100,2024-09-27,2024-10-02
INB00287,SUP003,HUB-BLR,SKU0320,158,2024-10-02,2024-10-02
INB00287,SUP003,HUB-BLR,SKU0324,98,2024-09-28,2024-10-02
INB00287,SUP003,HUB-BLR,SKU0329,153,2024-09-30,2024-10-02
INB00287,SUP003,HUB-BLR,SKU0362,114,2024-10-02,2024-10-02
INB00287,SUP003,HUB-BLR,SKU0397,111,2024-09-27,2024-10-02
INB00286,SUP001,HUB-BOM,SKU0456,43,2024-09-29,2024-10-03
INB00287,SUP003,HUB-BLR,SKU0044,95,2024-10-03,2024-10-03
INB00287,SUP003,HUB-BLR,SKU0063,135,2024-10-03,2024-10-03
INB00287,SUP003,HUB-BLR,SKU0065,116,2024-09-28,2024-10-03
INB00287,SUP003,HUB-BLR,SKU0131,98,2024-09-30,2024-10-03
INB00287,SUP003,HUB-BLR,SKU0156,114,2024-10-02,2024-10-03
INB00287,SUP003,HUB-BLR,SKU0179,118,2024-10-03,2024-10-03
INB00287,SUP003,HUB-BLR,SKU0232,152,2024-10-03,2024-10-03
INB00287,SUP003,HUB-BLR,SKU0247,116,2024-09-29,2024-10-03
INB00287,SUP003,HUB-BLR,SKU0336,98,2024-09-30,2024-10-03
INB00287,SUP003,HUB-BLR,SKU0344,115,2024-10-02,2024-10-03
INB00287,SUP003,HUB-BLR,SKU0454,131,2024-10-02,2024-10-03
INB00287,SUP003,HUB-BLR,SKU0488,122,2024-09-29,2024-10-03
INB00287,SUP003,HUB-BLR,SKU0105,102,2024-10-04,2024-10-04
INB00287,SUP003,HUB-BLR,SKU0201,146,2024-10-02,2024-10-04
INB00287,SUP003,HUB-BLR,SKU0294,101,2024-10-03,2024-10-04
INB00287,SUP003,HUB-BLR,SKU0295,96,2024-10-04,2024-10-04
INB00287,SUP003,HUB-BLR,SKU0394,142,2024-09-29,2024-10-04
INB00287,SUP003,HUB-BLR,SKU0450,124,2024-09-30,2024-10-04
INB00287,SUP003,HUB-BLR,SKU0484,104,2024-09-29,2024-10-04
INB00288,SUP011,HUB-DEL,SKU0002,63,2024-10-03,2024-10-04
INB00288,SUP011,HUB-DEL,SKU0100,60,2024-10-03,2024-10-04
INB00288,SUP011,HUB-DEL,SKU0207,59,2024-10-01,2024-10-04
INB00288,SUP011,HUB-DEL,SKU0297,77,2024-10-02,2024-10-04
INB00287,SUP003,HUB-BLR,SKU0026,93,2024-10-04,2024-10-05
INB00287,SUP003,HUB-BLR,SKU0061,130,2024-10-02,2024-10-05
INB00287,SUP003,HUB-BLR,SKU0101,118,2024-10-05,2024-10-05
INB00287,SUP003,HUB-BLR,SKU0158,109,2024-10-02,2024-10-05
INB00287,SUP003,HUB-BLR,SKU0197,113,2024-10-01,2024-10-05
INB00287,SUP003,HUB-BLR,SKU0205,154,2024-10-01,2024-10-05
INB00287,SUP003,HUB-BLR,SKU0367,103,2024-10-02,2024-10-05
INB00287,SUP003,HUB-BLR,SKU0430,110,2024-10-04,2024-10-05
INB00288,SUP011,HUB-DEL,SKU0008,61,2024-10-02,2024-10-05
INB00288,SUP011,HUB-DEL,SKU0029,64,2024-10-05,2024-10-05
INB00288,SUP011,HUB-DEL,SKU0075,66,2024-10-02,2024-10-05
INB00288,SUP011,HUB-DEL,SKU0286,60,2024-10-01,2024-10-05
INB00288,SUP011,HUB-DEL,SKU0325,62,2024-10-01,2024-10-05
INB00288,SUP011,HUB-DEL,SKU0449,60,2024-10-01,2024-10-05
INB00288,SUP011,HUB-DEL,SKU0468,67,2024-10-03,2024-10-05
INB00287,SUP003,HUB-BLR,SKU0041,99,2024-10-05,2024-10-06
INB00287,SUP003,HUB-BLR,SKU0099,118,2024-10-02,2024-10-06
INB00287,SUP003,HUB-BLR,SKU0172,143,2024-10-03,2024-10-06
INB00287,SUP003,HUB-BLR,SKU0333,103,2024-10-04,2024-10-06
INB00287,SUP003,HUB-BLR,SKU0348,138,2024-10-01,2024-10-06
INB00287,SUP003,HUB-BLR,SKU0357,128,2024-10-06,2024-10-06
INB00287,SUP003,HUB-BLR,SKU0368,134,2024-10-02,2024-10-06
INB00288,SUP011,HUB-DEL,SKU0289,61,2024-10-05,2024-10-06
INB00289,SUP006,HUB-BOM,SKU0152,38,2024-10-02,2024-10-06
INB00289,SUP006,HUB-BOM,SKU0252,38,2024-10-04,2024-10-06
INB00289,SUP006,HUB-BOM,SKU0278,47,2024-10-04,2024-10-06
INB00287,SUP003,HUB-BLR,SKU0130,102,2024-10-06,2024-10-07
INB00287,SUP003,HUB-BLR,SKU0211,137,2024-10-05,2024-10-07
INB00288,SUP011,HUB-DEL,SKU0102,60,2024-10-07,2024-10-07
INB00288,SUP011,HUB-DEL,SKU0142,64,2024-10-05,2024-10-07
INB00288,SUP011,HUB-DEL,SKU0249,64,2024-10-03,2024-10-07
INB00288,SUP011,HUB-DEL,SKU0386,57,2024-10-04,2024-10-07
INB00289,SUP006,HUB-BOM,SKU0054,56,2024-10-03,2024-10-07
INB00289,SUP006,HUB-BOM,SKU0218,44,2024-10-04,2024-10-07
INB00289,SUP006,HUB-BOM,SKU0274,40,2024-10-06,2024-10-07
INB00289,SUP006,HUB-BOM,SKU0276,39,2024-10-06,2024-10-07
INB00289,SUP006,HUB-BOM,SKU0300,37,2024-10-04,2024-10-07
INB00289,SUP006,HUB-BOM,SKU0483,44,2024-10-07,2024-10-07
INB00288,SUP011,HUB-DEL,SKU0030,59,2024-10-04,2024-10-08
INB00288,SUP011,HUB-DEL,SKU0117,58,2024-10-05,2024-10-08
INB00288,SUP011,HUB-DEL,SKU0125,82,2024-10-03,2024-10-08
INB00288,SUP011,HUB-DEL,SKU0128,58,2024-10-04,2024-10-08
INB00288,SUP011,HUB-DEL,SKU0221,61,2024-10-03,2024-10-08
INB00288,SUP011,HUB-DEL,SKU0233,64,2024-10-03,2024-10-08
INB00288,SUP011,HUB-DEL,SKU0381,57,2024-10-07,2024-10-08
INB00289,SUP006,HUB-BOM,SKU0056,56,2024-10-05,2024-10-08
INB00289,SUP006,HUB-BOM,SKU0210,42,2024-10-05,2024-10-08
INB00289,SUP006,HUB-BOM,SKU0319,37,2024-10-07,2024-10-08
INB00289,SUP006,HUB-BOM,SKU0436,37,2024-10-05,2024-10-08
INB00289,SUP006,HUB-BOM,SKU0451,39,2024-10-07,2024-10-08
INB00288,SUP011,HUB-DEL,SKU0267,62,2024-10-06,2024-10-09
INB00288,SUP011,HUB-DEL,SKU0399,57,2024-10-06,2024-10-09
INB00289,SUP006,HUB-BOM,SKU0114,38,2024-10-07,2024-10-09
INB00289,SUP006,HUB-BOM,SKU0160,44,2024-10-05,2024-10-09
INB00289,SUP006,HUB-BOM,SKU0266,37,2024-10-05,2024-10-09
INB00289,SUP006,HUB-BOM,SKU0340,42,2024-10-08,2024-10-09
INB00289,SUP006,HUB-BOM,SKU0355,43,2024-10-07,2024-10-09
INB00289,SUP006,HUB-BOM,SKU0415,42,2024-10-07,2024-10-09
INB00288,SUP011,HUB-DEL,SKU0134,66,2024-10-05,2024-10-10
INB00289,SUP006,HUB-BOM,SKU0024,40,2024-10-05,2024-10-10
INB00289,SUP006,HUB-BOM,SKU0049,37,2024-10-09,2024-10-10
INB00289,SUP006,HUB-BOM,SKU0302,47,2024-10-09,2024-10-10
INB00289,SUP006,HUB-BOM,SKU0310,38,2024-10-05,2024-10-10
INB00289,SUP006,HUB-BOM,SKU0370,54,2024-10-07,2024-10-10
INB00289,SUP006,HUB-BOM,SKU0461,37,2024-10-10,2024-10-10
INB00290,SUP016,HUB-BLR,SKU0038,98,2024-10-10,2024-10-10
INB00288,SUP011,HUB-DEL,SKU0212,59,2024-10-08,2024-10-11
INB00289,SUP006,HUB-BOM,SKU0250,44,2024-10-08,2024-10-11
INB00289,SUP006,HUB-BOM,SKU0343,43,2024-10-09,2024-10-11
INB00290,SUP016,HUB-BLR,SKU0093,115,2024-10-09,2024-10-11
INB00290,SUP016,HUB-BLR,SKU0183,119,2024-10-07,2024-10-11
INB00290,SUP016,HUB-BLR,SKU0227,102,2024-10-06,2024-10-11
INB00290,SUP016,HUB-BLR,SKU0313,117,2024-10-10,2024-10-11
INB00290,SUP016,HUB-BLR,SKU0429,140,2024-10-07,2024-10-11
INB00289,SUP006,HUB-BOM,SKU0214,41,2024-10-11,2024-10-12
INB00289,SUP006,HUB-BOM,SKU0262,50,2024-10-10,2024-10-12
INB00289,SUP006,HUB-BOM,SKU0391,48,2024-10-07,2024-10-12
INB00289,SUP006,HUB-BOM,SKU0400,38,2024-10-09,2024-10-12
INB00289,SUP006,HUB-BOM,SKU0434,40,2024-10-10,2024-10-12
INB00290,SUP016,HUB-BLR,SKU0023,98,2024-10-11,2024-10-12
INB00290,SUP016,HUB-BLR,SKU0079,98,2024-10-10,2024-10-12
INB00290,SUP016,HUB-BLR,SKU0354,144,2024-10-09,2024-10-12
INB00290,SUP016,HUB-BLR,SKU0363,103,2024-10-10,2024-10-12
INB00290,SUP016,HUB-BLR,SKU0409,154,2024-10-12,2024-10-12
INB00290,SUP016,HUB-BLR,SKU0413,137,2024-10-09,2024-10-12
INB00290,SUP016,HUB-BLR,SKU0433,111,2024-10-07,2024-10-12
INB00290,SUP016,HUB-BLR,SKU0440,98,2024-10-12,2024-10-12
INB00289,SUP006,HUB-BOM,SKU0171,43,2024-10-09,2024-10-13
INB00289,SUP006,HUB-BOM,SKU0200,39,2024-10-09,2024-10-13
INB00289,SUP006,HUB-BOM,SKU0375,45,2024-10-09,2024-10-13
INB00290,SUP016,HUB-BLR,SKU0074,125,2024-10-13,2024-10-13
INB00290,SUP016,HUB-BLR,SKU0132,132,2024-10-10,2024-10-13
INB00290,SUP016,HUB-BLR,SKU0153,95,2024-10-09,2024-10-13
INB00290,SUP016,HUB-BLR,SKU0185,110,2024-10-09,2024-10-13
INB00290,SUP016,HUB-BLR,SKU0229,123,2024-10-10,2024-10-13
INB00290,SUP016,HUB-BLR,SKU0251,131,2024-10-09,2024-10-13
INB00290,SUP016,HUB-BLR,SKU0283,96,2024-10-13,2024-10-13
INB00290,SUP016,HUB-BLR,SKU0404,96,2024-10-13,2024-10-13
INB00290,SUP016,HUB-BLR,SKU0021,140,2024-10-11,2024-10-14
INB00290,SUP016,HUB-BLR,SKU0089,102,2024-10-13,2024-10-14
INB00290,SUP016,HUB-BLR,SKU0091,104,2024-10-11,2024-10-14
INB00290,SUP016,HUB-BLR,SKU0169,105,2024-10-13,2024-10-14
INB00290,SUP016,HUB-BLR,SKU0182,111,2024-10-11,2024-10-14
INB00290,SUP016,HUB-BLR,SKU0203,108,2024-10-12,2024-10-14
INB00290,SUP016,HUB-BLR,SKU0360,159,2024-10-11,2024-10-14
INB00290,SUP016,HUB-BLR,SKU0369,117,2024-10-14,2024-10-14
INB00290,SUP016,HUB-BLR,SKU0371,115,2024-10-12,2024-10-14
INB00291,SUP014,HUB-DEL,SKU0060,91,2024-10-10,2024-10-14
INB00291,SUP014,HUB-DEL,SKU0115,93,2024-10-10,2024-10-14
INB00291,SUP014,HUB-DEL,SKU0133,93,2024-10-12,2024-10-14
INB00291,SUP014,HUB-DEL,SKU0339,85,2024-10-12,2024-10-14
INB00291,SUP014,HUB-DEL,SKU0498,123,2024-10-09,2024-10-14
INB00290,SUP016,HUB-BLR,SKU0109,96,2024-10-15,2024-10-15
INB00290,SUP016,HUB-BLR,SKU0120,118,2024-10-10,2024-10-15
INB00290,SUP016,HUB-BLR,SKU0234,94,2024-10-15,2024-10-15
INB00290,SUP016,HUB-BLR,SKU0269,100,2024-10-11,2024-10-15
INB00290,SUP016,HUB-BLR,SKU0388,102,2024-10-10,2024-10-15
INB00290,SUP016,HUB-BLR,SKU0419,95,2024-10-15,2024-10-15
INB00291,SUP014,HUB-DEL,SKU0027,70,2024-10-11,2024-10-15
INB00291,SUP014,HUB-DEL,SKU0095,112,2024-10-10,2024-10-15
INB00291,SUP014,HUB-DEL,SKU0102,111,2024-10-14,2024-10-15
INB00291,SUP014,HUB-DEL,SKU0117,64,2024-10-14,2024-10-15
INB00291,SUP014,HUB-DEL,SKU0138,57,2024-10-14,2024-10-15
INB00291,SUP014,HUB-DEL,SKU0204,80,2024-10-15,2024-10-15
INB00291,SUP014,HUB-DEL,SKU0215,61,2024-10-14,2024-10-15
INB00291,SUP014,HUB-DEL,SKU0231,72,2024-10-15,2024-10-15
INB00291,SUP014,HUB-DEL,SKU0264,77,2024-10-14,2024-10-15
INB00291,SUP014,HUB-DEL,SKU0277,66,2024-10-14,2024-10-15
INB00291,SUP014,HUB-DEL,SKU0284,86,2024-10-12,2024-10-15
INB00291,SUP014,HUB-DEL,SKU0318,92,2024-10-13,2024-10-15
INB00291,SUP014,HUB-DEL,SKU0346,80,2024-10-12,2024-10-15
INB00291,SUP014,HUB-DEL,SKU0416,92,2024-10-11,2024-10-15
INB00291,SUP014,HUB-DEL,SKU0453,130,2024-10-10,2024-10-15
INB00291,SUP014,HUB-DEL,SKU0464,79,2024-10-10,2024-10-15
INB00290,SUP016,HUB-BLR,SKU0013,97,2024-10-12,2024-10-16
INB00290,SUP016,HUB-BLR,SKU0051,114,2024-10-16,2024-10-16
INB00290,SUP016,HUB-BLR,SKU0069,111,2024-10-11,2024-10-16
INB00290,SUP016,HUB-BLR,SKU0239,131,2024-10-12,2024-10-16
INB00290,SUP016,HUB-BLR,SKU0359,215,2024-10-16,2024-10-16
INB00290,SUP016,HUB-BLR,SKU0423,121,2024-10-14,2024-10-16
INB00290,SUP016,HUB-BLR,SKU0480,115,2024-10-14,2024-10-16
INB00291,SUP014,HUB-DEL,SKU0015,97,2024-10-12,2024-10-16
INB00291,SUP014,HUB-DEL,SKU0039,97,2024-10-13,2024-10-16
INB00291,SUP014,HUB-DEL,SKU0046,88,2024-10-11,2024-10-16
INB00291,SUP014,HUB-DEL,SKU0194,81,2024-10-13,2024-10-16
INB00291,SUP014,HUB-DEL,SKU0225,97,2024-10-12,2024-10-16
INB00291,SUP014,HUB-DEL,SKU0245,118,2024-10-13,2024-10-16
INB00291,SUP014,HUB-DEL,SKU0306,58,2024-10-13,2024-10-16
INB00291,SUP014,HUB-DEL,SKU0317,91,2024-10-13,2024-10-16
INB00291,SUP014,HUB-DEL,SKU0384,69,2024-10-13,2024-10-16
INB00291,SUP014,HUB-DEL,SKU0412,84,2024-10-11,2024-10-16
INB00291,SUP014,HUB-DEL,SKU0442,81,2024-10-16,2024-10-16
INB00291,SUP014,HUB-DEL,SKU0459,77,2024-10-12,2024-10-16
INB00291,SUP014,HUB-DEL,SKU0491,60,2024-10-11,2024-10-16
INB00292,SUP015,HUB-BOM,SKU0191,37,2024-10-13,2024-10-16
INB00292,SUP015,HUB-BOM,SKU0378,48,2024-10-14,2024-10-16
INB00292,SUP015,HUB-BOM,SKU0389,37,2024-10-14,2024-10-16
INB00290,SUP016,HUB-BLR,SKU0005,106,2024-10-16,2024-10-17
INB00290,SUP016,HUB-BLR,SKU0291,155,2024-10-12,2024-10-17
INB00291,SUP014,HUB-DEL,SKU0053,75,2024-10-13,2024-10-17
INB00291,SUP014,HUB-DEL,SKU0062,59,2024-10-13,2024-10-17
INB00291,SUP014,HUB-DEL,SKU0134,72,2024-10-15,2024-10-17
INB00291,SUP014,HUB-DEL,SKU0163,61,2024-10-12,2024-10-17
INB00291,SUP014,HUB-DEL,SKU0188,63,2024-10-17,2024-10-17
INB00291,SUP014,HUB-DEL,SKU0316,128,2024-10-13,2024-10-17
INB00291,SUP014,HUB-DEL,SKU0379,82,2024-10-14,2024-10-17
INB00291,SUP014,HUB-DEL,SKU0414,73,2024-10-12,2024-10-17
INB00291,SUP014,HUB-DEL,SKU0439,67,2024-10-15,2024-10-17
INB00292,SUP015,HUB-BOM,SKU0199,43,2024-10-17,2024-10-17
INB00292,SUP015,HUB-BOM,SKU0273,58,2024-10-15,2024-10-17
INB00292,SUP015,HUB-BOM,SKU0365,37,2024-10-12,2024-10-17
INB00290,SUP016,HUB-BLR,SKU0167,137,2024-10-14,2024-10-18
INB00291,SUP014,HUB-DEL,SKU0017,67,2024-10-17,2024-10-18
INB00291,SUP014,HUB-DEL,SKU0048,89,2024-10-16,2024-10-18
INB00291,SUP014,HUB-DEL,SKU0075,66,2024-10-14,2024-10-18
INB00291,SUP014,HUB-DEL,SKU0111,66,2024-10-13,2024-10-18
INB00291,SUP014,HUB-DEL,SKU0128,71,2024-10-13,2024-10-18
INB00291,SUP014,HUB-DEL,SKU0141,76,2024-10-18,2024-10-18
INB00291,SUP014,HUB-DEL,SKU0190,79,2024-10-13,2024-10-18
INB00291,SUP014,HUB-DEL,SKU0207,60,2024-10-15,2024-10-18
INB00291,SUP014,HUB-DEL,SKU0243,108,2024-10-15,2024-10-18
INB00291,SUP014,HUB-DEL,SKU0296,65,2024-10-14,2024-10-18
INB00291,SUP014,HUB-DEL,SKU0328,73,2024-10-14,2024-10-18
INB00291,SUP014,HUB-DEL,SKU0356,95,2024-10-18,2024-10-18
INB00291,SUP014,HUB-DEL,SKU0364,64,2024-10-16,2024-10-18
INB00291,SUP014,HUB-DEL,SKU0398,97,2024-10-13,2024-10-18
INB00291,SUP014,HUB-DEL,SKU0497,57,2024-10-14,2024-10-18
INB00292,SUP015,HUB-BOM,SKU0028,42,2024-10-18,2024-10-18
INB00292,SUP015,HUB-BOM,SKU0154,50,2024-10-17,2024-10-18
INB00292,SUP015,HUB-BOM,SKU0189,38,2024-10-18,2024-10-18
INB00292,SUP015,HUB-BOM,SKU0220,41,2024-10-14,2024-10-18
INB00291,SUP014,HUB-DEL,SKU0006,59,2024-10-14,2024-10-19
INB00291,SUP014,HUB-DEL,SKU0037,138,2024-10-19,2024-10-19
INB00291,SUP014,HUB-DEL,SKU0052,97,2024-10-17,2024-10-19
INB00291,SUP014,HUB-DEL,SKU0104,78,2024-10-17,2024-10-19
INB00291,SUP014,HUB-DEL,SKU0249,72,2024-10-17,2024-10-19
INB00291,SUP014,HUB-DEL,SKU0301,69,2024-10-18,2024-10-19
INB00291,SUP014,HUB-DEL,SKU0308,93,2024-10-14,2024-10-19
INB00291,SUP014,HUB-DEL,SKU0341,60,2024-10-15,2024-10-19
INB00291,SUP014,HUB-DEL,SKU0403,63,2024-10-16,2024-10-19
INB00291,SUP014,HUB-DEL,SKU0462,106,2024-10-17,2024-10-19
INB00291,SUP014,HUB-DEL,SKU0463,91,2024-10-16,2024-10-19
INB00291,SUP014,HUB-DEL,SKU0478,71,2024-10-14,2024-10-19
INB00292,SUP015,HUB-BOM,SKU0070,43,2024-10-17,2024-10-19
INB00292,SUP015,HUB-BOM,SKU0088,39,2024-10-17,2024-10-19
INB00292,SUP015,HUB-BOM,SKU0096,39,2024-10-15,2024-10-19
INB00292,SUP015,HUB-BOM,SKU0108,48,2024-10-16,2024-10-19
INB00292,SUP015,HUB-BOM,SKU0195,50,2024-10-15,2024-10-19
INB00292,SUP015,HUB-BOM,SKU0223,39,2024-10-18,2024-10-19
INB00292,SUP015,HUB-BOM,SKU0476,39,2024-10-15,2024-10-19
INB00291,SUP014,HUB-DEL,SKU0036,91,2024-10-17,2024-10-20
INB00291,SUP014,HUB-DEL,SKU0042,112,2024-10-15,2024-10-20
INB00291,SUP014,HUB-DEL,SKU0047,138,2024-10-15,2024-10-20
INB00291,SUP014,HUB-DEL,SKU0092,71,2024-10-16,2024-10-20
INB00291,SUP014,HUB-DEL,SKU0157,78,2024-10-15,2024-10-20
INB00291,SUP014,HUB-DEL,SKU0187,98,2024-10-15,2024-10-20
INB00291,SUP014,HUB-DEL,SKU0208,66,2024-10-15,2024-10-20
INB00292,SUP015,HUB-BOM,SKU0076,39,2024-10-17,2024-10-20
INB00292,SUP015,HUB-BOM,SKU0077,40,2024-10-19,2024-10-20
INB00292,SUP015,HUB-BOM,SKU0090,37,2024-10-16,2024-10-20
INB00292,SUP015,HUB-BOM,SKU0129,47,2024-10-16,2024-10-20
INB00292,SUP015,HUB-BOM,SKU0136,39,2024-10-15,2024-10-20
INB00292,SUP015,HUB-BOM,SKU0469,38,2024-10-19,2024-10-20
INB00292,SUP015,HUB-BOM,SKU0490,49,2024-10-17,2024-10-20
INB00291,SUP014,HUB-DEL,SKU0086,65,2024-10-20,2024-10-21
INB00291,SUP014,HUB-DEL,SKU0100,65,2024-10-21,2024-10-21
INB00291,SUP014,HUB-DEL,SKU0202,91,2024-10-21,2024-10-21
INB00291,SUP014,HUB-DEL,SKU0230,116,2024-10-16,2024-10-21
INB00291,SUP014,HUB-DEL,SKU0265,62,2024-10-18,2024-10-21
INB00291,SUP014,HUB-DEL,SKU0342,60,2024-10-16,2024-10-21
INB00291,SUP014,HUB-DEL,SKU0427,73,2024-10-17,2024-10-21
INB00292,SUP015,HUB-BOM,SKU0168,45,2024-10-17,2024-10-21
INB00292,SUP015,HUB-BOM,SKU0174,42,2024-10-21,2024-10-21
INB00292,SUP015,HUB-BOM,SKU0330,50,2024-10-17,2024-10-21
INB00292,SUP015,HUB-BOM,SKU0465,51,2024-10-21,2024-10-21
INB00292,SUP015,HUB-BOM,SKU0481,39,2024-10-21,2024-10-21
INB00293,SUP005,HUB-BLR,SKU0197,128,2024-10-16,2024-10-21
INB00293,SUP005,HUB-BLR,SKU0295,151,2024-10-18,2024-10-21
INB00293,SUP005,HUB-BLR,SKU0309,145,2024-10-21,2024-10-21
INB00293,SUP005,HUB-BLR,SKU0335,128,2024-10-16,2024-10-21
INB00293,SUP005,HUB-BLR,SKU0362,93,2024-10-16,2024-10-21
INB00292,SUP015,HUB-BOM,SKU0020,40,2024-10-18,2024-10-22
INB00292,SUP015,HUB-BOM,SKU0170,39,2024-10-19,2024-10-22
INB00292,SUP015,HUB-BOM,SKU0275,41,2024-10-18,2024-10-22
INB00292,SUP015,HUB-BOM,SKU0307,40,2024-10-22,2024-10-22
INB00292,SUP015,HUB-BOM,SKU0350,38,2024-10-21,2024-10-22
INB00293,SUP005,HUB-BLR,SKU0192,93,2024-10-21,2024-10-22
INB00293,SUP005,HUB-BLR,SKU0258,98,2024-10-20,2024-10-22
INB00293,SUP005,HUB-BLR,SKU0332,99,2024-10-20,2024-10-22
INB00293,SUP005,HUB-BLR,SKU0345,119,2024-10-17,2024-10-22
INB00292,SUP015,HUB-BOM,SKU0164,38,2024-10-18,2024-10-23
INB00292,SUP015,HUB-BOM,SKU0279,45,2024-10-22,2024-10-23
INB00293,SUP005,HUB-BLR,SKU0035,122,2024-10-22,2024-10-23
INB00293,SUP005,HUB-BLR,SKU0237,94,2024-10-21,2024-10-23
INB00293,SUP005,HUB-BLR,SKU0333,107,2024-10-19,2024-10-23
INB00293,SUP005,HUB-BLR,SKU0472,94,2024-10-20,2024-10-23
INB00293,SUP005,HUB-BLR,SKU0493,143,2024-10-18,2024-10-23
INB00293,SUP005,HUB-BLR,SKU0004,184,2024-10-22,2024-10-24
INB00293,SUP005,HUB-BLR,SKU0143,120,2024-10-19,2024-10-24
INB00293,SUP005,HUB-BLR,SKU0222,126,2024-10-22,2024-10-24
INB00293,SUP005,HUB-BLR,SKU0299,95,2024-10-24,2024-10-24
INB00293,SUP005,HUB-BLR,SKU0303,94,2024-10-23,2024-10-24
INB00293,SUP005,HUB-BLR,SKU0323,193,2024-10-20,2024-10-24
INB00293,SUP005,HUB-BLR,SKU0348,106,2024-10-19,2024-10-24
INB00293,SUP005,HUB-BLR,SKU0361,95,2024-10-20,2024-10-24
INB00293,SUP005,HUB-BLR,SKU0458,98,2024-10-21,2024-10-24
INB00293,SUP005,HUB-BLR,SKU0479,97,2024-10-24,2024-10-24
INB00293,SUP005,HUB-BLR,SKU0494,129,2024-10-19,2024-10-24
INB00294,SUP012,HUB-DEL,SKU0141,84,2024-10-19,2024-10-24
INB00294,SUP012,HUB-DEL,SKU0188,96,2024-10-21,2024-10-24
INB00294,SUP012,HUB-DEL,SKU0289,69,2024-10-19,2024-10-24
INB00294,SUP012,HUB-DEL,SKU0298,129,2024-10-19,2024-10-24
INB00294,SUP012,HUB-DEL,SKU0325,79,2024-10-19,2024-10-24
INB00293,SUP005,HUB-BLR,SKU0082,126,2024-10-23,2024-10-25
INB00293,SUP005,HUB-BLR,SKU0112,137,2024-10-22,2024-10-25
INB00293,SUP005,HUB-BLR,SKU0131,108,2024-10-25,2024-10-25
INB00293,SUP005,HUB-BLR,SKU0148,95,2024-10-23,2024-10-25
INB00293,SUP005,HUB-BLR,SKU0165,117,2024-10-20,2024-10-25
INB00293,SUP005,HUB-BLR,SKU0327,125,2024-10-23,2024-10-25
INB00293,SUP005,HUB-BLR,SKU0407,103,2024-10-25,2024-10-25
INB00293,SUP005,HUB-BLR,SKU0454,181,2024-10-25,2024-10-25
INB00293,SUP005,HUB-BLR,SKU0495,156,2024-10-23,2024-10-25
INB00293,SUP005,HUB-BLR,SKU0500,154,2024-10-22,2024-10-25
INB00294,SUP012,HUB-DEL,SKU0078,64,2024-10-25,2024-10-25
INB00294,SUP012,HUB-DEL,SKU0086,59,2024-10-23,2024-10-25
INB00294,SUP012,HUB-DEL,SKU0098,80,2024-10-23,2024-10-25
INB00294,SUP012,HUB-DEL,SKU0184,60,2024-10-20,2024-10-25
INB00294,SUP012,HUB-DEL,SKU0196,71,2024-10-21,2024-10-25
INB00294,SUP012,HUB-DEL,SKU0424,82,2024-10-24,2024-10-25
INB00293,SUP005,HUB-BLR,SKU0073,153,2024-10-26,2024-10-26
INB00293,SUP005,HUB-BLR,SKU0105,124,2024-10-22,2024-10-26
INB00293,SUP005,HUB-BLR,SKU0224,107,2024-10-26,2024-10-26
INB00293,SUP005,HUB-BLR,SKU0305,133,2024-10-24,2024-10-26
INB00293,SUP005,HUB-BLR,SKU0368,143,2024-10-23,2024-10-26
INB00294,SUP012,HUB-DEL,SKU0048,79,2024-10-25,2024-10-26
INB00294,SUP012,HUB-DEL,SKU0053,83,2024-10-24,2024-10-26
INB00294,SUP012,HUB-DEL,SKU0238,93,2024-10-25,2024-10-26
INB00294,SUP012,HUB-DEL,SKU0256,138,2024-10-24,2024-10-26
INB00294,SUP012,HUB-DEL,SKU0468,138,2024-10-23,2024-10-26
INB00293,SUP005,HUB-BLR,SKU0071,103,2024-10-23,2024-10-27
INB00293,SUP005,HUB-BLR,SKU0285,96,2024-10-26,2024-10-27
INB00293,SUP005,HUB-BLR,SKU0288,105,2024-10-22,2024-10-27
INB00293,SUP005,HUB-BLR,SKU0304,117,2024-10-24,2024-10-27
INB00293,SUP005,HUB-BLR,SKU0486,130,2024-10-23,2024-10-27
INB00293,SUP005,HUB-BLR,SKU0489,95,2024-10-22,2024-10-27
INB00294,SUP012,HUB-DEL,SKU0002,78,2024-10-25,2024-10-27
INB00294,SUP012,HUB-DEL,SKU0034,76,2024-10-25,2024-10-27
INB00294,SUP012,HUB-DEL,SKU0068,57,2024-10-26,2024-10-27
INB00294,SUP012,HUB-DEL,SKU0149,67,2024-10-22,2024-10-27
INB00294,SUP012,HUB-DEL,SKU0226,105,2024-10-26,2024-10-27
INB00294,SUP012,HUB-DEL,SKU0235,58,2024-10-24,2024-10-27
INB00294,SUP012,HUB-DEL,SKU0282,84,2024-10-25,2024-10-27
INB00294,SUP012,HUB-DEL,SKU0399,127,2024-10-25,2024-10-27
INB00294,SUP012,HUB-DEL,SKU0426,66,2024-10-27,2024-10-27
INB00294,SUP012,HUB-DEL,SKU0427,65,2024-10-26,2024-10-27
INB00293,SUP005,HUB-BLR,SKU0033,105,2024-10-25,2024-10-28
INB00293,SUP005,HUB-BLR,SKU0232,96,2024-10-28,2024-10-28
INB00293,SUP005,HUB-BLR,SKU0385,134,2024-10-23,2024-10-28
INB00294,SUP012,HUB-DEL,SKU0008,64,2024-10-28,2024-10-28
INB00294,SUP012,HUB-DEL,SKU0029,73,2024-10-28,2024-10-28
INB00294,SUP012,HUB-DEL,SKU0055,77,2024-10-26,2024-10-28
INB00294,SUP012,HUB-DEL,SKU0057,114,2024-10-25,2024-10-28
INB00294,SUP012,HUB-DEL,SKU0059,93,2024-10-24,2024-10-28
INB00294,SUP012,HUB-DEL,SKU0103,113,2024-10-25,2024-10-28
INB00294,SUP012,HUB-DEL,SKU0113,87,2024-10-26,2024-10-28
INB00294,SUP012,HUB-DEL,SKU0144,63,2024-10-28,2024-10-28
INB00294,SUP012,HUB-DEL,SKU0194,64,2024-10-27,2024-10-28
INB00294,SUP012,HUB-DEL,SKU0267,76,2024-10-25,2024-10-28
INB00294,SUP012,HUB-DEL,SKU0268,77,2024-10-28,2024-10-28
INB00294,SUP012,HUB-DEL,SKU0334,70,2024-10-24,2024-10-28
INB00294,SUP012,HUB-DEL,SKU0346,60,2024-10-26,2024-10-28
INB00294,SUP012,HUB-DEL,SKU0414,71,2024-10-26,2024-10-28
INB00295,SUP009,HUB-BOM,SKU0010,40,2024-10-25,2024-10-28
INB00295,SUP009,HUB-BOM,SKU0118,38,2024-10-24,2024-10-28
INB00295,SUP009,HUB-BOM,SKU0246,46,2024-10-23,2024-10-28
INB00295,SUP009,HUB-BOM,SKU0287,52,2024-10-26,2024-10-28
INB00295,SUP009,HUB-BOM,SKU0353,53,2024-10-23,2024-10-28
INB00295,SUP009,HUB-BOM,SKU0443,38,2024-10-26,2024-10-28
INB00293,SUP005,HUB-BLR,SKU0248,107,2024-10-28,2024-10-29
INB00293,SUP005,HUB-BLR,SKU0445,100,2024-10-26,2024-10-29
INB00294,SUP012,HUB-DEL,SKU0003,68,2024-10-26,2024-10-29
INB00294,SUP012,HUB-DEL,SKU0011,111,2024-10-29,2024-10-29
INB00294,SUP012,HUB-DEL,SKU0060,72,2024-10-26,2024-10-29
INB00294,SUP012,HUB-DEL,SKU0142,60,2024-10-28,2024-10-29
INB00294,SUP012,HUB-DEL,SKU0240,117,2024-10-25,2024-10-29
INB00294,SUP012,HUB-DEL,SKU0261,58,2024-10-26,2024-10-29
INB00294,SUP012,HUB-DEL,SKU0314,138,2024-10-25,2024-10-29
INB00294,SUP012,HUB-DEL,SKU0321,76,2024-10-28,2024-10-29
INB00294,SUP012,HUB-DEL,SKU0328,70,2024-10-28,2024-10-29
INB00294,SUP012,HUB-DEL,SKU0376,68,2024-10-26,2024-10-29
INB00294,SUP012,HUB-DEL,SKU0382,90,2024-10-25,2024-10-29
INB00294,SUP012,HUB-DEL,SKU0386,91,2024-10-25,2024-10-29
INB00294,SUP012,HUB-DEL,SKU0390,81,2024-10-29,2024-10-29
INB00294,SUP012,HUB-DEL,SKU0462,59,2024-10-24,2024-10-29
INB00295,SUP009,HUB-BOM,SKU0009,38,2024-10-28,2024-10-29
INB00295,SUP009,HUB-BOM,SKU0146,38,2024-10-24,2024-10-29
INB00295,SUP009,HUB-BOM,SKU0254,39,2024-10-26,2024-10-29
INB00295,SUP009,HUB-BOM,SKU0337,58,2024-10-27,2024-10-29
INB00295,SUP009,HUB-BOM,SKU0392,39,2024-10-29,2024-10-29
INB00295,SUP009,HUB-BOM,SKU0410,44,2024-10-24,2024-10-29
INB00295,SUP009,HUB-BOM,SKU0470,47,2024-10-26,2024-10-29
INB00294,SUP012,HUB-DEL,SKU0031,100,2024-10-27,2024-10-30
INB00294,SUP012,HUB-DEL,SKU0212,68,2024-10-30,2024-10-30
INB00294,SUP012,HUB-DEL,SKU0293,73,2024-10-30,2024-10-30
INB00294,SUP012,HUB-DEL,SKU0356,63,2024-10-26,2024-10-30
INB00294,SUP012,HUB-DEL,SKU0447,91,2024-10-28,2024-10-30
INB00294,SUP012,HUB-DEL,SKU0467,81,2024-10-29,2024-10-30
INB00295,SUP009,HUB-BOM,SKU0022,57,2024-10-25,2024-10-30
INB00295,SUP009,HUB-BOM,SKU0151,38,2024-10-27,2024-10-30
INB00295,SUP009,HUB-BOM,SKU0272,38,2024-10-30,2024-10-30
INB00295,SUP009,HUB-BOM,SKU0349,44,2024-10-26,2024-10-30
INB00295,SUP009,HUB-BOM,SKU0358,47,2024-10-25,2024-10-30
INB00295,SUP009,HUB-BOM,SKU0373,44,2024-10-25,2024-10-30
INB00295,SUP009,HUB-BOM,SKU0380,46,2024-10-30,2024-10-30
INB00295,SUP009,HUB-BOM,SKU0396,46,2024-10-30,2024-10-30
INB00295,SUP009,HUB-BOM,SKU0473,37,2024-10-25,2024-10-30
INB00294,SUP012,HUB-DEL,SKU0312,94,2024-10-29,2024-10-31
INB00294,SUP012,HUB-DEL,SKU0384,58,2024-10-27,2024-10-31
INB00294,SUP012,HUB-DEL,SKU0487,75,2024-10-29,2024-10-31
INB00295,SUP009,HUB-BOM,SKU0107,50,2024-10-26,2024-10-31
INB00295,SUP009,HUB-BOM,SKU0178,37,2024-10-27,2024-10-31
INB00295,SUP009,HUB-BOM,SKU0180,40,2024-10-27,2024-10-31
INB00295,SUP009,HUB-BOM,SKU0259,38,2024-10-27,2024-10-31
INB00295,SUP009,HUB-BOM,SKU0260,38,2024-10-30,2024-10-31
INB00295,SUP009,HUB-BOM,SKU0155,42,2024-10-30,2024-11-01
INB00295,SUP009,HUB-BOM,SKU0411,39,2024-10-30,2024-11-01
INB00295,SUP009,HUB-BOM,SKU0428,47,2024-10-31,2024-11-01
INB00296,SUP019,HUB-BLR,SKU0217,101,2024-10-29,2024-11-01
INB00296,SUP019,HUB-BLR,SKU0357,171,2024-10-27,2024-11-01
INB00296,SUP019,HUB-BLR,SKU0377,155,2024-10-30,2024-11-01
INB00295,SUP009,HUB-BOM,SKU0106,45,2024-10-29,2024-11-02
INB00295,SUP009,HUB-BOM,SKU0228,39,2024-10-30,2024-11-02
INB00296,SUP019,HUB-BLR,SKU0158,124,2024-10-29,2024-11-02
INB00296,SUP019,HUB-BLR,SKU0322,102,2024-11-02,2024-11-02
INB00296,SUP019,HUB-BLR,SKU0326,157,2024-11-01,2024-11-02
INB00296,SUP019,HUB-BLR,SKU0005,155,2024-10-30,2024-11-03
INB00296,SUP019,HUB-BLR,SKU0018,129,2024-10-29,2024-11-03
INB00296,SUP019,HUB-BLR,SKU0109,145,2024-10-30,2024-11-03
INB00296,SUP019,HUB-BLR,SKU0130,121,2024-10-30,2024-11-03
INB00296,SUP019,HUB-BLR,SKU0179,111,2024-11-01,2024-11-03
INB00296,SUP019,HUB-BLR,SKU0211,99,2024-11-01,2024-11-03
INB00296,SUP019,HUB-BLR,SKU0244,126,2024-10-29,2024-11-03
INB00296,SUP019,HUB-BLR,SKU0294,148,2024-10-31,2024-11-03
INB00296,SUP019,HUB-BLR,SKU0344,138,2024-10-30,2024-11-03
INB00296,SUP019,HUB-BLR,SKU0354,164,2024-11-01,2024-11-03
INB00296,SUP019,HUB-BLR,SKU0441,121,2024-10-31,2024-11-03
INB00296,SUP019,HUB-BLR,SKU0466,109,2024-10-29,2024-11-03
INB00297,SUP017,HUB-DEL,SKU0111,113,2024-11-02,2024-11-03
INB00297,SUP017,HUB-DEL,SKU0163,100,2024-11-02,2024-11-03
INB00297,SUP017,HUB-DEL,SKU0173,124,2024-11-02,2024-11-03
INB00297,SUP017,HUB-DEL,SKU0268,71,2024-10-31,2024-11-03
INB00297,SUP017,HUB-DEL,SKU0297,73,2024-11-01,2024-11-03
INB00297,SUP017,HUB-DEL,SKU0325,59,2024-11-02,2024-11-03
INB00296,SUP019,HUB-BLR,SKU0038,102,2024-11-04,2024-11-04
INB00296,SUP019,HUB-BLR,SKU0094,100,2024-10-30,2024-11-04
INB00296,SUP019,HUB-BLR,SKU0169,142,2024-10-31,2024-11-04
INB00296,SUP019,HUB-BLR,SKU0175,104,2024-10-30,2024-11-04
INB00296,SUP019,HUB-BLR,SKU0201,132,2024-11-04,2024-11-04
INB00296,SUP019,HUB-BLR,SKU0270,173,2024-11-01,2024-11-04
INB00296,SUP019,HUB-BLR,SKU0288,107,2024-11-02,2024-11-04
INB00296,SUP019,HUB-BLR,SKU0290,121,2024-10-30,2024-11-04
INB00296,SUP019,HUB-BLR,SKU0324,138,2024-11-02,2024-11-04
INB00296,SUP019,HUB-BLR,SKU0418,100,2024-10-30,2024-11-04
INB00296,SUP019,HUB-BLR,SKU0460,131,2024-11-02,2024-11-04
INB00297,SUP017,HUB-DEL,SKU0115,63,2024-10-31,2024-11-04
INB00297,SUP017,HUB-DEL,SKU0125,76,2024-10-30,2024-11-04
INB00297,SUP017,HUB-DEL,SKU0157,61,2024-11-01,2024-11-04
INB00297,SUP017,HUB-DEL,SKU0497,107,2024-10-31,2024-11-04
INB00296,SUP019,HUB-BLR,SKU0050,132,2024-10-31,2024-11-05
INB00296,SUP019,HUB-BLR,SKU0101,130,2024-10-31,2024-11-05
INB00296,SUP019,HUB-BLR,SKU0131,102,2024-11-01,2024-11-05
INB00296,SUP019,HUB-BLR,SKU0162,96,2024-11-01,2024-11-05
INB00296,SUP019,HUB-BLR,SKU0166,137,2024-10-31,2024-11-05
INB00296,SUP019,HUB-BLR,SKU0205,123,2024-11-02,2024-11-05
INB00296,SUP019,HUB-BLR,SKU0236,104,2024-11-03,2024-11-05
INB00296,SUP019,HUB-BLR,SKU0271,144,2024-11-01,2024-11-05
INB00296,SUP019,HUB-BLR,SKU0363,103,2024-11-04,2024-11-05
INB00296,SUP019,HUB-BLR,SKU0394,96,2024-11-02,2024-11-05
INB00296,SUP019,HUB-BLR,SKU0401,142,2024-11-04,2024-11-05
INB00296,SUP019,HUB-BLR,SKU0450,114,2024-10-31,2024-11-05
INB00297,SUP017,HUB-DEL,SKU0060,61,2024-11-04,2024-11-05
INB00297,SUP017,HUB-DEL,SKU0231,87,2024-11-03,2024-11-05
INB00297,SUP017,HUB-DEL,SKU0233,58,2024-11-04,2024-11-05
INB00297,SUP017,HUB-DEL,SKU0264,128,2024-10-31,2024-11-05
INB00297,SUP017,HUB-DEL,SKU0284,60,2024-10-31,2024-11-05
INB00297,SUP017,HUB-DEL,SKU0328,67,2024-11-01,2024-11-05
INB00297,SUP017,HUB-DEL,SKU0439,117,2024-11-01,2024-11-05
INB00297,SUP017,HUB-DEL,SKU0478,68,2024-11-05,2024-11-05
INB00298,SUP002,HUB-BOM,SKU0338,55,2024-10-31,2024-11-05
INB00298,SUP002,HUB-BOM,SKU0395,39,2024-11-05,2024-11-05
INB00298,SUP002,HUB-BOM,SKU0482,43,2024-11-04,2024-11-05
INB00296,SUP019,HUB-BLR,SKU0044,100,2024-11-03,2024-11-06
INB00296,SUP019,HUB-BLR,SKU0099,93,2024-11-04,2024-11-06
INB00296,SUP019,HUB-BLR,SKU0110,106,2024-11-04,2024-11-06
INB00296,SUP019,HUB-BLR,SKU0172,187,2024-11-06,2024-11-06
INB00296,SUP019,HUB-BLR,SKU0251,126,2024-11-06,2024-11-06
INB00296,SUP019,HUB-BLR,SKU0383,133,2024-11-06,2024-11-06
INB00296,SUP019,HUB-BLR,SKU0435,115,2024-11-02,2024-11-06
INB00296,SUP019,HUB-BLR,SKU0488,117,2024-11-06,2024-11-06
INB00297,SUP017,HUB-DEL,SKU0015,72,2024-11-05,2024-11-06
INB00297,SUP017,HUB-DEL,SKU0042,69,2024-11-05,2024-11-06
INB00297,SUP017,HUB-DEL,SKU0046,69,2024-11-03,2024-11-06
INB00297,SUP017,HUB-DEL,SKU0052,74,2024-11-03,2024-11-06
INB00297,SUP017,HUB-DEL,SKU0062,78,2024-11-05,2024-11-06
INB00297,SUP017,HUB-DEL,SKU0190,138,2024-11-06,2024-11-06
INB00297,SUP017,HUB-DEL,SKU0202,68,2024-11-04,2024-11-06
INB00297,SUP017,HUB-DEL,SKU0207,127,2024-11-03,2024-11-06
INB00297,SUP017,HUB-DEL,SKU0215,96,2024-11-04,2024-11-06
INB00297,SUP017,HUB-DEL,SKU0249,92,2024-11-01,2024-11-06
INB00297,SUP017,HUB-DEL,SKU0281,113,2024-11-05,2024-11-06
INB00297,SUP017,HUB-DEL,SKU0286,95,2024-11-06,2024-11-06
INB00297,SUP017,HUB-DEL,SKU0298,65,2024-11-02,2024-11-06
INB00297,SUP017,HUB-DEL,SKU0318,72,2024-11-05,2024-11-06
INB00297,SUP017,HUB-DEL,SKU0384,80,2024-11-03,2024-11-06
INB00297,SUP017,HUB-DEL,SKU0455,72,2024-11-03,2024-11-06
INB00297,SUP017,HUB-DEL,SKU0463,62,2024-11-04,2024-11-06
INB00297,SUP017,HUB-DEL,SKU0498,84,2024-11-04,2024-11-06
INB00297,SUP017,HUB-DEL,SKU0499,81,2024-11-02,2024-11-06
INB00298,SUP002,HUB-BOM,SKU0186,56,2024-11-02,2024-11-06
INB00298,SUP002,HUB-BOM,SKU0431,43,2024-11-03,2024-11-06
INB00296,SUP019,HUB-BLR,SKU0132,120,2024-11-04,2024-11-07
INB00296,SUP019,HUB-BLR,SKU0291,96,2024-11-03,2024-11-07
INB00296,SUP019,HUB-BLR,SKU0336,151,2024-11-02,2024-11-07
INB00296,SUP019,HUB-BLR,SKU0397,148,2024-11-05,2024-11-07
INB00297,SUP017,HUB-DEL,SKU0030,80,2024-11-03,2024-11-07
INB00297,SUP017,HUB-DEL,SKU0036,60,2024-11-06,2024-11-07
INB00297,SUP017,HUB-DEL,SKU0080,138,2024-11-02,2024-11-07
INB00297,SUP017,HUB-DEL,SKU0102,117,2024-11-06,2024-11-07
INB00297,SUP017,HUB-DEL,SKU0134,74,2024-11-03,2024-11-07
INB00297,SUP017,HUB-DEL,SKU0379,138,2024-11-07,2024-11-07
INB00297,SUP017,HUB-DEL,SKU0393,110,2024-11-03,2024-11-07
INB00297,SUP017,HUB-DEL,SKU0398,77,2024-11-02,2024-11-07
INB00297,SUP017,HUB-DEL,SKU0426,58,2024-11-05,2024-11-07
INB00297,SUP017,HUB-DEL,SKU0442,138,2024-11-07,2024-11-07
INB00297,SUP017,HUB-DEL,SKU0447,61,2024-11-03,2024-11-07
INB00297,SUP017,HUB-DEL,SKU0464,122,2024-11-02,2024-11-07
INB00298,SUP002,HUB-BOM,SKU0097,42,2024-11-05,2024-11-07
INB00298,SUP002,HUB-BOM,SKU0136,37,2024-11-02,2024-11-07
INB00298,SUP002,HUB-BOM,SKU0276,37,2024-11-07,2024-11-07
INB00298,SUP002,HUB-BOM,SKU0278,47,2024-11-07,2024-11-07
INB00298,SUP002,HUB-BOM,SKU0292,38,2024-11-02,2024-11-07
INB00298,SUP002,HUB-BOM,SKU0331,37,2024-11-02,2024-11-07
INB00298,SUP002,HUB-BOM,SKU0477,37,2024-11-06,2024-11-07
INB00296,SUP019,HUB-BLR,SKU0388,147,2024-11-03,2024-11-08
INB00297,SUP017,HUB-DEL,SKU0043,77,2024-11-07,2024-11-08
INB00297,SUP017,HUB-DEL,SKU0103,70,2024-11-06,2024-11-08
INB00297,SUP017,HUB-DEL,SKU0104,72,2024-11-05,2024-11-08
INB00297,SUP017,HUB-DEL,SKU0135,61,2024-11-06,2024-11-08
INB00297,SUP017,HUB-DEL,SKU0138,92,2024-11-04,2024-11-08
INB00297,SUP017,HUB-DEL,SKU0208,78,2024-11-03,2024-11-08
INB00297,SUP017,HUB-DEL,SKU0316,115,2024-11-08,2024-11-08
INB00297,SUP017,HUB-DEL,SKU0390,81,2024-11-04,2024-11-08
INB00297,SUP017,HUB-DEL,SKU0449,112,2024-11-06,2024-11-08
INB00298,SUP002,HUB-BOM,SKU0067,38,2024-11-07,2024-11-08
INB00298,SUP002,HUB-BOM,SKU0139,38,2024-11-07,2024-11-08
INB00298,SUP002,HUB-BOM,SKU0193,56,2024-11-08,2024-11-08
INB00298,SUP002,HUB-BOM,SKU0255,39,2024-11-03,2024-11-08
INB00298,SUP002,HUB-BOM,SKU0315,46,2024-11-06,2024-11-08
INB00298,SUP002,HUB-BOM,SKU0391,37,2024-11-06,2024-11-08
INB00298,SUP002,HUB-BOM,SKU0406,52,2024-11-05,2024-11-08
INB00297,SUP017,HUB-DEL,SKU0047,62,2024-11-08,2024-11-09
INB00297,SUP017,HUB-DEL,SKU0068,81,2024-11-04,2024-11-09
INB00297,SUP017,HUB-DEL,SKU0117,138,2024-11-09,2024-11-09
INB00297,SUP017,HUB-DEL,SKU0261,85,2024-11-08,2024-11-09
INB00297,SUP017,HUB-DEL,SKU0293,78,2024-11-07,2024-11-09
INB00297,SUP017,HUB-DEL,SKU0308,60,2024-11-07,2024-11-09
INB00297,SUP017,HUB-DEL,SKU0341,65,2024-11-04,2024-11-09
INB00298,SUP002,HUB-BOM,SKU0001,47,2024-11-06,2024-11-09
INB00298,SUP002,HUB-BOM,SKU0025,46,2024-11-09,2024-11-09
INB00298,SUP002,HUB-BOM,SKU0147,44,2024-11-09,2024-11-09
INB00298,SUP002,HUB-BOM,SKU0266,38,2024-11-09,2024-11-09
INB00298,SUP002,HUB-BOM,SKU0370,44,2024-11-09,2024-11-09
INB00297,SUP017,HUB-DEL,SKU0128,75,2024-11-06,2024-11-10
INB00297,SUP017,HUB-DEL,SKU0212,70,2024-11-05,2024-11-10
INB00297,SUP017,HUB-DEL,SKU0230,105,2024-11-08,2024-11-10
INB00297,SUP017,HUB-DEL,SKU0253,74,2024-11-09,2024-11-10
INB00297,SUP017,HUB-DEL,SKU0491,132,2024-11-09,2024-11-10
INB00298,SUP002,HUB-BOM,SKU0064,41,2024-11-09,2024-11-10
INB00298,SUP002,HUB-BOM,SKU0164,38,2024-11-09,2024-11-10
INB00298,SUP002,HUB-BOM,SKU0219,38,2024-11-06,2024-11-10
INB00298,SUP002,HUB-BOM,SKU0274,43,2024-11-06,2024-11-10
INB00298,SUP002,HUB-BOM,SKU0432,39,2024-11-05,2024-11-10
INB00298,SUP002,HUB-BOM,SKU0485,45,2024-11-10,2024-11-10
INB00297,SUP017,HUB-DEL,SKU0196,75,2024-11-11,2024-11-11
INB00298,SUP002,HUB-BOM,SKU0032,44,2024-11-10,2024-11-11
INB00298,SUP002,HUB-BOM,SKU0084,45,2024-11-07,2024-11-11
INB00298,SUP002,HUB-BOM,SKU0123,42,2024-11-07,2024-11-11
INB00298,SUP002,HUB-BOM,SKU0250,37,2024-11-07,2024-11-11
INB00298,SUP002,HUB-BOM,SKU0347,56,2024-11-10,2024-11-11
INB00299,SUP008,HUB-BLR,SKU0348,143,2024-11-06,2024-11-11
INB00299,SUP008,HUB-BLR,SKU0361,147,2024-11-08,2024-11-11
INB00297,SUP017,HUB-DEL,SKU0045,66,2024-11-09,2024-11-12
INB00297,SUP017,HUB-DEL,SKU0267,79,2024-11-09,2024-11-12
INB00298,SUP002,HUB-BOM,SKU0209,41,2024-11-07,2024-11-12
INB00299,SUP008,HUB-BLR,SKU0091,103,2024-11-11,2024-11-12
INB00299,SUP008,HUB-BLR,SKU0145,101,2024-11-12,2024-11-12
INB00299,SUP008,HUB-BLR,SKU0283,95,2024-11-11,2024-11-12
INB00299,SUP008,HUB-BLR,SKU0366,106,2024-11-08,2024-11-12
INB00299,SUP008,HUB-BLR,SKU0492,158,2024-11-09,2024-11-12
INB00298,SUP002,HUB-BOM,SKU0126,50,2024-11-13,2024-11-13
INB00299,SUP008,HUB-BLR,SKU0121,103,2024-11-09,2024-11-13
INB00299,SUP008,HUB-BLR,SKU0137,118,2024-11-09,2024-11-13
INB00299,SUP008,HUB-BLR,SKU0247,93,2024-11-12,2024-11-13
INB00299,SUP008,HUB-BLR,SKU0248,112,2024-11-12,2024-11-13
INB00299,SUP008,HUB-BLR,SKU0313,94,2024-11-10,2024-11-13
INB00299,SUP008,HUB-BLR,SKU0360,115,2024-11-08,2024-11-13
INB00299,SUP008,HUB-BLR,SKU0429,113,2024-11-12,2024-11-13
INB00299,SUP008,HUB-BLR,SKU0444,121,2024-11-08,2024-11-13
INB00299,SUP008,HUB-BLR,SKU0475,109,2024-11-10,2024-11-13
INB00299,SUP008,HUB-BLR,SKU0016,96,2024-11-10,2024-11-14
INB00299,SUP008,HUB-BLR,SKU0087,120,2024-11-14,2024-11-14
INB00299,SUP008,HUB-BLR,SKU0089,123,2024-11-12,2024-11-14
INB00299,SUP008,HUB-BLR,SKU0320,106,2024-11-13,2024-11-14
INB00299,SUP008,HUB-BLR,SKU0326,103,2024-11-12,2024-11-14
INB00299,SUP008,HUB-BLR,SKU0352,94,2024-11-13,2024-11-14
INB00299,SUP008,HUB-BLR,SKU0405,116,2024-11-11,2024-11-14
INB00299,SUP008,HUB-BLR,SKU0041,95,2024-11-15,2024-11-15
INB00299,SUP008,HUB-BLR,SKU0073,93,2024-11-11,2024-11-15
INB00299,SUP008,HUB-BLR,SKU0156,125,2024-11-10,2024-11-15
INB00299,SUP008,HUB-BLR,SKU0229,116,2024-11-14,2024-11-15
INB00299,SUP008,HUB-BLR,SKU0242,131,2024-11-14,2024-11-15
INB00299,SUP008,HUB-BLR,SKU0305,109,2024-11-10,2024-11-15
INB00299,SUP008,HUB-BLR,SKU0329,111,2024-11-13,2024-11-15
INB00299,SUP008,HUB-BLR,SKU0371,99,2024-11-10,2024-11-15
INB00299,SUP008,HUB-BLR,SKU0385,115,2024-11-12,2024-11-15
INB00299,SUP008,HUB-BLR,SKU0404,100,2024-11-10,2024-11-15
INB00299,SUP008,HUB-BLR,SKU0430,104,2024-11-15,2024-11-15
INB00299,SUP008,HUB-BLR,SKU0433,125,2024-11-10,2024-11-15
INB00299,SUP008,HUB-BLR,SKU0489,112,2024-11-10,2024-11-15
INB00300,SUP011,HUB-DEL,SKU0029,138,2024-11-14,2024-11-15
INB00300,SUP011,HUB-DEL,SKU0053,74,2024-11-10,2024-11-15
INB00300,SUP011,HUB-DEL,SKU0095,79,2024-11-14,2024-11-15
INB00300,SUP011,HUB-DEL,SKU0103,57,2024-11-12,2024-11-15
INB00300,SUP011,HUB-DEL,SKU0212,57,2024-11-13,2024-11-15
INB00299,SUP008,HUB-BLR,SKU0065,93,2024-11-13,2024-11-16
INB00299,SUP008,HUB-BLR,SKU0122,134,2024-11-12,2024-11-16
INB00299,SUP008,HUB-BLR,SKU0440,118,2024-11-16,2024-11-16
INB00300,SUP011,HUB-DEL,SKU0135,110,2024-11-16,2024-11-16
INB00300,SUP011,HUB-DEL,SKU0188,66,2024-11-14,2024-11-16
INB00300,SUP011,HUB-DEL,SKU0381,75,2024-11-12,2024-11-16
INB00300,SUP011,HUB-DEL,SKU0487,79,2024-11-11,2024-11-16
INB00300,SUP011,HUB-DEL,SKU0498,74,2024-11-12,2024-11-16
INB00301,SUP004,HUB-BOM,SKU0040,42,2024-11-16,2024-11-16
INB00301,SUP004,HUB-BOM,SKU0218,39,2024-11-14,2024-11-16
INB00299,SUP008,HUB-BLR,SKU0140,107,2024-11-13,2024-11-17
INB00299,SUP008,HUB-BLR,SKU0237,97,2024-11-17,2024-11-17
INB00300,SUP011,HUB-DEL,SKU0075,82,2024-11-17,2024-11-17
INB00300,SUP011,HUB-DEL,SKU0092,95,2024-11-14,2024-11-17
INB00300,SUP011,HUB-DEL,SKU0204,77,2024-11-14,2024-11-17
INB00300,SUP011,HUB-DEL,SKU0233,87,2024-11-13,2024-11-17
INB00300,SUP011,HUB-DEL,SKU0238,106,2024-11-17,2024-11-17
INB00300,SUP011,HUB-DEL,SKU0308,60,2024-11-15,2024-11-17
INB00300,SUP011,HUB-DEL,SKU0312,74,2024-11-14,2024-11-17
INB00300,SUP011,HUB-DEL,SKU0346,62,2024-11-16,2024-11-17
INB00300,SUP011,HUB-DEL,SKU0416,134,2024-11-14,2024-11-17
INB00300,SUP011,HUB-DEL,SKU0453,68,2024-11-14,2024-11-17
INB00300,SUP011,HUB-DEL,SKU0497,60,2024-11-12,2024-11-17
INB00301,SUP004,HUB-BOM,SKU0176,39,2024-11-15,2024-11-17
INB00301,SUP004,HUB-BOM,SKU0302,38,2024-11-17,2024-11-17
INB00301,SUP004,HUB-BOM,SKU0310,41,2024-11-15,2024-11-17
INB00301,SUP004,HUB-BOM,SKU0451,38,2024-11-17,2024-11-17
INB00301,SUP004,HUB-BOM,SKU0496,40,2024-11-13,2024-11-17
INB00299,SUP008,HUB-BLR,SKU0239,151,2024-11-13,2024-11-18
INB00299,SUP008,HUB-BLR,SKU0303,105,2024-11-14,2024-11-18
INB00300,SUP011,HUB-DEL,SKU0039,101,2024-11-13,2024-11-18
INB00300,SUP011,HUB-DEL,SKU0047,62,2024-11-13,2024-11-18
INB00300,SUP011,HUB-DEL,SKU0184,63,2024-11-16,2024-11-18
INB00300,SUP011,HUB-DEL,SKU0243,124,2024-11-13,2024-11-18
INB00300,SUP011,HUB-DEL,SKU0296,75,2024-11-17,2024-11-18
INB00300,SUP011,HUB-DEL,SKU0318,59,2024-11-13,2024-11-18
INB00300,SUP011,HUB-DEL,SKU0342,76,2024-11-15,2024-11-18
INB00300,SUP011,HUB-DEL,SKU0426,76,2024-11-17,2024-11-18
INB00300,SUP011,HUB-DEL,SKU0455,69,2024-11-18,2024-11-18
INB00301,SUP004,HUB-BOM,SKU0024,42,2024-11-14,2024-11-18
INB00301,SUP004,HUB-BOM,SKU0077,44,2024-11-13,2024-11-18
INB00301,SUP004,HUB-BOM,SKU0085,40,2024-11-18,2024-11-18
INB00301,SUP004,HUB-BOM,SKU0150,43,2024-11-13,2024-11-18
INB00301,SUP004,HUB-BOM,SKU0300,47,2024-11-17,2024-11-18
INB00301,SUP004,HUB-BOM,SKU0387,49,2024-11-18,2024-11-18
INB00301,SUP004,HUB-BOM,SKU0402,51,2024-11-18,2024-11-18
INB00301,SUP004,HUB-BOM,SKU0438,37,2024-11-14,2024-11-18
INB00299,SUP008,HUB-BLR,SKU0407,97,2024-11-17,2024-11-19
INB00300,SUP011,HUB-DEL,SKU0046,63,2024-11-18,2024-11-19
INB00300,SUP011,HUB-DEL,SKU0098,59,2024-11-17,2024-11-19
INB00300,SUP011,HUB-DEL,SKU0133,66,2024-11-14,2024-11-19
INB00300,SUP011,HUB-DEL,SKU0187,94,2024-11-14,2024-11-19
INB00300,SUP011,HUB-DEL,SKU0265,91,2024-11-17,2024-11-19
INB00300,SUP011,HUB-DEL,SKU0277,90,2024-11-19,2024-11-19
INB00300,SUP011,HUB-DEL,SKU0356,90,2024-11-19,2024-11-19
INB00300,SUP011,HUB-DEL,SKU0468,91,2024-11-19,2024-11-19
INB00301,SUP004,HUB-BOM,SKU0070,44,2024-11-18,2024-11-19
INB00301,SUP004,HUB-BOM,SKU0116,53,2024-11-18,2024-11-19
INB00301,SUP004,HUB-BOM,SKU0319,38,2024-11-18,2024-11-19
INB00301,SUP004,HUB-BOM,SKU0434,42,2024-11-19,2024-11-19
INB00301,SUP004,HUB-BOM,SKU0446,45,2024-11-17,2024-11-19
INB00301,SUP004,HUB-BOM,SKU0457,39,2024-11-15,2024-11-19
INB00300,SUP011,HUB-DEL,SKU0030,71,2024-11-15,2024-11-20
INB00300,SUP011,HUB-DEL,SKU0078,85,2024-11-19,2024-11-20
INB00300,SUP011,HUB-DEL,SKU0100,83,2024-11-18,2024-11-20
INB00300,SUP011,HUB-DEL,SKU0149,82,2024-11-15,2024-11-20
INB00300,SUP011,HUB-DEL,SKU0221,81,2024-11-16,2024-11-20
INB00300,SUP011,HUB-DEL,SKU0225,73,2024-11-19,2024-11-20
INB00300,SUP011,HUB-DEL,SKU0235,77,2024-11-17,2024-11-20
INB00300,SUP011,HUB-DEL,SKU0282,79,2024-11-16,2024-11-20
INB00300,SUP011,HUB-DEL,SKU0306,57,2024-11-16,2024-11-20
INB00300,SUP011,HUB-DEL,SKU0316,61,2024-11-15,2024-11-20
INB00300,SUP011,HUB-DEL,SKU0328,109,2024-11-17,2024-11-20
INB00301,SUP004,HUB-BOM,SKU0014,40,2024-11-20,2024-11-20
INB00301,SUP004,HUB-BOM,SKU0019,50,2024-11-18,2024-11-20
INB00301,SUP004,HUB-BOM,SKU0263,46,2024-11-17,2024-11-20
INB00301,SUP004,HUB-BOM,SKU0420,46,2024-11-15,2024-11-20
INB00301,SUP004,HUB-BOM,SKU0452,47,2024-11-20,2024-11-20
INB00300,SUP011,HUB-DEL,SKU0011,75,2024-11-18,2024-11-21
INB00300,SUP011,HUB-DEL,SKU0113,61,2024-11-21,2024-11-21
INB00300,SUP011,HUB-DEL,SKU0141,84,2024-11-21,2024-11-21
INB00300,SUP011,HUB-DEL,SKU0194,74,2024-11-19,2024-11-21
INB00300,SUP011,HUB-DEL,SKU0386,84,2024-11-20,2024-11-21
INB00300,SUP011,HUB-DEL,SKU0462,128,2024-11-18,2024-11-21
INB00301,SUP004,HUB-BOM,SKU0096,40,2024-11-17,2024-11-21
INB00301,SUP004,HUB-BOM,SKU0171,40,2024-11-16,2024-11-21
INB00301,SUP004,HUB-BOM,SKU0174,38,2024-11-21,2024-11-21
INB00301,SUP004,HUB-BOM,SKU0177,61,2024-11-20,2024-11-21
INB00301,SUP004,HUB-BOM,SKU0343,40,2024-11-21,2024-11-21
INB00301,SUP004,HUB-BOM,SKU0351,42,2024-11-17,2024-11-21
INB00300,SUP011,HUB-DEL,SKU0007,69,2024-11-20,2024-11-22
INB00300,SUP011,HUB-DEL,SKU0317,67,2024-11-17,2024-11-22
INB00300,SUP011,HUB-DEL,SKU0403,58,2024-11-20,2024-11-22
INB00300,SUP011,HUB-DEL,SKU0417,73,2024-11-22,2024-11-22
INB00302,SUP018,HUB-BLR,SKU0182,111,2024-11-21,2024-11-22
INB00302,SUP018,HUB-BLR,SKU0333,109,2024-11-20,2024-11-22
INB00301,SUP004,HUB-BOM,SKU0214,40,2024-11-23,2024-11-23
INB00302,SUP018,HUB-BLR,SKU0013,120,2024-11-21,2024-11-23
INB00302,SUP018,HUB-BLR,SKU0026,142,2024-11-19,2024-11-23
INB00302,SUP018,HUB-BLR,SKU0061,131,2024-11-18,2024-11-23
INB00302,SUP018,HUB-BLR,SKU0299,109,2024-11-22,2024-11-23
INB00302,SUP018,HUB-BLR,SKU0369,96,2024-11-20,2024-11-23
INB00302,SUP018,HUB-BLR,SKU0494,130,2024-11-19,2024-11-23
INB00301,SUP004,HUB-BOM,SKU0028,40,2024-11-19,2024-11-24
INB00301,SUP004,HUB-BOM,SKU0170,45,2024-11-23,2024-11-24
INB00302,SUP018,HUB-BLR,SKU0069,134,2024-11-22,2024-11-24
INB00302,SUP018,HUB-BLR,SKU0074,115,2024-11-19,2024-11-24
INB00302,SUP018,HUB-BLR,SKU0165,105,2024-11-23,2024-11-24
INB00302,SUP018,HUB-BLR,SKU0167,127,2024-11-20,2024-11-24
INB00302,SUP018,HUB-BLR,SKU0211,101,2024-11-19,2024-11-24
INB00302,SUP018,HUB-BLR,SKU0224,115,2024-11-22,2024-11-24
INB00302,SUP018,HUB-BLR,SKU0309,101,2024-11-19,2024-11-24
INB00302,SUP018,HUB-BLR,SKU0377,111,2024-11-23,2024-11-24
INB00300,SUP011,HUB-DEL,SKU0424,89,2024-11-22,2024-11-25
INB00302,SUP018,HUB-BLR,SKU0081,118,2024-11-21,2024-11-25
INB00302,SUP018,HUB-BLR,SKU0101,99,2024-11-21,2024-11-25
INB00302,SUP018,HUB-BLR,SKU0143,164,2024-11-24,2024-11-25
INB00302,SUP018,HUB-BLR,SKU0291,130,2024-11-24,2024-11-25
INB00302,SUP018,HUB-BLR,SKU0368,102,2024-11-20,2024-11-25
INB00302,SUP018,HUB-BLR,SKU0419,128,2024-11-23,2024-11-25
INB00302,SUP018,HUB-BLR,SKU0480,106,2024-11-24,2024-11-25
INB00302,SUP018,HUB-BLR,SKU0486,98,2024-11-21,2024-11-25
INB00302,SUP018,HUB-BLR,SKU0004,136,2024-11-21,2024-11-26
INB00302,SUP018,HUB-BLR,SKU0079,137,2024-11-21,2024-11-26
INB00302,SUP018,HUB-BLR,SKU0153,99,2024-11-22,2024-11-26
INB00302,SUP018,HUB-BLR,SKU0179,100,2024-11-25,2024-11-26
INB00302,SUP018,HUB-BLR,SKU0227,120,2024-11-22,2024-11-26
INB00302,SUP018,HUB-BLR,SKU0237,96,2024-11-25,2024-11-26
INB00302,SUP018,HUB-BLR,SKU0295,121,2024-11-25,2024-11-26
INB00302,SUP018,HUB-BLR,SKU0323,99,2024-11-21,2024-11-26
INB00302,SUP018,HUB-BLR,SKU0367,126,2024-11-23,2024-11-26
INB00302,SUP018,HUB-BLR,SKU0409,122,2024-11-25,2024-11-26
INB00302,SUP018,HUB-BLR,SKU0423,104,2024-11-25,2024-11-26
INB00302,SUP018,HUB-BLR,SKU0441,108,2024-11-23,2024-11-26
INB00302,SUP018,HUB-BLR,SKU0021,160,2024-11-26,2024-11-27
INB00302,SUP018,HUB-BLR,SKU0197,111,2024-11-22,2024-11-27
INB00302,SUP018,HUB-BLR,SKU0198,173,2024-11-25,2024-11-27
INB00302,SUP018,HUB-BLR,SKU0234,165,2024-11-23,2024-11-27
INB00302,SUP018,HUB-BLR,SKU0430,99,2024-11-27,2024-11-27
INB00302,SUP018,HUB-BLR,SKU0454,103,2024-11-22,2024-11-27
INB00302,SUP018,HUB-BLR,SKU0493,98,2024-11-22,2024-11-27
INB00303,SUP002,HUB-BOM,SKU0155,48,2024-11-26,2024-11-27
INB00303,SUP002,HUB-BOM,SKU0159,51,2024-11-26,2024-11-27
INB00303,SUP002,HUB-BOM,SKU0180,39,2024-11-23,2024-11-27
INB00303,SUP002,HUB-BOM,SKU0262,55,2024-11-22,2024-11-27
INB00302,SUP018,HUB-BLR,SKU0071,114,2024-11-28,2024-11-28
INB00302,SUP018,HUB-BLR,SKU0269,119,2024-11-28,2024-11-28
INB00302,SUP018,HUB-BLR,SKU0362,93,2024-11-28,2024-11-28
INB00302,SUP018,HUB-BLR,SKU0495,110,2024-11-27,2024-11-28
INB00303,SUP002,HUB-BOM,SKU0049,38,2024-11-26,2024-11-28
INB00303,SUP002,HUB-BOM,SKU0195,39,2024-11-28,2024-11-28
INB00303,SUP002,HUB-BOM,SKU0200,50,2024-11-26,2024-11-28
INB00303,SUP002,HUB-BOM,SKU0374,40,2024-11-28,2024-11-28
INB00303,SUP002,HUB-BOM,SKU0408,39,2024-11-26,2024-11-28
INB00304,SUP020,HUB-DEL,SKU0052,123,2024-11-26,2024-11-28
INB00304,SUP020,HUB-DEL,SKU0111,84,2024-11-24,2024-11-28
INB00304,SUP020,HUB-DEL,SKU0117,65,2024-11-27,2024-11-28
INB00304,SUP020,HUB-DEL,SKU0173,68,2024-11-27,2024-11-28
INB00304,SUP020,HUB-DEL,SKU0188,67,2024-11-25,2024-11-28
INB00304,SUP020,HUB-DEL,SKU0207,93,2024-11-23,2024-11-28
INB00304,SUP020,HUB-DEL,SKU0314,77,2024-11-24,2024-11-28
INB00304,SUP020,HUB-DEL,SKU0382,68,2024-11-27,2024-11-28
INB00302,SUP018,HUB-BLR,SKU0012,138,2024-11-29,2024-11-29
INB00302,SUP018,HUB-BLR,SKU0033,110,2024-11-26,2024-11-29
INB00302,SUP018,HUB-BLR,SKU0148,111,2024-11-24,2024-11-29
INB00302,SUP018,HUB-BLR,SKU0418,107,2024-11-29,2024-11-29
INB00303,SUP002,HUB-BOM,SKU0191,39,2024-11-25,2024-11-29
INB00303,SUP002,HUB-BOM,SKU0199,41,2024-11-28,2024-11-29
INB00303,SUP002,HUB-BOM,SKU0483,40,2024-11-25,2024-11-29
INB00304,SUP020,HUB-DEL,SKU0002,102,2024-11-25,2024-11-29
INB00304,SUP020,HUB-DEL,SKU0095,81,2024-11-28,2024-11-29
INB00304,SUP020,HUB-DEL,SKU0115,69,2024-11-29,2024-11-29
INB00304,SUP020,HUB-DEL,SKU0128,113,2024-11-26,2024-11-29
INB00304,SUP020,HUB-DEL,SKU0238,58,2024-11-25,2024-11-29
INB00304,SUP020,HUB-DEL,SKU0439,81,2024-11-25,2024-11-29
INB00304,SUP020,HUB-DEL,SKU0463,116,2024-11-24,2024-11-29
INB00303,SUP002,HUB-BOM,SKU0083,45,2024-11-25,2024-11-30
INB00303,SUP002,HUB-BOM,SKU0124,40,2024-11-28,2024-11-30
INB00303,SUP002,HUB-BOM,SKU0168,38,2024-11-29,2024-11-30
INB00303,SUP002,HUB-BOM,SKU0181,53,2024-11-28,2024-11-30
INB00303,SUP002,HUB-BOM,SKU0216,49,2024-11-26,2024-11-30
INB00303,SUP002,HUB-BOM,SKU0228,41,2024-11-28,2024-11-30
INB00303,SUP002,HUB-BOM,SKU0425,45,2024-11-29,2024-11-30
INB00303,SUP002,HUB-BOM,SKU0465,37,2024-11-30,2024-11-30
INB00303,SUP002,HUB-BOM,SKU0469,44,2024-11-26,2024-11-30
INB00304,SUP020,HUB-DEL,SKU0017,86,2024-11-25,2024-11-30
INB00304,SUP020,HUB-DEL,SKU0031,101,2024-11-27,2024-11-30
INB00304,SUP020,HUB-DEL,SKU0149,61,2024-11-26,2024-11-30
INB00304,SUP020,HUB-DEL,SKU0163,60,2024-11-29,2024-11-30
INB00304,SUP020,HUB-DEL,SKU0208,66,2024-11-27,2024-11-30
INB00304,SUP020,HUB-DEL,SKU0226,106,2024-11-25,2024-11-30
INB00304,SUP020,HUB-DEL,SKU0281,60,2024-11-26,2024-11-30
INB00304,SUP020,HUB-DEL,SKU0390,57,2024-11-25,2024-11-30
INB00304,SUP020,HUB-DEL,SKU0427,63,2024-11-27,2024-11-30
INB00303,SUP002,HUB-BOM,SKU0058,39,2024-12-01,2024-12-01
INB00303,SUP002,HUB-BOM,SKU0223,39,2024-11-28,2024-12-01
INB00303,SUP002,HUB-BOM,SKU0257,51,2024-11-26,2024-12-01
INB00303,SUP002,HUB-BOM,SKU0280,44,2024-11-29,2024-12-01
INB00303,SUP002,HUB-BOM,SKU0365,41,2024-11-30,2024-12-01
INB00303,SUP002,HUB-BOM,SKU0372,59,2024-12-01,2024-12-01
INB00303,SUP002,HUB-BOM,SKU0375,38,2024-11-28,2024-12-01
INB00304,SUP020,HUB-DEL,SKU0006,89,2024-12-01,2024-12-01
INB00304,SUP020,HUB-DEL,SKU0034,65,2024-11-28,2024-12-01
INB00304,SUP020,HUB-DEL,SKU0037,80,2024-11-27,2024-12-01
INB00304,SUP020,HUB-DEL,SKU0157,117,2024-12-01,2024-12-01
INB00304,SUP020,HUB-DEL,SKU0230,62,2024-12-01,2024-12-01
INB00304,SUP020,HUB-DEL,SKU0240,85,2024-11-27,2024-12-01
INB00304,SUP020,HUB-DEL,SKU0245,84,2024-11-26,2024-12-01
INB00304,SUP020,HUB-DEL,SKU0256,72,2024-11-27,2024-12-01
INB00304,SUP020,HUB-DEL,SKU0321,59,2024-11-27,2024-12-01
INB00304,SUP020,HUB-DEL,SKU0334,81,2024-11-27,2024-12-01
INB00304,SUP020,HUB-DEL,SKU0341,100,2024-11-27,2024-12-01
INB00304,SUP020,HUB-DEL,SKU0393,98,2024-11-28,2024-12-01
INB00304,SUP020,HUB-DEL,SKU0497,84,2024-11-26,2024-12-01
INB00303,SUP002,HUB-BOM,SKU0161,38,2024-11-27,2024-12-02
INB00303,SUP002,HUB-BOM,SKU0437,45,2024-12-02,2024-12-02
INB00304,SUP020,HUB-DEL,SKU0003,94,2024-11-29,2024-12-02
INB00304,SUP020,HUB-DEL,SKU0060,79,2024-11-29,2024-12-02
INB00304,SUP020,HUB-DEL,SKU0080,109,2024-11-28,2024-12-02
INB00304,SUP020,HUB-DEL,SKU0086,89,2024-11-29,2024-12-02
INB00304,SUP020,HUB-DEL,SKU0098,58,2024-11-28,2024-12-02
INB00304,SUP020,HUB-DEL,SKU0102,69,2024-11-28,2024-12-02
INB00304,SUP020,HUB-DEL,SKU0144,78,2024-11-30,2024-12-02
INB00304,SUP020,HUB-DEL,SKU0204,61,2024-12-02,2024-12-02
INB00304,SUP020,HUB-DEL,SKU0376,80,2024-11-27,2024-12-02
INB00304,SUP020,HUB-DEL,SKU0386,95,2024-11-30,2024-12-02
INB00304,SUP020,HUB-DEL,SKU0447,89,2024-11-29,2024-12-02
INB00304,SUP020,HUB-DEL,SKU0467,57,2024-12-01,2024-12-02
INB00305,SUP019,HUB-BLR,SKU0206,131,2024-12-02,2024-12-02
INB00303,SUP002,HUB-BOM,SKU0311,50,2024-12-01,2024-12-03
INB00303,SUP002,HUB-BOM,SKU0443,37,2024-11-30,2024-12-03
INB00303,SUP002,HUB-BOM,SKU0461,42,2024-11-28,2024-12-03
INB00304,SUP020,HUB-DEL,SKU0057,65,2024-11-29,2024-12-03
INB00304,SUP020,HUB-DEL,SKU0190,59,2024-12-03,2024-12-03
INB00304,SUP020,HUB-DEL,SKU0264,57,2024-12-01,2024-12-03
INB00304,SUP020,HUB-DEL,SKU0325,70,2024-12-03,2024-12-03
INB00304,SUP020,HUB-DEL,SKU0403,80,2024-12-02,2024-12-03
INB00304,SUP020,HUB-DEL,SKU0442,90,2024-11-30,2024-12-03
INB00305,SUP019,HUB-BLR,SKU0093,113,2024-11-28,2024-12-03
INB00305,SUP019,HUB-BLR,SKU0366,115,2024-12-02,2024-12-03
INB00305,SUP019,HUB-BLR,SKU0388,108,2024-12-03,2024-12-03
INB00305,SUP019,HUB-BLR,SKU0472,146,2024-12-02,2024-12-03
INB00303,SUP002,HUB-BOM,SKU0252,42,2024-11-30,2024-12-04
INB00304,SUP020,HUB-DEL,SKU0045,78,2024-12-01,2024-12-04
INB00304,SUP020,HUB-DEL,SKU0048,138,2024-11-30,2024-12-04
INB00304,SUP020,HUB-DEL,SKU0221,70,2024-12-02,2024-12-04
INB00304,SUP020,HUB-DEL,SKU0253,80,2024-12-04,2024-12-04
INB00304,SUP020,HUB-DEL,SKU0364,124,2024-11-29,2024-12-04
INB00304,SUP020,HUB-DEL,SKU0399,100,2024-11-30,2024-12-04
INB00304,SUP020,HUB-DEL,SKU0416,61,2024-12-04,2024-12-04
INB00304,SUP020,HUB-DEL,SKU0499,70,2024-12-02,2024-12-04
INB00305,SUP019,HUB-BLR,SKU0038,139,2024-12-01,2024-12-04
INB00305,SUP019,HUB-BLR,SKU0082,115,2024-11-30,2024-12-04
INB00305,SUP019,HUB-BLR,SKU0363,145,2024-12-01,2024-12-04
INB00304,SUP020,HUB-DEL,SKU0027,81,2024-12-01,2024-12-05
INB00304,SUP020,HUB-DEL,SKU0414,131,2024-12-03,2024-12-05
INB00305,SUP019,HUB-BLR,SKU0005,94,2024-12-04,2024-12-05
INB00305,SUP019,HUB-BLR,SKU0063,142,2024-12-04,2024-12-05
INB00305,SUP019,HUB-BLR,SKU0112,105,2024-11-30,2024-12-05
INB00305,SUP019,HUB-BLR,SKU0222,125,2024-12-03,2024-12-05
INB00305,SUP019,HUB-BLR,SKU0242,116,2024-12-03,2024-12-05
INB00305,SUP019,HUB-BLR,SKU0383,121,2024-12-01,2024-12-05
INB00305,SUP019,HUB-BLR,SKU0407,94,2024-12-04,2024-12-05
INB00305,SUP019,HUB-BLR,SKU0479,185,2024-12-04,2024-12-05
INB00305,SUP019,HUB-BLR,SKU0500,149,2024-12-05,2024-12-05
INB00303,SUP002,HUB-BOM,SKU0358,38,2024-12-04,2024-12-06
INB00304,SUP020,HUB-DEL,SKU0301,89,2024-12-04,2024-12-06
INB00305,SUP019,HUB-BLR,SKU0051,113,2024-12-06,2024-12-06
INB00305,SUP019,HUB-BLR,SKU0073,128,2024-12-04,2024-12-06
INB00305,SUP019,HUB-BLR,SKU0110,104,2024-12-01,2024-12-06
INB00305,SUP019,HUB-BLR,SKU0166,101,2024-12-01,2024-12-06
INB00305,SUP019,HUB-BLR,SKU0169,116,2024-12-01,2024-12-06
INB00305,SUP019,HUB-BLR,SKU0258,119,2024-12-01,2024-12-06
INB00305,SUP019,HUB-BLR,SKU0320,132,2024-12-04,2024-12-06
INB00305,SUP019,HUB-BLR,SKU0335,96,2024-12-02,2024-12-06
INB00305,SUP019,HUB-BLR,SKU0345,109,2024-12-02,2024-12-06
INB00305,SUP019,HUB-BLR,SKU0466,125,2024-12-02,2024-12-06
INB00305,SUP019,HUB-BLR,SKU0089,94,2024-12-02,2024-12-07
INB00305,SUP019,HUB-BLR,SKU0130,111,2024-12-02,2024-12-07
INB00305,SUP019,HUB-BLR,SKU0162,105,2024-12-07,2024-12-07
INB00305,SUP019,HUB-BLR,SKU0175,100,2024-12-05,2024-12-07
INB00303,SUP002,HUB-BOM,SKU0127,54,2024-12-04,2024-12-08
INB00305,SUP019,HUB-BLR,SKU0023,163,2024-12-07,2024-12-08
INB00305,SUP019,HUB-BLR,SKU0183,124,2024-12-06,2024-12-08
INB00305,SUP019,HUB-BLR,SKU0192,106,2024-12-07,2024-12-08
INB00305,SUP019,HUB-BLR,SKU0327,121,2024-12-08,2024-12-08
INB00305,SUP019,HUB-BLR,SKU0336,102,2024-12-03,2024-12-08
INB00305,SUP019,HUB-BLR,SKU0413,120,2024-12-08,2024-12-08
INB00305,SUP019,HUB-BLR,SKU0072,123,2024-12-08,2024-12-09
INB00305,SUP019,HUB-BLR,SKU0094,130,2024-12-06,2024-12-09
INB00305,SUP019,HUB-BLR,SKU0401,94,2024-12-04,2024-12-09
INB00306,SUP011,HUB-DEL,SKU0261,72,2024-12-05,2024-12-09
INB00306,SUP011,HUB-DEL,SKU0293,57,2024-12-07,2024-12-09
INB00306,SUP011,HUB-DEL,SKU0426,76,2024-12-09,2024-12-09
INB00306,SUP011,HUB-DEL,SKU0487,71,2024-12-05,2024-12-09
INB00306,SUP011,HUB-DEL,SKU0029,63,2024-12-08,2024-12-10
INB00306,SUP011,HUB-DEL,SKU0075,71,2024-12-08,2024-12-10
INB00306,SUP011,HUB-DEL,SKU0125,68,2024-12-07,2024-12-10
INB00306,SUP011,HUB-DEL,SKU0297,89,2024-12-07,2024-12-10
INB00306,SUP011,HUB-DEL,SKU0453,79,2024-12-10,2024-12-10
INB00306,SUP011,HUB-DEL,SKU0078,57,2024-12-11,2024-12-11
INB00306,SUP011,HUB-DEL,SKU0100,58,2024-12-10,2024-12-11
INB00306,SUP011,HUB-DEL,SKU0135,60,2024-12-08,2024-12-11
INB00306,SUP011,HUB-DEL,SKU0142,115,2024-12-08,2024-12-11
INB00306,SUP011,HUB-DEL,SKU0187,63,2024-12-10,2024-12-11
INB00306,SUP011,HUB-DEL,SKU0202,85,2024-12-08,2024-12-11
INB00306,SUP011,HUB-DEL,SKU0298,82,2024-12-09,2024-12-11
INB00306,SUP011,HUB-DEL,SKU0412,58,2024-12-09,2024-12-11
INB00306,SUP011,HUB-DEL,SKU0449,85,2024-12-07,2024-12-11
INB00306,SUP011,HUB-DEL,SKU0464,61,2024-12-09,2024-12-11
INB00306,SUP011,HUB-DEL,SKU0498,83,2024-12-07,2024-12-11
INB00307,SUP009,HUB-BOM,SKU0340,37,2024-12-06,2024-12-11
INB00306,SUP011,HUB-DEL,SKU0008,86,2024-12-12,2024-12-12
INB00306,SUP011,HUB-DEL,SKU0015,67,2024-12-10,2024-12-12
INB00306,SUP011,HUB-DEL,SKU0030,69,2024-12-09,2024-12-12
INB00306,SUP011,HUB-DEL,SKU0031,83,2024-12-08,2024-12-12
INB00306,SUP011,HUB-DEL,SKU0039,100,2024-12-09,2024-12-12
INB00306,SUP011,HUB-DEL,SKU0062,62,2024-12-09,2024-12-12
INB00306,SUP011,HUB-DEL,SKU0113,57,2024-12-12,2024-12-12
INB00306,SUP011,HUB-DEL,SKU0230,68,2024-12-08,2024-12-12
INB00306,SUP011,HUB-DEL,SKU0282,61,2024-12-11,2024-12-12
INB00306,SUP011,HUB-DEL,SKU0284,84,2024-12-08,2024-12-12
INB00306,SUP011,HUB-DEL,SKU0318,66,2024-12-12,2024-12-12
INB00306,SUP011,HUB-DEL,SKU0346,77,2024-12-07,2024-12-12
INB00306,SUP011,HUB-DEL,SKU0424,93,2024-12-07,2024-12-12
INB00307,SUP009,HUB-BOM,SKU0254,49,2024-12-12,2024-12-12
INB00307,SUP009,HUB-BOM,SKU0272,37,2024-12-12,2024-12-12
INB00307,SUP009,HUB-BOM,SKU0273,55,2024-12-12,2024-12-12
INB00307,SUP009,HUB-BOM,SKU0350,40,2024-12-12,2024-12-12
INB00307,SUP009,HUB-BOM,SKU0456,38,2024-12-12,2024-12-12
INB00308,SUP010,HUB-BLR,SKU0290,96,2024-12-12,2024-12-12
INB00308,SUP010,HUB-BLR,SKU0322,94,2024-12-11,2024-12-12
INB00306,SUP011,HUB-DEL,SKU0059,66,2024-12-10,2024-12-13
INB00306,SUP011,HUB-DEL,SKU0231,96,2024-12-10,2024-12-13
INB00306,SUP011,HUB-DEL,SKU0233,78,2024-12-09,2024-12-13
INB00306,SUP011,HUB-DEL,SKU0342,78,2024-12-08,2024-12-13
INB00307,SUP009,HUB-BOM,SKU0160,44,2024-12-12,2024-12-13
INB00307,SUP009,HUB-BOM,SKU0164,47,2024-12-09,2024-12-13
INB00308,SUP010,HUB-BLR,SKU0050,160,2024-12-12,2024-12-13
INB00308,SUP010,HUB-BLR,SKU0205,115,2024-12-08,2024-12-13
INB00308,SUP010,HUB-BLR,SKU0232,105,2024-12-12,2024-12-13
INB00306,SUP011,HUB-DEL,SKU0046,80,2024-12-10,2024-12-14
INB00306,SUP011,HUB-DEL,SKU0053,84,2024-12-14,2024-12-14
INB00306,SUP011,HUB-DEL,SKU0104,138,2024-12-14,2024-12-14
INB00306,SUP011,HUB-DEL,SKU0196,61,2024-12-13,2024-12-14
INB00306,SUP011,HUB-DEL,SKU0308,95,2024-12-11,2024-12-14
INB00306,SUP011,HUB-DEL,SKU0398,80,2024-12-13,2024-12-14
INB00306,SUP011,HUB-DEL,SKU0455,78,2024-12-09,2024-12-14
INB00306,SUP011,HUB-DEL,SKU0459,81,2024-12-12,2024-12-14
INB00307,SUP009,HUB-BOM,SKU0001,48,2024-12-12,2024-12-14
INB00307,SUP009,HUB-BOM,SKU0054,40,2024-12-11,2024-12-14
INB00307,SUP009,HUB-BOM,SKU0064,40,2024-12-12,2024-12-14
INB00307,SUP009,HUB-BOM,SKU0084,38,2024-12-10,2024-12-14
INB00307,SUP009,HUB-BOM,SKU0150,41,2024-12-12,2024-12-14
INB00307,SUP009,HUB-BOM,SKU0260,38,2024-12-09,2024-12-14
INB00307,SUP009,HUB-BOM,SKU0275,43,2024-12-12,2024-12-14
INB00307,SUP009,HUB-BOM,SKU0370,42,2024-12-12,2024-12-14
INB00307,SUP009,HUB-BOM,SKU0431,41,2024-12-10,2024-12-14
INB00307,SUP009,HUB-BOM,SKU0471,38,2024-12-09,2024-12-14
INB00308,SUP010,HUB-BLR,SKU0016,100,2024-12-14,2024-12-14
INB00308,SUP010,HUB-BLR,SKU0153,107,2024-12-09,2024-12-14
INB00308,SUP010,HUB-BLR,SKU0198,96,2024-12-11,2024-12-14
INB00308,SUP010,HUB-BLR,SKU0329,98,2024-12-12,2024-12-14
INB00308,SUP010,HUB-BLR,SKU0405,131,2024-12-09,2024-12-14
INB00308,SUP010,HUB-BLR,SKU0409,98,2024-12-09,2024-12-14
INB00308,SUP010,HUB-BLR,SKU0458,104,2024-12-12,2024-12-14
INB00308,SUP010,HUB-BLR,SKU0489,124,2024-12-12,2024-12-14
INB00306,SUP011,HUB-DEL,SKU0047,69,2024-12-15,2024-12-15
INB00306,SUP011,HUB-DEL,SKU0215,85,2024-12-14,2024-12-15
INB00306,SUP011,HUB-DEL,SKU0296,63,2024-12-15,2024-12-15
INB00306,SUP011,HUB-DEL,SKU0328,86,2024-12-13,2024-12-15
INB00306,SUP011,HUB-DEL,SKU0462,96,2024-12-15,2024-12-15
INB00307,SUP009,HUB-BOM,SKU0056,45,2024-12-15,2024-12-15
INB00307,SUP009,HUB-BOM,SKU0152,54,2024-12-13,2024-12-15
INB00307,SUP009,HUB-BOM,SKU0319,42,2024-12-11,2024-12-15
INB00307,SUP009,HUB-BOM,SKU0355,40,2024-12-11,2024-12-15
INB00307,SUP009,HUB-BOM,SKU0378,58,2024-12-12,2024-12-15
INB00307,SUP009,HUB-BOM,SKU0421,41,2024-12-12,2024-12-15
INB00307,SUP009,HUB-BOM,SKU0448,42,2024-12-15,2024-12-15
INB00307,SUP009,HUB-BOM,SKU0481,40,2024-12-12,2024-12-15
INB00308,SUP010,HUB-BLR,SKU0120,100,2024-12-10,2024-12-15
INB00308,SUP010,HUB-BLR,SKU0121,110,2024-12-11,2024-12-15
INB00308,SUP010,HUB-BLR,SKU0156,96,2024-12-13,2024-12-15
INB00308,SUP010,HUB-BLR,SKU0158,94,2024-12-11,2024-12-15
INB00308,SUP010,HUB-BLR,SKU0247,112,2024-12-10,2024-12-15
INB00308,SUP010,HUB-BLR,SKU0283,106,2024-12-13,2024-12-15
INB00308,SUP010,HUB-BLR,SKU0435,160,2024-12-10,2024-12-15
INB00306,SUP011,HUB-DEL,SKU0422,69,2024-12-13,2024-12-16
INB00307,SUP009,HUB-BOM,SKU0020,46,2024-12-14,2024-12-16
INB00307,SUP009,HUB-BOM,SKU0189,43,2024-12-15,2024-12-16
INB00307,SUP009,HUB-BOM,SKU0241,41,2024-12-12,2024-12-16
INB00307,SUP009,HUB-BOM,SKU0246,42,2024-12-14,2024-12-16
INB00307,SUP009,HUB-BOM,SKU0259,41,2024-12-16,2024-12-16
INB00307,SUP009,HUB-BOM,SKU0279,43,2024-12-16,2024-12-16
INB00307,SUP009,HUB-BOM,SKU0287,42,2024-12-15,2024-12-16
INB00307,SUP009,HUB-BOM,SKU0373,48,2024-12-14,2024-12-16
INB00307,SUP009,HUB-BOM,SKU0392,41,2024-12-14,2024-12-16
INB00307,SUP009,HUB-BOM,SKU0411,42,2024-12-14,2024-12-16
INB00308,SUP010,HUB-BLR,SKU0018,130,2024-12-14,2024-12-16
INB00308,SUP010,HUB-BLR,SKU0065,134,2024-12-15,2024-12-16
INB00308,SUP010,HUB-BLR,SKU0099,101,2024-12-11,2024-12-16
INB00308,SUP010,HUB-BLR,SKU0217,106,2024-12-14,2024-12-16
INB00308,SUP010,HUB-BLR,SKU0244,154,2024-12-13,2024-12-16
INB00308,SUP010,HUB-BLR,SKU0367,123,2024-12-16,2024-12-16
INB00308,SUP010,HUB-BLR,SKU0484,124,2024-12-14,2024-12-16
INB00307,SUP009,HUB-BOM,SKU0107,54,2024-12-12,2024-12-17
INB00307,SUP009,HUB-BOM,SKU0213,51,2024-12-15,2024-12-17
INB00307,SUP009,HUB-BOM,SKU0415,52,2024-12-13,2024-12-17
INB00308,SUP010,HUB-BLR,SKU0041,113,2024-12-12,2024-12-17
INB00308,SUP010,HUB-BLR,SKU0109,102,2024-12-15,2024-12-17
INB00308,SUP010,HUB-BLR,SKU0131,117,2024-12-16,2024-12-17
INB00308,SUP010,HUB-BLR,SKU0132,112,2024-12-14,2024-12-17
INB00308,SUP010,HUB-BLR,SKU0309,94,2024-12-14,2024-12-17
INB00308,SUP010,HUB-BLR,SKU0371,102,2024-12-17,2024-12-17
INB00308,SUP010,HUB-BLR,SKU0492,94,2024-12-17,2024-12-17
INB00308,SUP010,HUB-BLR,SKU0227,104,2024-12-15,2024-12-18
INB00308,SUP010,HUB-BLR,SKU0239,111,2024-12-17,2024-12-18
INB00308,SUP010,HUB-BLR,SKU0271,132,2024-12-18,2024-12-18
INB00308,SUP010,HUB-BLR,SKU0294,116,2024-12-13,2024-12-18
INB00307,SUP009,HUB-BOM,SKU0154,41,2024-12-15,2024-12-19
INB00309,SUP011,HUB-DEL,SKU0017,79,2024-12-18,2024-12-19
INB00309,SUP011,HUB-DEL,SKU0068,82,2024-12-17,2024-12-19
INB00309,SUP011,HUB-DEL,SKU0317,87,2024-12-14,2024-12-19
INB00309,SUP011,HUB-DEL,SKU0390,78,2024-12-19,2024-12-19
INB00307,SUP009,HUB-BOM,SKU0108,50,2024-12-20,2024-12-20
INB00309,SUP011,HUB-DEL,SKU0011,59,2024-12-19,2024-12-20
INB00309,SUP011,HUB-DEL,SKU0103,65,2024-12-17,2024-12-20
INB00309,SUP011,HUB-DEL,SKU0184,69,2024-12-15,2024-12-20
INB00309,SUP011,HUB-DEL,SKU0194,67,2024-12-18,2024-12-20
INB00309,SUP011,HUB-DEL,SKU0268,61,2024-12-15,2024-12-20
INB00309,SUP011,HUB-DEL,SKU0468,57,2024-12-17,2024-12-20
INB00309,SUP011,HUB-DEL,SKU0135,72,2024-12-16,2024-12-21
INB00309,SUP011,HUB-DEL,SKU0138,85,2024-12-19,2024-12-21
INB00309,SUP011,HUB-DEL,SKU0141,72,2024-12-19,2024-12-21
INB00309,SUP011,HUB-DEL,SKU0144,57,2024-12-20,2024-12-21
INB00309,SUP011,HUB-DEL,SKU0249,68,2024-12-21,2024-12-21
INB00309,SUP011,HUB-DEL,SKU0261,90,2024-12-18,2024-12-21
INB00309,SUP011,HUB-DEL,SKU0316,72,2024-12-17,2024-12-21
INB00309,SUP011,HUB-DEL,SKU0427,72,2024-12-21,2024-12-21
INB00309,SUP011,HUB-DEL,SKU0034,76,2024-12-21,2024-12-22
INB00309,SUP011,HUB-DEL,SKU0036,77,2024-12-21,2024-12-22
INB00309,SUP011,HUB-DEL,SKU0086,67,2024-12-17,2024-12-22
INB00309,SUP011,HUB-DEL,SKU0134,70,2024-12-22,2024-12-22
INB00309,SUP011,HUB-DEL,SKU0207,58,2024-12-19,2024-12-22
INB00309,SUP011,HUB-DEL,SKU0212,62,2024-12-21,2024-12-22
INB00309,SUP011,HUB-DEL,SKU0339,93,2024-12-17,2024-12-22
INB00309,SUP011,HUB-DEL,SKU0399,61,2024-12-19,2024-12-22
INB00309,SUP011,HUB-DEL,SKU0417,64,2024-12-19,2024-12-22
INB00309,SUP011,HUB-DEL,SKU0478,61,2024-12-18,2024-12-22
INB00310,SUP005,HUB-BLR,SKU0140,95,2024-12-21,2024-12-22
INB00309,SUP011,HUB-DEL,SKU0007,84,2024-12-18,2024-12-23
INB00309,SUP011,HUB-DEL,SKU0027,63,2024-12-20,2024-12-23
INB00309,SUP011,HUB-DEL,SKU0042,65,2024-12-21,2024-12-23
INB00309,SUP011,HUB-DEL,SKU0115,71,2024-12-18,2024-12-23
INB00309,SUP011,HUB-DEL,SKU0133,93,2024-12-18,2024-12-23
INB00309,SUP011,HUB-DEL,SKU0188,62,2024-12-18,2024-12-23
INB00309,SUP011,HUB-DEL,SKU0243,107,2024-12-22,2024-12-23
INB00309,SUP011,HUB-DEL,SKU0265,73,2024-12-18,2024-12-23
INB00309,SUP011,HUB-DEL,SKU0289,101,2024-12-19,2024-12-23
INB00309,SUP011,HUB-DEL,SKU0306,59,2024-12-22,2024-12-23
INB00309,SUP011,HUB-DEL,SKU0356,68,2024-12-19,2024-12-23
INB00309,SUP011,HUB-DEL,SKU0384,63,2024-12-20,2024-12-23
INB00309,SUP011,HUB-DEL,SKU0416,78,2024-12-22,2024-12-23
INB00310,SUP005,HUB-BLR,SKU0071,99,2024-12-20,2024-12-23
INB00310,SUP005,HUB-BLR,SKU0203,104,2024-12-19,2024-12-23
INB00310,SUP005,HUB-BLR,SKU0270,106,2024-12-21,2024-12-23
INB00310,SUP005,HUB-BLR,SKU0357,95,2024-12-22,2024-12-23
INB00310,SUP005,HUB-BLR,SKU0450,100,2024-12-19,2024-12-23
INB00311,SUP006,HUB-BOM,SKU0389,39,2024-12-19,2024-12-23
INB00311,SUP006,HUB-BOM,SKU0400,48,2024-12-19,2024-12-23
INB00309,SUP011,HUB-DEL,SKU0043,84,2024-12-23,2024-12-24
INB00309,SUP011,HUB-DEL,SKU0055,79,2024-12-20,2024-12-24
INB00309,SUP011,HUB-DEL,SKU0208,106,2024-12-21,2024-12-24
INB00309,SUP011,HUB-DEL,SKU0238,73,2024-12-23,2024-12-24
INB00309,SUP011,HUB-DEL,SKU0277,59,2024-12-22,2024-12-24
INB00309,SUP011,HUB-DEL,SKU0325,75,2024-12-21,2024-12-24
INB00309,SUP011,HUB-DEL,SKU0334,58,2024-12-20,2024-12-24
INB00309,SUP011,HUB-DEL,SKU0382,58,2024-12-20,2024-12-24
INB00309,SUP011,HUB-DEL,SKU0447,64,2024-12-24,2024-12-24
INB00309,SUP011,HUB-DEL,SKU0497,84,2024-12-20,2024-12-24
INB00310,SUP005,HUB-BLR,SKU0087,102,2024-12-24,2024-12-24
INB00310,SUP005,HUB-BLR,SKU0285,125,2024-12-20,2024-12-24
INB00310,SUP005,HUB-BLR,SKU0295,120,2024-12-21,2024-12-24
INB00310,SUP005,HUB-BLR,SKU0305,102,2024-12-19,2024-12-24
INB00310,SUP005,HUB-BLR,SKU0313,96,2024-12-23,2024-12-24
INB00310,SUP005,HUB-BLR,SKU0332,100,2024-12-20,2024-12-24
INB00310,SUP005,HUB-BLR,SKU0348,110,2024-12-21,2024-12-24
INB00310,SUP005,HUB-BLR,SKU0369,93,2024-12-23,2024-12-24
INB00311,SUP006,HUB-BOM,SKU0146,42,2024-12-24,2024-12-24
INB00311,SUP006,HUB-BOM,SKU0406,45,2024-12-23,2024-12-24
INB00309,SUP011,HUB-DEL,SKU0284,86,2024-12-25,2024-12-25
INB00310,SUP005,HUB-BLR,SKU0033,105,2024-12-25,2024-12-25
INB00310,SUP005,HUB-BLR,SKU0035,120,2024-12-20,2024-12-25
INB00310,SUP005,HUB-BLR,SKU0079,110,2024-12-21,2024-12-25
INB00310,SUP005,HUB-BLR,SKU0324,96,2024-12-23,2024-12-25
INB00310,SUP005,HUB-BLR,SKU0344,111,2024-12-22,2024-12-25
INB00311,SUP006,HUB-BOM,SKU0025,47,2024-12-20,2024-12-25
INB00311,SUP006,HUB-BOM,SKU0129,43,2024-12-24,2024-12-25
INB00311,SUP006,HUB-BOM,SKU0276,41,2024-12-22,2024-12-25
INB00311,SUP006,HUB-BOM,SKU0292,38,2024-12-23,2024-12-25
INB00311,SUP006,HUB-BOM,SKU0353,39,2024-12-25,2024-12-25
INB00311,SUP006,HUB-BOM,SKU0396,38,2024-12-20,2024-12-25
INB00309,SUP011,HUB-DEL,SKU0057,72,2024-12-22,2024-12-26
INB00309,SUP011,HUB-DEL,SKU0235,72,2024-12-25,2024-12-26
INB00309,SUP011,HUB-DEL,SKU0245,78,2024-12-25,2024-12-26
INB00310,SUP005,HUB-BLR,SKU0026,98,2024-12-21,2024-12-26
INB00310,SUP005,HUB-BLR,SKU0172,130,2024-12-26,2024-12-26
INB00310,SUP005,HUB-BLR,SKU0445,107,2024-12-24,2024-12-26
INB00311,SUP006,HUB-BOM,SKU0010,39,2024-12-25,2024-12-26
INB00311,SUP006,HUB-BOM,SKU0066,43,2024-12-21,2024-12-26
INB00311,SUP006,HUB-BOM,SKU0114,43,2024-12-25,2024-12-26
INB00311,SUP006,HUB-BOM,SKU0118,37,2024-12-24,2024-12-26
INB00311,SUP006,HUB-BOM,SKU0210,50,2024-12-21,2024-12-26
INB00311,SUP006,HUB-BOM,SKU0300,39,2024-12-26,2024-12-26
INB00311,SUP006,HUB-BOM,SKU0302,45,2024-12-24,2024-12-26
INB00311,SUP006,HUB-BOM,SKU0477,39,2024-12-24,2024-12-26
INB00309,SUP011,HUB-DEL,SKU0157,57,2024-12-27,2024-12-27
INB00309,SUP011,HUB-DEL,SKU0381,102,2024-12-26,2024-12-27
INB00310,SUP005,HUB-BLR,SKU0122,110,2024-12-25,2024-12-27
INB00310,SUP005,HUB-BLR,SKU0224,103,2024-12-24,2024-12-27
INB00310,SUP005,HUB-BLR,SKU0360,101,2024-12-25,2024-12-27
INB00310,SUP005,HUB-BLR,SKU0397,98,2024-12-22,2024-12-27
INB00311,SUP006,HUB-BOM,SKU0009,44,2024-12-24,2024-12-27
INB00311,SUP006,HUB-BOM,SKU0139,49,2024-12-27,2024-12-27
INB00311,SUP006,HUB-BOM,SKU0186,39,2024-12-24,2024-12-27
INB00311,SUP006,HUB-BOM,SKU0255,42,2024-12-22,2024-12-27
INB00311,SUP006,HUB-BOM,SKU0310,43,2024-12-27,2024-12-27
INB00311,SUP006,HUB-BOM,SKU0337,39,2024-12-25,2024-12-27
INB00311,SUP006,HUB-BOM,SKU0436,38,2024-12-27,2024-12-27
INB00310,SUP005,HUB-BLR,SKU0236,104,2024-12-25,2024-12-28
INB00310,SUP005,HUB-BLR,SKU0354,146,2024-12-26,2024-12-28
INB00311,SUP006,HUB-BOM,SKU0470,45,2024-12-25,2024-12-28
INB00311,SUP006,HUB-BOM,SKU0476,39,2024-12-24,2024-12-28
INB00311,SUP006,HUB-BOM,SKU0070,46,2024-12-28,2024-12-29
INB00311,SUP006,HUB-BOM,SKU0151,37,2024-12-28,2024-12-29
INB00309,SUP011,HUB-DEL,SKU0403,62,2024-12-29,2024-12-30
INB00312,SUP005,HUB-BLR,SKU0061,96,2024-12-28,2024-12-31
INB00312,SUP005,HUB-BLR,SKU0143,99,2024-12-29,2024-12-31
INB00312,SUP005,HUB-BLR,SKU0480,103,2024-12-27,2024-12-31
INB00312,SUP005,HUB-BLR,SKU0004,132,2024-12-27,2025-01-01
INB00312,SUP005,HUB-BLR,SKU0109,101,2024-12-31,2025-01-01
INB00312,SUP005,HUB-BLR,SKU0130,145,2024-12-31,2025-01-01
INB00313,SUP001,HUB-BOM,SKU0040,39,2024-12-30,2025-01-01
INB00313,SUP001,HUB-BOM,SKU0119,42,2024-12-31,2025-01-01
INB00312,SUP005,HUB-BLR,SKU0041,102,2025-01-01,2025-01-02
INB00312,SUP005,HUB-BLR,SKU0081,113,2025-01-01,2025-01-02
INB00312,SUP005,HUB-BLR,SKU0105,107,2024-12-29,2025-01-02
INB00312,SUP005,HUB-BLR,SKU0179,100,2024-12-31,2025-01-02
INB00312,SUP005,HUB-BLR,SKU0323,115,2024-12-28,2025-01-02
INB00312,SUP005,HUB-BLR,SKU0352,116,2024-12-31,2025-01-02
INB00312,SUP005,HUB-BLR,SKU0486,111,2024-12-31,2025-01-02
INB00314,SUP014,HUB-DEL,SKU0002,79,2025-01-02,2025-01-02
INB00314,SUP014,HUB-DEL,SKU0031,81,2025-01-01,2025-01-02
INB00314,SUP014,HUB-DEL,SKU0075,69,2024-12-29,2025-01-02
INB00314,SUP014,HUB-DEL,SKU0092,66,2025-01-01,2025-01-02
INB00314,SUP014,HUB-DEL,SKU0379,83,2024-12-29,2025-01-02
INB00314,SUP014,HUB-DEL,SKU0439,101,2025-01-01,2025-01-02
INB00312,SUP005,HUB-BLR,SKU0012,93,2025-01-03,2025-01-03
INB00312,SUP005,HUB-BLR,SKU0013,93,2024-12-30,2025-01-03
INB00312,SUP005,HUB-BLR,SKU0093,120,2025-01-03,2025-01-03
INB00312,SUP005,HUB-BLR,SKU0288,97,2025-01-02,2025-01-03
INB00312,SUP005,HUB-BLR,SKU0366,104,2024-12-29,2025-01-03
INB00312,SUP005,HUB-BLR,SKU0385,146,2024-12-31,2025-01-03
INB00312,SUP005,HUB-BLR,SKU0394,99,2024-12-29,2025-01-03
INB00312,SUP005,HUB-BLR,SKU0494,128,2024-12-29,2025-01-03
INB00313,SUP001,HUB-BOM,SKU0330,49,2025-01-01,2025-01-03
INB00313,SUP001,HUB-BOM,SKU0474,37,2024-12-29,2025-01-03
INB00313,SUP001,HUB-BOM,SKU0483,47,2025-01-01,2025-01-03
INB00314,SUP014,HUB-DEL,SKU0007,70,2024-12-30,2025-01-03
INB00314,SUP014,HUB-DEL,SKU0141,66,2024-12-29,2025-01-03
INB00314,SUP014,HUB-DEL,SKU0187,95,2024-12-30,2025-01-03
INB00314,SUP014,HUB-DEL,SKU0386,87,2024-12-31,2025-01-03
INB00314,SUP014,HUB-DEL,SKU0464,115,2024-12-31,2025-01-03
INB00312,SUP005,HUB-BLR,SKU0120,97,2025-01-01,2025-01-04
INB00312,SUP005,HUB-BLR,SKU0148,96,2024-12-30,2025-01-04
INB00312,SUP005,HUB-BLR,SKU0237,100,2025-01-03,2025-01-04
INB00312,SUP005,HUB-BLR,SKU0269,127,2024-12-30,2025-01-04
INB00312,SUP005,HUB-BLR,SKU0304,105,2024-12-30,2025-01-04
INB00312,SUP005,HUB-BLR,SKU0433,122,2024-12-31,2025-01-04
INB00312,SUP005,HUB-BLR,SKU0440,98,2024-12-31,2025-01-04
INB00313,SUP001,HUB-BOM,SKU0147,39,2025-01-02,2025-01-04
INB00313,SUP001,HUB-BOM,SKU0170,39,2025-01-03,2025-01-04
INB00313,SUP001,HUB-BOM,SKU0214,45,2025-01-03,2025-01-04
INB00313,SUP001,HUB-BOM,SKU0219,48,2025-01-01,2025-01-04
INB00313,SUP001,HUB-BOM,SKU0391,38,2024-12-30,2025-01-04
INB00313,SUP001,HUB-BOM,SKU0490,54,2024-12-31,2025-01-04
INB00314,SUP014,HUB-DEL,SKU0008,61,2025-01-02,2025-01-04
INB00314,SUP014,HUB-DEL,SKU0048,109,2025-01-02,2025-01-04
INB00314,SUP014,HUB-DEL,SKU0080,75,2025-01-03,2025-01-04
INB00314,SUP014,HUB-DEL,SKU0215,58,2025-01-03,2025-01-04
INB00314,SUP014,HUB-DEL,SKU0286,73,2025-01-02,2025-01-04
INB00314,SUP014,HUB-DEL,SKU0297,57,2025-01-04,2025-01-04
INB00314,SUP014,HUB-DEL,SKU0417,83,2025-01-02,2025-01-04
INB00314,SUP014,HUB-DEL,SKU0424,61,2024-12-30,2025-01-04
INB00314,SUP014,HUB-DEL,SKU0442,92,2024-12-31,2025-01-04
INB00314,SUP014,HUB-DEL,SKU0487,66,2025-01-01,2025-01-04
INB00314,SUP014,HUB-DEL,SKU0498,63,2024-12-31,2025-01-04
INB00312,SUP005,HUB-BLR,SKU0044,141,2025-01-05,2025-01-05
INB00312,SUP005,HUB-BLR,SKU0169,126,2025-01-02,2025-01-05
INB00312,SUP005,HUB-BLR,SKU0185,94,2025-01-05,2025-01-05
INB00312,SUP005,HUB-BLR,SKU0291,118,2025-01-04,2025-01-05
INB00312,SUP005,HUB-BLR,SKU0303,104,2025-01-04,2025-01-05
INB00312,SUP005,HUB-BLR,SKU0361,126,2025-01-01,2025-01-05
INB00312,SUP005,HUB-BLR,SKU0419,95,2024-12-31,2025-01-05
INB00312,SUP005,HUB-BLR,SKU0423,96,2025-01-02,2025-01-05
INB00312,SUP005,HUB-BLR,SKU0475,108,2025-01-01,2025-01-05
INB00313,SUP001,HUB-BOM,SKU0123,42,2025-01-03,2025-01-05
INB00313,SUP001,HUB-BOM,SKU0395,38,2025-01-02,2025-01-05
INB00313,SUP001,HUB-BOM,SKU0485,44,2025-01-05,2025-01-05
INB00314,SUP014,HUB-DEL,SKU0046,58,2025-01-05,2025-01-05
INB00314,SUP014,HUB-DEL,SKU0204,58,2025-01-01,2025-01-05
INB00314,SUP014,HUB-DEL,SKU0225,79,2025-01-02,2025-01-05
INB00314,SUP014,HUB-DEL,SKU0298,70,2024-12-31,2025-01-05
INB00314,SUP014,HUB-DEL,SKU0314,117,2025-01-02,2025-01-05
INB00314,SUP014,HUB-DEL,SKU0412,88,2025-01-04,2025-01-05
INB00314,SUP014,HUB-DEL,SKU0414,87,2025-01-04,2025-01-05
INB00314,SUP014,HUB-DEL,SKU0449,57,2024-12-31,2025-01-05
INB00314,SUP014,HUB-DEL,SKU0491,78,2024-12-31,2025-01-05
INB00312,SUP005,HUB-BLR,SKU0320,112,2025-01-05,2025-01-06
INB00313,SUP001,HUB-BOM,SKU0090,44,2025-01-03,2025-01-06
INB00313,SUP001,HUB-BOM,SKU0136,38,2025-01-03,2025-01-06
INB00313,SUP001,HUB-BOM,SKU0193,40,2025-01-03,2025-01-06
INB00313,SUP001,HUB-BOM,SKU0452,38,2025-01-05,2025-01-06
INB00314,SUP014,HUB-DEL,SKU0037,100,2025-01-02,2025-01-06
INB00314,SUP014,HUB-DEL,SKU0059,74,2025-01-03,2025-01-06
INB00314,SUP014,HUB-DEL,SKU0098,86,2025-01-03,2025-01-06
INB00314,SUP014,HUB-DEL,SKU0113,60,2025-01-04,2025-01-06
INB00314,SUP014,HUB-DEL,SKU0128,57,2025-01-06,2025-01-06
INB00314,SUP014,HUB-DEL,SKU0221,63,2025-01-02,2025-01-06
INB00314,SUP014,HUB-DEL,SKU0240,97,2025-01-06,2025-01-06
INB00314,SUP014,HUB-DEL,SKU0253,72,2025-01-06,2025-01-06
INB00314,SUP014,HUB-DEL,SKU0264,96,2025-01-06,2025-01-06
INB00314,SUP014,HUB-DEL,SKU0267,116,2025-01-06,2025-01-06
INB00314,SUP014,HUB-DEL,SKU0281,104,2025-01-03,2025-01-06
INB00314,SUP014,HUB-DEL,SKU0312,116,2025-01-04,2025-01-06
INB00314,SUP014,HUB-DEL,SKU0364,57,2025-01-01,2025-01-06
INB00314,SUP014,HUB-DEL,SKU0422,75,2025-01-06,2025-01-06
INB00312,SUP005,HUB-BLR,SKU0038,96,2025-01-06,2025-01-07
INB00312,SUP005,HUB-BLR,SKU0051,107,2025-01-07,2025-01-07
INB00312,SUP005,HUB-BLR,SKU0405,121,2025-01-04,2025-01-07
INB00313,SUP001,HUB-BOM,SKU0347,38,2025-01-05,2025-01-07
INB00314,SUP014,HUB-DEL,SKU0095,108,2025-01-03,2025-01-07
INB00314,SUP014,HUB-DEL,SKU0142,57,2025-01-07,2025-01-07
INB00314,SUP014,HUB-DEL,SKU0376,72,2025-01-02,2025-01-07
INB00312,SUP005,HUB-BLR,SKU0162,93,2025-01-04,2025-01-08
INB00312,SUP005,HUB-BLR,SKU0251,148,2025-01-06,2025-01-08
INB00314,SUP014,HUB-DEL,SKU0006,84,2025-01-04,2025-01-08
INB00314,SUP014,HUB-DEL,SKU0029,94,2025-01-08,2025-01-08
INB00314,SUP014,HUB-DEL,SKU0231,81,2025-01-07,2025-01-08
INB00314,SUP014,HUB-DEL,SKU0282,81,2025-01-07,2025-01-08
INB00314,SUP014,HUB-DEL,SKU0398,126,2025-01-08,2025-01-08
INB00314,SUP014,HUB-DEL,SKU0426,78,2025-01-05,2025-01-08
INB00314,SUP014,HUB-DEL,SKU0463,118,2025-01-07,2025-01-08
INB00314,SUP014,HUB-DEL,SKU0467,79,2025-01-05,2025-01-08
INB00314,SUP014,HUB-DEL,SKU0011,75,2025-01-04,2025-01-09
INB00314,SUP014,HUB-DEL,SKU0045,87,2025-01-09,2025-01-09
INB00314,SUP014,HUB-DEL,SKU0194,96,2025-01-08,2025-01-09
INB00314,SUP014,HUB-DEL,SKU0341,58,2025-01-04,2025-01-09
INB00315,SUP004,HUB-BOM,SKU0155,43,2025-01-09,2025-01-10
INB00315,SUP004,HUB-BOM,SKU0349,39,2025-01-10,2025-01-10
INB00315,SUP004,HUB-BOM,SKU0358,43,2025-01-05,2025-01-10
INB00315,SUP004,HUB-BOM,SKU0432,40,2025-01-07,2025-01-10
INB00314,SUP014,HUB-DEL,SKU0149,96,2025-01-06,2025-01-11
INB00315,SUP004,HUB-BOM,SKU0085,37,2025-01-10,2025-01-11
INB00315,SUP004,HUB-BOM,SKU0260,41,2025-01-08,2025-01-11
INB00315,SUP004,HUB-BOM,SKU0263,48,2025-01-09,2025-01-11
INB00315,SUP004,HUB-BOM,SKU0451,44,2025-01-09,2025-01-11
INB00316,SUP018,HUB-BLR,SKU0201,93,2025-01-08,2025-01-11
INB00316,SUP018,HUB-BLR,SKU0309,103,2025-01-10,2025-01-11
INB00315,SUP004,HUB-BOM,SKU0014,44,2025-01-11,2025-01-12
INB00315,SUP004,HUB-BOM,SKU0097,47,2025-01-12,2025-01-12
INB00315,SUP004,HUB-BOM,SKU0178,39,2025-01-09,2025-01-12
INB00315,SUP004,HUB-BOM,SKU0209,40,2025-01-10,2025-01-12
INB00315,SUP004,HUB-BOM,SKU0425,37,2025-01-11,2025-01-12
INB00316,SUP018,HUB-BLR,SKU0021,108,2025-01-09,2025-01-12
INB00316,SUP018,HUB-BLR,SKU0165,98,2025-01-10,2025-01-12
INB00315,SUP004,HUB-BOM,SKU0077,41,2025-01-09,2025-01-13
INB00315,SUP004,HUB-BOM,SKU0088,42,2025-01-13,2025-01-13
INB00315,SUP004,HUB-BOM,SKU0252,37,2025-01-12,2025-01-13
INB00315,SUP004,HUB-BOM,SKU0307,39,2025-01-10,2025-01-13
INB00315,SUP004,HUB-BOM,SKU0338,52,2025-01-13,2025-01-13
INB00315,SUP004,HUB-BOM,SKU0343,43,2025-01-08,2025-01-13
INB00316,SUP018,HUB-BLR,SKU0063,100,2025-01-10,2025-01-13
INB00316,SUP018,HUB-BLR,SKU0336,107,2025-01-12,2025-01-13
INB00315,SUP004,HUB-BOM,SKU0067,48,2025-01-12,2025-01-14
INB00315,SUP004,HUB-BOM,SKU0076,38,2025-01-10,2025-01-14
INB00316,SUP018,HUB-BLR,SKU0089,96,2025-01-10,2025-01-14
INB00316,SUP018,HUB-BLR,SKU0206,104,2025-01-13,2025-01-14
INB00316,SUP018,HUB-BLR,SKU0222,107,2025-01-09,2025-01-14
INB00316,SUP018,HUB-BLR,SKU0227,94,2025-01-11,2025-01-14
INB00316,SUP018,HUB-BLR,SKU0345,112,2025-01-09,2025-01-14
INB00316,SUP018,HUB-BLR,SKU0359,104,2025-01-11,2025-01-14
INB00316,SUP018,HUB-BLR,SKU0460,106,2025-01-10,2025-01-14
INB00316,SUP018,HUB-BLR,SKU0466,106,2025-01-14,2025-01-14
INB00317,SUP017,HUB-DEL,SKU0289,68,2025-01-13,2025-01-14
INB00315,SUP004,HUB-BOM,SKU0028,41,2025-01-10,2025-01-15
INB00315,SUP004,HUB-BOM,SKU0126,46,2025-01-12,2025-01-15
INB00315,SUP004,HUB-BOM,SKU0171,43,2025-01-10,2025-01-15
INB00315,SUP004,HUB-BOM,SKU0410,41,2025-01-15,2025-01-15
INB00316,SUP018,HUB-BLR,SKU0145,118,2025-01-11,2025-01-15
INB00316,SUP018,HUB-BLR,SKU0244,96,2025-01-10,2025-01-15
INB00316,SUP018,HUB-BLR,SKU0495,121,2025-01-11,2025-01-15
INB00317,SUP017,HUB-DEL,SKU0497,59,2025-01-12,2025-01-15
INB00315,SUP004,HUB-BOM,SKU0176,47,2025-01-14,2025-01-16
INB00316,SUP018,HUB-BLR,SKU0091,100,2025-01-16,2025-01-16
INB00316,SUP018,HUB-BLR,SKU0167,117,2025-01-13,2025-01-16
INB00316,SUP018,HUB-BLR,SKU0326,95,2025-01-15,2025-01-16
INB00316,SUP018,HUB-BLR,SKU0368,120,2025-01-14,2025-01-16
INB00317,SUP017,HUB-DEL,SKU0134,57,2025-01-14,2025-01-16
INB00317,SUP017,HUB-DEL,SKU0249,67,2025-01-15,2025-01-16
INB00315,SUP004,HUB-BOM,SKU0457,38,2025-01-12,2025-01-17
INB00316,SUP018,HUB-BLR,SKU0099,94,2025-01-14,2025-01-17
INB00316,SUP018,HUB-BLR,SKU0234,96,2025-01-17,2025-01-17
INB00316,SUP018,HUB-BLR,SKU0248,105,2025-01-15,2025-01-17
INB00316,SUP018,HUB-BLR,SKU0404,112,2025-01-13,2025-01-17
INB00317,SUP017,HUB-DEL,SKU0015,101,2025-01-12,2025-01-17
INB00317,SUP017,HUB-DEL,SKU0196,80,2025-01-16,2025-01-17
INB00317,SUP017,HUB-DEL,SKU0321,58,2025-01-13,2025-01-17
INB00317,SUP017,HUB-DEL,SKU0382,66,2025-01-14,2025-01-17
INB00317,SUP017,HUB-DEL,SKU0416,60,2025-01-15,2025-01-17
INB00317,SUP017,HUB-DEL,SKU0468,60,2025-01-16,2025-01-17
INB00315,SUP004,HUB-BOM,SKU0019,44,2025-01-18,2025-01-18
INB00316,SUP018,HUB-BLR,SKU0069,93,2025-01-16,2025-01-18
INB00316,SUP018,HUB-BLR,SKU0488,109,2025-01-18,2025-01-18
INB00317,SUP017,HUB-DEL,SKU0003,62,2025-01-15,2025-01-18
INB00317,SUP017,HUB-DEL,SKU0027,60,2025-01-15,2025-01-18
INB00317,SUP017,HUB-DEL,SKU0043,64,2025-01-13,2025-01-18
INB00317,SUP017,HUB-DEL,SKU0060,59,2025-01-14,2025-01-18
INB00317,SUP017,HUB-DEL,SKU0103,59,2025-01-15,2025-01-18
INB00317,SUP017,HUB-DEL,SKU0157,57,2025-01-17,2025-01-18
INB00317,SUP017,HUB-DEL,SKU0163,70,2025-01-13,2025-01-18
INB00317,SUP017,HUB-DEL,SKU0233,57,2025-01-15,2025-01-18
INB00317,SUP017,HUB-DEL,SKU0318,59,2025-01-17,2025-01-18
INB00317,SUP017,HUB-DEL,SKU0339,78,2025-01-13,2025-01-18
INB00317,SUP017,HUB-DEL,SKU0102,64,2025-01-14,2025-01-19
INB00317,SUP017,HUB-DEL,SKU0138,69,2025-01-16,2025-01-19
INB00317,SUP017,HUB-DEL,SKU0235,78,2025-01-17,2025-01-19
INB00317,SUP017,HUB-DEL,SKU0277,63,2025-01-16,2025-01-19
INB00317,SUP017,HUB-DEL,SKU0342,71,2025-01-18,2025-01-19
INB00317,SUP017,HUB-DEL,SKU0068,58,2025-01-17,2025-01-21
INB00317,SUP017,HUB-DEL,SKU0111,72,2025-01-21,2025-01-21
INB00317,SUP017,HUB-DEL,SKU0393,78,2025-01-21,2025-01-21
INB00318,SUP001,HUB-BOM,SKU0066,45,2025-01-16,2025-01-21
INB00319,SUP005,HUB-BLR,SKU0197,114,2025-01-16,2025-01-21
INB00319,SUP005,HUB-BLR,SKU0418,102,2025-01-16,2025-01-21
INB00317,SUP017,HUB-DEL,SKU0328,61,2025-01-17,2025-01-22
INB00318,SUP001,HUB-BOM,SKU0107,55,2025-01-20,2025-01-22
INB00318,SUP001,HUB-BOM,SKU0200,54,2025-01-18,2025-01-22
INB00318,SUP001,HUB-BOM,SKU0482,44,2025-01-22,2025-01-22
INB00319,SUP005,HUB-BLR,SKU0132,104,2025-01-22,2025-01-22
INB00317,SUP017,HUB-DEL,SKU0499,57,2025-01-18,2025-01-23
INB00318,SUP001,HUB-BOM,SKU0195,49,2025-01-20,2025-01-23
INB00318,SUP001,HUB-BOM,SKU0266,49,2025-01-20,2025-01-23
INB00318,SUP001,HUB-BOM,SKU0340,44,2025-01-20,2025-01-23
INB00318,SUP001,HUB-BOM,SKU0350,47,2025-01-20,2025-01-23
INB00318,SUP001,HUB-BOM,SKU0465,47,2025-01-23,2025-01-23
INB00318,SUP001,HUB-BOM,SKU0473,44,2025-01-19,2025-01-23
INB00319,SUP005,HUB-BLR,SKU0239,95,2025-01-21,2025-01-23
INB00319,SUP005,HUB-BLR,SKU0430,111,2025-01-21,2025-01-23
INB00318,SUP001,HUB-BOM,SKU0161,39,2025-01-22,2025-01-24
INB00318,SUP001,HUB-BOM,SKU0180,43,2025-01-20,2025-01-24
INB00318,SUP001,HUB-BOM,SKU0218,41,2025-01-21,2025-01-24
INB00318,SUP001,HUB-BOM,SKU0228,53,2025-01-21,2025-01-24
INB00318,SUP001,HUB-BOM,SKU0272,39,2025-01-22,2025-01-24
INB00318,SUP001,HUB-BOM,SKU0365,47,2025-01-20,2025-01-24
INB00318,SUP001,HUB-BOM,SKU0411,40,2025-01-23,2025-01-24
INB00318,SUP001,HUB-BOM,SKU0431,39,2025-01-19,2025-01-24
INB00318,SUP001,HUB-BOM,SKU0434,48,2025-01-20,2025-01-24
INB00319,SUP005,HUB-BLR,SKU0166,108,2025-01-22,2025-01-24
INB00319,SUP005,HUB-BLR,SKU0242,98,2025-01-19,2025-01-24
INB00319,SUP005,HUB-BLR,SKU0258,120,2025-01-20,2025-01-24
INB00319,SUP005,HUB-BLR,SKU0377,129,2025-01-24,2025-01-24
INB00318,SUP001,HUB-BOM,SKU0022,46,2025-01-21,2025-01-25
INB00318,SUP001,HUB-BOM,SKU0168,41,2025-01-25,2025-01-25
INB00318,SUP001,HUB-BOM,SKU0181,40,2025-01-22,2025-01-25
INB00318,SUP001,HUB-BOM,SKU0257,64,2025-01-21,2025-01-25
INB00318,SUP001,HUB-BOM,SKU0355,41,2025-01-21,2025-01-25
INB00318,SUP001,HUB-BOM,SKU0402,42,2025-01-25,2025-01-25
INB00318,SUP001,HUB-BOM,SKU0428,40,2025-01-23,2025-01-25
INB00318,SUP001,HUB-BOM,SKU0437,38,2025-01-21,2025-01-25
INB00318,SUP001,HUB-BOM,SKU0446,37,2025-01-23,2025-01-25
INB00319,SUP005,HUB-BLR,SKU0079,110,2025-01-23,2025-01-25
INB00319,SUP005,HUB-BLR,SKU0137,117,2025-01-25,2025-01-25
INB00319,SUP005,HUB-BLR,SKU0192,107,2025-01-24,2025-01-25
INB00319,SUP005,HUB-BLR,SKU0388,124,2025-01-20,2025-01-25
INB00319,SUP005,HUB-BLR,SKU0407,104,2025-01-25,2025-01-25
INB00318,SUP001,HUB-BOM,SKU0054,42,2025-01-22,2025-01-26
INB00318,SUP001,HUB-BOM,SKU0083,44,2025-01-26,2025-01-26
INB00318,SUP001,HUB-BOM,SKU0216,43,2025-01-24,2025-01-26
INB00318,SUP001,HUB-BOM,SKU0278,52,2025-01-23,2025-01-26
INB00318,SUP001,HUB-BOM,SKU0302,48,2025-01-26,2025-01-26
INB00318,SUP001,HUB-BOM,SKU0380,48,2025-01-26,2025-01-26
INB00318,SUP001,HUB-BOM,SKU0438,41,2025-01-23,2025-01-26
INB00319,SUP005,HUB-BLR,SKU0247,107,2025-01-21,2025-01-26
INB00319,SUP005,HUB-BLR,SKU0362,104,2025-01-22,2025-01-26
INB00319,SUP005,HUB-BLR,SKU0371,93,2025-01-26,2025-01-26
INB00319,SUP005,HUB-BLR,SKU0401,96,2025-01-26,2025-01-26
INB00319,SUP005,HUB-BLR,SKU0444,104,2025-01-21,2025-01-26
INB00319,SUP005,HUB-BLR,SKU0493,105,2025-01-22,2025-01-26
INB00319,SUP005,HUB-BLR,SKU0500,95,2025-01-23,2025-01-26
INB00320,SUP011,HUB-DEL,SKU0017,58,2025-01-22,2025-01-26
INB00320,SUP011,HUB-DEL,SKU0125,64,2025-01-21,2025-01-26
INB00320,SUP011,HUB-DEL,SKU0478,70,2025-01-23,2025-01-26
INB00320,SUP011,HUB-DEL,SKU0491,58,2025-01-22,2025-01-26
INB00318,SUP001,HUB-BOM,SKU0020,40,2025-01-25,2025-01-27
INB00318,SUP001,HUB-BOM,SKU0246,47,2025-01-25,2025-01-27
INB00319,SUP005,HUB-BLR,SKU0112,152,2025-01-23,2025-01-27
INB00320,SUP011,HUB-DEL,SKU0104,62,2025-01-26,2025-01-27
INB00320,SUP011,HUB-DEL,SKU0184,64,2025-01-23,2025-01-27
INB00318,SUP001,HUB-BOM,SKU0106,47,2025-01-24,2025-01-28
INB00318,SUP001,HUB-BOM,SKU0177,41,2025-01-25,2025-01-28
INB00318,SUP001,HUB-BOM,SKU0220,59,2025-01-28,2025-01-28
INB00319,SUP005,HUB-BLR,SKU0073,109,2025-01-26,2025-01-28
INB00319,SUP005,HUB-BLR,SKU0329,117,2025-01-25,2025-01-28
INB00320,SUP011,HUB-DEL,SKU0057,72,2025-01-28,2025-01-28
INB00320,SUP011,HUB-DEL,SKU0115,59,2025-01-23,2025-01-28
INB00320,SUP011,HUB-DEL,SKU0117,60,2025-01-27,2025-01-28
INB00320,SUP011,HUB-DEL,SKU0202,63,2025-01-26,2025-01-28
INB00320,SUP011,HUB-DEL,SKU0256,57,2025-01-27,2025-01-28
INB00320,SUP011,HUB-DEL,SKU0261,68,2025-01-28,2025-01-28
INB00320,SUP011,HUB-DEL,SKU0296,68,2025-01-26,2025-01-28
INB00320,SUP011,HUB-DEL,SKU0346,57,2025-01-25,2025-01-28
INB00318,SUP001,HUB-BOM,SKU0116,58,2025-01-24,2025-01-29
INB00319,SUP005,HUB-BLR,SKU0441,120,2025-01-25,2025-01-29
INB00320,SUP011,HUB-DEL,SKU0047,61,2025-01-25,2025-01-29
INB00320,SUP011,HUB-DEL,SKU0230,68,2025-01-27,2025-01-29
INB00320,SUP011,HUB-DEL,SKU0245,77,2025-01-28,2025-01-29
INB00320,SUP011,HUB-DEL,SKU0062,57,2025-01-29,2025-01-30
INB00320,SUP011,HUB-DEL,SKU0356,66,2025-01-30,2025-01-30
INB00320,SUP011,HUB-DEL,SKU0030,60,2025-01-27,2025-01-31
INB00320,SUP011,HUB-DEL,SKU0100,70,2025-01-28,2025-01-31
INB00320,SUP011,HUB-DEL,SKU0173,66,2025-01-28,2025-01-31
INB00320,SUP011,HUB-DEL,SKU0078,68,2025-01-28,2025-02-01
INB00320,SUP011,HUB-DEL,SKU0268,74,2025-01-28,2025-02-01
INB00321,SUP004,HUB-BOM,SKU0009,40,2025-02-01,2025-02-01
INB00322,SUP005,HUB-BLR,SKU0072,94,2025-01-27,2025-02-01
INB00320,SUP011,HUB-DEL,SKU0462,62,2025-01-30,2025-02-02
INB00321,SUP004,HUB-BOM,SKU0025,38,2025-02-02,2025-02-02
INB00321,SUP004,HUB-BOM,SKU0170,39,2025-01-28,2025-02-02
INB00321,SUP004,HUB-BOM,SKU0347,38,2025-01-31,2025-02-02
INB00321,SUP004,HUB-BOM,SKU0351,50,2025-01-28,2025-02-02
INB00322,SUP005,HUB-BLR,SKU0472,96,2025-02-01,2025-02-02
INB00322,SUP005,HUB-BLR,SKU0492,96,2025-01-31,2025-02-02
INB00321,SUP004,HUB-BOM,SKU0064,59,2025-01-30,2025-02-03
INB00321,SUP004,HUB-BOM,SKU0077,39,2025-01-31,2025-02-03
INB00321,SUP004,HUB-BOM,SKU0124,38,2025-02-02,2025-02-03
INB00321,SUP004,HUB-BOM,SKU0152,40,2025-01-31,2025-02-03
INB00321,SUP004,HUB-BOM,SKU0164,53,2025-01-31,2025-02-03
INB00321,SUP004,HUB-BOM,SKU0199,38,2025-02-02,2025-02-03
INB00321,SUP004,HUB-BOM,SKU0241,56,2025-02-01,2025-02-03
INB00321,SUP004,HUB-BOM,SKU0311,42,2025-02-03,2025-02-03
INB00321,SUP004,HUB-BOM,SKU0372,38,2025-01-31,2025-02-03
INB00321,SUP004,HUB-BOM,SKU0374,45,2025-02-01,2025-02-03
INB00321,SUP004,HUB-BOM,SKU0396,43,2025-01-29,2025-02-03
INB00321,SUP004,HUB-BOM,SKU0406,41,2025-02-01,2025-02-03
INB00321,SUP004,HUB-BOM,SKU0448,38,2025-02-03,2025-02-03
INB00322,SUP005,HUB-BLR,SKU0158,105,2025-01-31,2025-02-03
INB00322,SUP005,HUB-BLR,SKU0305,94,2025-02-02,2025-02-03
INB00321,SUP004,HUB-BOM,SKU0159,52,2025-02-03,2025-02-04
INB00321,SUP004,HUB-BOM,SKU0279,44,2025-02-04,2025-02-04
INB00321,SUP004,HUB-BOM,SKU0415,44,2025-02-01,2025-02-04
INB00321,SUP004,HUB-BOM,SKU0420,43,2025-02-02,2025-02-04
INB00321,SUP004,HUB-BOM,SKU0436,38,2025-02-02,2025-02-04
INB00322,SUP005,HUB-BLR,SKU0094,102,2025-02-04,2025-02-04
INB00322,SUP005,HUB-BLR,SKU0121,119,2025-02-01,2025-02-04
INB00322,SUP005,HUB-BLR,SKU0229,128,2025-02-02,2025-02-04
INB00322,SUP005,HUB-BLR,SKU0333,93,2025-02-02,2025-02-04
INB00322,SUP005,HUB-BLR,SKU0344,104,2025-01-31,2025-02-04
INB00322,SUP005,HUB-BLR,SKU0360,113,2025-02-03,2025-02-04
INB00322,SUP005,HUB-BLR,SKU0369,98,2025-02-03,2025-02-04
INB00322,SUP005,HUB-BLR,SKU0409,130,2025-02-01,2025-02-04
INB00321,SUP004,HUB-BOM,SKU0010,54,2025-02-03,2025-02-05
INB00321,SUP004,HUB-BOM,SKU0028,40,2025-02-04,2025-02-05
INB00321,SUP004,HUB-BOM,SKU0090,38,2025-02-02,2025-02-05
INB00321,SUP004,HUB-BOM,SKU0129,37,2025-02-01,2025-02-05
INB00321,SUP004,HUB-BOM,SKU0254,49,2025-02-01,2025-02-05
INB00321,SUP004,HUB-BOM,SKU0280,43,2025-02-05,2025-02-05
INB00321,SUP004,HUB-BOM,SKU0370,42,2025-02-03,2025-02-05
INB00321,SUP004,HUB-BOM,SKU0392,59,2025-02-02,2025-02-05
INB00321,SUP004,HUB-BOM,SKU0408,51,2025-01-31,2025-02-05
INB00321,SUP004,HUB-BOM,SKU0425,43,2025-02-02,2025-02-05
INB00322,SUP005,HUB-BLR,SKU0035,112,2025-02-02,2025-02-05
INB00322,SUP005,HUB-BLR,SKU0205,97,2025-02-01,2025-02-05
INB00322,SUP005,HUB-BLR,SKU0270,118,2025-02-02,2025-02-05
INB00322,SUP005,HUB-BLR,SKU0295,105,2025-02-04,2025-02-05
INB00322,SUP005,HUB-BLR,SKU0299,129,2025-02-04,2025-02-05
INB00322,SUP005,HUB-BLR,SKU0354,93,2025-02-01,2025-02-05
INB00323,SUP014,HUB-DEL,SKU0011,60,2025-01-31,2025-02-05
INB00323,SUP014,HUB-DEL,SKU0133,61,2025-02-01,2025-02-05
INB00323,SUP014,HUB-DEL,SKU0293,60,2025-02-03,2025-02-05
INB00321,SUP004,HUB-BOM,SKU0250,40,2025-02-06,2025-02-06
INB00321,SUP004,HUB-BOM,SKU0395,40,2025-02-06,2025-02-06
INB00321,SUP004,HUB-BOM,SKU0496,42,2025-02-04,2025-02-06
INB00322,SUP005,HUB-BLR,SKU0074,108,2025-02-04,2025-02-06
INB00322,SUP005,HUB-BLR,SKU0082,111,2025-02-02,2025-02-06
INB00322,SUP005,HUB-BLR,SKU0304,94,2025-02-06,2025-02-06
INB00322,SUP005,HUB-BLR,SKU0335,108,2025-02-01,2025-02-06
INB00322,SUP005,HUB-BLR,SKU0429,121,2025-02-04,2025-02-06
INB00322,SUP005,HUB-BLR,SKU0435,93,2025-02-01,2025-02-06
INB00322,SUP005,HUB-BLR,SKU0484,115,2025-02-06,2025-02-06
INB00323,SUP014,HUB-DEL,SKU0029,64,2025-02-05,2025-02-06
INB00323,SUP014,HUB-DEL,SKU0095,70,2025-02-06,2025-02-06
INB00323,SUP014,HUB-DEL,SKU0306,71,2025-02-05,2025-02-06
INB00321,SUP004,HUB-BOM,SKU0049,42,2025-02-05,2025-02-07
INB00321,SUP004,HUB-BOM,SKU0096,49,2025-02-05,2025-02-07
INB00321,SUP004,HUB-BOM,SKU0275,49,2025-02-04,2025-02-07
INB00321,SUP004,HUB-BOM,SKU0443,38,2025-02-03,2025-02-07
INB00322,SUP005,HUB-BLR,SKU0290,93,2025-02-04,2025-02-07
INB00322,SUP005,HUB-BLR,SKU0291,107,2025-02-03,2025-02-07
INB00322,SUP005,HUB-BLR,SKU0367,100,2025-02-05,2025-02-07
INB00323,SUP014,HUB-DEL,SKU0036,61,2025-02-07,2025-02-07
INB00323,SUP014,HUB-DEL,SKU0316,76,2025-02-03,2025-02-07
INB00323,SUP014,HUB-DEL,SKU0447,69,2025-02-04,2025-02-07
INB00323,SUP014,HUB-DEL,SKU0455,66,2025-02-03,2025-02-07
INB00321,SUP004,HUB-BOM,SKU0262,57,2025-02-07,2025-02-08
INB00321,SUP004,HUB-BOM,SKU0276,37,2025-02-06,2025-02-08
INB00322,SUP005,HUB-BLR,SKU0327,120,2025-02-05,2025-02-08
INB00323,SUP014,HUB-DEL,SKU0135,59,2025-02-03,2025-02-08
INB00323,SUP014,HUB-DEL,SKU0149,58,2025-02-03,2025-02-08
INB00323,SUP014,HUB-DEL,SKU0188,59,2025-02-06,2025-02-08
INB00323,SUP014,HUB-DEL,SKU0308,83,2025-02-03,2025-02-08
INB00323,SUP014,HUB-DEL,SKU0399,60,2025-02-04,2025-02-08
INB00323,SUP014,HUB-DEL,SKU0459,75,2025-02-03,2025-02-08
INB00321,SUP004,HUB-BOM,SKU0195,37,2025-02-07,2025-02-09
INB00322,SUP005,HUB-BLR,SKU0183,114,2025-02-04,2025-02-09
INB00323,SUP014,HUB-DEL,SKU0052,63,2025-02-09,2025-02-09
INB00323,SUP014,HUB-DEL,SKU0221,63,2025-02-06,2025-02-09
INB00323,SUP014,HUB-DEL,SKU0427,69,2025-02-09,2025-02-09
INB00323,SUP014,HUB-DEL,SKU0463,60,2025-02-09,2025-02-09
INB00323,SUP014,HUB-DEL,SKU0086,57,2025-02-07,2025-02-10
INB00323,SUP014,HUB-DEL,SKU0412,63,2025-02-09,2025-02-10
INB00323,SUP014,HUB-DEL,SKU0453,61,2025-02-07,2025-02-10
INB00323,SUP014,HUB-DEL,SKU0439,71,2025-02-08,2025-02-11
INB00323,SUP014,HUB-DEL,SKU0039,60,2025-02-08,2025-02-12
INB00323,SUP014,HUB-DEL,SKU0212,58,2025-02-11,2025-02-12
INB00324,SUP006,HUB-BOM,SKU0315,48,2025-02-09,2025-02-12
INB00324,SUP006,HUB-BOM,SKU0378,43,2025-02-07,2025-02-12
INB00325,SUP016,HUB-BLR,SKU0120,103,2025-02-07,2025-02-12
INB00325,SUP016,HUB-BLR,SKU0324,106,2025-02-09,2025-02-12
INB00323,SUP014,HUB-DEL,SKU0190,73,2025-02-08,2025-02-13
INB00324,SUP006,HUB-BOM,SKU0223,42,2025-02-12,2025-02-13
INB00324,SUP006,HUB-BOM,SKU0477,44,2025-02-12,2025-02-13
INB00325,SUP016,HUB-BLR,SKU0288,98,2025-02-09,2025-02-13
INB00325,SUP016,HUB-BLR,SKU0294,94,2025-02-08,2025-02-13
INB00324,SUP006,HUB-BOM,SKU0070,56,2025-02-12,2025-02-14
INB00324,SUP006,HUB-BOM,SKU0119,54,2025-02-13,2025-02-14
INB00324,SUP006,HUB-BOM,SKU0189,41,2025-02-13,2025-02-14
INB00324,SUP006,HUB-BOM,SKU0210,40,2025-02-13,2025-02-14
INB00324,SUP006,HUB-BOM,SKU0274,41,2025-02-13,2025-02-14
INB00324,SUP006,HUB-BOM,SKU0451,38,2025-02-14,2025-02-14
INB00324,SUP006,HUB-BOM,SKU0481,41,2025-02-11,2025-02-14
INB00325,SUP016,HUB-BLR,SKU0122,93,2025-02-13,2025-02-14
INB00325,SUP016,HUB-BLR,SKU0352,93,2025-02-12,2025-02-14
INB00325,SUP016,HUB-BLR,SKU0385,124,2025-02-10,2025-02-14
INB00325,SUP016,HUB-BLR,SKU0454,120,2025-02-11,2025-02-14
INB00324,SUP006,HUB-BOM,SKU0024,42,2025-02-15,2025-02-15
INB00324,SUP006,HUB-BOM,SKU0147,42,2025-02-14,2025-02-15
INB00324,SUP006,HUB-BOM,SKU0168,42,2025-02-14,2025-02-15
INB00324,SUP006,HUB-BOM,SKU0174,51,2025-02-10,2025-02-15
INB00324,SUP006,HUB-BOM,SKU0191,43,2025-02-12,2025-02-15
INB00324,SUP006,HUB-BOM,SKU0373,52,2025-02-12,2025-02-15
INB00324,SUP006,HUB-BOM,SKU0387,45,2025-02-13,2025-02-15
INB00324,SUP006,HUB-BOM,SKU0391,47,2025-02-13,2025-02-15
INB00324,SUP006,HUB-BOM,SKU0469,39,2025-02-13,2025-02-15
INB00324,SUP006,HUB-BOM,SKU0470,47,2025-02-10,2025-02-15
INB00324,SUP006,HUB-BOM,SKU0474,38,2025-02-10,2025-02-15
INB00324,SUP006,HUB-BOM,SKU0485,39,2025-02-15,2025-02-15
INB00325,SUP016,HUB-BLR,SKU0109,99,2025-02-14,2025-02-15
INB00325,SUP016,HUB-BLR,SKU0211,103,2025-02-13,2025-02-15
INB00325,SUP016,HUB-BLR,SKU0269,113,2025-02-11,2025-02-15
INB00325,SUP016,HUB-BLR,SKU0458,96,2025-02-10,2025-02-15
INB00325,SUP016,HUB-BLR,SKU0489,112,2025-02-10,2025-02-15
INB00324,SUP006,HUB-BOM,SKU0032,41,2025-02-13,2025-02-16
INB00324,SUP006,HUB-BOM,SKU0114,38,2025-02-12,2025-02-16
INB00324,SUP006,HUB-BOM,SKU0127,38,2025-02-14,2025-02-16
INB00324,SUP006,HUB-BOM,SKU0151,45,2025-02-12,2025-02-16
INB00324,SUP006,HUB-BOM,SKU0259,39,2025-02-12,2025-02-16
INB00324,SUP006,HUB-BOM,SKU0349,39,2025-02-14,2025-02-16
INB00324,SUP006,HUB-BOM,SKU0375,61,2025-02-16,2025-02-16
INB00324,SUP006,HUB-BOM,SKU0452,37,2025-02-16,2025-02-16
INB00325,SUP016,HUB-BLR,SKU0004,95,2025-02-14,2025-02-16
INB00325,SUP016,HUB-BLR,SKU0236,116,2025-02-16,2025-02-16
INB00325,SUP016,HUB-BLR,SKU0495,118,2025-02-13,2025-02-16
INB00326,SUP020,HUB-DEL,SKU0042,62,2025-02-14,2025-02-16
INB00326,SUP020,HUB-DEL,SKU0298,59,2025-02-16,2025-02-16
INB00326,SUP020,HUB-DEL,SKU0301,66,2025-02-16,2025-02-16
INB00326,SUP020,HUB-DEL,SKU0487,60,2025-02-15,2025-02-16
INB00324,SUP006,HUB-BOM,SKU0126,41,2025-02-17,2025-02-17
INB00324,SUP006,HUB-BOM,SKU0171,38,2025-02-15,2025-02-17
INB00324,SUP006,HUB-BOM,SKU0287,38,2025-02-14,2025-02-17
INB00324,SUP006,HUB-BOM,SKU0471,40,2025-02-15,2025-02-17
INB00324,SUP006,HUB-BOM,SKU0476,40,2025-02-12,2025-02-17
INB00325,SUP016,HUB-BLR,SKU0038,98,2025-02-13,2025-02-17
INB00325,SUP016,HUB-BLR,SKU0165,106,2025-02-14,2025-02-17
INB00325,SUP016,HUB-BLR,SKU0198,120,2025-02-17,2025-02-17
INB00325,SUP016,HUB-BLR,SKU0217,107,2025-02-16,2025-02-17
INB00325,SUP016,HUB-BLR,SKU0244,116,2025-02-17,2025-02-17
INB00325,SUP016,HUB-BLR,SKU0271,98,2025-02-13,2025-02-17
INB00325,SUP016,HUB-BLR,SKU0363,95,2025-02-14,2025-02-17
INB00326,SUP020,HUB-DEL,SKU0334,60,2025-02-13,2025-02-17
INB00324,SUP006,HUB-BOM,SKU0058,47,2025-02-18,2025-02-18
INB00324,SUP006,HUB-BOM,SKU0108,43,2025-02-16,2025-02-18
INB00324,SUP006,HUB-BOM,SKU0483,53,2025-02-17,2025-02-18
INB00325,SUP016,HUB-BLR,SKU0313,102,2025-02-13,2025-02-18
INB00325,SUP016,HUB-BLR,SKU0332,100,2025-02-18,2025-02-18
INB00326,SUP020,HUB-DEL,SKU0390,60,2025-02-14,2025-02-18
INB00326,SUP020,HUB-DEL,SKU0422,65,2025-02-13,2025-02-18
INB00326,SUP020,HUB-DEL,SKU0442,61,2025-02-13,2025-02-18
INB00326,SUP020,HUB-DEL,SKU0467,70,2025-02-16,2025-02-18
INB00324,SUP006,HUB-BOM,SKU0020,48,2025-02-17,2025-02-19
INB00326,SUP020,HUB-DEL,SKU0341,61,2025-02-18,2025-02-19
INB00325,SUP016,HUB-BLR,SKU0050,119,2025-02-19,2025-02-20
INB00326,SUP020,HUB-DEL,SKU0226,71,2025-02-19,2025-02-20
INB00326,SUP020,HUB-DEL,SKU0325,82,2025-02-19,2025-02-20
INB00324,SUP006,HUB-BOM,SKU0446,42,2025-02-16,2025-02-21
INB00326,SUP020,HUB-DEL,SKU0055,57,2025-02-16,2025-02-21
INB00326,SUP020,HUB-DEL,SKU0092,60,2025-02-20,2025-02-21
INB00326,SUP020,HUB-DEL,SKU0113,61,2025-02-18,2025-02-21
INB00326,SUP020,HUB-DEL,SKU0267,62,2025-02-19,2025-02-21
INB00326,SUP020,HUB-DEL,SKU0464,65,2025-02-19,2025-02-21
INB00326,SUP020,HUB-DEL,SKU0098,65,2025-02-19,2025-02-22
INB00326,SUP020,HUB-DEL,SKU0321,59,2025-02-19,2025-02-22
INB00326,SUP020,HUB-DEL,SKU0381,58,2025-02-20,2025-02-22
INB00327,SUP005,HUB-BLR,SKU0251,97,2025-02-18,2025-02-23
INB00327,SUP005,HUB-BLR,SKU0405,95,2025-02-19,2025-02-23
INB00326,SUP020,HUB-DEL,SKU0048,59,2025-02-23,2025-02-24
INB00327,SUP005,HUB-BLR,SKU0033,97,2025-02-20,2025-02-24
INB00327,SUP005,HUB-BLR,SKU0148,102,2025-02-19,2025-02-24
INB00327,SUP005,HUB-BLR,SKU0182,131,2025-02-21,2025-02-24
INB00327,SUP005,HUB-BLR,SKU0242,93,2025-02-20,2025-02-24
INB00327,SUP005,HUB-BLR,SKU0488,96,2025-02-23,2025-02-24
INB00328,SUP004,HUB-BOM,SKU0054,46,2025-02-21,2025-02-24
INB00328,SUP004,HUB-BOM,SKU0214,41,2025-02-24,2025-02-24
INB00328,SUP004,HUB-BOM,SKU0330,47,2025-02-24,2025-02-24
INB00328,SUP004,HUB-BOM,SKU0410,62,2025-02-20,2025-02-24
INB00327,SUP005,HUB-BLR,SKU0005,93,2025-02-24,2025-02-25
INB00327,SUP005,HUB-BLR,SKU0285,112,2025-02-22,2025-02-25
INB00328,SUP004,HUB-BOM,SKU0389,37,2025-02-23,2025-02-25
INB00327,SUP005,HUB-BLR,SKU0013,101,2025-02-21,2025-02-26
INB00327,SUP005,HUB-BLR,SKU0018,137,2025-02-23,2025-02-26
INB00327,SUP005,HUB-BLR,SKU0021,98,2025-02-26,2025-02-26
INB00327,SUP005,HUB-BLR,SKU0110,95,2025-02-25,2025-02-26
INB00327,SUP005,HUB-BLR,SKU0143,104,2025-02-25,2025-02-26
INB00327,SUP005,HUB-BLR,SKU0227,101,2025-02-23,2025-02-26
INB00327,SUP005,HUB-BLR,SKU0303,93,2025-02-25,2025-02-26
INB00327,SUP005,HUB-BLR,SKU0309,95,2025-02-21,2025-02-26
INB00327,SUP005,HUB-BLR,SKU0336,102,2025-02-25,2025-02-26
INB00327,SUP005,HUB-BLR,SKU0361,100,2025-02-24,2025-02-26
INB00327,SUP005,HUB-BLR,SKU0394,103,2025-02-25,2025-02-26
INB00327,SUP005,HUB-BLR,SKU0480,100,2025-02-24,2025-02-26
INB00327,SUP005,HUB-BLR,SKU0500,100,2025-02-23,2025-02-26
INB00328,SUP004,HUB-BOM,SKU0123,43,2025-02-24,2025-02-26
INB00328,SUP004,HUB-BOM,SKU0178,42,2025-02-23,2025-02-26
INB00328,SUP004,HUB-BOM,SKU0216,39,2025-02-22,2025-02-26
INB00328,SUP004,HUB-BOM,SKU0218,39,2025-02-26,2025-02-26
INB00328,SUP004,HUB-BOM,SKU0219,39,2025-02-26,2025-02-26
INB00328,SUP004,HUB-BOM,SKU0273,46,2025-02-23,2025-02-26
INB00328,SUP004,HUB-BOM,SKU0300,40,2025-02-22,2025-02-26
INB00328,SUP004,HUB-BOM,SKU0425,42,2025-02-26,2025-02-26
INB00328,SUP004,HUB-BOM,SKU0461,52,2025-02-21,2025-02-26
INB00327,SUP005,HUB-BLR,SKU0061,100,2025-02-24,2025-02-27
INB00327,SUP005,HUB-BLR,SKU0071,110,2025-02-27,2025-02-27
INB00327,SUP005,HUB-BLR,SKU0087,126,2025-02-25,2025-02-27
INB00327,SUP005,HUB-BLR,SKU0247,97,2025-02-24,2025-02-27
INB00327,SUP005,HUB-BLR,SKU0323,126,2025-02-26,2025-02-27
INB00328,SUP004,HUB-BOM,SKU0001,37,2025-02-25,2025-02-27
INB00328,SUP004,HUB-BOM,SKU0076,41,2025-02-27,2025-02-27
INB00328,SUP004,HUB-BOM,SKU0276,37,2025-02-23,2025-02-27
INB00328,SUP004,HUB-BOM,SKU0307,39,2025-02-22,2025-02-27
INB00328,SUP004,HUB-BOM,SKU0338,40,2025-02-23,2025-02-27
INB00328,SUP004,HUB-BOM,SKU0438,50,2025-02-23,2025-02-27
INB00329,SUP020,HUB-DEL,SKU0449,60,2025-02-23,2025-02-27
INB00327,SUP005,HUB-BLR,SKU0016,104,2025-02-26,2025-02-28
INB00327,SUP005,HUB-BLR,SKU0026,112,2025-02-24,2025-02-28
INB00327,SUP005,HUB-BLR,SKU0101,99,2025-02-27,2025-02-28
INB00327,SUP005,HUB-BLR,SKU0140,101,2025-02-28,2025-02-28
INB00327,SUP005,HUB-BLR,SKU0156,113,2025-02-25,2025-02-28
INB00327,SUP005,HUB-BLR,SKU0175,102,2025-02-23,2025-02-28
INB00327,SUP005,HUB-BLR,SKU0357,100,2025-02-24,2025-02-28
INB00327,SUP005,HUB-BLR,SKU0450,98,2025-02-27,2025-02-28
INB00327,SUP005,HUB-BLR,SKU0479,93,2025-02-23,2025-02-28
INB00328,SUP004,HUB-BOM,SKU0056,59,2025-02-23,2025-02-28
INB00328,SUP004,HUB-BOM,SKU0155,43,2025-02-28,2025-02-28
INB00328,SUP004,HUB-BOM,SKU0186,48,2025-02-23,2025-02-28
INB00328,SUP004,HUB-BOM,SKU0337,46,2025-02-27,2025-02-28
INB00328,SUP004,HUB-BOM,SKU0411,39,2025-02-28,2025-02-28
INB00328,SUP004,HUB-BOM,SKU0456,54,2025-02-25,2025-02-28
INB00328,SUP004,HUB-BOM,SKU0490,37,2025-02-24,2025-02-28
INB00329,SUP020,HUB-DEL,SKU0284,60,2025-02-26,2025-02-28
INB00329,SUP020,HUB-DEL,SKU0312,58,2025-02-26,2025-02-28
INB00327,SUP005,HUB-BLR,SKU0131,95,2025-02-25,2025-03-01
INB00327,SUP005,HUB-BLR,SKU0162,95,2025-03-01,2025-03-01
INB00327,SUP005,HUB-BLR,SKU0397,110,2025-02-27,2025-03-01
INB00328,SUP004,HUB-BOM,SKU0146,43,2025-02-28,2025-03-01
INB00328,SUP004,HUB-BOM,SKU0160,53,2025-02-24,2025-03-01
INB00328,SUP004,HUB-BOM,SKU0181,37,2025-02-26,2025-03-01
INB00328,SUP004,HUB-BOM,SKU0255,40,2025-02-26,2025-03-01
INB00329,SUP020,HUB-DEL,SKU0007,59,2025-02-25,2025-03-01
INB00329,SUP020,HUB-DEL,SKU0037,75,2025-02-25,2025-03-01
INB00329,SUP020,HUB-DEL,SKU0043,66,2025-02-25,2025-03-01
INB00329,SUP020,HUB-DEL,SKU0187,62,2025-02-25,2025-03-01
INB00329,SUP020,HUB-DEL,SKU0208,64,2025-03-01,2025-03-01
INB00329,SUP020,HUB-DEL,SKU0414,63,2025-03-01,2025-03-01
INB00327,SUP005,HUB-BLR,SKU0153,124,2025-03-01,2025-03-02
INB00328,SUP004,HUB-BOM,SKU0353,46,2025-02-25,2025-03-02
INB00328,SUP004,HUB-BOM,SKU0355,47,2025-02-28,2025-03-02
INB00329,SUP020,HUB-DEL,SKU0034,59,2025-02-26,2025-03-02
INB00329,SUP020,HUB-DEL,SKU0053,60,2025-03-02,2025-03-02
INB00329,SUP020,HUB-DEL,SKU0059,71,2025-02-26,2025-03-02
INB00329,SUP020,HUB-DEL,SKU0142,68,2025-02-28,2025-03-02
INB00329,SUP020,HUB-DEL,SKU0386,66,2025-02-28,2025-03-02
INB00329,SUP020,HUB-DEL,SKU0398,61,2025-02-26,2025-03-02
INB00328,SUP004,HUB-BOM,SKU0097,43,2025-03-03,2025-03-03
INB00328,SUP004,HUB-BOM,SKU0331,46,2025-03-01,2025-03-03
INB00328,SUP004,HUB-BOM,SKU0428,43,2025-03-03,2025-03-03
INB00329,SUP020,HUB-DEL,SKU0008,67,2025-02-27,2025-03-03
INB00329,SUP020,HUB-DEL,SKU0030,64,2025-03-03,2025-03-03
INB00329,SUP020,HUB-DEL,SKU0403,77,2025-02-27,2025-03-03
INB00329,SUP020,HUB-DEL,SKU0416,67,2025-02-27,2025-03-03
INB00328,SUP004,HUB-BOM,SKU0139,39,2025-03-03,2025-03-04
INB00329,SUP020,HUB-DEL,SKU0046,68,2025-03-04,2025-03-04
INB00329,SUP020,HUB-DEL,SKU0253,62,2025-03-03,2025-03-04
INB00329,SUP020,HUB-DEL,SKU0376,67,2025-02-28,2025-03-04
INB00329,SUP020,HUB-DEL,SKU0233,59,2025-03-03,2025-03-05
INB00329,SUP020,HUB-DEL,SKU0314,70,2025-02-28,2025-03-05
INB00330,SUP010,HUB-BLR,SKU0069,109,2025-03-02,2025-03-05
INB00330,SUP010,HUB-BLR,SKU0418,99,2025-03-01,2025-03-05
INB00330,SUP010,HUB-BLR,SKU0444,99,2025-03-06,2025-03-06
INB00328,SUP004,HUB-BOM,SKU0085,45,2025-03-06,2025-03-07
INB00330,SUP010,HUB-BLR,SKU0044,95,2025-03-04,2025-03-08
INB00330,SUP010,HUB-BLR,SKU0081,95,2025-03-05,2025-03-08
INB00330,SUP010,HUB-BLR,SKU0093,126,2025-03-03,2025-03-08
INB00330,SUP010,HUB-BLR,SKU0105,94,2025-03-04,2025-03-08
INB00330,SUP010,HUB-BLR,SKU0290,93,2025-03-05,2025-03-08
INB00330,SUP010,HUB-BLR,SKU0362,109,2025-03-03,2025-03-08
INB00330,SUP010,HUB-BLR,SKU0366,103,2025-03-07,2025-03-08
INB00330,SUP010,HUB-BLR,SKU0433,154,2025-03-04,2025-03-08
INB00330,SUP010,HUB-BLR,SKU0440,103,2025-03-08,2025-03-08
INB00331,SUP012,HUB-DEL,SKU0068,59,2025-03-06,2025-03-08
INB00331,SUP012,HUB-DEL,SKU0225,65,2025-03-03,2025-03-08
INB00331,SUP012,HUB-DEL,SKU0261,58,2025-03-04,2025-03-08
INB00330,SUP010,HUB-BLR,SKU0041,112,2025-03-08,2025-03-09
INB00330,SUP010,HUB-BLR,SKU0145,94,2025-03-08,2025-03-09
INB00330,SUP010,HUB-BLR,SKU0172,94,2025-03-08,2025-03-09
INB00330,SUP010,HUB-BLR,SKU0201,119,2025-03-09,2025-03-09
INB00330,SUP010,HUB-BLR,SKU0295,94,2025-03-06,2025-03-09
INB00330,SUP010,HUB-BLR,SKU0348,94,2025-03-06,2025-03-09
INB00330,SUP010,HUB-BLR,SKU0359,113,2025-03-04,2025-03-09
INB00331,SUP012,HUB-DEL,SKU0202,62,2025-03-08,2025-03-09
INB00331,SUP012,HUB-DEL,SKU0245,74,2025-03-09,2025-03-09
INB00331,SUP012,HUB-DEL,SKU0379,61,2025-03-09,2025-03-09
INB00330,SUP010,HUB-BLR,SKU0232,128,2025-03-09,2025-03-10
INB00330,SUP010,HUB-BLR,SKU0367,98,2025-03-09,2025-03-10
INB00332,SUP009,HUB-BOM,SKU0040,51,2025-03-08,2025-03-10
INB00332,SUP009,HUB-BOM,SKU0347,47,2025-03-09,2025-03-10
INB00330,SUP010,HUB-BLR,SKU0099,100,2025-03-06,2025-03-11
INB00330,SUP010,HUB-BLR,SKU0237,112,2025-03-09,2025-03-11
INB00330,SUP010,HUB-BLR,SKU0383,109,2025-03-07,2025-03-11
INB00331,SUP012,HUB-DEL,SKU0003,69,2025-03-10,2025-03-11
INB00331,SUP012,HUB-DEL,SKU0015,69,2025-03-08,2025-03-11
INB00331,SUP012,HUB-DEL,SKU0128,67,2025-03-11,2025-03-11
INB00331,SUP012,HUB-DEL,SKU0230,66,2025-03-06,2025-03-11
INB00331,SUP012,HUB-DEL,SKU0282,57,2025-03-11,2025-03-11
INB00332,SUP009,HUB-BOM,SKU0014,58,2025-03-08,2025-03-11
INB00332,SUP009,HUB-BOM,SKU0241,57,2025-03-07,2025-03-11
INB00332,SUP009,HUB-BOM,SKU0246,69,2025-03-09,2025-03-11
INB00332,SUP009,HUB-BOM,SKU0310,38,2025-03-07,2025-03-11
INB00332,SUP009,HUB-BOM,SKU0432,48,2025-03-07,2025-03-11
INB00332,SUP009,HUB-BOM,SKU0443,41,2025-03-10,2025-03-11
INB00332,SUP009,HUB-BOM,SKU0451,37,2025-03-08,2025-03-11
INB00332,SUP009,HUB-BOM,SKU0465,61,2025-03-09,2025-03-11
INB00331,SUP012,HUB-DEL,SKU0006,61,2025-03-12,2025-03-12
INB00331,SUP012,HUB-DEL,SKU0115,66,2025-03-07,2025-03-12
INB00331,SUP012,HUB-DEL,SKU0265,66,2025-03-10,2025-03-12
INB00331,SUP012,HUB-DEL,SKU0308,75,2025-03-10,2025-03-12
INB00331,SUP012,HUB-DEL,SKU0384,61,2025-03-10,2025-03-12
INB00331,SUP012,HUB-DEL,SKU0424,67,2025-03-09,2025-03-12
INB00331,SUP012,HUB-DEL,SKU0497,58,2025-03-07,2025-03-12
INB00332,SUP009,HUB-BOM,SKU0022,60,2025-03-07,2025-03-12
INB00332,SUP009,HUB-BOM,SKU0116,42,2025-03-07,2025-03-12
INB00332,SUP009,HUB-BOM,SKU0252,62,2025-03-08,2025-03-12
INB00332,SUP009,HUB-BOM,SKU0279,40,2025-03-07,2025-03-12
INB00331,SUP012,HUB-DEL,SKU0002,58,2025-03-08,2025-03-13
INB00331,SUP012,HUB-DEL,SKU0031,70,2025-03-12,2025-03-13
INB00331,SUP012,HUB-DEL,SKU0264,80,2025-03-12,2025-03-13
INB00331,SUP012,HUB-DEL,SKU0339,67,2025-03-13,2025-03-13
INB00331,SUP012,HUB-DEL,SKU0364,59,2025-03-10,2025-03-13
INB00331,SUP012,HUB-DEL,SKU0463,65,2025-03-11,2025-03-13
INB00331,SUP012,HUB-DEL,SKU0491,61,2025-03-13,2025-03-13
INB00332,SUP009,HUB-BOM,SKU0010,40,2025-03-09,2025-03-13
INB00332,SUP009,HUB-BOM,SKU0064,43,2025-03-13,2025-03-13
INB00332,SUP009,HUB-BOM,SKU0084,37,2025-03-11,2025-03-13
INB00332,SUP009,HUB-BOM,SKU0129,49,2025-03-13,2025-03-13
INB00332,SUP009,HUB-BOM,SKU0176,51,2025-03-10,2025-03-13
INB00332,SUP009,HUB-BOM,SKU0195,37,2025-03-09,2025-03-13
INB00332,SUP009,HUB-BOM,SKU0213,49,2025-03-08,2025-03-13
INB00332,SUP009,HUB-BOM,SKU0250,41,2025-03-08,2025-03-13
INB00332,SUP009,HUB-BOM,SKU0257,67,2025-03-08,2025-03-13
INB00332,SUP009,HUB-BOM,SKU0374,44,2025-03-08,2025-03-13
INB00332,SUP009,HUB-BOM,SKU0415,50,2025-03-13,2025-03-13
INB00332,SUP009,HUB-BOM,SKU0420,40,2025-03-11,2025-03-13
INB00331,SUP012,HUB-DEL,SKU0045,75,2025-03-10,2025-03-14
INB00331,SUP012,HUB-DEL,SKU0238,60,2025-03-10,2025-03-14
INB00331,SUP012,HUB-DEL,SKU0462,65,2025-03-11,2025-03-14
INB00332,SUP009,HUB-BOM,SKU0066,40,2025-03-10,2025-03-14
INB00332,SUP009,HUB-BOM,SKU0067,53,2025-03-11,2025-03-14
INB00332,SUP009,HUB-BOM,SKU0088,49,2025-03-13,2025-03-14
INB00332,SUP009,HUB-BOM,SKU0136,52,2025-03-11,2025-03-14
INB00332,SUP009,HUB-BOM,SKU0275,37,2025-03-10,2025-03-14
INB00332,SUP009,HUB-BOM,SKU0343,45,2025-03-10,2025-03-14
INB00332,SUP009,HUB-BOM,SKU0353,43,2025-03-14,2025-03-14
INB00332,SUP009,HUB-BOM,SKU0358,38,2025-03-11,2025-03-14
INB00332,SUP009,HUB-BOM,SKU0370,52,2025-03-11,2025-03-14
INB00332,SUP009,HUB-BOM,SKU0406,56,2025-03-12,2025-03-14
INB00332,SUP009,HUB-BOM,SKU0457,61,2025-03-11,2025-03-14
INB00332,SUP009,HUB-BOM,SKU0476,37,2025-03-12,2025-03-14
INB00333,SUP018,HUB-BLR,SKU0388,95,2025-03-10,2025-03-14
INB00331,SUP012,HUB-DEL,SKU0144,70,2025-03-12,2025-03-15
INB00331,SUP012,HUB-DEL,SKU0289,59,2025-03-11,2025-03-15
INB00332,SUP009,HUB-BOM,SKU0028,40,2025-03-14,2025-03-15
INB00332,SUP009,HUB-BOM,SKU0272,50,2025-03-13,2025-03-15
INB00332,SUP009,HUB-BOM,SKU0319,45,2025-03-13,2025-03-15
INB00332,SUP009,HUB-BOM,SKU0400,51,2025-03-14,2025-03-15
INB00332,SUP009,HUB-BOM,SKU0421,49,2025-03-13,2025-03-15
INB00332,SUP009,HUB-BOM,SKU0019,45,2025-03-15,2025-03-16
INB00332,SUP009,HUB-BOM,SKU0200,46,2025-03-15,2025-03-16
INB00332,SUP009,HUB-BOM,SKU0434,40,2025-03-11,2025-03-16
INB00333,SUP018,HUB-BLR,SKU0023,95,2025-03-16,2025-03-16
INB00333,SUP018,HUB-BLR,SKU0079,103,2025-03-15,2025-03-16
INB00333,SUP018,HUB-BLR,SKU0109,109,2025-03-15,2025-03-16
INB00333,SUP018,HUB-BLR,SKU0132,105,2025-03-12,2025-03-16
INB00333,SUP018,HUB-BLR,SKU0192,98,2025-03-16,2025-03-16
INB00333,SUP018,HUB-BLR,SKU0222,104,2025-03-12,2025-03-16
INB00333,SUP018,HUB-BLR,SKU0354,98,2025-03-16,2025-03-16
INB00333,SUP018,HUB-BLR,SKU0404,106,2025-03-11,2025-03-16
INB00332,SUP009,HUB-BOM,SKU0009,47,2025-03-12,2025-03-17
INB00332,SUP009,HUB-BOM,SKU0260,48,2025-03-16,2025-03-17
INB00333,SUP018,HUB-BLR,SKU0120,112,2025-03-15,2025-03-17
INB00333,SUP018,HUB-BLR,SKU0224,112,2025-03-12,2025-03-17
INB00333,SUP018,HUB-BLR,SKU0326,97,2025-03-15,2025-03-17
INB00333,SUP018,HUB-BLR,SKU0369,120,2025-03-17,2025-03-17
INB00333,SUP018,HUB-BLR,SKU0423,113,2025-03-13,2025-03-17
INB00333,SUP018,HUB-BLR,SKU0460,94,2025-03-14,2025-03-17
INB00332,SUP009,HUB-BOM,SKU0151,45,2025-03-18,2025-03-18
INB00332,SUP009,HUB-BOM,SKU0340,38,2025-03-14,2025-03-18
INB00333,SUP018,HUB-BLR,SKU0065,96,2025-03-16,2025-03-18
INB00333,SUP018,HUB-BLR,SKU0130,93,2025-03-18,2025-03-18
INB00333,SUP018,HUB-BLR,SKU0322,119,2025-03-14,2025-03-18
INB00333,SUP018,HUB-BLR,SKU0445,103,2025-03-17,2025-03-18
INB00334,SUP013,HUB-DEL,SKU0080,63,2025-03-13,2025-03-18
INB00334,SUP013,HUB-DEL,SKU0499,60,2025-03-18,2025-03-18
INB00332,SUP009,HUB-BOM,SKU0189,50,2025-03-17,2025-03-19
INB00333,SUP018,HUB-BLR,SKU0258,101,2025-03-14,2025-03-19
INB00333,SUP018,HUB-BLR,SKU0486,95,2025-03-17,2025-03-19
INB00334,SUP013,HUB-DEL,SKU0100,59,2025-03-14,2025-03-19
INB00334,SUP013,HUB-DEL,SKU0134,60,2025-03-14,2025-03-19
INB00334,SUP013,HUB-DEL,SKU0141,59,2025-03-14,2025-03-19
INB00334,SUP013,HUB-DEL,SKU0249,73,2025-03-19,2025-03-19
INB00334,SUP013,HUB-DEL,SKU0498,57,2025-03-15,2025-03-19
INB00333,SUP018,HUB-BLR,SKU0283,131,2025-03-18,2025-03-20
INB00333,SUP018,HUB-BLR,SKU0329,101,2025-03-16,2025-03-20
INB00333,SUP018,HUB-BLR,SKU0407,100,2025-03-15,2025-03-20
INB00334,SUP013,HUB-DEL,SKU0027,58,2025-03-15,2025-03-20
INB00334,SUP013,HUB-DEL,SKU0212,58,2025-03-18,2025-03-20
INB00334,SUP013,HUB-DEL,SKU0281,59,2025-03-15,2025-03-20
INB00334,SUP013,HUB-DEL,SKU0173,63,2025-03-18,2025-03-21
INB00334,SUP013,HUB-DEL,SKU0207,68,2025-03-18,2025-03-21
INB00334,SUP013,HUB-DEL,SKU0240,60,2025-03-18,2025-03-21
INB00334,SUP013,HUB-DEL,SKU0243,65,2025-03-17,2025-03-21
INB00334,SUP013,HUB-DEL,SKU0286,73,2025-03-18,2025-03-21
INB00334,SUP013,HUB-DEL,SKU0297,61,2025-03-16,2025-03-21
INB00334,SUP013,HUB-DEL,SKU0317,60,2025-03-18,2025-03-21
INB00334,SUP013,HUB-DEL,SKU0342,66,2025-03-19,2025-03-21
INB00334,SUP013,HUB-DEL,SKU0346,64,2025-03-18,2025-03-21
INB00334,SUP013,HUB-DEL,SKU0447,61,2025-03-19,2025-03-21
INB00334,SUP013,HUB-DEL,SKU0478,59,2025-03-19,2025-03-21
INB00334,SUP013,HUB-DEL,SKU0487,59,2025-03-17,2025-03-21
INB00334,SUP013,HUB-DEL,SKU0113,73,2025-03-17,2025-03-22
INB00334,SUP013,HUB-DEL,SKU0133,59,2025-03-22,2025-03-22
INB00334,SUP013,HUB-DEL,SKU0194,72,2025-03-17,2025-03-22
INB00334,SUP013,HUB-DEL,SKU0215,64,2025-03-17,2025-03-22
INB00334,SUP013,HUB-DEL,SKU0318,71,2025-03-17,2025-03-22
INB00335,SUP001,HUB-BOM,SKU0147,41,2025-03-19,2025-03-22
INB00335,SUP001,HUB-BOM,SKU0302,68,2025-03-22,2025-03-22
INB00335,SUP001,HUB-BOM,SKU0350,52,2025-03-21,2025-03-22
INB00335,SUP001,HUB-BOM,SKU0431,40,2025-03-18,2025-03-22
INB00335,SUP001,HUB-BOM,SKU0436,54,2025-03-19,2025-03-22
INB00335,SUP001,HUB-BOM,SKU0481,51,2025-03-20,2025-03-22
INB00334,SUP013,HUB-DEL,SKU0098,60,2025-03-23,2025-03-23
INB00334,SUP013,HUB-DEL,SKU0231,74,2025-03-19,2025-03-23
INB00334,SUP013,HUB-DEL,SKU0268,66,2025-03-22,2025-03-23
INB00334,SUP013,HUB-DEL,SKU0293,59,2025-03-23,2025-03-23
INB00335,SUP001,HUB-BOM,SKU0077,44,2025-03-21,2025-03-23
INB00335,SUP001,HUB-BOM,SKU0263,52,2025-03-20,2025-03-23
INB00335,SUP001,HUB-BOM,SKU0278,43,2025-03-20,2025-03-23
INB00335,SUP001,HUB-BOM,SKU0380,49,2025-03-23,2025-03-23
INB00335,SUP001,HUB-BOM,SKU0402,46,2025-03-19,2025-03-23
INB00335,SUP001,HUB-BOM,SKU0410,42,2025-03-21,2025-03-23
INB00335,SUP001,HUB-BOM,SKU0496,48,2025-03-22,2025-03-23
INB00334,SUP013,HUB-DEL,SKU0296,66,2025-03-22,2025-03-24
INB00334,SUP013,HUB-DEL,SKU0301,69,2025-03-23,2025-03-24
INB00335,SUP001,HUB-BOM,SKU0107,47,2025-03-19,2025-03-24
INB00335,SUP001,HUB-BOM,SKU0123,37,2025-03-20,2025-03-24
INB00335,SUP001,HUB-BOM,SKU0154,56,2025-03-19,2025-03-24
INB00335,SUP001,HUB-BOM,SKU0408,48,2025-03-20,2025-03-24
INB00335,SUP001,HUB-BOM,SKU0428,42,2025-03-19,2025-03-24
INB00335,SUP001,HUB-BOM,SKU0448,40,2025-03-22,2025-03-24
INB00336,SUP019,HUB-BLR,SKU0360,96,2025-03-21,2025-03-24
INB00336,SUP019,HUB-BLR,SKU0371,102,2025-03-19,2025-03-24
INB00336,SUP019,HUB-BLR,SKU0493,120,2025-03-21,2025-03-24
INB00334,SUP013,HUB-DEL,SKU0075,68,2025-03-25,2025-03-25
INB00334,SUP013,HUB-DEL,SKU0111,60,2025-03-21,2025-03-25
INB00335,SUP001,HUB-BOM,SKU0090,44,2025-03-23,2025-03-25
INB00335,SUP001,HUB-BOM,SKU0118,52,2025-03-22,2025-03-25
INB00335,SUP001,HUB-BOM,SKU0126,56,2025-03-21,2025-03-25
INB00335,SUP001,HUB-BOM,SKU0210,48,2025-03-20,2025-03-25
INB00335,SUP001,HUB-BOM,SKU0437,38,2025-03-20,2025-03-25
INB00336,SUP019,HUB-BLR,SKU0140,101,2025-03-24,2025-03-25
INB00336,SUP019,HUB-BLR,SKU0484,97,2025-03-25,2025-03-25
INB00336,SUP019,HUB-BLR,SKU0495,97,2025-03-21,2025-03-25
INB00334,SUP013,HUB-DEL,SKU0086,62,2025-03-21,2025-03-26
INB00334,SUP013,HUB-DEL,SKU0103,73,2025-03-25,2025-03-26
INB00335,SUP001,HUB-BOM,SKU0049,39,2025-03-22,2025-03-26
INB00335,SUP001,HUB-BOM,SKU0083,44,2025-03-25,2025-03-26
INB00335,SUP001,HUB-BOM,SKU0193,39,2025-03-21,2025-03-26
INB00335,SUP001,HUB-BOM,SKU0220,40,2025-03-21,2025-03-26
INB00335,SUP001,HUB-BOM,SKU0365,43,2025-03-25,2025-03-26
INB00335,SUP001,HUB-BOM,SKU0482,51,2025-03-26,2025-03-26
INB00335,SUP001,HUB-BOM,SKU0485,45,2025-03-25,2025-03-26
INB00336,SUP019,HUB-BLR,SKU0012,93,2025-03-22,2025-03-26
INB00336,SUP019,HUB-BLR,SKU0038,103,2025-03-24,2025-03-26
INB00336,SUP019,HUB-BLR,SKU0229,106,2025-03-26,2025-03-26
INB00335,SUP001,HUB-BOM,SKU0020,40,2025-03-26,2025-03-27
INB00335,SUP001,HUB-BOM,SKU0096,44,2025-03-22,2025-03-27
INB00335,SUP001,HUB-BOM,SKU0114,62,2025-03-23,2025-03-27
INB00335,SUP001,HUB-BOM,SKU0164,51,2025-03-27,2025-03-27
INB00335,SUP001,HUB-BOM,SKU0176,47,2025-03-24,2025-03-27
INB00335,SUP001,HUB-BOM,SKU0180,46,2025-03-27,2025-03-27
INB00335,SUP001,HUB-BOM,SKU0199,45,2025-03-23,2025-03-27
INB00335,SUP001,HUB-BOM,SKU0209,42,2025-03-24,2025-03-27
INB00335,SUP001,HUB-BOM,SKU0260,37,2025-03-25,2025-03-27
INB00335,SUP001,HUB-BOM,SKU0287,41,2025-03-26,2025-03-27
INB00335,SUP001,HUB-BOM,SKU0307,45,2025-03-26,2025-03-27
INB00335,SUP001,HUB-BOM,SKU0351,49,2025-03-23,2025-03-27
INB00335,SUP001,HUB-BOM,SKU0392,46,2025-03-26,2025-03-27
INB00335,SUP001,HUB-BOM,SKU0471,46,2025-03-27,2025-03-27
INB00335,SUP001,HUB-BOM,SKU0477,42,2025-03-24,2025-03-27
INB00336,SUP019,HUB-BLR,SKU0035,123,2025-03-25,2025-03-27
INB00336,SUP019,HUB-BLR,SKU0072,103,2025-03-25,2025-03-27
INB00336,SUP019,HUB-BLR,SKU0352,114,2025-03-26,2025-03-27
INB00336,SUP019,HUB-BLR,SKU0377,99,2025-03-22,2025-03-27
INB00336,SUP019,HUB-BLR,SKU0429,106,2025-03-24,2025-03-27
INB00336,SUP019,HUB-BLR,SKU0466,100,2025-03-24,2025-03-27
INB00336,SUP019,HUB-BLR,SKU0475,106,2025-03-25,2025-03-27
INB00335,SUP001,HUB-BOM,SKU0161,43,2025-03-27,2025-03-28
INB00335,SUP001,HUB-BOM,SKU0228,44,2025-03-24,2025-03-28
INB00336,SUP019,HUB-BLR,SKU0074,104,2025-03-26,2025-03-28
INB00336,SUP019,HUB-BLR,SKU0269,116,2025-03-27,2025-03-28
INB00336,SUP019,HUB-BLR,SKU0270,111,2025-03-23,2025-03-28
INB00335,SUP001,HUB-BOM,SKU0106,50,2025-03-26,2025-03-29
INB00335,SUP001,HUB-BOM,SKU0150,46,2025-03-24,2025-03-29
INB00335,SUP001,HUB-BOM,SKU0152,45,2025-03-27,2025-03-29
INB00335,SUP001,HUB-BOM,SKU0177,39,2025-03-29,2025-03-29
INB00335,SUP001,HUB-BOM,SKU0473,46,2025-03-27,2025-03-29
INB00336,SUP019,HUB-BLR,SKU0121,95,2025-03-27,2025-03-29
INB00336,SUP019,HUB-BLR,SKU0185,114,2025-03-29,2025-03-29
INB00336,SUP019,HUB-BLR,SKU0435,102,2025-03-24,2025-03-29
INB00337,SUP013,HUB-DEL,SKU0017,69,2025-03-29,2025-03-29
INB00337,SUP013,HUB-DEL,SKU0184,61,2025-03-28,2025-03-29
INB00337,SUP013,HUB-DEL,SKU0356,64,2025-03-27,2025-03-29
INB00335,SUP001,HUB-BOM,SKU0331,66,2025-03-29,2025-03-30
INB00336,SUP019,HUB-BLR,SKU0234,109,2025-03-26,2025-03-30
INB00337,SUP013,HUB-DEL,SKU0412,62,2025-03-27,2025-03-30
INB00337,SUP013,HUB-DEL,SKU0426,62,2025-03-30,2025-03-30
INB00337,SUP013,HUB-DEL,SKU0062,63,2025-03-31,2025-03-31
INB00337,SUP013,HUB-DEL,SKU0163,61,2025-03-31,2025-03-31
INB00337,SUP013,HUB-DEL,SKU0196,62,2025-03-30,2025-03-31
INB00337,SUP013,HUB-DEL,SKU0226,62,2025-03-28,2025-03-31
INB00337,SUP013,HUB-DEL,SKU0036,58,2025-03-27,2025-04-01
INB00337,SUP013,HUB-DEL,SKU0341,57,2025-04-01,2025-04-01
INB00337,SUP013,HUB-DEL,SKU0393,62,2025-03-29,2025-04-01
INB00337,SUP013,HUB-DEL,SKU0468,61,2025-03-29,2025-04-01
INB00337,SUP013,HUB-DEL,SKU0057,66,2025-04-02,2025-04-02
INB00337,SUP013,HUB-DEL,SKU0104,77,2025-03-28,2025-04-02
INB00337,SUP013,HUB-DEL,SKU0316,57,2025-04-02,2025-04-02
INB00337,SUP013,HUB-DEL,SKU0334,61,2025-04-02,2025-04-02
INB00338,SUP006,HUB-BOM,SKU0280,44,2025-03-29,2025-04-02
INB00339,SUP010,HUB-BLR,SKU0332,111,2025-03-30,2025-04-02
INB00339,SUP010,HUB-BLR,SKU0345,133,2025-03-29,2025-04-02
INB00337,SUP013,HUB-DEL,SKU0138,66,2025-03-30,2025-04-03
INB00337,SUP013,HUB-DEL,SKU0235,70,2025-04-03,2025-04-03
INB00337,SUP013,HUB-DEL,SKU0328,76,2025-04-02,2025-04-03
INB00337,SUP013,HUB-DEL,SKU0453,62,2025-04-03,2025-04-03
INB00338,SUP006,HUB-BOM,SKU0159,63,2025-04-01,2025-04-03
INB00338,SUP006,HUB-BOM,SKU0160,39,2025-03-29,2025-04-03
INB00338,SUP006,HUB-BOM,SKU0171,43,2025-04-02,2025-04-03
INB00339,SUP010,HUB-BLR,SKU0051,114,2025-03-30,2025-04-03
INB00339,SUP010,HUB-BLR,SKU0205,98,2025-04-03,2025-04-03
INB00339,SUP010,HUB-BLR,SKU0206,93,2025-04-03,2025-04-03
INB00339,SUP010,HUB-BLR,SKU0401,105,2025-04-03,2025-04-03
INB00337,SUP013,HUB-DEL,SKU0102,75,2025-04-04,2025-04-04
INB00337,SUP013,HUB-DEL,SKU0427,58,2025-03-30,2025-04-04
INB00338,SUP006,HUB-BOM,SKU0022,45,2025-04-01,2025-04-04
INB00338,SUP006,HUB-BOM,SKU0170,37,2025-03-31,2025-04-04
INB00338,SUP006,HUB-BOM,SKU0219,50,2025-04-04,2025-04-04
INB00338,SUP006,HUB-BOM,SKU0311,48,2025-04-01,2025-04-04
INB00338,SUP006,HUB-BOM,SKU0372,49,2025-04-02,2025-04-04
INB00338,SUP006,HUB-BOM,SKU0375,58,2025-04-02,2025-04-04
INB00338,SUP006,HUB-BOM,SKU0387,41,2025-03-30,2025-04-04
INB00338,SUP006,HUB-BOM,SKU0425,38,2025-04-03,2025-04-04
INB00338,SUP006,HUB-BOM,SKU0438,44,2025-03-30,2025-04-04
INB00339,SUP010,HUB-BLR,SKU0179,127,2025-03-30,2025-04-04
INB00339,SUP010,HUB-BLR,SKU0303,103,2025-04-02,2025-04-04
INB00337,SUP013,HUB-DEL,SKU0325,60,2025-04-02,2025-04-05
INB00338,SUP006,HUB-BOM,SKU0024,38,2025-04-02,2025-04-05
INB00338,SUP006,HUB-BOM,SKU0097,41,2025-03-31,2025-04-05
INB00338,SUP006,HUB-BOM,SKU0116,37,2025-04-04,2025-04-05
INB00338,SUP006,HUB-BOM,SKU0218,38,2025-03-31,2025-04-05
INB00338,SUP006,HUB-BOM,SKU0223,49,2025-03-31,2025-04-05
INB00338,SUP006,HUB-BOM,SKU0310,44,2025-04-01,2025-04-05
INB00338,SUP006,HUB-BOM,SKU0338,42,2025-04-01,2025-04-05
INB00338,SUP006,HUB-BOM,SKU0340,52,2025-04-03,2025-04-05
INB00339,SUP010,HUB-BLR,SKU0087,93,2025-04-02,2025-04-05
INB00339,SUP010,HUB-BLR,SKU0165,102,2025-04-05,2025-04-05
INB00339,SUP010,HUB-BLR,SKU0441,100,2025-04-03,2025-04-05
INB00338,SUP006,HUB-BOM,SKU0001,48,2025-04-01,2025-04-06
INB00338,SUP006,HUB-BOM,SKU0025,47,2025-04-03,2025-04-06
INB00338,SUP006,HUB-BOM,SKU0058,39,2025-04-06,2025-04-06
INB00338,SUP006,HUB-BOM,SKU0139,39,2025-04-01,2025-04-06
INB00338,SUP006,HUB-BOM,SKU0151,45,2025-04-04,2025-04-06
INB00338,SUP006,HUB-BOM,SKU0181,49,2025-04-02,2025-04-06
INB00338,SUP006,HUB-BOM,SKU0300,45,2025-04-06,2025-04-06
INB00339,SUP010,HUB-BLR,SKU0153,104,2025-04-02,2025-04-06
INB00339,SUP010,HUB-BLR,SKU0304,95,2025-04-01,2025-04-06
INB00339,SUP010,HUB-BLR,SKU0344,94,2025-04-03,2025-04-06
INB00339,SUP010,HUB-BLR,SKU0419,105,2025-04-04,2025-04-06
INB00338,SUP006,HUB-BOM,SKU0054,44,2025-04-06,2025-04-07
INB00338,SUP006,HUB-BOM,SKU0276,64,2025-04-03,2025-04-07
INB00338,SUP006,HUB-BOM,SKU0395,37,2025-04-03,2025-04-07
INB00338,SUP006,HUB-BOM,SKU0456,62,2025-04-05,2025-04-07
INB00338,SUP006,HUB-BOM,SKU0470,49,2025-04-03,2025-04-07
INB00339,SUP010,HUB-BLR,SKU0148,99,2025-04-04,2025-04-07
INB00339,SUP010,HUB-BLR,SKU0336,93,2025-04-06,2025-04-07
INB00339,SUP010,HUB-BLR,SKU0394,100,2025-04-05,2025-04-07
INB00338,SUP006,HUB-BOM,SKU0259,40,2025-04-06,2025-04-08
INB00338,SUP006,HUB-BOM,SKU0391,46,2025-04-05,2025-04-08
INB00338,SUP006,HUB-BOM,SKU0446,54,2025-04-04,2025-04-08
INB00339,SUP010,HUB-BLR,SKU0089,102,2025-04-08,2025-04-08
INB00339,SUP010,HUB-BLR,SKU0248,110,2025-04-05,2025-04-08
INB00339,SUP010,HUB-BLR,SKU0492,114,2025-04-03,2025-04-08
INB00340,SUP011,HUB-DEL,SKU0149,69,2025-04-05,2025-04-08
INB00338,SUP006,HUB-BOM,SKU0266,56,2025-04-08,2025-04-09
INB00340,SUP011,HUB-DEL,SKU0039,60,2025-04-08,2025-04-09
INB00340,SUP011,HUB-DEL,SKU0382,72,2025-04-06,2025-04-09
INB00340,SUP011,HUB-DEL,SKU0491,59,2025-04-07,2025-04-09
INB00340,SUP011,HUB-DEL,SKU0060,61,2025-04-08,2025-04-10
INB00340,SUP011,HUB-DEL,SKU0142,59,2025-04-10,2025-04-10
INB00340,SUP011,HUB-DEL,SKU0256,73,2025-04-08,2025-04-10
INB00340,SUP011,HUB-DEL,SKU0312,64,2025-04-05,2025-04-10
INB00340,SUP011,HUB-DEL,SKU0455,59,2025-04-05,2025-04-10
INB00340,SUP011,HUB-DEL,SKU0053,61,2025-04-08,2025-04-11
INB00340,SUP011,HUB-DEL,SKU0115,71,2025-04-07,2025-04-11
INB00340,SUP011,HUB-DEL,SKU0204,75,2025-04-09,2025-04-11
INB00340,SUP011,HUB-DEL,SKU0417,64,2025-04-09,2025-04-11
INB00340,SUP011,HUB-DEL,SKU0459,73,2025-04-10,2025-04-11
INB00340,SUP011,HUB-DEL,SKU0497,68,2025-04-11,2025-04-11
INB00341,SUP003,HUB-BLR,SKU0063,93,2025-04-09,2025-04-11
INB00341,SUP003,HUB-BLR,SKU0203,128,2025-04-06,2025-04-11
INB00340,SUP011,HUB-DEL,SKU0011,71,2025-04-12,2025-04-12
INB00340,SUP011,HUB-DEL,SKU0125,68,2025-04-09,2025-04-12
INB00340,SUP011,HUB-DEL,SKU0188,57,2025-04-12,2025-04-12
INB00340,SUP011,HUB-DEL,SKU0286,73,2025-04-09,2025-04-12
INB00340,SUP011,HUB-DEL,SKU0321,60,2025-04-12,2025-04-12
INB00340,SUP011,HUB-DEL,SKU0381,87,2025-04-11,2025-04-12
INB00340,SUP011,HUB-DEL,SKU0390,60,2025-04-09,2025-04-12
INB00340,SUP011,HUB-DEL,SKU0464,61,2025-04-12,2025-04-12
INB00340,SUP011,HUB-DEL,SKU0467,83,2025-04-12,2025-04-12
INB00341,SUP003,HUB-BLR,SKU0091,115,2025-04-08,2025-04-12
INB00341,SUP003,HUB-BLR,SKU0182,96,2025-04-07,2025-04-12
INB00341,SUP003,HUB-BLR,SKU0359,97,2025-04-12,2025-04-12
INB00342,SUP015,HUB-BOM,SKU0066,44,2025-04-09,2025-04-12
INB00342,SUP015,HUB-BOM,SKU0067,41,2025-04-10,2025-04-12
INB00342,SUP015,HUB-BOM,SKU0108,50,2025-04-11,2025-04-12
INB00342,SUP015,HUB-BOM,SKU0254,41,2025-04-07,2025-04-12
INB00342,SUP015,HUB-BOM,SKU0370,37,2025-04-12,2025-04-12
INB00342,SUP015,HUB-BOM,SKU0389,46,2025-04-07,2025-04-12
INB00340,SUP011,HUB-DEL,SKU0078,62,2025-04-08,2025-04-13
INB00340,SUP011,HUB-DEL,SKU0422,57,2025-04-12,2025-04-13
INB00340,SUP011,HUB-DEL,SKU0449,75,2025-04-10,2025-04-13
INB00341,SUP003,HUB-BLR,SKU0016,99,2025-04-09,2025-04-13
INB00341,SUP003,HUB-BLR,SKU0071,98,2025-04-12,2025-04-13
INB00341,SUP003,HUB-BLR,SKU0183,96,2025-04-11,2025-04-13
INB00341,SUP003,HUB-BLR,SKU0363,105,2025-04-13,2025-04-13
INB00342,SUP015,HUB-BOM,SKU0186,37,2025-04-11,2025-04-13
INB00342,SUP015,HUB-BOM,SKU0274,43,2025-04-12,2025-04-13
INB00340,SUP011,HUB-DEL,SKU0095,69,2025-04-14,2025-04-14
INB00340,SUP011,HUB-DEL,SKU0253,63,2025-04-09,2025-04-14
INB00340,SUP011,HUB-DEL,SKU0306,76,2025-04-14,2025-04-14
INB00340,SUP011,HUB-DEL,SKU0384,77,2025-04-14,2025-04-14
INB00341,SUP003,HUB-BLR,SKU0061,107,2025-04-11,2025-04-14
INB00341,SUP003,HUB-BLR,SKU0094,101,2025-04-13,2025-04-14
INB00341,SUP003,HUB-BLR,SKU0162,104,2025-04-11,2025-04-14
INB00341,SUP003,HUB-BLR,SKU0167,100,2025-04-10,2025-04-14
INB00341,SUP003,HUB-BLR,SKU0320,128,2025-04-14,2025-04-14
INB00341,SUP003,HUB-BLR,SKU0409,123,2025-04-09,2025-04-14
INB00342,SUP015,HUB-BOM,SKU0127,41,2025-04-11,2025-04-14
INB00342,SUP015,HUB-BOM,SKU0178,50,2025-04-10,2025-04-14
INB00342,SUP015,HUB-BOM,SKU0200,37,2025-04-12,2025-04-14
INB00342,SUP015,HUB-BOM,SKU0373,40,2025-04-14,2025-04-14
INB00342,SUP015,HUB-BOM,SKU0469,44,2025-04-12,2025-04-14
INB00342,SUP015,HUB-BOM,SKU0483,45,2025-04-14,2025-04-14
INB00340,SUP011,HUB-DEL,SKU0048,67,2025-04-15,2025-04-15
INB00341,SUP003,HUB-BLR,SKU0305,99,2025-04-15,2025-04-15
INB00341,SUP003,HUB-BLR,SKU0309,117,2025-04-14,2025-04-15
INB00341,SUP003,HUB-BLR,SKU0333,105,2025-04-10,2025-04-15
INB00341,SUP003,HUB-BLR,SKU0357,121,2025-04-15,2025-04-15
INB00341,SUP003,HUB-BLR,SKU0366,133,2025-04-14,2025-04-15
INB00341,SUP003,HUB-BLR,SKU0440,142,2025-04-10,2025-04-15
INB00341,SUP003,HUB-BLR,SKU0489,122,2025-04-11,2025-04-15
INB00342,SUP015,HUB-BOM,SKU0168,61,2025-04-13,2025-04-15
INB00342,SUP015,HUB-BOM,SKU0177,42,2025-04-11,2025-04-15
INB00342,SUP015,HUB-BOM,SKU0189,39,2025-04-15,2025-04-15
INB00342,SUP015,HUB-BOM,SKU0257,37,2025-04-13,2025-04-15
INB00342,SUP015,HUB-BOM,SKU0330,37,2025-04-12,2025-04-15
INB00341,SUP003,HUB-BLR,SKU0227,109,2025-04-14,2025-04-16
INB00341,SUP003,HUB-BLR,SKU0290,105,2025-04-13,2025-04-16
INB00341,SUP003,HUB-BLR,SKU0348,108,2025-04-16,2025-04-16
INB00341,SUP003,HUB-BLR,SKU0413,119,2025-04-11,2025-04-16
INB00342,SUP015,HUB-BOM,SKU0028,38,2025-04-12,2025-04-16
INB00342,SUP015,HUB-BOM,SKU0155,50,2025-04-14,2025-04-16
INB00342,SUP015,HUB-BOM,SKU0355,38,2025-04-16,2025-04-16
INB00342,SUP015,HUB-BOM,SKU0443,38,2025-04-12,2025-04-16
INB00342,SUP015,HUB-BOM,SKU0451,37,2025-04-14,2025-04-16
INB00341,SUP003,HUB-BLR,SKU0112,99,2025-04-15,2025-04-17
INB00341,SUP003,HUB-BLR,SKU0239,114,2025-04-15,2025-04-17
INB00342,SUP015,HUB-BOM,SKU0070,45,2025-04-14,2025-04-17
INB00342,SUP015,HUB-BOM,SKU0174,51,2025-04-12,2025-04-17
INB00342,SUP015,HUB-BOM,SKU0195,45,2025-04-14,2025-04-17
INB00341,SUP003,HUB-BLR,SKU0169,100,2025-04-15,2025-04-18
INB00341,SUP003,HUB-BLR,SKU0385,101,2025-04-15,2025-04-18
INB00341,SUP003,HUB-BLR,SKU0500,119,2025-04-17,2025-04-18
INB00342,SUP015,HUB-BOM,SKU0032,49,2025-04-16,2025-04-18
INB00342,SUP015,HUB-BOM,SKU0119,53,2025-04-18,2025-04-18
INB00342,SUP015,HUB-BOM,SKU0191,42,2025-04-17,2025-04-18
INB00342,SUP015,HUB-BOM,SKU0292,57,2025-04-15,2025-04-18
INB00343,SUP011,HUB-DEL,SKU0462,62,2025-04-16,2025-04-18
INB00342,SUP015,HUB-BOM,SKU0064,39,2025-04-18,2025-04-19
INB00342,SUP015,HUB-BOM,SKU0273,40,2025-04-15,2025-04-19
INB00343,SUP011,HUB-DEL,SKU0052,67,2025-04-15,2025-04-19
INB00343,SUP011,HUB-DEL,SKU0281,65,2025-04-17,2025-04-19
INB00343,SUP011,HUB-DEL,SKU0339,91,2025-04-16,2025-04-19
INB00343,SUP011,HUB-DEL,SKU0027,59,2025-04-17,2025-04-20
INB00343,SUP011,HUB-DEL,SKU0055,67,2025-04-16,2025-04-20
INB00343,SUP011,HUB-DEL,SKU0141,57,2025-04-17,2025-04-20
INB00343,SUP011,HUB-DEL,SKU0157,92,2025-04-17,2025-04-20
INB00343,SUP011,HUB-DEL,SKU0188,88,2025-04-15,2025-04-20
INB00343,SUP011,HUB-DEL,SKU0208,93,2025-04-18,2025-04-20
INB00343,SUP011,HUB-DEL,SKU0298,69,2025-04-20,2025-04-20
INB00343,SUP011,HUB-DEL,SKU0376,70,2025-04-19,2025-04-20
INB00343,SUP011,HUB-DEL,SKU0424,71,2025-04-19,2025-04-20
INB00343,SUP011,HUB-DEL,SKU0221,76,2025-04-21,2025-04-21
INB00343,SUP011,HUB-DEL,SKU0261,66,2025-04-21,2025-04-21
INB00343,SUP011,HUB-DEL,SKU0264,77,2025-04-16,2025-04-21
INB00343,SUP011,HUB-DEL,SKU0277,104,2025-04-19,2025-04-21
INB00344,SUP007,HUB-BLR,SKU0368,141,2025-04-19,2025-04-21
INB00344,SUP007,HUB-BLR,SKU0488,113,2025-04-18,2025-04-21
INB00343,SUP011,HUB-DEL,SKU0007,80,2025-04-18,2025-04-22
INB00343,SUP011,HUB-DEL,SKU0017,62,2025-04-19,2025-04-22
INB00343,SUP011,HUB-DEL,SKU0029,70,2025-04-18,2025-04-22
INB00343,SUP011,HUB-DEL,SKU0043,86,2025-04-22,2025-04-22
INB00343,SUP011,HUB-DEL,SKU0047,62,2025-04-18,2025-04-22
INB00343,SUP011,HUB-DEL,SKU0238,59,2025-04-18,2025-04-22
INB00343,SUP011,HUB-DEL,SKU0265,63,2025-04-21,2025-04-22
INB00343,SUP011,HUB-DEL,SKU0301,80,2025-04-21,2025-04-22
INB00343,SUP011,HUB-DEL,SKU0439,107,2025-04-19,2025-04-22
INB00343,SUP011,HUB-DEL,SKU0499,80,2025-04-22,2025-04-22
INB00344,SUP007,HUB-BLR,SKU0099,95,2025-04-19,2025-04-22
INB00344,SUP007,HUB-BLR,SKU0110,115,2025-04-22,2025-04-22
INB00344,SUP007,HUB-BLR,SKU0131,97,2025-04-19,2025-04-22
INB00344,SUP007,HUB-BLR,SKU0201,136,2025-04-21,2025-04-22
INB00344,SUP007,HUB-BLR,SKU0405,103,2025-04-18,2025-04-22
INB00344,SUP007,HUB-BLR,SKU0430,110,2025-04-17,2025-04-22
INB00344,SUP007,HUB-BLR,SKU0433,115,2025-04-17,2025-04-22
INB00344,SUP007,HUB-BLR,SKU0494,107,2025-04-21,2025-04-22
INB00345,SUP015,HUB-BOM,SKU0457,45,2025-04-20,2025-04-22
INB00343,SUP011,HUB-DEL,SKU0003,58,2025-04-18,2025-04-23
INB00343,SUP011,HUB-DEL,SKU0008,60,2025-04-23,2025-04-23
INB00343,SUP011,HUB-DEL,SKU0080,70,2025-04-19,2025-04-23
INB00343,SUP011,HUB-DEL,SKU0117,100,2025-04-19,2025-04-23
INB00343,SUP011,HUB-DEL,SKU0128,79,2025-04-23,2025-04-23
INB00343,SUP011,HUB-DEL,SKU0194,74,2025-04-20,2025-04-23
INB00343,SUP011,HUB-DEL,SKU0202,64,2025-04-23,2025-04-23
INB00343,SUP011,HUB-DEL,SKU0249,63,2025-04-22,2025-04-23
INB00343,SUP011,HUB-DEL,SKU0284,70,2025-04-22,2025-04-23
INB00343,SUP011,HUB-DEL,SKU0296,85,2025-04-21,2025-04-23
INB00343,SUP011,HUB-DEL,SKU0399,73,2025-04-21,2025-04-23
INB00344,SUP007,HUB-BLR,SKU0023,99,2025-04-20,2025-04-23
INB00344,SUP007,HUB-BLR,SKU0101,105,2025-04-18,2025-04-23
INB00344,SUP007,HUB-BLR,SKU0109,111,2025-04-23,2025-04-23
INB00344,SUP007,HUB-BLR,SKU0211,105,2025-04-22,2025-04-23
INB00344,SUP007,HUB-BLR,SKU0242,105,2025-04-22,2025-04-23
INB00344,SUP007,HUB-BLR,SKU0295,103,2025-04-18,2025-04-23
INB00344,SUP007,HUB-BLR,SKU0322,115,2025-04-20,2025-04-23
INB00344,SUP007,HUB-BLR,SKU0458,99,2025-04-20,2025-04-23
INB00345,SUP015,HUB-BOM,SKU0019,38,2025-04-18,2025-04-23
INB00345,SUP015,HUB-BOM,SKU0020,46,2025-04-21,2025-04-23
INB00345,SUP015,HUB-BOM,SKU0088,45,2025-04-18,2025-04-23
INB00345,SUP015,HUB-BOM,SKU0124,38,2025-04-18,2025-04-23
INB00345,SUP015,HUB-BOM,SKU0209,42,2025-04-18,2025-04-23
INB00343,SUP011,HUB-DEL,SKU0031,73,2025-04-22,2025-04-24
INB00343,SUP011,HUB-DEL,SKU0314,58,2025-04-20,2025-04-24
INB00344,SUP007,HUB-BLR,SKU0021,119,2025-04-23,2025-04-24
INB00344,SUP007,HUB-BLR,SKU0172,98,2025-04-24,2025-04-24
INB00344,SUP007,HUB-BLR,SKU0197,112,2025-04-22,2025-04-24
INB00344,SUP007,HUB-BLR,SKU0237,99,2025-04-23,2025-04-24
INB00344,SUP007,HUB-BLR,SKU0291,105,2025-04-24,2025-04-24
INB00344,SUP007,HUB-BLR,SKU0377,99,2025-04-19,2025-04-24
INB00344,SUP007,HUB-BLR,SKU0423,94,2025-04-24,2025-04-24
INB00344,SUP007,HUB-BLR,SKU0460,101,2025-04-20,2025-04-24
INB00345,SUP015,HUB-BOM,SKU0010,47,2025-04-21,2025-04-24
INB00345,SUP015,HUB-BOM,SKU0056,47,2025-04-19,2025-04-24
INB00345,SUP015,HUB-BOM,SKU0096,38,2025-04-21,2025-04-24
INB00345,SUP015,HUB-BOM,SKU0152,44,2025-04-20,2025-04-24
INB00345,SUP015,HUB-BOM,SKU0380,46,2025-04-24,2025-04-24
INB00343,SUP011,HUB-DEL,SKU0187,66,2025-04-22,2025-04-25
INB00343,SUP011,HUB-DEL,SKU0414,67,2025-04-24,2025-04-25
INB00344,SUP007,HUB-BLR,SKU0013,108,2025-04-22,2025-04-25
INB00344,SUP007,HUB-BLR,SKU0026,115,2025-04-20,2025-04-25
INB00344,SUP007,HUB-BLR,SKU0050,110,2025-04-24,2025-04-25
INB00344,SUP007,HUB-BLR,SKU0271,128,2025-04-23,2025-04-25
INB00344,SUP007,HUB-BLR,SKU0285,95,2025-04-23,2025-04-25
INB00344,SUP007,HUB-BLR,SKU0388,107,2025-04-22,2025-04-25
INB00345,SUP015,HUB-BOM,SKU0014,37,2025-04-25,2025-04-25
INB00345,SUP015,HUB-BOM,SKU0220,40,2025-04-23,2025-04-25
INB00345,SUP015,HUB-BOM,SKU0319,40,2025-04-21,2025-04-25
INB00345,SUP015,HUB-BOM,SKU0474,41,2025-04-21,2025-04-25
INB00345,SUP015,HUB-BOM,SKU0496,51,2025-04-22,2025-04-25
INB00344,SUP007,HUB-BLR,SKU0004,98,2025-04-25,2025-04-26
INB00344,SUP007,HUB-BLR,SKU0217,106,2025-04-24,2025-04-26
INB00344,SUP007,HUB-BLR,SKU0323,107,2025-04-25,2025-04-26
INB00344,SUP007,HUB-BLR,SKU0326,105,2025-04-22,2025-04-26
INB00344,SUP007,HUB-BLR,SKU0327,100,2025-04-23,2025-04-26
INB00344,SUP007,HUB-BLR,SKU0454,115,2025-04-23,2025-04-26
INB00345,SUP015,HUB-BOM,SKU0084,38,2025-04-23,2025-04-26
INB00345,SUP015,HUB-BOM,SKU0262,40,2025-04-22,2025-04-26
INB00345,SUP015,HUB-BOM,SKU0337,44,2025-04-26,2025-04-26
INB00345,SUP015,HUB-BOM,SKU0421,38,2025-04-21,2025-04-26
INB00345,SUP015,HUB-BOM,SKU0485,49,2025-04-25,2025-04-26
INB00344,SUP007,HUB-BLR,SKU0018,94,2025-04-25,2025-04-27
INB00344,SUP007,HUB-BLR,SKU0232,118,2025-04-27,2025-04-27
INB00344,SUP007,HUB-BLR,SKU0247,109,2025-04-26,2025-04-27
INB00345,SUP015,HUB-BOM,SKU0213,45,2025-04-24,2025-04-27
INB00345,SUP015,HUB-BOM,SKU0216,39,2025-04-27,2025-04-27
INB00345,SUP015,HUB-BOM,SKU0241,43,2025-04-22,2025-04-27
INB00345,SUP015,HUB-BOM,SKU0272,39,2025-04-23,2025-04-27
INB00345,SUP015,HUB-BOM,SKU0343,39,2025-04-27,2025-04-27
INB00345,SUP015,HUB-BOM,SKU0349,39,2025-04-25,2025-04-27
INB00344,SUP007,HUB-BLR,SKU0073,109,2025-04-24,2025-04-28
INB00344,SUP007,HUB-BLR,SKU0166,101,2025-04-27,2025-04-28
INB00344,SUP007,HUB-BLR,SKU0269,108,2025-04-27,2025-04-28
INB00344,SUP007,HUB-BLR,SKU0486,125,2025-04-28,2025-04-28
INB00345,SUP015,HUB-BOM,SKU0090,40,2025-04-28,2025-04-28
INB00345,SUP015,HUB-BOM,SKU0136,41,2025-04-26,2025-04-28
INB00345,SUP015,HUB-BOM,SKU0365,37,2025-04-23,2025-04-28
INB00345,SUP015,HUB-BOM,SKU0396,56,2025-04-27,2025-04-28
INB00345,SUP015,HUB-BOM,SKU0431,46,2025-04-23,2025-04-28
INB00345,SUP015,HUB-BOM,SKU0473,45,2025-04-24,2025-04-28
INB00346,SUP013,HUB-DEL,SKU0196,67,2025-04-26,2025-04-29
INB00346,SUP013,HUB-DEL,SKU0233,58,2025-04-25,2025-04-29
INB00346,SUP013,HUB-DEL,SKU0308,67,2025-04-25,2025-04-29
INB00345,SUP015,HUB-BOM,SKU0402,38,2025-04-30,2025-04-30
INB00346,SUP013,HUB-DEL,SKU0042,61,2025-04-28,2025-04-30
INB00346,SUP013,HUB-DEL,SKU0100,64,2025-04-26,2025-04-30
INB00346,SUP013,HUB-DEL,SKU0135,60,2025-04-28,2025-04-30
INB00346,SUP013,HUB-DEL,SKU0267,62,2025-04-25,2025-04-30
INB00346,SUP013,HUB-DEL,SKU0015,75,2025-04-29,2025-05-01
INB00346,SUP013,HUB-DEL,SKU0030,91,2025-05-01,2025-05-01
INB00346,SUP013,HUB-DEL,SKU0103,64,2025-04-30,2025-05-01
INB00346,SUP013,HUB-DEL,SKU0190,74,2025-04-28,2025-05-01
INB00346,SUP013,HUB-DEL,SKU0243,70,2025-04-26,2025-05-01
INB00346,SUP013,HUB-DEL,SKU0245,80,2025-04-28,2025-05-01
INB00346,SUP013,HUB-DEL,SKU0268,60,2025-04-26,2025-05-01
INB00346,SUP013,HUB-DEL,SKU0289,68,2025-04-26,2025-05-01
INB00346,SUP013,HUB-DEL,SKU0293,60,2025-05-01,2025-05-01
INB00346,SUP013,HUB-DEL,SKU0342,64,2025-05-01,2025-05-01
INB00347,SUP008,HUB-BLR,SKU0082,103,2025-04-28,2025-05-01
INB00346,SUP013,HUB-DEL,SKU0006,61,2025-05-01,2025-05-02
INB00346,SUP013,HUB-DEL,SKU0037,86,2025-04-30,2025-05-02
INB00346,SUP013,HUB-DEL,SKU0092,61,2025-05-01,2025-05-02
INB00346,SUP013,HUB-DEL,SKU0144,68,2025-04-29,2025-05-02
INB00346,SUP013,HUB-DEL,SKU0346,85,2025-04-27,2025-05-02
INB00347,SUP008,HUB-BLR,SKU0251,118,2025-04-27,2025-05-02
INB00347,SUP008,HUB-BLR,SKU0283,99,2025-04-29,2025-05-02
INB00347,SUP008,HUB-BLR,SKU0329,95,2025-05-01,2025-05-02
INB00347,SUP008,HUB-BLR,SKU0444,94,2025-05-02,2025-05-02
INB00347,SUP008,HUB-BLR,SKU0472,108,2025-05-02,2025-05-02
INB00346,SUP013,HUB-DEL,SKU0034,64,2025-04-30,2025-05-03
INB00346,SUP013,HUB-DEL,SKU0113,77,2025-05-01,2025-05-03
INB00346,SUP013,HUB-DEL,SKU0212,59,2025-05-01,2025-05-03
INB00346,SUP013,HUB-DEL,SKU0226,75,2025-04-30,2025-05-03
INB00346,SUP013,HUB-DEL,SKU0282,62,2025-04-29,2025-05-03
INB00347,SUP008,HUB-BLR,SKU0012,98,2025-04-28,2025-05-03
INB00347,SUP008,HUB-BLR,SKU0072,127,2025-04-29,2025-05-03
INB00347,SUP008,HUB-BLR,SKU0137,107,2025-04-30,2025-05-03
INB00347,SUP008,HUB-BLR,SKU0140,98,2025-05-03,2025-05-03
INB00347,SUP008,HUB-BLR,SKU0143,100,2025-04-29,2025-05-03
INB00347,SUP008,HUB-BLR,SKU0198,98,2025-04-29,2025-05-03
INB00347,SUP008,HUB-BLR,SKU0222,94,2025-04-28,2025-05-03
INB00347,SUP008,HUB-BLR,SKU0236,115,2025-05-01,2025-05-03
INB00347,SUP008,HUB-BLR,SKU0404,93,2025-05-01,2025-05-03
INB00348,SUP002,HUB-BOM,SKU0214,41,2025-05-02,2025-05-03
INB00346,SUP013,HUB-DEL,SKU0057,69,2025-05-04,2025-05-04
INB00347,SUP008,HUB-BLR,SKU0397,93,2025-05-01,2025-05-04
INB00348,SUP002,HUB-BOM,SKU0049,56,2025-05-01,2025-05-04
INB00346,SUP013,HUB-DEL,SKU0102,72,2025-04-30,2025-05-05
INB00346,SUP013,HUB-DEL,SKU0133,57,2025-05-05,2025-05-05
INB00346,SUP013,HUB-DEL,SKU0328,81,2025-05-01,2025-05-05
INB00346,SUP013,HUB-DEL,SKU0442,94,2025-05-02,2025-05-05
INB00347,SUP008,HUB-BLR,SKU0081,108,2025-05-05,2025-05-05
INB00347,SUP008,HUB-BLR,SKU0156,103,2025-05-03,2025-05-05
INB00347,SUP008,HUB-BLR,SKU0248,114,2025-05-05,2025-05-05
INB00347,SUP008,HUB-BLR,SKU0313,93,2025-05-04,2025-05-05
INB00347,SUP008,HUB-BLR,SKU0361,105,2025-05-03,2025-05-05
INB00347,SUP008,HUB-BLR,SKU0369,128,2025-05-05,2025-05-05
INB00347,SUP008,HUB-BLR,SKU0475,107,2025-05-03,2025-05-05
INB00348,SUP002,HUB-BOM,SKU0250,43,2025-05-01,2025-05-05
INB00348,SUP002,HUB-BOM,SKU0330,40,2025-05-04,2025-05-05
INB00348,SUP002,HUB-BOM,SKU0406,40,2025-05-03,2025-05-05
INB00348,SUP002,HUB-BOM,SKU0436,41,2025-04-30,2025-05-05
INB00348,SUP002,HUB-BOM,SKU0481,38,2025-05-02,2025-05-05
INB00346,SUP013,HUB-DEL,SKU0393,68,2025-05-03,2025-05-06
INB00347,SUP008,HUB-BLR,SKU0041,98,2025-05-03,2025-05-06
INB00347,SUP008,HUB-BLR,SKU0120,111,2025-05-03,2025-05-06
INB00347,SUP008,HUB-BLR,SKU0466,96,2025-05-06,2025-05-06
INB00347,SUP008,HUB-BLR,SKU0479,95,2025-05-04,2025-05-06
INB00348,SUP002,HUB-BOM,SKU0114,43,2025-05-05,2025-05-06
INB00348,SUP002,HUB-BOM,SKU0154,53,2025-05-05,2025-05-06
INB00348,SUP002,HUB-BOM,SKU0347,46,2025-05-02,2025-05-06
INB00348,SUP002,HUB-BOM,SKU0358,45,2025-05-06,2025-05-06
INB00348,SUP002,HUB-BOM,SKU0452,44,2025-05-01,2025-05-06
INB00347,SUP008,HUB-BLR,SKU0407,93,2025-05-03,2025-05-07
INB00347,SUP008,HUB-BLR,SKU0480,111,2025-05-05,2025-05-07
INB00348,SUP002,HUB-BOM,SKU0040,42,2025-05-03,2025-05-07
INB00348,SUP002,HUB-BOM,SKU0077,37,2025-05-02,2025-05-07
INB00348,SUP002,HUB-BOM,SKU0400,50,2025-05-06,2025-05-07
INB00348,SUP002,HUB-BOM,SKU0420,50,2025-05-03,2025-05-07
INB00348,SUP002,HUB-BOM,SKU0434,38,2025-05-05,2025-05-07
INB00348,SUP002,HUB-BOM,SKU0146,39,2025-05-08,2025-05-08
INB00348,SUP002,HUB-BOM,SKU0147,48,2025-05-04,2025-05-08
INB00348,SUP002,HUB-BOM,SKU0150,43,2025-05-08,2025-05-08
INB00348,SUP002,HUB-BOM,SKU0275,47,2025-05-03,2025-05-08
INB00348,SUP002,HUB-BOM,SKU0351,46,2025-05-07,2025-05-08
INB00348,SUP002,HUB-BOM,SKU0428,39,2025-05-05,2025-05-08
INB00348,SUP002,HUB-BOM,SKU0123,41,2025-05-08,2025-05-09
INB00348,SUP002,HUB-BOM,SKU0246,38,2025-05-08,2025-05-09
INB00348,SUP002,HUB-BOM,SKU0252,43,2025-05-06,2025-05-09
INB00348,SUP002,HUB-BOM,SKU0263,40,2025-05-08,2025-05-09
INB00348,SUP002,HUB-BOM,SKU0374,37,2025-05-07,2025-05-09
INB00348,SUP002,HUB-BOM,SKU0438,39,2025-05-08,2025-05-09
INB00349,SUP012,HUB-DEL,SKU0048,57,2025-05-09,2025-05-09
INB00349,SUP012,HUB-DEL,SKU0240,70,2025-05-08,2025-05-09
INB00349,SUP012,HUB-DEL,SKU0318,61,2025-05-07,2025-05-09
INB00349,SUP012,HUB-DEL,SKU0416,71,2025-05-06,2025-05-09
INB00349,SUP012,HUB-DEL,SKU0455,71,2025-05-04,2025-05-09
INB00348,SUP002,HUB-BOM,SKU0315,47,2025-05-07,2025-05-10
INB00349,SUP012,HUB-DEL,SKU0386,58,2025-05-05,2025-05-10
INB00349,SUP012,HUB-DEL,SKU0449,69,2025-05-06,2025-05-10
INB00350,SUP016,HUB-BLR,SKU0234,97,2025-05-10,2025-05-10
INB00350,SUP016,HUB-BLR,SKU0270,96,2025-05-07,2025-05-10
INB00350,SUP016,HUB-BLR,SKU0418,103,2025-05-09,2025-05-10
INB00349,SUP012,HUB-DEL,SKU0062,67,2025-05-06,2025-05-11
INB00349,SUP012,HUB-DEL,SKU0286,83,2025-05-06,2025-05-11
INB00349,SUP012,HUB-DEL,SKU0339,57,2025-05-07,2025-05-11
INB00349,SUP012,HUB-DEL,SKU0379,75,2025-05-06,2025-05-11
INB00349,SUP012,HUB-DEL,SKU0498,61,2025-05-10,2025-05-11
INB00350,SUP016,HUB-BLR,SKU0348,100,2025-05-11,2025-05-11
INB00350,SUP016,HUB-BLR,SKU0450,130,2025-05-09,2025-05-11
INB00349,SUP012,HUB-DEL,SKU0036,91,2025-05-11,2025-05-12
INB00349,SUP012,HUB-DEL,SKU0045,65,2025-05-11,2025-05-12
INB00349,SUP012,HUB-DEL,SKU0046,72,2025-05-08,2025-05-12
INB00349,SUP012,HUB-DEL,SKU0125,73,2025-05-12,2025-05-12
INB00349,SUP012,HUB-DEL,SKU0163,57,2025-05-08,2025-05-12
INB00349,SUP012,HUB-DEL,SKU0215,59,2025-05-11,2025-05-12
INB00349,SUP012,HUB-DEL,SKU0390,72,2025-05-12,2025-05-12
INB00349,SUP012,HUB-DEL,SKU0398,63,2025-05-08,2025-05-12
INB00349,SUP012,HUB-DEL,SKU0412,60,2025-05-12,2025-05-12
INB00349,SUP012,HUB-DEL,SKU0447,60,2025-05-12,2025-05-12
INB00349,SUP012,HUB-DEL,SKU0453,78,2025-05-09,2025-05-12
INB00349,SUP012,HUB-DEL,SKU0464,80,2025-05-11,2025-05-12
INB00349,SUP012,HUB-DEL,SKU0499,62,2025-05-11,2025-05-12
INB00350,SUP016,HUB-BLR,SKU0005,104,2025-05-08,2025-05-12
INB00350,SUP016,HUB-BLR,SKU0091,102,2025-05-10,2025-05-12
INB00350,SUP016,HUB-BLR,SKU0094,99,2025-05-07,2025-05-12
INB00350,SUP016,HUB-BLR,SKU0352,116,2025-05-11,2025-05-12
INB00350,SUP016,HUB-BLR,SKU0484,113,2025-05-08,2025-05-12
INB00349,SUP012,HUB-DEL,SKU0002,57,2025-05-11,2025-05-13
INB00349,SUP012,HUB-DEL,SKU0078,58,2025-05-13,2025-05-13
INB00349,SUP012,HUB-DEL,SKU0134,79,2025-05-10,2025-05-13
INB00349,SUP012,HUB-DEL,SKU0142,58,2025-05-13,2025-05-13
INB00349,SUP012,HUB-DEL,SKU0230,62,2025-05-10,2025-05-13
INB00349,SUP012,HUB-DEL,SKU0325,64,2025-05-13,2025-05-13
INB00349,SUP012,HUB-DEL,SKU0356,71,2025-05-13,2025-05-13
INB00349,SUP012,HUB-DEL,SKU0422,67,2025-05-13,2025-05-13
INB00349,SUP012,HUB-DEL,SKU0426,59,2025-05-12,2025-05-13
INB00349,SUP012,HUB-DEL,SKU0487,61,2025-05-13,2025-05-13
INB00350,SUP016,HUB-BLR,SKU0063,100,2025-05-09,2025-05-13
INB00350,SUP016,HUB-BLR,SKU0130,106,2025-05-08,2025-05-13
INB00350,SUP016,HUB-BLR,SKU0299,96,2025-05-10,2025-05-13
INB00350,SUP016,HUB-BLR,SKU0324,96,2025-05-10,2025-05-13
INB00350,SUP016,HUB-BLR,SKU0486,96,2025-05-11,2025-05-13
INB00350,SUP016,HUB-BLR,SKU0493,108,2025-05-09,2025-05-13
INB00351,SUP009,HUB-BOM,SKU0090,37,2025-05-13,2025-05-13
INB00351,SUP009,HUB-BOM,SKU0432,43,2025-05-13,2025-05-13
INB00351,SUP009,HUB-BOM,SKU0483,41,2025-05-09,2025-05-13
INB00349,SUP012,HUB-DEL,SKU0149,59,2025-05-14,2025-05-14
INB00349,SUP012,HUB-DEL,SKU0184,60,2025-05-10,2025-05-14
INB00349,SUP012,HUB-DEL,SKU0202,59,2025-05-10,2025-05-14
INB00349,SUP012,HUB-DEL,SKU0204,67,2025-05-12,2025-05-14
INB00349,SUP012,HUB-DEL,SKU0235,66,2025-05-10,2025-05-14
INB00349,SUP012,HUB-DEL,SKU0297,69,2025-05-14,2025-05-14
INB00349,SUP012,HUB-DEL,SKU0463,69,2025-05-10,2025-05-14
INB00349,SUP012,HUB-DEL,SKU0478,80,2025-05-09,2025-05-14
INB00350,SUP016,HUB-BLR,SKU0089,104,2025-05-14,2025-05-14
INB00350,SUP016,HUB-BLR,SKU0093,103,2025-05-10,2025-05-14
INB00350,SUP016,HUB-BLR,SKU0192,105,2025-05-12,2025-05-14
INB00350,SUP016,HUB-BLR,SKU0258,97,2025-05-12,2025-05-14
INB00350,SUP016,HUB-BLR,SKU0492,115,2025-05-10,2025-05-14
INB00351,SUP009,HUB-BOM,SKU0097,40,2025-05-12,2025-05-14
INB00351,SUP009,HUB-BOM,SKU0411,37,2025-05-14,2025-05-14
INB00351,SUP009,HUB-BOM,SKU0465,53,2025-05-10,2025-05-14
INB00349,SUP012,HUB-DEL,SKU0188,69,2025-05-12,2025-05-15
INB00349,SUP012,HUB-DEL,SKU0225,75,2025-05-14,2025-05-15
INB00349,SUP012,HUB-DEL,SKU0316,58,2025-05-11,2025-05-15
INB00350,SUP016,HUB-BLR,SKU0069,108,2025-05-14,2025-05-15
INB00350,SUP016,HUB-BLR,SKU0105,104,2025-05-14,2025-05-15
INB00350,SUP016,HUB-BLR,SKU0122,112,2025-05-11,2025-05-15
INB00350,SUP016,HUB-BLR,SKU0175,103,2025-05-14,2025-05-15
INB00350,SUP016,HUB-BLR,SKU0182,97,2025-05-10,2025-05-15
INB00351,SUP009,HUB-BOM,SKU0126,39,2025-05-13,2025-05-15
INB00351,SUP009,HUB-BOM,SKU0164,48,2025-05-10,2025-05-15
INB00351,SUP009,HUB-BOM,SKU0278,41,2025-05-10,2025-05-15
INB00351,SUP009,HUB-BOM,SKU0307,46,2025-05-14,2025-05-15
INB00351,SUP009,HUB-BOM,SKU0311,52,2025-05-11,2025-05-15
INB00351,SUP009,HUB-BOM,SKU0378,43,2025-05-10,2025-05-15
INB00351,SUP009,HUB-BOM,SKU0408,41,2025-05-14,2025-05-15
INB00351,SUP009,HUB-BOM,SKU0448,47,2025-05-11,2025-05-15
INB00351,SUP009,HUB-BOM,SKU0476,41,2025-05-11,2025-05-15
INB00349,SUP012,HUB-DEL,SKU0334,86,2025-05-14,2025-05-16
INB00350,SUP016,HUB-BLR,SKU0294,97,2025-05-12,2025-05-16
INB00351,SUP009,HUB-BOM,SKU0180,49,2025-05-14,2025-05-16
INB00351,SUP009,HUB-BOM,SKU0193,37,2025-05-16,2025-05-16
INB00351,SUP009,HUB-BOM,SKU0331,37,2025-05-12,2025-05-16
INB00351,SUP009,HUB-BOM,SKU0340,44,2025-05-15,2025-05-16
INB00351,SUP009,HUB-BOM,SKU0353,37,2025-05-16,2025-05-16
INB00351,SUP009,HUB-BOM,SKU0471,47,2025-05-11,2025-05-16
INB00349,SUP012,HUB-DEL,SKU0059,98,2025-05-15,2025-05-17
INB00350,SUP016,HUB-BLR,SKU0362,99,2025-05-15,2025-05-17
INB00351,SUP009,HUB-BOM,SKU0001,38,2025-05-17,2025-05-17
INB00351,SUP009,HUB-BOM,SKU0129,44,2025-05-16,2025-05-17
INB00351,SUP009,HUB-BOM,SKU0076,49,2025-05-13,2025-05-18
INB00351,SUP009,HUB-BOM,SKU0106,41,2025-05-14,2025-05-18
INB00349,SUP012,HUB-DEL,SKU0364,63,2025-05-17,2025-05-19
INB00351,SUP009,HUB-BOM,SKU0210,39,2025-05-17,2025-05-19
INB00351,SUP009,HUB-BOM,SKU0372,46,2025-05-15,2025-05-19
INB00351,SUP009,HUB-BOM,SKU0116,37,2025-05-19,2025-05-20
INB00352,SUP003,HUB-BLR,SKU0061,115,2025-05-15,2025-05-20
INB00352,SUP003,HUB-BLR,SKU0158,106,2025-05-19,2025-05-20
INB00352,SUP003,HUB-BLR,SKU0336,95,2025-05-20,2025-05-20
INB00352,SUP003,HUB-BLR,SKU0145,101,2025-05-16,2025-05-21
INB00352,SUP003,HUB-BLR,SKU0224,99,2025-05-19,2025-05-21
INB00352,SUP003,HUB-BLR,SKU0333,118,2025-05-18,2025-05-21
INB00352,SUP003,HUB-BLR,SKU0044,112,2025-05-22,2025-05-22
INB00352,SUP003,HUB-BLR,SKU0288,113,2025-05-22,2025-05-22
INB00352,SUP003,HUB-BLR,SKU0345,114,2025-05-17,2025-05-22
INB00352,SUP003,HUB-BLR,SKU0360,103,2025-05-22,2025-05-22
INB00352,SUP003,HUB-BLR,SKU0366,99,2025-05-17,2025-05-22
INB00352,SUP003,HUB-BLR,SKU0383,112,2025-05-21,2025-05-22
INB00353,SUP017,HUB-DEL,SKU0017,68,2025-05-19,2025-05-22
INB00353,SUP017,HUB-DEL,SKU0231,64,2025-05-20,2025-05-22
INB00353,SUP017,HUB-DEL,SKU0314,64,2025-05-21,2025-05-22
INB00352,SUP003,HUB-BLR,SKU0033,117,2025-05-18,2025-05-23
INB00352,SUP003,HUB-BLR,SKU0165,94,2025-05-18,2025-05-23
INB00352,SUP003,HUB-BLR,SKU0227,114,2025-05-23,2025-05-23
INB00352,SUP003,HUB-BLR,SKU0244,109,2025-05-20,2025-05-23
INB00353,SUP017,HUB-DEL,SKU0068,79,2025-05-19,2025-05-23
INB00353,SUP017,HUB-DEL,SKU0253,78,2025-05-21,2025-05-23
INB00354,SUP001,HUB-BOM,SKU0155,39,2025-05-21,2025-05-23
INB00354,SUP001,HUB-BOM,SKU0168,42,2025-05-21,2025-05-23
INB00354,SUP001,HUB-BOM,SKU0195,38,2025-05-23,2025-05-23
INB00354,SUP001,HUB-BOM,SKU0496,49,2025-05-21,2025-05-23
INB00352,SUP003,HUB-BLR,SKU0051,107,2025-05-24,2025-05-24
INB00352,SUP003,HUB-BLR,SKU0112,108,2025-05-23,2025-05-24
INB00352,SUP003,HUB-BLR,SKU0153,100,2025-05-19,2025-05-24
INB00352,SUP003,HUB-BLR,SKU0309,101,2025-05-23,2025-05-24
INB00352,SUP003,HUB-BLR,SKU0335,105,2025-05-22,2025-05-24
INB00352,SUP003,HUB-BLR,SKU0367,105,2025-05-24,2025-05-24
INB00353,SUP017,HUB-DEL,SKU0086,84,2025-05-24,2025-05-24
INB00353,SUP017,HUB-DEL,SKU0111,90,2025-05-21,2025-05-24
INB00353,SUP017,HUB-DEL,SKU0226,74,2025-05-22,2025-05-24
INB00353,SUP017,HUB-DEL,SKU0264,61,2025-05-24,2025-05-24
INB00353,SUP017,HUB-DEL,SKU0342,74,2025-05-20,2025-05-24
INB00353,SUP017,HUB-DEL,SKU0427,63,2025-05-24,2025-05-24
INB00353,SUP017,HUB-DEL,SKU0439,65,2025-05-23,2025-05-24
INB00354,SUP001,HUB-BOM,SKU0085,47,2025-05-19,2025-05-24
INB00354,SUP001,HUB-BOM,SKU0178,48,2025-05-24,2025-05-24
INB00354,SUP001,HUB-BOM,SKU0280,37,2025-05-21,2025-05-24
INB00352,SUP003,HUB-BLR,SKU0121,102,2025-05-20,2025-05-25
INB00353,SUP017,HUB-DEL,SKU0039,72,2025-05-20,2025-05-25
INB00353,SUP017,HUB-DEL,SKU0207,71,2025-05-22,2025-05-25
INB00353,SUP017,HUB-DEL,SKU0341,75,2025-05-25,2025-05-25
INB00353,SUP017,HUB-DEL,SKU0376,64,2025-05-20,2025-05-25
INB00353,SUP017,HUB-DEL,SKU0381,61,2025-05-21,2025-05-25
INB00353,SUP017,HUB-DEL,SKU0393,82,2025-05-23,2025-05-25
INB00353,SUP017,HUB-DEL,SKU0468,71,2025-05-22,2025-05-25
INB00354,SUP001,HUB-BOM,SKU0083,41,2025-05-25,2025-05-25
INB00354,SUP001,HUB-BOM,SKU0176,38,2025-05-20,2025-05-25
INB00354,SUP001,HUB-BOM,SKU0255,42,2025-05-20,2025-05-25
INB00354,SUP001,HUB-BOM,SKU0287,41,2025-05-23,2025-05-25
INB00352,SUP003,HUB-BLR,SKU0109,100,2025-05-26,2025-05-26
INB00352,SUP003,HUB-BLR,SKU0388,100,2025-05-22,2025-05-26
INB00353,SUP017,HUB-DEL,SKU0008,82,2025-05-23,2025-05-26
INB00353,SUP017,HUB-DEL,SKU0043,61,2025-05-26,2025-05-26
INB00353,SUP017,HUB-DEL,SKU0080,99,2025-05-22,2025-05-26
INB00353,SUP017,HUB-DEL,SKU0104,61,2025-05-23,2025-05-26
INB00353,SUP017,HUB-DEL,SKU0208,75,2025-05-24,2025-05-26
INB00353,SUP017,HUB-DEL,SKU0238,65,2025-05-21,2025-05-26
INB00353,SUP017,HUB-DEL,SKU0321,89,2025-05-25,2025-05-26
INB00354,SUP001,HUB-BOM,SKU0160,39,2025-05-25,2025-05-26
INB00354,SUP001,HUB-BOM,SKU0219,41,2025-05-23,2025-05-26
INB00354,SUP001,HUB-BOM,SKU0254,41,2025-05-22,2025-05-26
INB00354,SUP001,HUB-BOM,SKU0259,41,2025-05-24,2025-05-26
INB00354,SUP001,HUB-BOM,SKU0260,56,2025-05-22,2025-05-26
INB00354,SUP001,HUB-BOM,SKU0266,48,2025-05-24,2025-05-26
INB00354,SUP001,HUB-BOM,SKU0370,41,2025-05-21,2025-05-26
INB00354,SUP001,HUB-BOM,SKU0477,38,2025-05-21,2025-05-26
INB00354,SUP001,HUB-BOM,SKU0490,43,2025-05-21,2025-05-26
INB00352,SUP003,HUB-BLR,SKU0304,101,2025-05-26,2025-05-27
INB00352,SUP003,HUB-BLR,SKU0500,93,2025-05-24,2025-05-27
INB00353,SUP017,HUB-DEL,SKU0031,64,2025-05-22,2025-05-27
INB00353,SUP017,HUB-DEL,SKU0060,58,2025-05-23,2025-05-27
INB00353,SUP017,HUB-DEL,SKU0138,77,2025-05-26,2025-05-27
INB00353,SUP017,HUB-DEL,SKU0157,58,2025-05-23,2025-05-27
INB00353,SUP017,HUB-DEL,SKU0173,60,2025-05-24,2025-05-27
INB00353,SUP017,HUB-DEL,SKU0281,68,2025-05-26,2025-05-27
INB00353,SUP017,HUB-DEL,SKU0382,63,2025-05-24,2025-05-27
INB00353,SUP017,HUB-DEL,SKU0384,61,2025-05-22,2025-05-27
INB00354,SUP001,HUB-BOM,SKU0084,39,2025-05-25,2025-05-27
INB00354,SUP001,HUB-BOM,SKU0389,42,2025-05-22,2025-05-27
INB00354,SUP001,HUB-BOM,SKU0410,42,2025-05-22,2025-05-27
INB00354,SUP001,HUB-BOM,SKU0469,40,2025-05-27,2025-05-27
INB00352,SUP003,HUB-BLR,SKU0229,102,2025-05-24,2025-05-28
INB00353,SUP017,HUB-DEL,SKU0030,63,2025-05-23,2025-05-28
INB00353,SUP017,HUB-DEL,SKU0249,61,2025-05-28,2025-05-28
INB00353,SUP017,HUB-DEL,SKU0293,63,2025-05-28,2025-05-28
INB00353,SUP017,HUB-DEL,SKU0312,65,2025-05-24,2025-05-28
INB00354,SUP001,HUB-BOM,SKU0009,52,2025-05-26,2025-05-28
INB00354,SUP001,HUB-BOM,SKU0058,44,2025-05-25,2025-05-28
INB00354,SUP001,HUB-BOM,SKU0350,51,2025-05-26,2025-05-28
INB00354,SUP001,HUB-BOM,SKU0415,44,2025-05-26,2025-05-28
INB00354,SUP001,HUB-BOM,SKU0446,43,2025-05-28,2025-05-28
INB00354,SUP001,HUB-BOM,SKU0470,44,2025-05-24,2025-05-28
INB00354,SUP001,HUB-BOM,SKU0456,42,2025-05-24,2025-05-29
INB00354,SUP001,HUB-BOM,SKU0218,38,2025-05-25,2025-05-30
INB00355,SUP013,HUB-DEL,SKU0328,57,2025-05-28,2025-05-31
INB00355,SUP013,HUB-DEL,SKU0346,58,2025-05-27,2025-05-31
INB00355,SUP013,HUB-DEL,SKU0497,70,2025-05-27,2025-05-31
INB00356,SUP010,HUB-BLR,SKU0495,99,2025-05-31,2025-05-31
INB00355,SUP013,HUB-DEL,SKU0163,58,2025-05-29,2025-06-01
INB00355,SUP013,HUB-DEL,SKU0190,66,2025-05-28,2025-06-01
INB00355,SUP013,HUB-DEL,SKU0277,75,2025-05-31,2025-06-01
INB00355,SUP013,HUB-DEL,SKU0414,83,2025-05-31,2025-06-01
INB00356,SUP010,HUB-BLR,SKU0332,100,2025-06-01,2025-06-01
INB00356,SUP010,HUB-BLR,SKU0419,99,2025-05-30,2025-06-01
INB00355,SUP013,HUB-DEL,SKU0007,76,2025-05-30,2025-06-02
INB00355,SUP013,HUB-DEL,SKU0256,61,2025-05-28,2025-06-02
INB00355,SUP013,HUB-DEL,SKU0267,74,2025-05-28,2025-06-02
INB00355,SUP013,HUB-DEL,SKU0398,63,2025-05-29,2025-06-02
INB00355,SUP013,HUB-DEL,SKU0403,67,2025-05-30,2025-06-02
INB00356,SUP010,HUB-BLR,SKU0079,103,2025-05-30,2025-06-02
INB00356,SUP010,HUB-BLR,SKU0169,108,2025-06-02,2025-06-02
INB00356,SUP010,HUB-BLR,SKU0179,96,2025-05-31,2025-06-02
INB00356,SUP010,HUB-BLR,SKU0185,110,2025-05-31,2025-06-02
INB00356,SUP010,HUB-BLR,SKU0232,107,2025-06-01,2025-06-02
INB00356,SUP010,HUB-BLR,SKU0413,109,2025-05-29,2025-06-02
INB00356,SUP010,HUB-BLR,SKU0423,101,2025-05-31,2025-06-02
INB00357,SUP006,HUB-BOM,SKU0077,37,2025-05-28,2025-06-02
INB00357,SUP006,HUB-BOM,SKU0119,39,2025-06-02,2025-06-02
INB00357,SUP006,HUB-BOM,SKU0438,42,2025-05-30,2025-06-02
INB00355,SUP013,HUB-DEL,SKU0011,80,2025-06-03,2025-06-03
INB00355,SUP013,HUB-DEL,SKU0052,66,2025-06-02,2025-06-03
INB00355,SUP013,HUB-DEL,SKU0230,60,2025-05-30,2025-06-03
INB00355,SUP013,HUB-DEL,SKU0284,60,2025-05-31,2025-06-03
INB00355,SUP013,HUB-DEL,SKU0467,74,2025-05-29,2025-06-03
INB00356,SUP010,HUB-BLR,SKU0038,127,2025-05-30,2025-06-03
INB00356,SUP010,HUB-BLR,SKU0087,118,2025-06-02,2025-06-03
INB00356,SUP010,HUB-BLR,SKU0354,143,2025-05-30,2025-06-03
INB00356,SUP010,HUB-BLR,SKU0368,109,2025-05-29,2025-06-03
INB00356,SUP010,HUB-BLR,SKU0401,102,2025-06-03,2025-06-03
INB00356,SUP010,HUB-BLR,SKU0409,102,2025-05-31,2025-06-03
INB00356,SUP010,HUB-BLR,SKU0445,115,2025-06-03,2025-06-03
INB00357,SUP006,HUB-BOM,SKU0151,37,2025-05-29,2025-06-03
INB00355,SUP013,HUB-DEL,SKU0003,63,2025-06-02,2025-06-04
INB00355,SUP013,HUB-DEL,SKU0115,64,2025-05-31,2025-06-04
INB00355,SUP013,HUB-DEL,SKU0243,65,2025-06-02,2025-06-04
INB00356,SUP010,HUB-BLR,SKU0026,94,2025-05-31,2025-06-04
INB00356,SUP010,HUB-BLR,SKU0162,97,2025-05-30,2025-06-04
INB00356,SUP010,HUB-BLR,SKU0271,96,2025-06-02,2025-06-04
INB00356,SUP010,HUB-BLR,SKU0441,94,2025-06-04,2025-06-04
INB00356,SUP010,HUB-BLR,SKU0454,116,2025-06-01,2025-06-04
INB00357,SUP006,HUB-BOM,SKU0022,38,2025-05-30,2025-06-04
INB00357,SUP006,HUB-BOM,SKU0118,39,2025-06-02,2025-06-04
INB00357,SUP006,HUB-BOM,SKU0170,39,2025-06-01,2025-06-04
INB00357,SUP006,HUB-BOM,SKU0274,38,2025-05-31,2025-06-04
INB00357,SUP006,HUB-BOM,SKU0292,46,2025-05-30,2025-06-04
INB00357,SUP006,HUB-BOM,SKU0375,37,2025-05-31,2025-06-04
INB00355,SUP013,HUB-DEL,SKU0233,62,2025-05-31,2025-06-05
INB00355,SUP013,HUB-DEL,SKU0261,65,2025-06-05,2025-06-05
INB00355,SUP013,HUB-DEL,SKU0422,63,2025-06-05,2025-06-05
INB00356,SUP010,HUB-BLR,SKU0074,119,2025-06-04,2025-06-05
INB00356,SUP010,HUB-BLR,SKU0094,99,2025-06-05,2025-06-05
INB00356,SUP010,HUB-BLR,SKU0132,103,2025-06-05,2025-06-05
INB00356,SUP010,HUB-BLR,SKU0269,96,2025-06-04,2025-06-05
INB00356,SUP010,HUB-BLR,SKU0486,94,2025-06-03,2025-06-05
INB00357,SUP006,HUB-BOM,SKU0107,44,2025-06-04,2025-06-05
INB00357,SUP006,HUB-BOM,SKU0147,39,2025-06-02,2025-06-05
INB00357,SUP006,HUB-BOM,SKU0159,37,2025-06-02,2025-06-05
INB00357,SUP006,HUB-BOM,SKU0200,39,2025-06-01,2025-06-05
INB00357,SUP006,HUB-BOM,SKU0257,37,2025-06-03,2025-06-05
INB00357,SUP006,HUB-BOM,SKU0310,42,2025-06-05,2025-06-05
INB00357,SUP006,HUB-BOM,SKU0338,51,2025-06-02,2025-06-05
INB00355,SUP013,HUB-DEL,SKU0042,62,2025-06-05,2025-06-06
INB00355,SUP013,HUB-DEL,SKU0098,70,2025-06-03,2025-06-06
INB00355,SUP013,HUB-DEL,SKU0296,60,2025-06-01,2025-06-06
INB00355,SUP013,HUB-DEL,SKU0399,57,2025-06-04,2025-06-06
INB00355,SUP013,HUB-DEL,SKU0417,57,2025-06-06,2025-06-06
INB00356,SUP010,HUB-BLR,SKU0148,101,2025-06-01,2025-06-06
INB00356,SUP010,HUB-BLR,SKU0239,98,2025-06-06,2025-06-06
INB00356,SUP010,HUB-BLR,SKU0405,96,2025-06-03,2025-06-06
INB00357,SUP006,HUB-BOM,SKU0024,40,2025-06-04,2025-06-06
INB00357,SUP006,HUB-BOM,SKU0216,40,2025-06-04,2025-06-06
INB00357,SUP006,HUB-BOM,SKU0279,47,2025-06-05,2025-06-06
INB00357,SUP006,HUB-BOM,SKU0387,40,2025-06-03,2025-06-06
INB00357,SUP006,HUB-BOM,SKU0473,47,2025-06-06,2025-06-06
INB00355,SUP013,HUB-DEL,SKU0212,68,2025-06-05,2025-06-07
INB00355,SUP013,HUB-DEL,SKU0491,58,2025-06-06,2025-06-07
INB00356,SUP010,HUB-BLR,SKU0203,110,2025-06-06,2025-06-07
INB00357,SUP006,HUB-BOM,SKU0025,40,2025-06-06,2025-06-07
INB00357,SUP006,HUB-BOM,SKU0123,43,2025-06-04,2025-06-07
INB00357,SUP006,HUB-BOM,SKU0181,41,2025-06-05,2025-06-07
INB00356,SUP010,HUB-BLR,SKU0071,105,2025-06-08,2025-06-08
INB00357,SUP006,HUB-BOM,SKU0032,37,2025-06-03,2025-06-08
INB00357,SUP006,HUB-BOM,SKU0066,37,2025-06-08,2025-06-08
INB00357,SUP006,HUB-BOM,SKU0228,45,2025-06-08,2025-06-08
INB00357,SUP006,HUB-BOM,SKU0443,47,2025-06-04,2025-06-08
INB00355,SUP013,HUB-DEL,SKU0317,60,2025-06-08,2025-06-09
INB00357,SUP006,HUB-BOM,SKU0020,40,2025-06-05,2025-06-09
INB00357,SUP006,HUB-BOM,SKU0273,46,2025-06-07,2025-06-09
INB00357,SUP006,HUB-BOM,SKU0302,37,2025-06-08,2025-06-10
INB00358,SUP010,HUB-BLR,SKU0018,108,2025-06-09,2025-06-11
INB00358,SUP010,HUB-BLR,SKU0110,125,2025-06-10,2025-06-11
INB00358,SUP010,HUB-BLR,SKU0237,135,2025-06-06,2025-06-11
INB00358,SUP010,HUB-BLR,SKU0290,108,2025-06-11,2025-06-11
INB00358,SUP010,HUB-BLR,SKU0435,94,2025-06-06,2025-06-11
INB00358,SUP010,HUB-BLR,SKU0198,97,2025-06-09,2025-06-12
INB00358,SUP010,HUB-BLR,SKU0211,116,2025-06-09,2025-06-12
INB00358,SUP010,HUB-BLR,SKU0323,97,2025-06-09,2025-06-12
INB00358,SUP010,HUB-BLR,SKU0344,116,2025-06-07,2025-06-12
INB00359,SUP012,HUB-DEL,SKU0141,66,2025-06-09,2025-06-12
INB00359,SUP012,HUB-DEL,SKU0202,80,2025-06-12,2025-06-12
INB00358,SUP010,HUB-BLR,SKU0247,105,2025-06-11,2025-06-13
INB00358,SUP010,HUB-BLR,SKU0394,93,2025-06-10,2025-06-13
INB00358,SUP010,HUB-BLR,SKU0488,110,2025-06-12,2025-06-13
INB00359,SUP012,HUB-DEL,SKU0194,71,2025-06-08,2025-06-13
INB00359,SUP012,HUB-DEL,SKU0306,68,2025-06-10,2025-06-13
INB00359,SUP012,HUB-DEL,SKU0318,69,2025-06-12,2025-06-13
INB00359,SUP012,HUB-DEL,SKU0424,94,2025-06-10,2025-06-13
INB00359,SUP012,HUB-DEL,SKU0442,79,2025-06-08,2025-06-13
INB00359,SUP012,HUB-DEL,SKU0459,84,2025-06-08,2025-06-13
INB00359,SUP012,HUB-DEL,SKU0462,88,2025-06-13,2025-06-13
INB00360,SUP001,HUB-BOM,SKU0372,48,2025-06-08,2025-06-13
INB00358,SUP010,HUB-BLR,SKU0172,116,2025-06-11,2025-06-14
INB00358,SUP010,HUB-BLR,SKU0206,104,2025-06-10,2025-06-14
INB00358,SUP010,HUB-BLR,SKU0244,93,2025-06-09,2025-06-14
INB00359,SUP012,HUB-DEL,SKU0095,77,2025-06-10,2025-06-14
INB00359,SUP012,HUB-DEL,SKU0245,57,2025-06-09,2025-06-14
INB00360,SUP001,HUB-BOM,SKU0139,47,2025-06-10,2025-06-14
INB00360,SUP001,HUB-BOM,SKU0337,40,2025-06-10,2025-06-14
INB00358,SUP010,HUB-BLR,SKU0065,116,2025-06-11,2025-06-15
INB00358,SUP010,HUB-BLR,SKU0081,94,2025-06-12,2025-06-15
INB00358,SUP010,HUB-BLR,SKU0120,93,2025-06-14,2025-06-15
INB00358,SUP010,HUB-BLR,SKU0131,105,2025-06-14,2025-06-15
INB00358,SUP010,HUB-BLR,SKU0359,110,2025-06-15,2025-06-15
INB00358,SUP010,HUB-BLR,SKU0383,94,2025-06-10,2025-06-15
INB00358,SUP010,HUB-BLR,SKU0404,99,2025-06-12,2025-06-15
INB00358,SUP010,HUB-BLR,SKU0466,95,2025-06-11,2025-06-15
INB00359,SUP012,HUB-DEL,SKU0002,70,2025-06-11,2025-06-15
INB00359,SUP012,HUB-DEL,SKU0015,69,2025-06-10,2025-06-15
INB00359,SUP012,HUB-DEL,SKU0037,60,2025-06-14,2025-06-15
INB00359,SUP012,HUB-DEL,SKU0060,61,2025-06-15,2025-06-15
INB00359,SUP012,HUB-DEL,SKU0149,66,2025-06-11,2025-06-15
INB00359,SUP012,HUB-DEL,SKU0208,71,2025-06-15,2025-06-15
INB00359,SUP012,HUB-DEL,SKU0240,81,2025-06-13,2025-06-15
INB00359,SUP012,HUB-DEL,SKU0298,61,2025-06-12,2025-06-15
INB00359,SUP012,HUB-DEL,SKU0379,76,2025-06-12,2025-06-15
INB00359,SUP012,HUB-DEL,SKU0393,58,2025-06-15,2025-06-15
INB00359,SUP012,HUB-DEL,SKU0487,70,2025-06-10,2025-06-15
INB00360,SUP001,HUB-BOM,SKU0186,43,2025-06-11,2025-06-15
INB00360,SUP001,HUB-BOM,SKU0199,39,2025-06-13,2025-06-15
INB00360,SUP001,HUB-BOM,SKU0209,40,2025-06-13,2025-06-15
INB00358,SUP010,HUB-BLR,SKU0063,97,2025-06-13,2025-06-16
INB00358,SUP010,HUB-BLR,SKU0101,106,2025-06-16,2025-06-16
INB00358,SUP010,HUB-BLR,SKU0291,111,2025-06-16,2025-06-16
INB00358,SUP010,HUB-BLR,SKU0363,103,2025-06-12,2025-06-16
INB00358,SUP010,HUB-BLR,SKU0429,103,2025-06-14,2025-06-16
INB00358,SUP010,HUB-BLR,SKU0494,99,2025-06-15,2025-06-16
INB00359,SUP012,HUB-DEL,SKU0059,76,2025-06-15,2025-06-16
INB00359,SUP012,HUB-DEL,SKU0062,80,2025-06-13,2025-06-16
INB00359,SUP012,HUB-DEL,SKU0068,58,2025-06-12,2025-06-16
INB00359,SUP012,HUB-DEL,SKU0100,63,2025-06-15,2025-06-16
INB00359,SUP012,HUB-DEL,SKU0339,59,2025-06-12,2025-06-16
INB00359,SUP012,HUB-DEL,SKU0416,57,2025-06-14,2025-06-16
INB00359,SUP012,HUB-DEL,SKU0478,61,2025-06-12,2025-06-16
INB00360,SUP001,HUB-BOM,SKU0054,46,2025-06-11,2025-06-16
INB00360,SUP001,HUB-BOM,SKU0146,39,2025-06-14,2025-06-16
INB00360,SUP001,HUB-BOM,SKU0391,37,2025-06-14,2025-06-16
INB00360,SUP001,HUB-BOM,SKU0425,42,2025-06-14,2025-06-16
INB00360,SUP001,HUB-BOM,SKU0474,44,2025-06-16,2025-06-16
INB00358,SUP010,HUB-BLR,SKU0016,127,2025-06-15,2025-06-17
INB00358,SUP010,HUB-BLR,SKU0201,112,2025-06-17,2025-06-17
INB00358,SUP010,HUB-BLR,SKU0305,95,2025-06-12,2025-06-17
INB00358,SUP010,HUB-BLR,SKU0440,128,2025-06-15,2025-06-17
INB00359,SUP012,HUB-DEL,SKU0047,64,2025-06-12,2025-06-17
INB00359,SUP012,HUB-DEL,SKU0092,68,2025-06-16,2025-06-17
INB00359,SUP012,HUB-DEL,SKU0103,75,2025-06-14,2025-06-17
INB00359,SUP012,HUB-DEL,SKU0289,82,2025-06-12,2025-06-17
INB00360,SUP001,HUB-BOM,SKU0161,43,2025-06-12,2025-06-17
INB00360,SUP001,HUB-BOM,SKU0272,44,2025-06-17,2025-06-17
INB00360,SUP001,HUB-BOM,SKU0355,40,2025-06-17,2025-06-17
INB00358,SUP010,HUB-BLR,SKU0035,100,2025-06-17,2025-06-18
INB00358,SUP010,HUB-BLR,SKU0371,117,2025-06-14,2025-06-18
INB00359,SUP012,HUB-DEL,SKU0029,71,2025-06-18,2025-06-18
INB00359,SUP012,HUB-DEL,SKU0055,65,2025-06-14,2025-06-18
INB00359,SUP012,HUB-DEL,SKU0102,68,2025-06-14,2025-06-18
INB00359,SUP012,HUB-DEL,SKU0117,64,2025-06-14,2025-06-18
INB00359,SUP012,HUB-DEL,SKU0316,65,2025-06-15,2025-06-18
INB00360,SUP001,HUB-BOM,SKU0262,41,2025-06-18,2025-06-18
INB00360,SUP001,HUB-BOM,SKU0373,40,2025-06-17,2025-06-18
INB00360,SUP001,HUB-BOM,SKU0457,43,2025-06-13,2025-06-18
INB00360,SUP001,HUB-BOM,SKU0461,42,2025-06-17,2025-06-18
INB00358,SUP010,HUB-BLR,SKU0192,96,2025-06-18,2025-06-19
INB00360,SUP001,HUB-BOM,SKU0028,43,2025-06-19,2025-06-19
INB00360,SUP001,HUB-BOM,SKU0056,44,2025-06-15,2025-06-19
INB00360,SUP001,HUB-BOM,SKU0096,39,2025-06-15,2025-06-19
INB00360,SUP001,HUB-BOM,SKU0330,43,2025-06-14,2025-06-19
INB00360,SUP001,HUB-BOM,SKU0349,49,2025-06-15,2025-06-19
INB00360,SUP001,HUB-BOM,SKU0365,39,2025-06-17,2025-06-19
INB00360,SUP001,HUB-BOM,SKU0064,46,2025-06-20,2025-06-20
INB00360,SUP001,HUB-BOM,SKU0252,43,2025-06-19,2025-06-20
INB00360,SUP001,HUB-BOM,SKU0482,38,2025-06-20,2025-06-20
INB00361,SUP013,HUB-DEL,SKU0075,61,2025-06-19,2025-06-22
INB00361,SUP013,HUB-DEL,SKU0204,63,2025-06-18,2025-06-22
INB00361,SUP013,HUB-DEL,SKU0308,85,2025-06-19,2025-06-22
INB00362,SUP005,HUB-BLR,SKU0005,100,2025-06-22,2025-06-22
INB00362,SUP005,HUB-BLR,SKU0122,93,2025-06-20,2025-06-22
INB00362,SUP005,HUB-BLR,SKU0369,104,2025-06-22,2025-06-22
INB00361,SUP013,HUB-DEL,SKU0221,58,2025-06-18,2025-06-23
INB00362,SUP005,HUB-BLR,SKU0091,93,2025-06-23,2025-06-23
INB00362,SUP005,HUB-BLR,SKU0183,104,2025-06-20,2025-06-23
INB00363,SUP004,HUB-BOM,SKU0483,45,2025-06-19,2025-06-23
INB00361,SUP013,HUB-DEL,SKU0027,58,2025-06-22,2025-06-24
INB00361,SUP013,HUB-DEL,SKU0045,63,2025-06-22,2025-06-24
INB00361,SUP013,HUB-DEL,SKU0188,58,2025-06-22,2025-06-24
INB00361,SUP013,HUB-DEL,SKU0277,64,2025-06-19,2025-06-24
INB00361,SUP013,HUB-DEL,SKU0426,57,2025-06-23,2025-06-24
INB00362,SUP005,HUB-BLR,SKU0073,115,2025-06-22,2025-06-24
INB00362,SUP005,HUB-BLR,SKU0089,109,2025-06-19,2025-06-24
INB00362,SUP005,HUB-BLR,SKU0285,95,2025-06-23,2025-06-24
INB00362,SUP005,HUB-BLR,SKU0294,131,2025-06-21,2025-06-24
INB00362,SUP005,HUB-BLR,SKU0303,98,2025-06-22,2025-06-24
INB00362,SUP005,HUB-BLR,SKU0385,115,2025-06-22,2025-06-24
INB00362,SUP005,HUB-BLR,SKU0450,109,2025-06-24,2025-06-24
INB00363,SUP004,HUB-BOM,SKU0019,44,2025-06-22,2025-06-24
INB00363,SUP004,HUB-BOM,SKU0127,40,2025-06-24,2025-06-24
INB00361,SUP013,HUB-DEL,SKU0057,62,2025-06-20,2025-06-25
INB00361,SUP013,HUB-DEL,SKU0157,64,2025-06-25,2025-06-25
INB00361,SUP013,HUB-DEL,SKU0268,63,2025-06-21,2025-06-25
INB00361,SUP013,HUB-DEL,SKU0376,69,2025-06-25,2025-06-25
INB00361,SUP013,HUB-DEL,SKU0453,86,2025-06-21,2025-06-25
INB00362,SUP005,HUB-BLR,SKU0012,123,2025-06-20,2025-06-25
INB00362,SUP005,HUB-BLR,SKU0156,102,2025-06-21,2025-06-25
INB00362,SUP005,HUB-BLR,SKU0205,108,2025-06-22,2025-06-25
INB00362,SUP005,HUB-BLR,SKU0313,106,2025-06-25,2025-06-25
INB00362,SUP005,HUB-BLR,SKU0322,117,2025-06-23,2025-06-25
INB00362,SUP005,HUB-BLR,SKU0492,103,2025-06-24,2025-06-25
INB00363,SUP004,HUB-BOM,SKU0164,38,2025-06-25,2025-06-25
INB00363,SUP004,HUB-BOM,SKU0220,40,2025-06-21,2025-06-25
INB00363,SUP004,HUB-BOM,SKU0392,46,2025-06-24,2025-06-25
INB00363,SUP004,HUB-BOM,SKU0420,48,2025-06-20,2025-06-25
INB00363,SUP004,HUB-BOM,SKU0431,47,2025-06-22,2025-06-25
INB00363,SUP004,HUB-BOM,SKU0481,48,2025-06-21,2025-06-25
INB00361,SUP013,HUB-DEL,SKU0125,67,2025-06-24,2025-06-26
INB00361,SUP013,HUB-DEL,SKU0144,66,2025-06-25,2025-06-26
INB00361,SUP013,HUB-DEL,SKU0233,63,2025-06-24,2025-06-26
INB00361,SUP013,HUB-DEL,SKU0286,71,2025-06-26,2025-06-26
INB00361,SUP013,HUB-DEL,SKU0297,57,2025-06-26,2025-06-26
INB00361,SUP013,HUB-DEL,SKU0342,63,2025-06-22,2025-06-26
INB00361,SUP013,HUB-DEL,SKU0382,59,2025-06-24,2025-06-26
INB00362,SUP005,HUB-BLR,SKU0166,94,2025-06-22,2025-06-26
INB00362,SUP005,HUB-BLR,SKU0327,102,2025-06-24,2025-06-26
INB00362,SUP005,HUB-BLR,SKU0458,93,2025-06-22,2025-06-26
INB00362,SUP005,HUB-BLR,SKU0493,96,2025-06-24,2025-06-26
INB00363,SUP004,HUB-BOM,SKU0106,37,2025-06-21,2025-06-26
INB00363,SUP004,HUB-BOM,SKU0214,40,2025-06-23,2025-06-26
INB00363,SUP004,HUB-BOM,SKU0263,40,2025-06-26,2025-06-26
INB00363,SUP004,HUB-BOM,SKU0358,39,2025-06-26,2025-06-26
INB00361,SUP013,HUB-DEL,SKU0390,66,2025-06-24,2025-06-27
INB00362,SUP005,HUB-BLR,SKU0050,103,2025-06-26,2025-06-27
INB00362,SUP005,HUB-BLR,SKU0105,125,2025-06-22,2025-06-27
INB00362,SUP005,HUB-BLR,SKU0137,104,2025-06-26,2025-06-27
INB00362,SUP005,HUB-BLR,SKU0283,97,2025-06-22,2025-06-27
INB00362,SUP005,HUB-BLR,SKU0430,123,2025-06-22,2025-06-27
INB00363,SUP004,HUB-BOM,SKU0136,41,2025-06-25,2025-06-27
INB00363,SUP004,HUB-BOM,SKU0154,47,2025-06-23,2025-06-27
INB00363,SUP004,HUB-BOM,SKU0171,42,2025-06-23,2025-06-27
INB00363,SUP004,HUB-BOM,SKU0275,47,2025-06-23,2025-06-27
INB00363,SUP004,HUB-BOM,SKU0278,43,2025-06-25,2025-06-27
INB00363,SUP004,HUB-BOM,SKU0353,40,2025-06-24,2025-06-27
INB00363,SUP004,HUB-BOM,SKU0402,37,2025-06-27,2025-06-27
INB00363,SUP004,HUB-BOM,SKU0451,47,2025-06-23,2025-06-27
INB00363,SUP004,HUB-BOM,SKU0223,40,2025-06-24,2025-06-28
INB00363,SUP004,HUB-BOM,SKU0319,39,2025-06-23,2025-06-28
INB00363,SUP004,HUB-BOM,SKU0340,37,2025-06-23,2025-06-28
INB00363,SUP004,HUB-BOM,SKU0428,38,2025-06-24,2025-06-28
INB00363,SUP004,HUB-BOM,SKU0437,42,2025-06-27,2025-06-28
INB00362,SUP005,HUB-BLR,SKU0479,95,2025-06-25,2025-06-29
INB00363,SUP004,HUB-BOM,SKU0010,46,2025-06-29,2025-06-29
INB00363,SUP004,HUB-BOM,SKU0040,39,2025-06-29,2025-06-29
INB00363,SUP004,HUB-BOM,SKU0108,48,2025-06-24,2025-06-29
INB00363,SUP004,HUB-BOM,SKU0174,41,2025-06-28,2025-06-29
INB00362,SUP005,HUB-BLR,SKU0143,101,2025-06-29,2025-06-30
INB00364,SUP011,HUB-DEL,SKU0264,60,2025-06-25,2025-06-30
INB00364,SUP011,HUB-DEL,SKU0284,61,2025-06-28,2025-06-30
INB00364,SUP011,HUB-DEL,SKU0293,58,2025-06-28,2025-06-30
